{"lattice": {"a": 3.824934, "c": 24.623155, "b": 3.824933489782012, "matrix": [[3.824934, 0.0, 0.0], [-1.912466, 3.31249, 0.0], [0.0, 0.0, 24.623155]], "volume": 311.97674352924815, "beta": 90.0, "alpha": 90.0, "gamma": 119.9999871157004}, "sites": [{"label": "Ga", "xyz": [0.0, 0.0, 0.25918332953], "abc": [0.0, 0.0, 0.010525999999999999], "species": [{"occu": 1, "element": "Ga"}], "properties": {"magmom": -0.0}}, {"label": "Ga", "xyz": [0.0, 0.0, 2.692271144545], "abc": [0.0, 0.0, 0.10933899999999999], "species": [{"occu": 1, "element": "Ga"}], "properties": {"magmom": -0.0}}, {"label": "Se", "xyz": [1.9124692457999992, 1.10416222917, 23.727881707355], "abc": [0.666667, 0.333333, 0.963641], "species": [{"occu": 1, "element": "Se"}], "properties": {"magmom": 0.0}}, {"label": "Se", "xyz": [-1.24580000013855e-06, 2.20832777083, 3.846703143565], "abc": [0.333333, 0.666667, 0.156223], "species": [{"occu": 1, "element": "Se"}], "properties": {"magmom": 0.0}}], "@class": "Structure", "@module": "pymatgen.core.structure"}