{"lattice": {"a": 3.36027039, "c": 22.670328, "b": 3.360270148865715, "matrix": [[3.36027039, 0.0, 0.0], [-1.6801352, 2.91007924, 0.0], [0.0, 0.0, 22.670328]], "volume": 221.6852732370094, "beta": 90.0, "alpha": 90.0, "gamma": 120.00000247225817}, "sites": [{"label": "Fe", "xyz": [0.0, 0.0, 0.0], "abc": [-0.0, -0.0, -0.0], "species": [{"occu": 1, "element": "Fe"}], "properties": {"magmom": 1.627}}, {"label": "Se", "xyz": [-1.683468530124031e-06, 1.94005379669308, 21.2359797479892], "abc": [0.333333, 0.666667, 0.93673015], "species": [{"occu": 1, "element": "Se"}], "properties": {"magmom": 0.005}}, {"label": "Se", "xyz": [1.68013687346853, 0.97002544330692, 1.4343482520108], "abc": [0.666667, 0.333333, 0.06326985], "species": [{"occu": 1, "element": "Se"}], "properties": {"magmom": 0.005}}], "@class": "Structure", "@module": "pymatgen.core.structure"}