{"lattice": {"a": 3.96421153, "c": 23.983674, "b": 3.96421153, "matrix": [[3.96421153, 0.0, 0.0], [0.0, 3.96421153, 0.0], [0.0, 0.0, 23.983674]], "volume": 376.90279065994946, "beta": 90.0, "alpha": 90.0, "gamma": 90.0}, "sites": [{"label": "Sr", "xyz": [1.982105765, 1.982105765, 17.23980232149318], "abc": [0.5, 0.5, 0.71881407], "species": [{"occu": 1, "element": "Sr"}], "properties": {"magmom": -0.0}}, {"label": "Sr", "xyz": [1.982105765, 1.982105765, 13.285490713028821], "abc": [0.5, 0.5, 0.55393893], "species": [{"occu": 1, "element": "Sr"}], "properties": {"magmom": -0.0}}, {"label": "Cd", "xyz": [0.0, 0.0, 15.262658509098], "abc": [-0.0, 0.0, 0.636377], "species": [{"occu": 1, "element": "Cd"}], "properties": {"magmom": 0.0}}], "@class": "Structure", "@module": "pymatgen.core.structure"}