{"lattice": {"a": 3.583826009077729, "c": 23.530221070912596, "b": 3.58173600095624, "matrix": [[3.583826, 7.1e-05, 0.000245], [-1.7000000000000003e-05, 3.581736, 8.1e-05], [0.001433, 0.001133, 23.530221]], "volume": 302.04141197197737, "beta": 89.99259371532031, "alpha": 89.99594544772911, "gamma": 89.99913675463662}, "sites": [{"label": "Cu", "xyz": [1.7932872706170002, 1.7920221278750001, 23.529466317627], "abc": [0.499986, 0.499996, 0.999961], "species": [{"occu": 1, "element": "Cu"}], "properties": {"magmom": 0.709}}, {"label": "F", "xyz": [1.7919512877430002, 3.581743737819999, 0.6138010729460001], "abc": [0.500005, 0.999984, 0.026077], "species": [{"occu": 1, "element": "F"}], "properties": {"magmom": 0.137}}, {"label": "F", "xyz": [0.0014194416399999998, 1.7920431343049992, 22.917581609427], "abc": [9e-06, 0.50002, 0.973962], "species": [{"occu": 1, "element": "F"}], "properties": {"magmom": 0.137}}], "@class": "Structure", "@module": "pymatgen.core.structure"}