{"lattice": {"a": 4.14543902, "c": 23.8053, "b": 4.145438457226907, "matrix": [[4.14543902, -0.0, 0.0], [-2.07271901, 3.59005514, 0.0], [0.0, 0.0, 23.8053]], "volume": 354.27891741882496, "beta": 90.0, "alpha": 90.0, "gamma": 119.9999965110206}, "sites": [{"label": "Cu", "xyz": [0.0, 0.0, 11.183311680879], "abc": [0.0, 0.0, 0.46978243000000003], "species": [{"occu": 1, "element": "Cu"}], "properties": {"magmom": -0.0}}, {"label": "Cu", "xyz": [2.07272174938601, 1.19668384998162, 12.620758061217], "abc": [0.666667, 0.333333, 0.53016589], "species": [{"occu": 1, "element": "Cu"}], "properties": {"magmom": -0.0}}, {"label": "I", "xyz": [0.0, 0.0, 13.832367845409], "abc": [0.0, 0.0, 0.58106253], "species": [{"occu": 1, "element": "I"}], "properties": {"magmom": -0.0}}, {"label": "I", "xyz": [2.07272174938601, 1.19668384998162, 9.974162650548001], "abc": [0.666667, 0.333333, 0.41898916], "species": [{"occu": 1, "element": "I"}], "properties": {"magmom": -0.0}}], "@class": "Structure", "@module": "pymatgen.core.structure"}