{"lattice": {"a": 2.799303, "c": 23.530469, "b": 2.799303, "matrix": [[2.799303, 0.0, 0.0], [0.0, 2.799303, 0.0], [0.0, 0.0, 23.530469]], "volume": 184.3870442647128, "beta": 90.0, "alpha": 90.0, "gamma": 90.0}, "sites": [{"label": "Ni", "xyz": [1.3996515, 1.3996515, 12.994183834932], "abc": [0.5, 0.5, 0.5522279999999999], "species": [{"occu": 1, "element": "Ni"}], "properties": {"magmom": 0.0}}, {"label": "As", "xyz": [0.0, 0.0, 14.653811343970998], "abc": [0.0, 0.0, 0.622759], "species": [{"occu": 1, "element": "As"}], "properties": {"magmom": -0.0}}, {"label": "As", "xyz": [0.0, 0.0, 11.334556325892999], "abc": [0.0, 0.0, 0.481697], "species": [{"occu": 1, "element": "As"}], "properties": {"magmom": -0.0}}], "@class": "Structure", "@module": "pymatgen.core.structure"}