{"lattice": {"a": 3.249895013050421, "c": 25.1309120005683, "b": 3.249914281346048, "matrix": [[3.249895, 0.00029099999999999997, 1.2e-05], [-1.62471, 2.814651, -1.4e-05], [0.00013000000000000002, -0.000108, 25.130912]], "volume": 229.89238092668666, "beta": 89.99949207553328, "alpha": 90.00060824043351, "gamma": 119.98983867079016}, "sites": [{"label": "Co", "xyz": [0.0005431255750000001, 1.876281731853, 7.794749119943999], "abc": [0.333401, 0.66659, 0.310166], "species": [{"occu": 1, "element": "Co"}], "properties": {"magmom": 0.0}}, {"label": "B", "xyz": [3.24969973693, 0.000406648449, 7.798661741458], "abc": [0.999954, 5.3e-05, 0.310321], "species": [{"occu": 1, "element": "B"}], "properties": {"magmom": -0.0}}, {"label": "B", "xyz": [0.000132141279999, 1.876540224243, 5.9305380655899995], "abc": [0.333322, 0.666679, 0.235986], "species": [{"occu": 1, "element": "B"}], "properties": {"magmom": -0.0}}, {"label": "B", "xyz": [0.000151427559999, 1.8765242017950001, 9.658859646262], "abc": [0.333322, 0.666679, 0.38434199999999996], "species": [{"occu": 1, "element": "B"}], "properties": {"magmom": -0.0}}], "@class": "Structure", "@module": "pymatgen.core.structure"}