{"lattice": {"a": 3.894272963454539, "c": 25.928135660878663, "b": 3.75573, "matrix": [[3.880607, 0.0, -0.325962], [0.0, 3.75573, 0.0], [-1.122828, 0.0, 25.903812]], "volume": 376.1608277555085, "beta": 97.28343377577912, "alpha": 90.0, "gamma": 90.0}, "sites": [{"label": "K", "xyz": [0.48935998306600004, 0.9389325, 3.228441980963999], "abc": [0.16275799999999999, 0.25, 0.12668000000000001], "species": [{"occu": 1, "element": "K"}], "properties": {"magmom": 0.0}}, {"label": "K", "xyz": [2.9401183059219997, 2.8167975, 6.853203700583999], "abc": [0.8372419999999999, 0.75, 0.275099], "species": [{"occu": 1, "element": "K"}], "properties": {"magmom": 0.0}}, {"label": "Ca", "xyz": [1.010721430849, 0.9389325, 25.415710728714], "abc": [0.546335, 0.25, 0.9880319999999999], "species": [{"occu": 1, "element": "Ca"}], "properties": {"magmom": -0.0}}, {"label": "Ca", "xyz": [1.295927735311, 2.8167975, 10.569772856645999], "abc": [0.453665, 0.75, 0.413748], "species": [{"occu": 1, "element": "Ca"}], "properties": {"magmom": -0.0}}], "@class": "Structure", "@module": "pymatgen.core.structure"}