{"lattice": {"a": 2.8035461, "c": 19.488383, "b": 2.8035461, "matrix": [[2.8035461, 0.0, 0.0], [0.0, 2.8035461, 0.0], [0.0, 0.0, 19.488383]], "volume": 153.17617121076515, "beta": 90.0, "alpha": 90.0, "gamma": 90.0}, "sites": [{"label": "B", "xyz": [1.40177305, 1.40177305, 1.001035993733739], "abc": [0.5, 0.5, 0.05136578], "species": [{"occu": 1, "element": "B"}], "properties": {"magmom": -0.003}}, {"label": "B", "xyz": [1.40177305, 1.40177305, 18.48734700626626], "abc": [0.5, 0.5, 0.94863422], "species": [{"occu": 1, "element": "B"}], "properties": {"magmom": -0.003}}, {"label": "Os", "xyz": [0.0, 0.0, 0.0], "abc": [0.0, 0.0, 0.0], "species": [{"occu": 1, "element": "Os"}], "properties": {"magmom": -0.002}}], "@class": "Structure", "@module": "pymatgen.core.structure"}