{"lattice": {"a": 4.064566681707904, "c": 26.540107995067277, "b": 4.019324, "matrix": [[4.023095, 0.0, 0.579145], [0.0, 4.019324, 0.0], [4.664725, 0.0, 26.126953]], "volume": 411.6176115826383, "beta": 71.6852910543903, "alpha": 90.0, "gamma": 90.0}, "sites": [{"label": "Ba", "xyz": [2.35939124066, 1.004831, 2.43590203336], "abc": [0.49097799999999997, 0.25, 0.08235], "species": [{"occu": 1, "element": "Ba"}], "properties": {"magmom": 0.031}}, {"label": "Ba", "xyz": [3.5378969698400002, 3.014493, 8.64053014298], "abc": [0.509022, 0.75, 0.31943000000000005], "species": [{"occu": 1, "element": "Ba"}], "properties": {"magmom": 0.007}}, {"label": "Li", "xyz": [1.856383355655, 1.004831, 5.951639695329], "abc": [0.202509, 0.25, 0.22330799999999998], "species": [{"occu": 1, "element": "Li"}], "properties": {"magmom": 0.002}}, {"label": "Li", "xyz": [4.040900190119999, 3.014493, 5.124766354058], "abc": [0.797491, 0.75, 0.178471], "species": [{"occu": 1, "element": "Li"}], "properties": {"magmom": 0.002}}], "@class": "Structure", "@module": "pymatgen.core.structure"}