{"lattice": {"a": 2.36294075, "c": 26.090365, "b": 2.15823736, "matrix": [[2.36294075, 0.0, 0.0], [0.0, 2.15823736, 0.0], [0.0, 0.0, 26.090365]], "volume": 133.05530441183464, "beta": 90.0, "alpha": 90.0, "gamma": 90.0}, "sites": [{"label": "Li", "xyz": [0.08038814223248501, 1.61867802, 14.313459667593099], "abc": [0.03402038, 0.75, 0.54861094], "species": [{"occu": 1, "element": "Li"}], "properties": {"magmom": 0.0}}, {"label": "Li", "xyz": [1.202969874966764, 0.53955934, 11.7769053324069], "abc": [0.5090986200000001, 0.25, 0.45138906], "species": [{"occu": 1, "element": "Li"}], "properties": {"magmom": 0.0}}, {"label": "Be", "xyz": [1.267275795195935, 1.61867802, 16.478329358471047], "abc": [0.53631298, 0.75, 0.63158677], "species": [{"occu": 1, "element": "Be"}], "properties": {"magmom": 0.0}}, {"label": "Be", "xyz": [0.016082222003315, 0.53955934, 9.61203564152895], "abc": [0.00680602, 0.25, 0.36841323], "species": [{"occu": 1, "element": "Be"}], "properties": {"magmom": 0.0}}], "@class": "Structure", "@module": "pymatgen.core.structure"}