{"lattice": {"a": 4.483842, "c": 22.865869, "b": 4.483842, "matrix": [[4.483842, 0.0, 0.0], [0.0, 4.483842, 0.0], [0.0, 0.0, 22.865869]], "volume": 459.71461669140325, "beta": 90.0, "alpha": 90.0, "gamma": 90.0}, "sites": [{"label": "Zr", "xyz": [2.241921, 2.241921, 0.0], "abc": [0.5, 0.5, 0.0], "species": [{"occu": 1, "element": "Zr"}], "properties": {"magmom": -0.012}}, {"label": "Zr", "xyz": [0.0, 0.0, 0.0], "abc": [0.0, 0.0, 0.0], "species": [{"occu": 1, "element": "Zr"}], "properties": {"magmom": 0.012}}, {"label": "Se", "xyz": [0.0, 2.241921, 1.495061978696], "abc": [0.0, 0.5, 0.065384], "species": [{"occu": 1, "element": "Se"}], "properties": {"magmom": 0.001}}, {"label": "Se", "xyz": [2.241921, 0.0, 21.370807021304], "abc": [0.5, 0.0, 0.934616], "species": [{"occu": 1, "element": "Se"}], "properties": {"magmom": -0.001}}], "@class": "Structure", "@module": "pymatgen.core.structure"}