{"lattice": {"a": 3.81786966, "c": 22.324217, "b": 3.81786966, "matrix": [[3.81786966, 0.0, 0.0], [0.0, 3.81786966, 0.0], [0.0, 0.0, 22.324217]], "volume": 325.4006610284066, "beta": 90.0, "alpha": 90.0, "gamma": 90.0}, "sites": [{"label": "Sn", "xyz": [0.0, 1.90893483, 9.96980912823022], "abc": [-0.0, 0.5, 0.44659166], "species": [{"occu": 1, "element": "Sn"}], "properties": {"magmom": -0.0}}, {"label": "Sn", "xyz": [1.90893483, 0.0, 12.354407871769782], "abc": [0.5, 0.0, 0.55340834], "species": [{"occu": 1, "element": "Sn"}], "properties": {"magmom": -0.0}}, {"label": "O", "xyz": [0.0, 0.0, 11.1621085], "abc": [-0.0, 0.0, 0.5], "species": [{"occu": 1, "element": "O"}], "properties": {"magmom": -0.0}}, {"label": "O", "xyz": [1.90893483, 1.90893483, 11.1621085], "abc": [0.5, 0.5, 0.5], "species": [{"occu": 1, "element": "O"}], "properties": {"magmom": -0.0}}], "@class": "Structure", "@module": "pymatgen.core.structure"}