{"lattice": {"a": 4.95584558, "c": 20.0, "b": 5.006459443948511, "matrix": [[4.95584558, 0.0, 0.0], [-2.47792279, 4.35023388, 0.0], [0.0, 0.0, 20.0]], "volume": 431.181746923285, "beta": 90.0, "alpha": 90.0, "gamma": 119.66613313066931}, "sites": [{"label": "Mg", "xyz": [0.861737693454786, 1.449988722202341, 10.0], "abc": [0.34053949, 0.33331282, 0.5], "species": [{"occu": 1, "element": "Mg"}], "properties": {"magmom": -0.0}}, {"label": "Mg", "xyz": [-1.616185096545213, 2.9002451577976593, 10.0], "abc": [0.00722667, 0.66668718, 0.5], "species": [{"occu": 1, "element": "Mg"}], "properties": {"magmom": -0.0}}, {"label": "Sn", "xyz": [3.338896093832527, 0.0, 10.0], "abc": [0.67372884, -0.0, 0.5], "species": [{"occu": 1, "element": "Sn"}], "properties": {"magmom": -0.0}}], "@class": "Structure", "@module": "pymatgen.core.structure"}