{"lattice": {"a": 3.98623225, "c": 23.407847, "b": 3.9862318938728882, "matrix": [[3.98623225, 1e-08, 0.0], [-1.99311561, 3.45217828, 0.0], [0.0, 0.0, 23.407847]], "volume": 322.1196992646347, "beta": 90.0, "alpha": 90.0, "gamma": 119.99999426413378}, "sites": [{"label": "Li", "xyz": [1.99311828978262, 1.15072494927391, 18.38284539340551], "abc": [0.666667, 0.333333, 0.78532833], "species": [{"occu": 1, "element": "Li"}], "properties": {"magmom": 0.0}}, {"label": "Li", "xyz": [-1.6497826199805692e-06, 2.30145334072609, 21.99161771621649], "abc": [0.333333, 0.666667, 0.9394976700000001], "species": [{"occu": 1, "element": "Li"}], "properties": {"magmom": 0.0}}, {"label": "I", "xyz": [0.0, 0.0, 20.187231554811], "abc": [0.0, 0.0, 0.862413], "species": [{"occu": 1, "element": "I"}], "properties": {"magmom": 0.0}}], "@class": "Structure", "@module": "pymatgen.core.structure"}