{"lattice": {"a": 4.440234, "c": 23.633843, "b": 4.482237, "matrix": [[4.440234, 0.0, 0.0], [0.0, 4.482237, 0.0], [0.0, 0.0, 23.633843]], "volume": 470.36502402937, "beta": 90.0, "alpha": 90.0, "gamma": 90.0}, "sites": [{"label": "Tl", "xyz": [0.0, 0.0, 15.043768254004998], "abc": [0.0, 0.0, 0.636535], "species": [{"occu": 1, "element": "Tl"}], "properties": {"magmom": -0.0}}, {"label": "Tl", "xyz": [2.220117, 2.2411185, 11.672920494601], "abc": [0.5, 0.5, 0.493907], "species": [{"occu": 1, "element": "Tl"}], "properties": {"magmom": -0.0}}, {"label": "Cl", "xyz": [0.0, 0.0, 12.065147753029], "abc": [0.0, 0.0, 0.5105029999999999], "species": [{"occu": 1, "element": "Cl"}], "properties": {"magmom": -0.0}}, {"label": "Cl", "xyz": [2.220117, 2.2411185, 14.651540995577], "abc": [0.5, 0.5, 0.619939], "species": [{"occu": 1, "element": "Cl"}], "properties": {"magmom": -0.0}}], "@class": "Structure", "@module": "pymatgen.core.structure"}