{"lattice": {"a": 4.4937545, "c": 21.250951, "b": 4.493754521329653, "matrix": [[4.4937545, 0.0, 0.0], [-2.24687725, 3.89170558, -0.0], [-0.0, -0.0, 21.250951]], "volume": 371.6444825238614, "beta": 90.0, "alpha": 90.0, "gamma": 119.99999984298668}, "sites": [{"label": "In", "xyz": [0.0, 0.0, 1.5428976711187001], "abc": [-0.0, -0.0, 0.0726037], "species": [{"occu": 1, "element": "In"}], "properties": {"magmom": 0.169}}, {"label": "Te", "xyz": [2.24687949687725, 1.29723389609814, 2.9178682023403], "abc": [0.666667, 0.333333, 0.1373053], "species": [{"occu": 1, "element": "Te"}], "properties": {"magmom": 0.225}}], "@class": "Structure", "@module": "pymatgen.core.structure"}