{"lattice": {"a": 6.11522, "c": 20.0, "b": 6.115219246791156, "matrix": [[6.11522, 0.0, 0.0], [-3.05761, 5.295935, 0.0], [0.0, 0.0, 20.0]], "volume": 647.7161526140001, "beta": 90.0, "alpha": 90.0, "gamma": 120.00000407441622}, "sites": [{"label": "Pb", "xyz": [1.5280100214, 0.8821968523, 4.84002], "abc": [0.33316, 0.16658, 0.242001], "species": [{"occu": 1, "element": "Pb"}], "properties": {"magmom": -0.053}}, {"label": "Pb", "xyz": [4.5872099786, 0.8821968523, 4.84002], "abc": [0.83342, 0.16658, 0.242001], "species": [{"occu": 1, "element": "Pb"}], "properties": {"magmom": -0.051000000000000004}}, {"label": "Pb", "xyz": [3.05761, 3.5315412954000003, 4.84002], "abc": [0.83342, 0.6668400000000001, 0.242001], "species": [{"occu": 1, "element": "Pb"}], "properties": {"magmom": -0.054}}, {"label": "W", "xyz": [-3.057610000081962e-06, 3.5306250986450003, 4.84002], "abc": [0.333333, 0.666667, 0.242001], "species": [{"occu": 1, "element": "W"}], "properties": {"magmom": 1.7229999999999999}}], "@class": "Structure", "@module": "pymatgen.core.structure"}