{"lattice": {"a": 3.593467070000002, "c": 20.769747, "b": 3.59346676137049, "matrix": [[3.59346707, -1.3e-07, 0.0], [-1.79673323, 3.11203359, -0.0], [0.0, -0.0, 20.769747]], "volume": 232.26787285447716, "beta": 90.0, "alpha": 90.0, "gamma": 119.9999992985034}, "sites": [{"label": "Sn", "xyz": [0.0, 0.0, 6.111869625523829], "abc": [-0.0, 0.0, 0.29426789000000003], "species": [{"occu": 1, "element": "Sn"}], "properties": {"magmom": 0.0}}, {"label": "C", "xyz": [1.7967354334001, 1.037343405988759, 6.15970692220917], "abc": [0.666667, 0.333333, 0.29657111], "species": [{"occu": 1, "element": "C"}], "properties": {"magmom": -0.0}}], "@class": "Structure", "@module": "pymatgen.core.structure"}