{"lattice": {"a": 4.57831972, "c": 23.710443, "b": 4.578319837634606, "matrix": [[4.57831972, -0.0, 0.0], [2.28915986, 3.96494132, 0.0], [0.0, 0.0, 23.710443]], "volume": 430.4101954727943, "beta": 90.0, "alpha": 90.0, "gamma": 60.000000849945316}, "sites": [{"label": "Pb", "xyz": [0.0, 0.0, 11.8552215], "abc": [0.0, 0.0, 0.5], "species": [{"occu": 1, "element": "Pb"}], "properties": {"magmom": 0.0}}, {"label": "I", "xyz": [4.578322009159859, 2.64329553498044, 9.95303010803073], "abc": [0.666667, 0.666667, 0.41977411000000003], "species": [{"occu": 1, "element": "I"}], "properties": {"magmom": -0.0}}, {"label": "I", "xyz": [2.28915757084014, 1.32164578501956, 13.757412891969272], "abc": [0.333333, 0.333333, 0.58022589], "species": [{"occu": 1, "element": "I"}], "properties": {"magmom": -0.0}}], "@class": "Structure", "@module": "pymatgen.core.structure"}