{"lattice": {"a": 3.59593394, "c": 23.633843, "b": 3.60071926, "matrix": [[3.59593394, 0.0, 0.0], [0.0, 3.60071926, 0.0], [0.0, 0.0, 23.633843]], "volume": 306.0097842768338, "beta": 90.0, "alpha": 90.0, "gamma": 90.0}, "sites": [{"label": "In", "xyz": [0.0, 0.0, 14.96433608937415], "abc": [0.0, 0.0, 0.63317405], "species": [{"occu": 1, "element": "In"}], "properties": {"magmom": 0.0}}, {"label": "In", "xyz": [1.79796697, 1.80035963, 11.75235265923185], "abc": [0.5, 0.5, 0.49726795], "species": [{"occu": 1, "element": "In"}], "properties": {"magmom": 0.0}}, {"label": "F", "xyz": [0.0, 0.0, 12.64028157652574], "abc": [0.0, 0.0, 0.53483818], "species": [{"occu": 1, "element": "F"}], "properties": {"magmom": -0.0}}, {"label": "F", "xyz": [1.79796697, 1.80035963, 14.076407172080259], "abc": [0.5, 0.5, 0.59560382], "species": [{"occu": 1, "element": "F"}], "properties": {"magmom": -0.0}}], "@class": "Structure", "@module": "pymatgen.core.structure"}