{"lattice": {"a": 2.9260939746831722, "c": 22.780419, "b": 2.926094585131191, "matrix": [[2.92609397, -0.00016555, 0.0], [-1.46220137, 2.53456045, 0.0], [0.0, 0.0, 22.780419]], "volume": 168.9423205421522, "beta": 90.0, "alpha": 90.0, "gamma": 119.98411702844038}, "sites": [{"label": "Al", "xyz": [1.4637624348739091, 0.8444926772887791, 11.3902095], "abc": [0.66676547, 0.33323453000000003, 0.5], "species": [{"occu": 1, "element": "Al"}], "properties": {"magmom": 0.0}}, {"label": "Pd", "xyz": [0.000286958918588, 1.689811656951239, 9.550966081015709], "abc": [0.33327026, 0.66672974, 0.41926209000000003], "species": [{"occu": 1, "element": "Pd"}], "properties": {"magmom": 0.0}}, {"label": "Pd", "xyz": [0.000286958918588, 1.689811656951239, 13.229452918984288], "abc": [0.33327026, 0.66672974, 0.58073791], "species": [{"occu": 1, "element": "Pd"}], "properties": {"magmom": 0.0}}], "@class": "Structure", "@module": "pymatgen.core.structure"}