{"lattice": {"a": 3.20207092, "c": 23.801584, "b": 3.20207092, "matrix": [[3.20207092, 0.0, 0.0], [0.0, 3.20207092, 0.0], [0.0, 0.0, 23.801584]], "volume": 244.0437857666415, "beta": 90.0, "alpha": 90.0, "gamma": 90.0}, "sites": [{"label": "Sc", "xyz": [0.0, 0.0, 0.0], "abc": [0.0, 0.0, 0.0], "species": [{"occu": 1, "element": "Sc"}], "properties": {"magmom": -0.0}}, {"label": "Cl", "xyz": [1.6010354599999999, 1.6010354599999999, 22.28127257898208], "abc": [0.5, 0.5, 0.93612562], "species": [{"occu": 1, "element": "Cl"}], "properties": {"magmom": 0.0}}, {"label": "Cl", "xyz": [1.6010354599999999, 1.6010354599999999, 1.5203114210179192], "abc": [0.5, 0.5, 0.06387438], "species": [{"occu": 1, "element": "Cl"}], "properties": {"magmom": 0.0}}], "@class": "Structure", "@module": "pymatgen.core.structure"}