{"lattice": {"a": 4.291361961650987, "c": 25.918394804810347, "b": 4.14131, "matrix": [[4.268676, 0.0, -0.440673], [0.0, 4.14131, 0.0], [-2.586154, 0.0, 25.789048]], "volume": 451.1768484869015, "beta": 101.62053925246542, "alpha": 90.0, "gamma": 90.0}, "sites": [{"label": "Rb", "xyz": [0.250739464434, 1.0353275, 3.081554604048], "abc": [0.13250399999999998, 0.25, 0.12175499999999999], "species": [{"occu": 1, "element": "Rb"}], "properties": {"magmom": 0.0}}, {"label": "Rb", "xyz": [2.9788741676, 3.105982499999999, 6.839270312344], "abc": [0.8674959999999999, 0.75, 0.280024], "species": [{"occu": 1, "element": "Rb"}], "properties": {"magmom": 0.0}}, {"label": "Ba", "xyz": [-0.6546649813759999, 1.0353275, 24.717818569688003], "abc": [0.431784, 0.25, 0.96584], "species": [{"occu": 1, "element": "Ba"}], "properties": {"magmom": 0.0}}, {"label": "Ba", "xyz": [1.298122027256, 3.105982499999999, 10.992080135752], "abc": [0.5682159999999999, 0.75, 0.43594000000000005], "species": [{"occu": 1, "element": "Ba"}], "properties": {"magmom": 0.0}}], "@class": "Structure", "@module": "pymatgen.core.structure"}