{"lattice": {"a": 5.20864336, "c": 20.0, "b": 5.208643288437967, "matrix": [[5.20864336, -7e-08, 0.0], [-2.60432131, 4.5108176, 0.0], [0.0, 0.0, 20.0]], "volume": 469.9047991621729, "beta": 90.0, "alpha": 90.0, "gamma": 119.99999652480618}, "sites": [{"label": "Zn", "xyz": [1.299471490041999, 2.256961568874721, 6.237019999999999], "abc": [0.49965576, 0.50034424, 0.311851], "species": [{"occu": 1, "element": "Zn"}], "properties": {"magmom": 0.0}}, {"label": "Zn", "xyz": [-1.299465911143901, 2.25696160380236, 6.237019999999999], "abc": [0.00068948, 0.50034424, 0.311851], "species": [{"occu": 1, "element": "Zn"}], "properties": {"magmom": 0.0}}, {"label": "Zn", "xyz": [2.974066572484125e-06, 4.507707446505249, 6.237019999999999], "abc": [0.49965576, 0.99931052, 0.311851], "species": [{"occu": 1, "element": "Zn"}], "properties": {"magmom": 0.0}}, {"label": "Au", "xyz": [0.0, 0.0, 6.237019999999999], "abc": [-0.0, -0.0, 0.311851], "species": [{"occu": 1, "element": "Au"}], "properties": {"magmom": -0.0}}], "@class": "Structure", "@module": "pymatgen.core.structure"}