{"lattice": {"a": 4.22823947, "c": 23.838, "b": 4.228240399272399, "matrix": [[4.22823947, -1e-08, -0.0], [-2.11412025, 3.6617635699999997, 0.0], [0.0, 0.0, 23.838]], "volume": 369.07930190405654, "beta": 90.0, "alpha": 90.0, "gamma": 120.00000092355208}, "sites": [{"label": "Pb", "xyz": [0.0, 0.0, 0.0], "abc": [0.0, -0.0, -0.0], "species": [{"occu": 1, "element": "Pb"}], "properties": {"magmom": -0.0}}, {"label": "Br", "xyz": [2.11412167745324, 1.2205866294121401, 1.8728164985400002], "abc": [0.666667, 0.333333, 0.07856433], "species": [{"occu": 1, "element": "Br"}], "properties": {"magmom": -0.0}}, {"label": "Br", "xyz": [2.11412167745324, 1.2205866294121401, 21.96518350146], "abc": [0.666667, 0.333333, 0.92143567], "species": [{"occu": 1, "element": "Br"}], "properties": {"magmom": -0.0}}], "@class": "Structure", "@module": "pymatgen.core.structure"}