{"lattice": {"a": 3.4371, "c": 23.042555, "b": 3.348457, "matrix": [[3.4371, 0.0, 0.0], [0.0, 3.348457, 0.0], [0.0, 0.0, 23.042555]], "volume": 265.19634046816026, "beta": 90.0, "alpha": 90.0, "gamma": 90.0}, "sites": [{"label": "Cu", "xyz": [0.0, 0.8371142500000001, 21.97596121416], "abc": [0.0, 0.25, 0.953712], "species": [{"occu": 1, "element": "Cu"}], "properties": {"magmom": 0.0}}, {"label": "Cu", "xyz": [0.0, 2.51134275, 1.06659378584], "abc": [0.0, 0.75, 0.046287999999999996], "species": [{"occu": 1, "element": "Cu"}], "properties": {"magmom": 0.0}}, {"label": "Cl", "xyz": [1.71855, 2.51134275, 21.42105040465], "abc": [0.5, 0.75, 0.9296300000000001], "species": [{"occu": 1, "element": "Cl"}], "properties": {"magmom": 0.0}}, {"label": "Cl", "xyz": [1.71855, 0.8371142500000001, 1.621481552795], "abc": [0.5, 0.25, 0.070369], "species": [{"occu": 1, "element": "Cl"}], "properties": {"magmom": 0.0}}], "@class": "Structure", "@module": "pymatgen.core.structure"}