{"lattice": {"a": 3.270014224481294, "c": 24.445951164737814, "b": 3.269994614763303, "matrix": [[3.2700139999999998, -0.001165, 0.00033299999999999996], [-1.6360160000000001, 2.83131, -0.000335], [0.0024519999999999998, -0.001429, 24.445951]], "volume": 226.2843671970466, "beta": 89.98841719136048, "alpha": 90.01164495309601, "gamma": 120.0410257687505}, "sites": [{"label": "Ba", "xyz": [-1.635306063032, 2.830897057389, 5.610230788099], "abc": [3.0000000000000004e-05, 0.9999700000000001, 0.229509], "species": [{"occu": 1, "element": "Ba"}], "properties": {"magmom": 0.0}}, {"label": "Ge", "xyz": [-0.0005538308999990001, 1.887083504843, 2.63572342141], "abc": [0.333304, 0.666697, 0.10782299999999999], "species": [{"occu": 1, "element": "Ge"}], "properties": {"magmom": 0.0}}, {"label": "Ge", "xyz": [1.6355295025480001, 0.9424909170860001, 8.578830133849001], "abc": [0.666666, 0.333333, 0.35092599999999996], "species": [{"occu": 1, "element": "Ge"}], "properties": {"magmom": 0.0}}], "@class": "Structure", "@module": "pymatgen.core.structure"}