{"lattice": {"a": 3.19622328, "c": 23.12983, "b": 3.196222668025572, "matrix": [[3.19622328, 0.0, 0.0], [-1.59811164, 2.76800985, 0.0], [0.0, 0.0, 23.12983]], "volume": 204.63371205996447, "beta": 90.0, "alpha": 90.0, "gamma": 120.00000633371134}, "sites": [{"label": "Mo", "xyz": [1.598113238111639, 0.92266902733005, 11.564915], "abc": [0.666667, 0.333333, 0.5], "species": [{"occu": 1, "element": "Mo"}], "properties": {"magmom": 0.0}}, {"label": "S", "xyz": [-1.598111639956039e-06, 1.8453408226699501, 9.995259047482799], "abc": [0.333333, 0.666667, 0.43213716], "species": [{"occu": 1, "element": "S"}], "properties": {"magmom": 0.0}}, {"label": "S", "xyz": [-1.598111639956039e-06, 1.8453408226699501, 13.1345709525172], "abc": [0.333333, 0.666667, 0.56786284], "species": [{"occu": 1, "element": "S"}], "properties": {"magmom": 0.0}}], "@class": "Structure", "@module": "pymatgen.core.structure"}