{"lattice": {"a": 3.09171027, "c": 24.42588, "b": 3.09171027, "matrix": [[3.09171027, 0.0, 0.0], [0.0, 3.09171027, 0.0], [0.0, 0.0, 24.42588]], "volume": 233.4789848459597, "beta": 90.0, "alpha": 90.0, "gamma": 90.0}, "sites": [{"label": "Zr", "xyz": [0.0, 1.545855135, 7.283118376536], "abc": [0.0, 0.5, 0.2981722], "species": [{"occu": 1, "element": "Zr"}], "properties": {"magmom": 0.0}}, {"label": "Zr", "xyz": [1.545855135, 0.0, 5.046821588664], "abc": [0.5, 0.0, 0.2066178], "species": [{"occu": 1, "element": "Zr"}], "properties": {"magmom": 0.0}}, {"label": "Ag", "xyz": [0.0, 1.545855135, 2.9417718932784], "abc": [0.0, 0.5, 0.12043668], "species": [{"occu": 1, "element": "Ag"}], "properties": {"magmom": 0.0}}, {"label": "Ag", "xyz": [1.545855135, 0.0, 9.3881680719216], "abc": [0.5, 0.0, 0.38435332], "species": [{"occu": 1, "element": "Ag"}], "properties": {"magmom": 0.0}}], "@class": "Structure", "@module": "pymatgen.core.structure"}