{"lattice": {"a": 4.081421, "c": 22.695846, "b": 4.081419650546731, "matrix": [[4.081421, 0.0, 0.0], [-2.04071, 3.5346130000000002, 0.0], [0.0, 0.0, 22.695846]], "volume": 327.4158059427231, "beta": 90.0, "alpha": 90.0, "gamma": 120.00000283230402}, "sites": [{"label": "Sc", "xyz": [-1.7073769999180398e-06, 2.356409844871, 1.641885587178], "abc": [0.333333, 0.666667, 0.07234299999999999], "species": [{"occu": 1, "element": "Sc"}], "properties": {"magmom": 0.128}}, {"label": "Sc", "xyz": [2.040712707376999, 1.178203155129, 21.053960412821997], "abc": [0.666667, 0.333333, 0.927657], "species": [{"occu": 1, "element": "Sc"}], "properties": {"magmom": 0.128}}, {"label": "Pb", "xyz": [0.0, 0.0, 0.0], "abc": [0.0, 0.0, 0.0], "species": [{"occu": 1, "element": "Pb"}], "properties": {"magmom": -0.007}}], "@class": "Structure", "@module": "pymatgen.core.structure"}