{"lattice": {"a": 3.9911529999999997, "c": 22.858091, "b": 3.991153346656703, "matrix": [[3.9911529999999997, 0.0, 0.0], [-1.995577, 3.45644, 0.0], [0.0, 0.0, 22.858091]], "volume": 315.33149980952425, "beta": 90.0, "alpha": 90.0, "gamma": 120.00000541508206}, "sites": [{"label": "Rh", "xyz": [0.0, 0.0, 0.0], "abc": [0.0, 0.0, 0.0], "species": [{"occu": 1, "element": "Rh"}], "properties": {"magmom": 0.622}}, {"label": "I", "xyz": [1.9955783289100002, 1.15214551452, 21.341502378332002], "abc": [0.666667, 0.333333, 0.9336519999999999], "species": [{"occu": 1, "element": "I"}], "properties": {"magmom": 0.1}}, {"label": "I", "xyz": [-2.328909999948878e-06, 2.30429448548, 1.516588621668], "abc": [0.333333, 0.666667, 0.06634799999999999], "species": [{"occu": 1, "element": "I"}], "properties": {"magmom": 0.1}}], "@class": "Structure", "@module": "pymatgen.core.structure"}