{"lattice": {"a": 3.9978826004767303, "c": 22.866735678863712, "b": 3.996416228215729, "matrix": [[3.97497108, 0.0022372, 0.42739349], [1.95452616, 3.46306548, 0.39792919], [-0.00513508, -0.0021628100000000003, 22.866735]], "volume": 314.68320887117744, "beta": 83.87593899373218, "alpha": 84.29654708496984, "gamma": 60.172096909272916}, "sites": [{"label": "Zr", "xyz": [0.0, 0.0, 0.0], "abc": [0.0, 0.0, 0.0], "species": [{"occu": 1, "element": "Zr"}], "properties": {"magmom": -0.0}}, {"label": "Te", "xyz": [1.788879829598912, 1.060210146853138, 2.048189656698719], "abc": [0.29967313, 0.3060034, 0.07864453], "species": [{"occu": 1, "element": "Te"}], "properties": {"magmom": 0.0}}, {"label": "Te", "xyz": [4.135482330401088, 2.402929723146861, 21.643868023301277], "abc": [0.70032687, 0.6939966, 0.9213554700000001], "species": [{"occu": 1, "element": "Te"}], "properties": {"magmom": 0.0}}], "@class": "Structure", "@module": "pymatgen.core.structure"}