{"lattice": {"a": 3.813636, "c": 23.323819570088023, "b": 4.3142088298167725, "matrix": [[3.813636, 0.0, 0.0], [-1.906818, 3.863743, 0.218936], [0.0, 0.052270000000000004, 23.323761]], "volume": 343.62986276232664, "beta": 90.0, "alpha": 86.9759808841588, "gamma": 116.2306363724272}, "sites": [{"label": "W", "xyz": [0.0, 0.0, 0.0], "abc": [0.0, 0.0, 0.0], "species": [{"occu": 1, "element": "W"}], "properties": {"magmom": 2.915}}, {"label": "Br", "xyz": [1.906816093182, 0.8556528235449999, 21.737900880006002], "abc": [0.604437, 0.20887499999999998, 0.9300459999999999], "species": [{"occu": 1, "element": "Br"}], "properties": {"magmom": 0.062}}, {"label": "Br", "xyz": [1.906818000019008e-06, 3.060360176454999, 1.8047961199940001], "abc": [0.395563, 0.791125, 0.069954], "species": [{"occu": 1, "element": "Br"}], "properties": {"magmom": 0.062}}], "@class": "Structure", "@module": "pymatgen.core.structure"}