{"lattice": {"a": 3.09775205, "c": 23.529845, "b": 3.09775216880823, "matrix": [[3.09775205, 0.0, 0.0], [-1.54887602, 2.68273211, 0.0], [0.0, -0.0, 23.529845]], "volume": 195.5433390425753, "beta": 90.0, "alpha": 90.0, "gamma": 119.99999862450522}, "sites": [{"label": "Mg", "xyz": [0.0, 0.0, 0.0], "abc": [0.0, 0.0, 0.0], "species": [{"occu": 1, "element": "Mg"}], "properties": {"magmom": 0.0}}, {"label": "F", "xyz": [1.5488775755426891, 0.894243142422629, 0.9378080906029501], "abc": [0.666667, 0.333333, 0.03985611], "species": [{"occu": 1, "element": "F"}], "properties": {"magmom": -0.0}}, {"label": "F", "xyz": [-1.5455426901042201e-06, 1.788488967577369, 22.592036909397052], "abc": [0.333333, 0.666667, 0.96014389], "species": [{"occu": 1, "element": "F"}], "properties": {"magmom": -0.0}}], "@class": "Structure", "@module": "pymatgen.core.structure"}