{"lattice": {"a": 3.03077379, "c": 22.485215, "b": 3.030774215953917, "matrix": [[3.03077379, 0.0, 0.0], [1.51538689, 2.62472759, 0.0], [0.0, 0.0, 22.485215]], "volume": 178.86888665905798, "beta": 90.0, "alpha": 90.0, "gamma": 60.00000475826905}, "sites": [{"label": "Ge", "xyz": [3.03077530205356, 1.74981926824253, 12.3465110357476], "abc": [0.666667, 0.666667, 0.54909464], "species": [{"occu": 1, "element": "Ge"}], "properties": {"magmom": -0.0}}, {"label": "Ge", "xyz": [1.5153853779464401, 0.87490832175747, 10.1386814790374], "abc": [0.333333, 0.333333, 0.45090436], "species": [{"occu": 1, "element": "Ge"}], "properties": {"magmom": -0.0}}], "@class": "Structure", "@module": "pymatgen.core.structure"}