{"lattice": {"a": 4.06953591, "c": 24.623155, "b": 4.069535302712762, "matrix": [[4.06953591, 0.0, -0.0], [-2.03476745, 3.52432107, -0.0], [-0.0, 0.0, 24.623155]], "volume": 353.15393549821334, "beta": 90.0, "alpha": 90.0, "gamma": 119.99999672649831}, "sites": [{"label": "In", "xyz": [0.0, 0.0, 0.07365056515205], "abc": [0.0, -0.0, 0.00299111], "species": [{"occu": 1, "element": "In"}], "properties": {"magmom": 0.0}}, {"label": "In", "xyz": [0.0, 0.0, 2.87780390892295], "abc": [-0.0, -0.0, 0.11687389000000001], "species": [{"occu": 1, "element": "In"}], "properties": {"magmom": 0.0}}, {"label": "Se", "xyz": [2.03477015810112, 1.17477251522631, 23.4137990839001], "abc": [0.666667, 0.333333, 0.95088542], "species": [{"occu": 1, "element": "Se"}], "properties": {"magmom": 0.0}}, {"label": "Se", "xyz": [-1.6981011199304888e-06, 2.34954855477369, 4.1607857670199], "abc": [0.333333, 0.666667, 0.16897858000000002], "species": [{"occu": 1, "element": "Se"}], "properties": {"magmom": 0.0}}], "@class": "Structure", "@module": "pymatgen.core.structure"}