{"lattice": {"a": 3.54585051, "c": 23.36389494614567, "b": 3.69769263152301, "matrix": [[3.54585051, 0.0, 0.0], [0.0, 3.6976926, 0.00048283], [0.0, 0.00302745, 23.36389475]], "volume": 306.3348875701463, "beta": 90.0, "alpha": 89.98509426448918, "gamma": 90.0}, "sites": [{"label": "Ru", "xyz": [0.0, 0.001513725, 11.681947375], "abc": [-0.0, 0.0, 0.5], "species": [{"occu": 1, "element": "Ru"}], "properties": {"magmom": 0.0}}, {"label": "Cl", "xyz": [1.772925255, 3.698978020967896, 13.317785259628495], "abc": [0.5, 0.99988095, 0.56999497], "species": [{"occu": 1, "element": "Cl"}], "properties": {"magmom": -0.0}}, {"label": "Cl", "xyz": [1.772925255, 0.0017420290321030001, 10.046592320371504], "abc": [0.5, 0.00011905000000000001, 0.43000503], "species": [{"occu": 1, "element": "Cl"}], "properties": {"magmom": -0.0}}, {"label": "O", "xyz": [0.0, 1.8503600249999992, 11.68218879], "abc": [0.0, 0.5, 0.5], "species": [{"occu": 1, "element": "O"}], "properties": {"magmom": -0.0}}], "@class": "Structure", "@module": "pymatgen.core.structure"}