{"lattice": {"a": 3.24757222, "c": 24.42588, "b": 3.24757222, "matrix": [[3.24757222, -0.0, 0.0], [-0.0, 3.24757222, 0.0], [-0.0, 0.0, 24.42588]], "volume": 257.61304715981186, "beta": 90.0, "alpha": 90.0, "gamma": 90.0}, "sites": [{"label": "Zr", "xyz": [0.0, 1.6237861100000002, 7.253886704645999], "abc": [-0.0, 0.5, 0.29697545000000003], "species": [{"occu": 1, "element": "Zr"}], "properties": {"magmom": -0.0}}, {"label": "Zr", "xyz": [1.6237861100000002, 0.0, 5.076053260554], "abc": [0.5, -0.0, 0.20781455000000001], "species": [{"occu": 1, "element": "Zr"}], "properties": {"magmom": -0.0}}, {"label": "Au", "xyz": [0.0, 1.6237861100000002, 3.3113589065232], "abc": [-0.0, 0.5, 0.13556764], "species": [{"occu": 1, "element": "Au"}], "properties": {"magmom": -0.0}}, {"label": "Au", "xyz": [1.6237861100000002, 0.0, 9.0185810586768], "abc": [0.5, 0.0, 0.36922236], "species": [{"occu": 1, "element": "Au"}], "properties": {"magmom": 0.0}}], "@class": "Structure", "@module": "pymatgen.core.structure"}