{"lattice": {"a": 4.047187, "c": 22.225044, "b": 6.25311, "matrix": [[4.047187, 0.0, 0.0], [0.0, 6.25311, 0.0], [0.0, 0.0, 22.225044]], "volume": 562.4604233026354, "beta": 90.0, "alpha": 90.0, "gamma": 90.0}, "sites": [{"label": "Pb", "xyz": [0.0, 0.0, 11.148348770928], "abc": [0.0, 0.0, 0.501612], "species": [{"occu": 1, "element": "Pb"}], "properties": {"magmom": -0.0}}, {"label": "Pb", "xyz": [2.0235935, 3.126555, 13.064814315048], "abc": [0.5, 0.5, 0.587842], "species": [{"occu": 1, "element": "Pb"}], "properties": {"magmom": -0.0}}, {"label": "Se", "xyz": [2.0235935, 0.0, 13.102263514188001], "abc": [0.5, 0.0, 0.589527], "species": [{"occu": 1, "element": "Se"}], "properties": {"magmom": 0.0}}, {"label": "Se", "xyz": [0.0, 3.126555, 11.110877346744], "abc": [0.0, 0.5, 0.499926], "species": [{"occu": 1, "element": "Se"}], "properties": {"magmom": 0.0}}], "@class": "Structure", "@module": "pymatgen.core.structure"}