{"lattice": {"a": 3.83847227, "c": 24.733725, "b": 3.83847227, "matrix": [[3.83847227, 0.0, 0.0], [0.0, 3.83847227, 0.0], [0.0, 0.0, 24.733725]], "volume": 364.42347312312705, "beta": 90.0, "alpha": 90.0, "gamma": 90.0}, "sites": [{"label": "Ba", "xyz": [0.0, 0.0, 12.55031031228975], "abc": [-0.0, 0.0, 0.50741691], "species": [{"occu": 1, "element": "Ba"}], "properties": {"magmom": 0.029}}, {"label": "Ba", "xyz": [0.0, 0.0, 9.02964214668525], "abc": [0.0, 0.0, 0.36507409], "species": [{"occu": 1, "element": "Ba"}], "properties": {"magmom": 0.029}}, {"label": "Ir", "xyz": [1.919236135, 1.919236135, 10.78998859635], "abc": [0.5, 0.5, 0.43624599999999997], "species": [{"occu": 1, "element": "Ir"}], "properties": {"magmom": -0.001}}], "@class": "Structure", "@module": "pymatgen.core.structure"}