{"lattice": {"a": 3.29314707, "c": 24.664279, "b": 3.293146863772039, "matrix": [[3.29314707, 0.0, -0.0], [-1.64657354, 2.85194878, -0.0], [0.0, 0.0, 24.664279]], "volume": 231.6441155983199, "beta": 90.0, "alpha": 90.0, "gamma": 120.00000217201472}, "sites": [{"label": "Be", "xyz": [0.0, 0.0, 0.0], "abc": [0.0, -0.0, 0.0], "species": [{"occu": 1, "element": "Be"}], "properties": {"magmom": -0.0}}, {"label": "Sn", "xyz": [-1.6499068700452439e-06, 1.9013001373162601, 22.76345012624289], "abc": [0.333333, 0.666667, 0.92293191], "species": [{"occu": 1, "element": "Sn"}], "properties": {"magmom": 0.0}}, {"label": "Sn", "xyz": [1.64657517990687, 0.950648642683739, 1.90082887375711], "abc": [0.666667, 0.333333, 0.07706809], "species": [{"occu": 1, "element": "Sn"}], "properties": {"magmom": 0.0}}], "@class": "Structure", "@module": "pymatgen.core.structure"}