{"lattice": {"a": 2.9495772000000002, "c": 24.42588, "b": 2.9495772000000002, "matrix": [[2.9495772000000002, 0.0, 0.0], [0.0, 2.9495772000000002, 0.0], [0.0, 0.0, 24.42588]], "volume": 212.50529422018877, "beta": 90.0, "alpha": 90.0, "gamma": 90.0}, "sites": [{"label": "Ti", "xyz": [1.4747886000000001, 0.0, 13.1717366396628], "abc": [0.5, -0.0, 0.53925331], "species": [{"occu": 1, "element": "Ti"}], "properties": {"magmom": -0.009000000000000001}}, {"label": "Ti", "xyz": [0.0, 1.4747886000000001, 11.2541433603372], "abc": [-0.0, 0.5, 0.46074669], "species": [{"occu": 1, "element": "Ti"}], "properties": {"magmom": 0.008}}, {"label": "Au", "xyz": [1.4747886000000001, 0.0, 9.407055627890399], "abc": [0.5, 0.0, 0.38512658], "species": [{"occu": 1, "element": "Au"}], "properties": {"magmom": 0.002}}, {"label": "Au", "xyz": [0.0, 1.4747886000000001, 15.0188243721096], "abc": [0.0, 0.5, 0.61487342], "species": [{"occu": 1, "element": "Au"}], "properties": {"magmom": -0.002}}], "@class": "Structure", "@module": "pymatgen.core.structure"}