{"lattice": {"a": 4.506653308996879, "c": 20.274504, "b": 4.506653426399395, "matrix": [[4.50665204, 0.00338199, 0.0], [-2.24379835, 3.90836207, 0.0], [0.0, 0.0, 20.274504]], "volume": 357.2614223746192, "beta": 90.0, "alpha": 90.0, "gamma": 119.81722087175694}, "sites": [{"label": "Hg", "xyz": [0.0018609528720460002, 2.609299883397954, 10.14530665494912], "abc": [0.33266807, 0.66733193, 0.50039728], "species": [{"occu": 1, "element": "Hg"}], "properties": {"magmom": 0.027}}, {"label": "As", "xyz": [2.260391947043242, 1.302791719829165, 10.12919734505088], "abc": [0.66724293, 0.33275707, 0.49960272], "species": [{"occu": 1, "element": "As"}], "properties": {"magmom": 0.314}}], "@class": "Structure", "@module": "pymatgen.core.structure"}