{"lattice": {"a": 3.89605202, "c": 23.80094646, "b": 3.8960523631316732, "matrix": [[3.89605202, -0.0, 0.0], [-1.94802601, 3.37408042, 0.0], [0.0, -0.0, 23.80094646]], "volume": 312.8775512742016, "beta": 90.0, "alpha": 90.0, "gamma": 119.99999708661407}, "sites": [{"label": "Si", "xyz": [1.94802795802601, 1.1246923486398601, 12.264193105555641], "abc": [0.666667, 0.333333, 0.51528174], "species": [{"occu": 1, "element": "Si"}], "properties": {"magmom": 0.0}}, {"label": "Si", "xyz": [-1.948026010056562e-06, 2.249388071360139, 11.53675335444436], "abc": [0.333333, 0.666667, 0.48471826], "species": [{"occu": 1, "element": "Si"}], "properties": {"magmom": 0.0}}, {"label": "H", "xyz": [1.94802795802601, 1.1246923486398601, 13.770229172052003], "abc": [0.666667, 0.333333, 0.57855805], "species": [{"occu": 1, "element": "H"}], "properties": {"magmom": 0.0}}, {"label": "H", "xyz": [-1.948026010056562e-06, 2.249388071360139, 10.030717287947997], "abc": [0.333333, 0.666667, 0.42144195], "species": [{"occu": 1, "element": "H"}], "properties": {"magmom": 0.0}}], "@class": "Structure", "@module": "pymatgen.core.structure"}