{"lattice": {"a": 4.135491, "c": 22.957399, "b": 4.136994, "matrix": [[4.135491, 0.0, 0.0], [0.0, 4.136994, 0.0], [0.0, 0.0, 22.957399]], "volume": 392.7666941727978, "beta": 90.0, "alpha": 90.0, "gamma": 90.0}, "sites": [{"label": "Ba", "xyz": [2.0677455, 0.0, 10.372474271785999], "abc": [0.5, 0.0, 0.451814], "species": [{"occu": 1, "element": "Ba"}], "properties": {"magmom": 0.0}}, {"label": "Ba", "xyz": [0.0, 2.068497, 7.366271744933], "abc": [0.0, 0.5, 0.32086699999999996], "species": [{"occu": 1, "element": "Ba"}], "properties": {"magmom": 0.0}}, {"label": "N", "xyz": [0.0, 0.0, 8.869384487059], "abc": [0.0, 0.0, 0.386341], "species": [{"occu": 1, "element": "N"}], "properties": {"magmom": 0.0}}], "@class": "Structure", "@module": "pymatgen.core.structure"}