{"lattice": {"a": 3.22551121, "c": 21.519415, "b": 3.22551121, "matrix": [[3.22551121, 0.0, 0.0], [0.0, 3.22551121, 0.0], [0.0, 0.0, 21.519415]], "volume": 223.88632732208248, "beta": 90.0, "alpha": 90.0, "gamma": 90.0}, "sites": [{"label": "Ca", "xyz": [1.612755605, 1.612755605, 10.7597075], "abc": [0.5, 0.5, 0.5], "species": [{"occu": 1, "element": "Ca"}], "properties": {"magmom": 0.0}}, {"label": "O", "xyz": [0.0, 0.0, 9.98950159865785], "abc": [0.0, 0.0, 0.46420879], "species": [{"occu": 1, "element": "O"}], "properties": {"magmom": -0.0}}, {"label": "O", "xyz": [0.0, 0.0, 11.529913401342148], "abc": [0.0, 0.0, 0.53579121], "species": [{"occu": 1, "element": "O"}], "properties": {"magmom": -0.0}}], "@class": "Structure", "@module": "pymatgen.core.structure"}