{"lattice": {"a": 3.635154585061411, "c": 23.431746374203243, "b": 5.213438765059104, "matrix": [[3.567572, -0.002747, 0.69769], [1.600829, 4.788684, 1.298382], [-0.020902999999999998, -0.037527, 23.431707]], "volume": 400.6115622695988, "beta": 78.98570171652919, "alpha": 75.68221335266729, "gamma": 69.6071964873162}, "sites": [{"label": "Ga", "xyz": [4.377325953792, 3.599497421409, 6.455851346544], "abc": [0.8899469999999999, 0.753802, 0.20725000000000002], "species": [{"occu": 1, "element": "Ga"}], "properties": {"magmom": 0.0}}, {"label": "Ga", "xyz": [0.781852036421, 1.169881577908, 5.878969301359], "abc": [0.110053, 0.246198, 0.233979], "species": [{"occu": 1, "element": "Ga"}], "properties": {"magmom": 0.0}}, {"label": "S", "xyz": [2.37517233337, 0.039072473943, 7.193606662013999], "abc": [0.662607, 0.010785999999999999, 0.286676], "species": [{"occu": 1, "element": "S"}], "properties": {"magmom": 0.0}}, {"label": "S", "xyz": [2.784004056014, 4.73030173669, 5.141212687507], "abc": [0.337393, 0.989213, 0.154553], "species": [{"occu": 1, "element": "S"}], "properties": {"magmom": 0.0}}], "@class": "Structure", "@module": "pymatgen.core.structure"}