{"lattice": {"a": 3.5909470900000002, "c": 23.983674, "b": 3.5909470900000002, "matrix": [[3.5909470900000002, 0.0, 0.0], [0.0, 3.5909470900000002, 0.0], [0.0, 0.0, 23.983674]], "volume": 309.2671019225293, "beta": 90.0, "alpha": 90.0, "gamma": 90.0}, "sites": [{"label": "Ca", "xyz": [1.7954735450000001, 1.7954735450000001, 17.073876069658983], "abc": [0.5, 0.5, 0.71189577], "species": [{"occu": 1, "element": "Ca"}], "properties": {"magmom": -0.0}}, {"label": "Ca", "xyz": [1.7954735450000001, 1.7954735450000001, 13.45141696486302], "abc": [0.5, 0.5, 0.56085723], "species": [{"occu": 1, "element": "Ca"}], "properties": {"magmom": -0.0}}, {"label": "Zn", "xyz": [0.0, 0.0, 15.262658509098], "abc": [0.0, 0.0, 0.636377], "species": [{"occu": 1, "element": "Zn"}], "properties": {"magmom": 0.0}}], "@class": "Structure", "@module": "pymatgen.core.structure"}