{"lattice": {"a": 3.76906678, "c": 20.634921, "b": 3.769066494176967, "matrix": [[3.76906678, -0.0, 0.0], [-1.88453339, 3.26410725, 0.0], [0.0, 0.0, 20.634921]], "volume": 253.86396739670602, "beta": 90.0, "alpha": 90.0, "gamma": 120.00000250856546}, "sites": [{"label": "Hg", "xyz": [0.0, 0.0, 10.30873254746463], "abc": [0.0, -0.0, 0.49957703000000003], "species": [{"occu": 1, "element": "Hg"}], "properties": {"magmom": 0.0}}, {"label": "O", "xyz": [-1.8845333899483032e-06, 2.17607258803575, 10.32618845253537], "abc": [0.333333, 0.666667, 0.50042297], "species": [{"occu": 1, "element": "O"}], "properties": {"magmom": -0.0}}], "@class": "Structure", "@module": "pymatgen.core.structure"}