{"lattice": {"a": 3.30842529, "c": 23.192892, "b": 3.30842598119695, "matrix": [[3.30842529, 0.0, 0.0], [-1.65421314, 2.86518086, -0.0], [-0.0, 0.0, 23.192892]], "volume": 219.85091575413264, "beta": 90.0, "alpha": 90.0, "gamma": 120.00000298762177}, "sites": [{"label": "Si", "xyz": [0.0, 0.0, 0.0], "abc": [0.0, -0.0, -0.0], "species": [{"occu": 1, "element": "Si"}], "properties": {"magmom": -0.0}}, {"label": "S", "xyz": [-1.984212810065896e-06, 1.9101215283936201, 1.3246898580504], "abc": [0.333333, 0.666667, 0.0571162], "species": [{"occu": 1, "element": "S"}], "properties": {"magmom": -0.0}}, {"label": "S", "xyz": [1.65421413421281, 0.95505933160638, 21.868202141949602], "abc": [0.666667, 0.333333, 0.9428837999999999], "species": [{"occu": 1, "element": "S"}], "properties": {"magmom": -0.0}}], "@class": "Structure", "@module": "pymatgen.core.structure"}