{"lattice": {"a": 3.14269614, "c": 24.904260999999998, "b": 3.477225890151066, "matrix": [[3.14269614, 0.0, 0.0], [-1.57134807, 3.10192926, 0.0], [0.0, 0.0, 24.904260999999998]], "volume": 242.77722371003892, "beta": 90.0, "alpha": 90.0, "gamma": 116.86546104233196}, "sites": [{"label": "Y", "xyz": [0.0, 0.0, 12.452130499999999], "abc": [-0.0, -0.0, 0.5], "species": [{"occu": 1, "element": "Y"}], "properties": {"magmom": -0.0}}, {"label": "P", "xyz": [-0.7856740350000001, 1.5509646300000002, 10.32197740898952], "abc": [0.0, 0.5, 0.41446632], "species": [{"occu": 1, "element": "P"}], "properties": {"magmom": -0.0}}, {"label": "P", "xyz": [0.7856740350000001, 1.5509646300000002, 14.58228359101048], "abc": [0.5, 0.5, 0.5855336800000001], "species": [{"occu": 1, "element": "P"}], "properties": {"magmom": -0.0}}], "@class": "Structure", "@module": "pymatgen.core.structure"}