{"lattice": {"a": 3.83612929, "c": 22.742717, "b": 3.83612943336634, "matrix": [[3.83612929, 0.0, 0.0], [-1.91806465, 3.32218558, 0.0], [0.0, 0.0, 22.742717]], "volume": 289.84076810304344, "beta": 90.0, "alpha": 90.0, "gamma": 119.9999988499546}, "sites": [{"label": "Be", "xyz": [0.0, 0.0, 0.0], "abc": [0.0, 0.0, 0.0], "species": [{"occu": 1, "element": "Be"}], "properties": {"magmom": 0.0}}, {"label": "I", "xyz": [1.9180665613979802, 1.10739408593814, 21.226286758106458], "abc": [0.666667, 0.333333, 0.93332238], "species": [{"occu": 1, "element": "I"}], "properties": {"magmom": -0.0}}, {"label": "I", "xyz": [-1.921397979924922e-06, 2.21479149406186, 1.51643024189354], "abc": [0.333333, 0.666667, 0.06667762], "species": [{"occu": 1, "element": "I"}], "properties": {"magmom": -0.0}}], "@class": "Structure", "@module": "pymatgen.core.structure"}