{"lattice": {"a": 4.63055378, "c": 23.942319, "b": 4.63055378, "matrix": [[4.63055378, 0.0, 0.0], [0.0, 4.63055378, 0.0], [0.0, 0.0, 23.942319]], "volume": 513.3718817924162, "beta": 90.0, "alpha": 90.0, "gamma": 90.0}, "sites": [{"label": "In", "xyz": [0.0, 0.0, 0.0], "abc": [-0.0, 0.0, 0.0], "species": [{"occu": 1, "element": "In"}], "properties": {"magmom": -0.001}}, {"label": "In", "xyz": [2.31527689, 2.31527689, 0.0], "abc": [0.5, 0.5, 0.0], "species": [{"occu": 1, "element": "In"}], "properties": {"magmom": -0.001}}, {"label": "Sb", "xyz": [2.31527689, 0.0, 22.05236525066499], "abc": [0.5, -0.0, 0.92106221], "species": [{"occu": 1, "element": "Sb"}], "properties": {"magmom": 0.001}}, {"label": "Sb", "xyz": [0.0, 2.31527689, 1.88995374933501], "abc": [0.0, 0.5, 0.07893779000000001], "species": [{"occu": 1, "element": "Sb"}], "properties": {"magmom": 0.001}}], "@class": "Structure", "@module": "pymatgen.core.structure"}