{"lattice": {"a": 6.265672, "c": 20.0, "b": 6.26567102677726, "matrix": [[6.265672, 0.0, 0.0], [-3.132836, 5.42623, 0.0], [0.0, 0.0, 20.0]], "volume": 679.9795475312001, "beta": 90.0, "alpha": 90.0, "gamma": 120.00000513814878}, "sites": [{"label": "Cr", "xyz": [-3.132836000294576e-06, 3.61748847541, 4.84002], "abc": [0.333333, 0.666667, 0.242001], "species": [{"occu": 1, "element": "Cr"}], "properties": {"magmom": 4.072}}, {"label": "Pb", "xyz": [1.563084662495999, 0.9024471637599999, 4.84002], "abc": [0.332624, 0.166312, 0.242001], "species": [{"occu": 1, "element": "Pb"}], "properties": {"magmom": 0.002}}, {"label": "Pb", "xyz": [4.702587337504, 0.9024471637599999, 4.84002], "abc": [0.833688, 0.166312, 0.242001], "species": [{"occu": 1, "element": "Pb"}], "properties": {"magmom": 0.002}}, {"label": "Pb", "xyz": [3.132836, 3.62133567248, 4.84002], "abc": [0.833688, 0.667376, 0.242001], "species": [{"occu": 1, "element": "Pb"}], "properties": {"magmom": 0.002}}], "@class": "Structure", "@module": "pymatgen.core.structure"}