{"lattice": {"a": 4.14379265062311, "c": 20.000000000795737, "b": 4.146522047718486, "matrix": [[4.14379265, -6.284e-05, -3.486e-05], [-2.07195028, 3.59174987, 2.7900000000000004e-05], [-0.0001686, 5.834e-05, 20.0]], "volume": 297.66673018813634, "beta": 90.00096501146187, "alpha": 89.99922836370665, "gamma": 119.97995762901891}, "sites": [{"label": "Ni", "xyz": [-0.00011063843983800001, 2.394970234989915, 8.94512378134973], "abc": [0.33339827, 0.66679618, 0.44725584], "species": [{"occu": 1, "element": "Ni"}], "properties": {"magmom": -0.0}}, {"label": "Sb", "xyz": [2.071804237692788, 1.196786948968754, 8.948389258685191], "abc": [0.66660473, 0.33320882, 0.44742016], "species": [{"occu": 1, "element": "Sb"}], "properties": {"magmom": 0.0}}], "@class": "Structure", "@module": "pymatgen.core.structure"}