{"lattice": {"a": 4.028846058265067, "c": 26.036357773986282, "b": 3.85732426, "matrix": [[4.01456376, 0.0, -0.33893713000000003], [0.0, 3.85732426, 0.0], [-1.6603105, 0.0, 25.98336574]], "volume": 400.1940653678371, "beta": 98.48203104448864, "alpha": 90.0, "gamma": 90.0}, "sites": [{"label": "Rb", "xyz": [0.504735163201611, 0.9643310650000001, 3.05869528489071], "abc": [0.17535666, 0.25, 0.12000486], "species": [{"occu": 1, "element": "Rb"}], "properties": {"magmom": -0.0}}, {"label": "Rb", "xyz": [2.842750704418888, 2.892993195, 7.04193828876075], "abc": [0.8246433400000001, 0.75, 0.28177414], "species": [{"occu": 1, "element": "Rb"}], "properties": {"magmom": -0.0}}, {"label": "Ca", "xyz": [0.5347418164778011, 0.9643310650000001, 25.1621289143296], "abc": [0.53659568, 0.25, 0.9753933100000001], "species": [{"occu": 1, "element": "Ca"}], "properties": {"magmom": 0.017}}, {"label": "Ca", "xyz": [1.152431890832198, 2.892993195, 10.9218963826876], "abc": [0.46340432000000004, 0.75, 0.42638669], "species": [{"occu": 1, "element": "Ca"}], "properties": {"magmom": 0.017}}], "@class": "Structure", "@module": "pymatgen.core.structure"}