{"lattice": {"a": 3.38720375, "c": 21.231711, "b": 3.387202959832249, "matrix": [[3.38720375, 0.0, 0.0], [-1.6936018800000001, 2.9334035800000002, 0.0], [0.0, 0.0, 21.231711]], "volume": 210.95903648163159, "beta": 90.0, "alpha": 90.0, "gamma": 120.0000078145117}, "sites": [{"label": "Ni", "xyz": [-1.696935210045717e-06, 1.955603364467859, 14.68157571281502], "abc": [0.333333, 0.666667, 0.69149282], "species": [{"occu": 1, "element": "Ni"}], "properties": {"magmom": -0.0}}, {"label": "S", "xyz": [1.693603566935209, 0.977800215532139, 15.50085138858798], "abc": [0.666667, 0.333333, 0.73008018], "species": [{"occu": 1, "element": "S"}], "properties": {"magmom": 0.0}}], "@class": "Structure", "@module": "pymatgen.core.structure"}