{"lattice": {"a": 3.427057, "c": 23.003991, "b": 3.42705638434911, "matrix": [[3.427057, 0.0, 0.0], [-1.713528, 2.967918, 0.0], [0.0, 0.0, 23.003991]], "volume": 233.97874897410986, "beta": 90.0, "alpha": 90.0, "gamma": 119.99999629006221}, "sites": [{"label": "Tc", "xyz": [0.0, 0.0, 0.0], "abc": [0.0, 0.0, 0.0], "species": [{"occu": 1, "element": "Tc"}], "properties": {"magmom": 0.936}}, {"label": "Cl", "xyz": [-1.380194999956698e-06, 1.9786129893059998, 21.543444607419], "abc": [0.333333, 0.666667, 0.9365089999999999], "species": [{"occu": 1, "element": "Cl"}], "properties": {"magmom": 0.002}}, {"label": "Cl", "xyz": [1.713530380195, 0.989305010694, 1.460546392581], "abc": [0.666667, 0.333333, 0.06349099999999999], "species": [{"occu": 1, "element": "Cl"}], "properties": {"magmom": 0.002}}], "@class": "Structure", "@module": "pymatgen.core.structure"}