{"lattice": {"a": 3.59380643, "c": 23.119218, "b": 3.59380643, "matrix": [[3.59380643, 0.0, 0.0], [0.0, 3.59380643, 0.0], [0.0, 0.0, 23.119218]], "volume": 298.5949805761508, "beta": 90.0, "alpha": 90.0, "gamma": 90.0}, "sites": [{"label": "Mn", "xyz": [1.796903215, 1.796903215, 11.559609], "abc": [0.5, 0.5, 0.5], "species": [{"occu": 1, "element": "Mn"}], "properties": {"magmom": 1.484}}, {"label": "Mn", "xyz": [0.0, 0.0, 11.559609], "abc": [0.0, -0.0, 0.5], "species": [{"occu": 1, "element": "Mn"}], "properties": {"magmom": 1.484}}, {"label": "Se", "xyz": [1.796903215, 0.0, 13.125031364499659], "abc": [0.5, 0.0, 0.56771087], "species": [{"occu": 1, "element": "Se"}], "properties": {"magmom": -0.117}}, {"label": "Se", "xyz": [0.0, 1.796903215, 9.994186635500341], "abc": [-0.0, 0.5, 0.43228913], "species": [{"occu": 1, "element": "Se"}], "properties": {"magmom": -0.117}}], "@class": "Structure", "@module": "pymatgen.core.structure"}