{"lattice": {"a": 4.172477000000119, "c": 24.981638, "b": 4.172477181838386, "matrix": [[4.172477, 1e-06, 0.0], [-2.086239, 3.613471, 0.0], [0.0, 0.0, 24.981638]], "volume": 376.6513218967456, "beta": 90.0, "alpha": 90.0, "gamma": 119.99999275461279}, "sites": [{"label": "Co", "xyz": [-2.4195720001101128e-06, 2.40898220449, 0.0], "abc": [0.333333, 0.666667, 0.0], "species": [{"occu": 1, "element": "Co"}], "properties": {"magmom": 0.091}}, {"label": "Sn", "xyz": [-2.4195720001101128e-06, 2.40898220449, 22.53618545618], "abc": [0.333333, 0.666667, 0.9021100000000001], "species": [{"occu": 1, "element": "Sn"}], "properties": {"magmom": 0.005}}, {"label": "Sn", "xyz": [2.086234160855999, 1.20449340898, 0.0], "abc": [0.666666, 0.33333399999999996, 0.0], "species": [{"occu": 1, "element": "Sn"}], "properties": {"magmom": 0.006}}, {"label": "Sn", "xyz": [-2.4195720001101128e-06, 2.40898220449, 2.44545254382], "abc": [0.333333, 0.666667, 0.09789], "species": [{"occu": 1, "element": "Sn"}], "properties": {"magmom": 0.005}}], "@class": "Structure", "@module": "pymatgen.core.structure"}