{"lattice": {"a": 3.5205919999999997, "c": 22.71677, "b": 3.520591906157258, "matrix": [[3.5205919999999997, 0.0, 0.0], [-1.7602959999999999, 3.048922, 0.0], [0.0, 0.0, 22.71677]], "volume": 243.8420454758434, "beta": 90.0, "alpha": 90.0, "gamma": 120.00000088175312}, "sites": [{"label": "Tb", "xyz": [1.760297760296, 1.016306317026, 16.03188337533], "abc": [0.666667, 0.333333, 0.7057289999999999], "species": [{"occu": 1, "element": "Tb"}], "properties": {"magmom": -0.002}}, {"label": "Tb", "xyz": [-1.760295999992925e-06, 2.032615682974, 21.273073832959998], "abc": [0.333333, 0.666667, 0.936448], "species": [{"occu": 1, "element": "Tb"}], "properties": {"magmom": 0.002}}, {"label": "Pb", "xyz": [0.0, 0.0, 18.65246724576], "abc": [0.0, 0.0, 0.8210879999999999], "species": [{"occu": 1, "element": "Pb"}], "properties": {"magmom": -0.0}}], "@class": "Structure", "@module": "pymatgen.core.structure"}