{"lattice": {"a": 3.074730348637976, "c": 22.389247, "b": 3.074729729889244, "matrix": [[3.07472926, 0.0025873800000000002, 0.0], [0.89425533, 2.94181412, 0.0], [0.0, 0.0, 22.389247]], "volume": 202.46524805834912, "beta": 90.0, "alpha": 90.0, "gamma": 73.04351519802142}, "sites": [{"label": "Si", "xyz": [1.434430919121129, 1.064136293335075, 12.102430446840321], "abc": [0.36141005, 0.36141005, 0.54054656], "species": [{"occu": 1, "element": "Si"}], "properties": {"magmom": -0.0}}, {"label": "H", "xyz": [0.8188313676811161, 0.60745217134928, 9.94324885620281], "abc": [0.20630752, 0.20630752, 0.44410823], "species": [{"occu": 1, "element": "H"}], "properties": {"magmom": 0.0}}, {"label": "H", "xyz": [2.8160227860854343, 2.089073798944665, 12.32285235966285], "abc": [0.70950711, 0.70950711, 0.5503915500000001], "species": [{"occu": 1, "element": "H"}], "properties": {"magmom": -0.0}}, {"label": "O", "xyz": [1.512319344341128, 1.121918023359479, 10.40996233729402], "abc": [0.38103432, 0.38103432, 0.46495366], "species": [{"occu": 1, "element": "O"}], "properties": {"magmom": 0.0}}], "@class": "Structure", "@module": "pymatgen.core.structure"}