{"lattice": {"a": 3.485537, "c": 22.883476, "b": 3.485537, "matrix": [[3.485537, 0.0, 0.0], [0.0, 3.485537, 0.0], [0.0, 0.0, 22.883476]], "volume": 278.01062173447076, "beta": 90.0, "alpha": 90.0, "gamma": 90.0}, "sites": [{"label": "Ca", "xyz": [0.0, 0.0, 11.591418816516], "abc": [0.0, 0.0, 0.506541], "species": [{"occu": 1, "element": "Ca"}], "properties": {"magmom": -0.001}}, {"label": "Ca", "xyz": [0.0, 0.0, 8.374208042200001], "abc": [0.0, 0.0, 0.36595000000000005], "species": [{"occu": 1, "element": "Ca"}], "properties": {"magmom": -0.001}}, {"label": "Rh", "xyz": [1.7427685, 1.7427685, 9.982824871096001], "abc": [0.5, 0.5, 0.43624599999999997], "species": [{"occu": 1, "element": "Rh"}], "properties": {"magmom": 0.002}}], "@class": "Structure", "@module": "pymatgen.core.structure"}