{"lattice": {"a": 3.67754191, "c": 24.09487668, "b": 3.677540695205887, "matrix": [[3.67754191, -7e-08, 0.0], [-1.83877008, 3.18484382, 0.0], [0.0, 0.0, 24.09487668]], "volume": 282.20874920177164, "beta": 90.0, "alpha": 90.0, "gamma": 119.99999627637986}, "sites": [{"label": "Ga", "xyz": [0.0, 0.0, 13.69331117625744], "abc": [0.0, -0.0, 0.5683079999999999], "species": [{"occu": 1, "element": "Ga"}], "properties": {"magmom": 0.0}}, {"label": "Ga", "xyz": [0.0, 0.0, 18.68025189759372], "abc": [0.0, -0.0, 0.7752789999999999], "species": [{"occu": 1, "element": "Ga"}], "properties": {"magmom": 0.0}}, {"label": "S", "xyz": [-1.255437329971956e-06, 2.12323025161463, 17.455264993899785], "abc": [0.333333, 0.666667, 0.72443886], "species": [{"occu": 1, "element": "S"}], "properties": {"magmom": -0.0}}, {"label": "S", "xyz": [-1.255437329971956e-06, 2.12323025161463, 14.918298079951374], "abc": [0.333333, 0.666667, 0.61914814], "species": [{"occu": 1, "element": "S"}], "properties": {"magmom": -0.0}}], "@class": "Structure", "@module": "pymatgen.core.structure"}