{"lattice": {"a": 2.9287516773454563, "c": 23.814547247181956, "b": 2.922535093536528, "matrix": [[2.92874979, -0.00308316, 0.0012446900000000001], [-1.46704904, 2.52764285, -0.00033171], [0.00724193, 0.01780511, 23.81453949]], "volume": 176.18731526462093, "beta": 89.9582715126628, "alpha": 89.97819993568157, "gamma": 120.19128293604588}, "sites": [{"label": "Cu", "xyz": [1.465634537129935, 2.524093015127922, 6.605638985237624], "abc": [0.99958605, 0.99786124, 0.27734006], "species": [{"occu": 1, "element": "Cu"}], "properties": {"magmom": 0.107}}, {"label": "Cu", "xyz": [-0.002358242067994, 1.6933502548581272, 4.672744825214185], "abc": [0.33379925, 0.66895762, 0.19620582], "species": [{"occu": 1, "element": "Cu"}], "properties": {"magmom": 0.108}}, {"label": "F", "xyz": [-0.001971307926542, 1.698832267332179, 7.725638661678583], "abc": [0.33424871, 0.67022397, 0.32440035], "species": [{"occu": 1, "element": "F"}], "properties": {"magmom": 0.02}}, {"label": "F", "xyz": [1.465384729400821, 2.517838470079279, 3.545844380217595], "abc": [0.99903199, 0.99629117, 0.14885576], "species": [{"occu": 1, "element": "F"}], "properties": {"magmom": 0.021}}], "@class": "Structure", "@module": "pymatgen.core.structure"}