{"lattice": {"a": 3.56285529, "c": 25.269087, "b": 4.14782878, "matrix": [[3.56285529, 0.0, 0.0], [0.0, 4.14782878, 0.0], [0.0, 0.0, 25.269087]], "volume": 373.4294410550392, "beta": 90.0, "alpha": 90.0, "gamma": 90.0}, "sites": [{"label": "Sr", "xyz": [0.0, 0.0, 9.31643795461518], "abc": [-0.0, 0.0, 0.36868914], "species": [{"occu": 1, "element": "Sr"}], "properties": {"magmom": 0.007}}, {"label": "Sr", "xyz": [1.781427645, 2.07391439, 15.95264904538482], "abc": [0.5, 0.5, 0.63131086], "species": [{"occu": 1, "element": "Sr"}], "properties": {"magmom": 0.006}}, {"label": "Ce", "xyz": [1.781427645, 0.0, 13.144329641864099], "abc": [0.5, -0.0, 0.5201743], "species": [{"occu": 1, "element": "Ce"}], "properties": {"magmom": 0.14400000000000002}}, {"label": "Ce", "xyz": [0.0, 2.07391439, 12.1247573581359], "abc": [0.0, 0.5, 0.47982569999999997], "species": [{"occu": 1, "element": "Ce"}], "properties": {"magmom": 0.147}}], "@class": "Structure", "@module": "pymatgen.core.structure"}