{"lattice": {"a": 3.20082134, "c": 22.641327, "b": 3.200821510247304, "matrix": [[3.20082134, 0.0, 0.0], [-1.60041067, 2.77199279, 0.0], [0.0, 0.0, 22.641327]], "volume": 200.88865324870505, "beta": 90.0, "alpha": 90.0, "gamma": 119.99999824053438}, "sites": [{"label": "Re", "xyz": [0.0, 0.0, 0.0], "abc": [0.0, 0.0, 0.0], "species": [{"occu": 1, "element": "Re"}], "properties": {"magmom": -0.0}}, {"label": "Se", "xyz": [1.60041227041067, 0.92399667266907, 1.7794815107688], "abc": [0.666667, 0.333333, 0.0785944], "species": [{"occu": 1, "element": "Se"}], "properties": {"magmom": -0.0}}, {"label": "Se", "xyz": [-1.600410670155707e-06, 1.84799611733093, 20.8618454892312], "abc": [0.333333, 0.666667, 0.9214055999999999], "species": [{"occu": 1, "element": "Se"}], "properties": {"magmom": -0.0}}], "@class": "Structure", "@module": "pymatgen.core.structure"}