{"lattice": {"a": 2.96263114, "c": 28.065183, "b": 2.96263114, "matrix": [[2.96263114, 0.0, 0.0], [0.0, 2.96263114, 0.0], [0.0, 0.0, 28.065183]], "volume": 246.3332547447347, "beta": 90.0, "alpha": 90.0, "gamma": 90.0}, "sites": [{"label": "In", "xyz": [1.48131557, 1.48131557, 1.989595549976849], "abc": [0.5, 0.5, 0.07089195], "species": [{"occu": 1, "element": "In"}], "properties": {"magmom": -0.0}}, {"label": "In", "xyz": [1.48131557, 1.48131557, 26.07558745002315], "abc": [0.5, 0.5, 0.9291080500000001], "species": [{"occu": 1, "element": "In"}], "properties": {"magmom": -0.0}}, {"label": "Os", "xyz": [0.0, 0.0, 0.0], "abc": [0.0, 0.0, 0.0], "species": [{"occu": 1, "element": "Os"}], "properties": {"magmom": -0.0}}], "@class": "Structure", "@module": "pymatgen.core.structure"}