{"lattice": {"a": 4.14907088, "c": 23.678874, "b": 4.149070720493488, "matrix": [[4.14907088, 0.0, 0.0], [-2.07453544, 3.5932006, 0.0], [0.0, 0.0, 23.678874]], "volume": 353.0151664309416, "beta": 90.0, "alpha": 90.0, "gamma": 120.00000127171441}, "sites": [{"label": "Te", "xyz": [2.07453751453544, 1.1977323355998, 18.166763873824742], "abc": [0.666667, 0.333333, 0.76721401], "species": [{"occu": 1, "element": "Te"}], "properties": {"magmom": -0.0}}, {"label": "Te", "xyz": [-2.074535440086367e-06, 2.3954682644002, 22.019292521173263], "abc": [0.333333, 0.666667, 0.92991299], "species": [{"occu": 1, "element": "Te"}], "properties": {"magmom": -0.0}}, {"label": "Pd", "xyz": [2.07453751453544, 1.1977323355998, 20.90245569724422], "abc": [0.666667, 0.333333, 0.88274703], "species": [{"occu": 1, "element": "Pd"}], "properties": {"magmom": -0.0}}, {"label": "Pd", "xyz": [-2.074535440086367e-06, 2.3954682644002, 19.28362437662778], "abc": [0.333333, 0.666667, 0.81438097], "species": [{"occu": 1, "element": "Pd"}], "properties": {"magmom": -0.0}}], "@class": "Structure", "@module": "pymatgen.core.structure"}