{"lattice": {"a": 3.617614250096911, "c": 23.838000000004445, "b": 3.61754620504383, "matrix": [[3.61761425, 2.646e-05, 1.02e-06], [-1.80878421, 3.1328805, 1.2e-06], [6.6799999999999996e-06, 1.293e-05, 23.838]], "volume": 270.1703806564285, "beta": 89.99996778931, "alpha": 89.99996210776501, "gamma": 119.99978406571584}, "sites": [{"label": "Sn", "xyz": [1.8088292621864301, 3.132903043881286, 9.8481576432e-06], "abc": [0.99999916, 0.99999875, 3.2e-07], "species": [{"occu": 1, "element": "Sn"}], "properties": {"magmom": -0.0}}, {"label": "F", "xyz": [1.80881756211507, 1.044313386810358, 1.273552427881538], "abc": [0.66666759, 0.33333383, 0.05342526], "species": [{"occu": 1, "element": "F"}], "properties": {"magmom": -0.0}}, {"label": "F", "xyz": [1.8088230399641398, 1.044323650738995, 22.5644421039607], "abc": [0.66666725, 0.33333342, 0.94657442], "species": [{"occu": 1, "element": "F"}], "properties": {"magmom": -0.0}}], "@class": "Structure", "@module": "pymatgen.core.structure"}