{"lattice": {"a": 4.01413319, "c": 22.46647, "b": 4.014132675730297, "matrix": [[4.01413319, -0.0, 0.0], [-2.0070666, 3.47634072, -0.0], [-0.0, 0.0, 22.46647]], "volume": 313.5082357316806, "beta": 90.0, "alpha": 90.0, "gamma": 120.0000043204109}, "sites": [{"label": "Y", "xyz": [-2.0103999299472025e-06, 2.31756163878024, 7.2791985121219], "abc": [0.333333, 0.666667, 0.32400277], "species": [{"occu": 1, "element": "Y"}], "properties": {"magmom": 0.05}}, {"label": "Y", "xyz": [2.00706860039993, 1.15877908121976, 4.0573597834081], "abc": [0.666667, 0.333333, 0.18059623], "species": [{"occu": 1, "element": "Y"}], "properties": {"magmom": 0.05}}, {"label": "Ge", "xyz": [0.0, 0.0, 5.66826791453], "abc": [0.0, 0.0, 0.252299], "species": [{"occu": 1, "element": "Ge"}], "properties": {"magmom": 0.003}}], "@class": "Structure", "@module": "pymatgen.core.structure"}