{"lattice": {"a": 4.27162226, "c": 22.990012, "b": 4.27162226, "matrix": [[4.27162226, 0.0, 0.0], [0.0, 4.27162226, 0.0], [0.0, 0.0, 22.990012]], "volume": 419.49315623269223, "beta": 90.0, "alpha": 90.0, "gamma": 90.0}, "sites": [{"label": "Zn", "xyz": [2.13581113, 2.13581113, 0.0], "abc": [0.5, 0.5, 0.0], "species": [{"occu": 1, "element": "Zn"}], "properties": {"magmom": -0.0}}, {"label": "Zn", "xyz": [0.0, 0.0, 0.0], "abc": [0.0, 0.0, 0.0], "species": [{"occu": 1, "element": "Zn"}], "properties": {"magmom": -0.0}}, {"label": "Te", "xyz": [0.0, 2.13581113, 1.6970173915850402], "abc": [0.0, 0.5, 0.07381542], "species": [{"occu": 1, "element": "Te"}], "properties": {"magmom": 0.0}}, {"label": "Te", "xyz": [2.13581113, 0.0, 21.29299460841496], "abc": [0.5, 0.0, 0.92618458], "species": [{"occu": 1, "element": "Te"}], "properties": {"magmom": 0.0}}], "@class": "Structure", "@module": "pymatgen.core.structure"}