{"lattice": {"a": 4.474554, "c": 22.990012, "b": 4.474554, "matrix": [[4.474554, 0.0, 0.0], [0.0, 4.474554, 0.0], [0.0, 0.0, 22.990012]], "volume": 460.2975943996809, "beta": 90.0, "alpha": 90.0, "gamma": 90.0}, "sites": [{"label": "Cd", "xyz": [2.237277, 2.237277, 0.0], "abc": [0.5, 0.5, 0.0], "species": [{"occu": 1, "element": "Cd"}], "properties": {"magmom": 0.0}}, {"label": "Cd", "xyz": [0.0, 0.0, 0.0], "abc": [0.0, 0.0, 0.0], "species": [{"occu": 1, "element": "Cd"}], "properties": {"magmom": 0.0}}, {"label": "S", "xyz": [0.0, 2.237277, 1.386044833468], "abc": [0.0, 0.5, 0.060288999999999995], "species": [{"occu": 1, "element": "S"}], "properties": {"magmom": 0.0}}, {"label": "S", "xyz": [2.237277, 0.0, 21.603967166531998], "abc": [0.5, 0.0, 0.939711], "species": [{"occu": 1, "element": "S"}], "properties": {"magmom": 0.0}}], "@class": "Structure", "@module": "pymatgen.core.structure"}