{"lattice": {"a": 4.671025, "c": 24.159589, "b": 4.671024480049318, "matrix": [[4.671025, 0.0, 0.0], [-2.335512, 4.045226, 0.0], [0.0, 0.0, 24.159589]], "volume": 456.50393293428385, "beta": 90.0, "alpha": 90.0, "gamma": 119.99999660033824}, "sites": [{"label": "Ca", "xyz": [0.0, 0.0, 17.967993690669], "abc": [0.0, 0.0, 0.743721], "species": [{"occu": 1, "element": "Ca"}], "properties": {"magmom": -0.015}}, {"label": "Ca", "xyz": [0.0, 0.0, 14.517641987634002], "abc": [0.0, 0.0, 0.6009059999999999], "species": [{"occu": 1, "element": "Ca"}], "properties": {"magmom": -0.015}}, {"label": "Ag", "xyz": [-2.002179000091385e-06, 2.696818681742, 16.242805759357], "abc": [0.333333, 0.666667, 0.6723129999999999], "species": [{"occu": 1, "element": "Ag"}], "properties": {"magmom": -0.008}}, {"label": "Ag", "xyz": [2.335515002179, 1.3484073182579999, 16.242805759357], "abc": [0.666667, 0.333333, 0.6723129999999999], "species": [{"occu": 1, "element": "Ag"}], "properties": {"magmom": -0.008}}], "@class": "Structure", "@module": "pymatgen.core.structure"}