{"lattice": {"a": 3.14355545, "c": 24.879994, "b": 3.14355545, "matrix": [[3.14355545, 0.0, -0.0], [0.0, 3.14355545, 0.0], [0.0, -0.0, 24.879994]], "volume": 245.8626294849054, "beta": 90.0, "alpha": 90.0, "gamma": 90.0}, "sites": [{"label": "In", "xyz": [1.571777725, 1.571777725, 1.64655825171994], "abc": [0.5, 0.5, 0.06618001], "species": [{"occu": 1, "element": "In"}], "properties": {"magmom": 0.013000000000000001}}, {"label": "In", "xyz": [1.571777725, 1.571777725, 23.233435748280062], "abc": [0.5, 0.5, 0.93381999], "species": [{"occu": 1, "element": "In"}], "properties": {"magmom": 0.013000000000000001}}, {"label": "Fe", "xyz": [0.0, 0.0, 0.0], "abc": [-0.0, -0.0, -0.0], "species": [{"occu": 1, "element": "Fe"}], "properties": {"magmom": 2.298}}], "@class": "Structure", "@module": "pymatgen.core.structure"}