{"lattice": {"a": 3.5853854, "c": 25.019273, "b": 3.585385590454002, "matrix": [[3.5853854, 0.0, 0.0], [-1.7926932, 3.10503477, 0.0], [0.0, 0.0, 25.019273]], "volume": 278.5332196912934, "beta": 90.0, "alpha": 90.0, "gamma": 120.00000746908982}, "sites": [{"label": "Al", "xyz": [0.0, 0.0, 17.123346061078056], "abc": [0.0, 0.0, 0.6844062200000001], "species": [{"occu": 1, "element": "Al"}], "properties": {"magmom": -0.0}}, {"label": "Al", "xyz": [0.0, 0.0, 19.727791333351938], "abc": [0.0, 0.0, 0.78850378], "species": [{"occu": 1, "element": "Al"}], "properties": {"magmom": -0.0}}, {"label": "S", "xyz": [1.7926943260262, 1.035010554988409, 20.78557767382072], "abc": [0.666667, 0.333333, 0.83078264], "species": [{"occu": 1, "element": "S"}], "properties": {"magmom": 0.0}}, {"label": "S", "xyz": [1.7926943260262, 1.035010554988409, 16.06555972060928], "abc": [0.666667, 0.333333, 0.64212736], "species": [{"occu": 1, "element": "S"}], "properties": {"magmom": 0.0}}], "@class": "Structure", "@module": "pymatgen.core.structure"}