{"lattice": {"a": 3.5347682000000002, "c": 24.664279, "b": 3.534768130206163, "matrix": [[3.5347682000000002, -0.0, 0.0], [-1.76738361, 3.06119926, 0.0], [0.0, 0.0, 24.664279]], "volume": 266.88303229633647, "beta": 90.0, "alpha": 90.0, "gamma": 119.9999914819374}, "sites": [{"label": "Ca", "xyz": [0.0, 0.0, 0.0], "abc": [0.0, 0.0, 0.0], "species": [{"occu": 1, "element": "Ca"}], "properties": {"magmom": -0.0}}, {"label": "Pb", "xyz": [-1.4407172701251508e-06, 2.04080052706642, 21.908744807416863], "abc": [0.333333, 0.666667, 0.88827834], "species": [{"occu": 1, "element": "Pb"}], "properties": {"magmom": -0.0}}, {"label": "Pb", "xyz": [1.767386030717269, 1.02039873293358, 2.75553419258314], "abc": [0.666667, 0.333333, 0.11172166], "species": [{"occu": 1, "element": "Pb"}], "properties": {"magmom": -0.0}}], "@class": "Structure", "@module": "pymatgen.core.structure"}