{"lattice": {"a": 5.19899078, "c": 22.957399, "b": 5.38473349, "matrix": [[5.19899078, 0.0, 0.0], [0.0, 5.38473349, 0.0], [0.0, 0.0, 22.957399]], "volume": 642.6965119938808, "beta": 90.0, "alpha": 90.0, "gamma": 90.0}, "sites": [{"label": "Sr", "xyz": [2.59949539, 0.0, 10.540041245382959], "abc": [0.5, 0.0, 0.45911304000000003], "species": [{"occu": 1, "element": "Sr"}], "properties": {"magmom": 0.011}}, {"label": "Sr", "xyz": [0.0, 2.692366745, 7.23815545449961], "abc": [0.0, 0.5, 0.31528639], "species": [{"occu": 1, "element": "Sr"}], "properties": {"magmom": 0.036000000000000004}}, {"label": "Sb", "xyz": [0.0, 0.0, 8.829933803895429], "abc": [-0.0, 0.0, 0.38462257], "species": [{"occu": 1, "element": "Sb"}], "properties": {"magmom": 0.021}}], "@class": "Structure", "@module": "pymatgen.core.structure"}