{"lattice": {"a": 4.535742320000049, "c": 20.000000000182336, "b": 4.539404245332357, "matrix": [[4.53574232, 6.599999999999999e-07, -1.1e-07], [-2.26787009, 3.9322965500000002, 1.682e-05], [-4.9e-07, 8.54e-05, 20.0]], "volume": 356.7177074618908, "beta": 90.00000279323785, "alpha": 89.99957506613524, "gamma": 119.97329432502042}, "sites": [{"label": "Bi", "xyz": [2.267872952720717, 1.3097157651145, 8.94677032869302], "abc": [0.66652864, 0.33305655, 0.44733824], "species": [{"occu": 1, "element": "Bi"}], "properties": {"magmom": -0.003}}, {"label": "Pt", "xyz": [1.106764552078309e-06, 2.622677511700629, 8.946766381390749], "abc": [0.33347436, 0.66694845, 0.44733776000000003], "species": [{"occu": 1, "element": "Pt"}], "properties": {"magmom": -0.001}}], "@class": "Structure", "@module": "pymatgen.core.structure"}