{"lattice": {"a": 3.400934911723726, "c": 22.529864, "b": 3.896749108176162, "matrix": [[3.40093491, 0.00010828, 0.0], [0.00025243, 3.8967491, 0.0], [0.0, 0.0, 22.529864]], "volume": 298.5790508517071, "beta": 90.0, "alpha": 90.0, "gamma": 89.99446419963864}, "sites": [{"label": "Nb", "xyz": [0.029069176966086, 0.011951008018638002, 11.26703020623432], "abc": [0.00854718, 0.00306668, 0.50009313], "species": [{"occu": 1, "element": "Nb"}], "properties": {"magmom": 0.909}}, {"label": "O", "xyz": [0.033915799108921, 1.953153468832202, 11.25700847212984], "abc": [0.00993529, 0.5012261100000001, 0.49964831], "species": [{"occu": 1, "element": "O"}], "properties": {"magmom": -0.042}}, {"label": "F", "xyz": [1.73135860249634, 0.006564876684818001, 10.0020182204936], "abc": [0.50908301, 0.00167056, 0.4439449], "species": [{"occu": 1, "element": "F"}], "properties": {"magmom": 0.02}}, {"label": "F", "xyz": [1.731901398583691, 3.895875442620443, 12.533671101142241], "abc": [0.5091685300000001, 0.9997616500000001, 0.55631366], "species": [{"occu": 1, "element": "F"}], "properties": {"magmom": 0.02}}], "@class": "Structure", "@module": "pymatgen.core.structure"}