{"lattice": {"a": 3.1826587, "c": 27.651655, "b": 3.182659275235259, "matrix": [[3.1826587, -0.0, 0.0], [-1.59132935, 2.75626395, 0.0], [0.0, 0.0, 27.651655]], "volume": 242.56715978451405, "beta": 90.0, "alpha": 90.0, "gamma": 119.99999402115434}, "sites": [{"label": "Li", "xyz": [1.5913309413293502, 0.91875373124535, 17.55061631163655], "abc": [0.666667, 0.333333, 0.63470401], "species": [{"occu": 1, "element": "Li"}], "properties": {"magmom": -0.001}}, {"label": "Li", "xyz": [-1.59132935006207e-06, 1.83751021875465, 10.10103868836345], "abc": [0.333333, 0.666667, 0.36529599], "species": [{"occu": 1, "element": "Li"}], "properties": {"magmom": -0.001}}, {"label": "Mg", "xyz": [-1.59132935006207e-06, 1.83751021875465, 15.1399464113193], "abc": [0.333333, 0.666667, 0.54752406], "species": [{"occu": 1, "element": "Mg"}], "properties": {"magmom": -0.0}}, {"label": "Mg", "xyz": [1.5913309413293502, 0.91875373124535, 12.511708588680701], "abc": [0.666667, 0.333333, 0.45247594], "species": [{"occu": 1, "element": "Mg"}], "properties": {"magmom": -0.0}}], "@class": "Structure", "@module": "pymatgen.core.structure"}