{"lattice": {"a": 3.547994, "c": 22.656191, "b": 3.547994, "matrix": [[3.547994, 0.0, 0.0], [0.0, 3.547994, 0.0], [0.0, 0.0, 22.656191]], "volume": 285.2020551808916, "beta": 90.0, "alpha": 90.0, "gamma": 90.0}, "sites": [{"label": "Be", "xyz": [0.0, 0.0, 0.0], "abc": [0.0, 0.0, 0.0], "species": [{"occu": 1, "element": "Be"}], "properties": {"magmom": -0.0}}, {"label": "Br", "xyz": [0.0, 1.773997, 21.335720219947], "abc": [0.0, 0.5, 0.9417169999999999], "species": [{"occu": 1, "element": "Br"}], "properties": {"magmom": 0.0}}, {"label": "Br", "xyz": [1.773997, 0.0, 1.320470780053], "abc": [0.5, 0.0, 0.058282999999999995], "species": [{"occu": 1, "element": "Br"}], "properties": {"magmom": 0.0}}], "@class": "Structure", "@module": "pymatgen.core.structure"}