{"lattice": {"a": 4.0930628, "c": 23.02446372, "b": 4.0930628, "matrix": [[4.0930628, 0.0, 0.0], [0.0, 4.0930628, 0.0], [0.0, 0.0, 23.02446372]], "volume": 385.7325956399279, "beta": 90.0, "alpha": 90.0, "gamma": 90.0}, "sites": [{"label": "Zn", "xyz": [0.0, 0.0, 11.51223186], "abc": [-0.0, 0.0, 0.5], "species": [{"occu": 1, "element": "Zn"}], "properties": {"magmom": 0.0}}, {"label": "Zn", "xyz": [2.0465314, 2.0465314, 11.51223186], "abc": [0.5, 0.5, 0.5], "species": [{"occu": 1, "element": "Zn"}], "properties": {"magmom": 0.0}}, {"label": "Se", "xyz": [2.0465314, 0.0, 10.012216368732375], "abc": [0.5, 0.0, 0.43485123000000003], "species": [{"occu": 1, "element": "Se"}], "properties": {"magmom": 0.0}}, {"label": "Se", "xyz": [0.0, 2.0465314, 13.012247351267623], "abc": [-0.0, 0.5, 0.56514877], "species": [{"occu": 1, "element": "Se"}], "properties": {"magmom": 0.0}}], "@class": "Structure", "@module": "pymatgen.core.structure"}