{"lattice": {"a": 3.86546581, "c": 22.621078, "b": 3.86546581, "matrix": [[3.86546581, 0.0, 0.0], [0.0, 3.86546581, 0.0], [0.0, 0.0, 22.621078]], "volume": 338.00020978602066, "beta": 90.0, "alpha": 90.0, "gamma": 90.0}, "sites": [{"label": "Tb", "xyz": [0.0, 0.0, 11.310539], "abc": [-0.0, -0.0, 0.5], "species": [{"occu": 1, "element": "Tb"}], "properties": {"magmom": 0.0}}, {"label": "Si", "xyz": [1.932732905, 1.932732905, 12.47037234027472], "abc": [0.5, 0.5, 0.55127224], "species": [{"occu": 1, "element": "Si"}], "properties": {"magmom": 0.0}}, {"label": "Si", "xyz": [1.932732905, 1.932732905, 10.15070565972528], "abc": [0.5, 0.5, 0.44872776000000003], "species": [{"occu": 1, "element": "Si"}], "properties": {"magmom": 0.0}}], "@class": "Structure", "@module": "pymatgen.core.structure"}