{"lattice": {"a": 3.190415, "c": 23.983674, "b": 3.190415, "matrix": [[3.190415, 0.0, 0.0], [0.0, 3.190415, 0.0], [0.0, 0.0, 23.983674]], "volume": 244.12377069563806, "beta": 90.0, "alpha": 90.0, "gamma": 90.0}, "sites": [{"label": "Mg", "xyz": [1.5952075, 1.5952075, 17.319258554598], "abc": [0.5, 0.5, 0.722127], "species": [{"occu": 1, "element": "Mg"}], "properties": {"magmom": 0.0}}, {"label": "Mg", "xyz": [1.5952075, 1.5952075, 13.206034479924], "abc": [0.5, 0.5, 0.550626], "species": [{"occu": 1, "element": "Mg"}], "properties": {"magmom": 0.0}}, {"label": "Cd", "xyz": [0.0, 0.0, 15.262658509098], "abc": [0.0, 0.0, 0.636377], "species": [{"occu": 1, "element": "Cd"}], "properties": {"magmom": 0.0}}], "@class": "Structure", "@module": "pymatgen.core.structure"}