{"lattice": {"a": 3.28026604, "c": 25.894945, "b": 3.28026640101462, "matrix": [[3.28026604, 0.0, -0.0], [-1.64013352, 2.84079385, -0.0], [-0.0, -0.0, 25.894945]], "volume": 241.30358813467103, "beta": 90.0, "alpha": 90.0, "gamma": 120.0000064438263}, "sites": [{"label": "Sc", "xyz": [-1.97346652017925e-06, 1.89386351359795, 2.44852630366175], "abc": [0.333333, 0.666667, 0.09455615], "species": [{"occu": 1, "element": "Sc"}], "properties": {"magmom": 0.089}}, {"label": "Sc", "xyz": [1.640134493466519, 0.946930336402049, 23.446418696338252], "abc": [0.666667, 0.333333, 0.90544385], "species": [{"occu": 1, "element": "Sc"}], "properties": {"magmom": 0.089}}, {"label": "Sn", "xyz": [0.0, 0.0, 0.0], "abc": [0.0, 0.0, -0.0], "species": [{"occu": 1, "element": "Sn"}], "properties": {"magmom": 0.005}}], "@class": "Structure", "@module": "pymatgen.core.structure"}