{"lattice": {"a": 3.84342656, "c": 20.0, "b": 3.8449587831995062, "matrix": [[3.84342656, 0.0, 0.0], [-1.92171328, 3.33027418, 0.0], [0.0, 0.0, 20.0]], "volume": 255.99328470988442, "beta": 90.0, "alpha": 90.0, "gamma": 119.98681854011464}, "sites": [{"label": "Ni", "xyz": [-1.9217132779742402e-08, 2.220489982257943, 8.946760000000001], "abc": [0.33337945, 0.66675891, 0.44733799999999996], "species": [{"occu": 1, "element": "Ni"}], "properties": {"magmom": -0.0}}, {"label": "As", "xyz": [1.921715220930412, 1.109800849112956, 8.946760000000001], "abc": [0.6666235500000001, 0.33324609, 0.44733799999999996], "species": [{"occu": 1, "element": "As"}], "properties": {"magmom": -0.0}}], "@class": "Structure", "@module": "pymatgen.core.structure"}