{"lattice": {"a": 2.643129, "c": 23.013137, "b": 2.643129371694469, "matrix": [[2.643129, 0.0, 0.0], [-1.321565, 2.289017, 0.0], [0.0, 0.0, 23.013137]], "volume": 139.23332697313185, "beta": 90.0, "alpha": 90.0, "gamma": 120.00000786347454}, "sites": [{"label": "Be", "xyz": [-1.654898000059841e-06, 1.526012096339, 0.802606166012], "abc": [0.333333, 0.666667, 0.034876], "species": [{"occu": 1, "element": "Be"}], "properties": {"magmom": -0.0}}, {"label": "Be", "xyz": [1.321565654898, 0.763004903660999, 22.210530833988], "abc": [0.666667, 0.333333, 0.965124], "species": [{"occu": 1, "element": "Be"}], "properties": {"magmom": -0.0}}, {"label": "N", "xyz": [0.0, 0.0, 0.0], "abc": [0.0, 0.0, 0.0], "species": [{"occu": 1, "element": "N"}], "properties": {"magmom": -0.0}}], "@class": "Structure", "@module": "pymatgen.core.structure"}