{"lattice": {"a": 5.11286977, "c": 22.353476, "b": 5.11608419, "matrix": [[5.11286977, 0.0, 0.0], [0.0, 5.11608419, 0.0], [0.0, 0.0, 22.353476]], "volume": 584.7193683404622, "beta": 90.0, "alpha": 90.0, "gamma": 90.0}, "sites": [{"label": "Ba", "xyz": [0.0, 2.5580420950000002, 9.8377457871454], "abc": [0.0, 0.5, 0.44009915], "species": [{"occu": 1, "element": "Ba"}], "properties": {"magmom": -0.003}}, {"label": "Ba", "xyz": [0.0, 0.0, 13.054142294763881], "abc": [0.0, -0.0, 0.58398713], "species": [{"occu": 1, "element": "Ba"}], "properties": {"magmom": -0.063}}, {"label": "Ba", "xyz": [2.556434885, 0.0, 9.86500495698836], "abc": [0.5, 0.0, 0.44131861], "species": [{"occu": 1, "element": "Ba"}], "properties": {"magmom": -0.003}}, {"label": "Si", "xyz": [2.556434885, 2.5580420950000002, 11.95005896110236], "abc": [0.5, 0.5, 0.53459511], "species": [{"occu": 1, "element": "Si"}], "properties": {"magmom": -0.001}}], "@class": "Structure", "@module": "pymatgen.core.structure"}