{"lattice": {"a": 3.373031670828731, "c": 23.779510000000617, "b": 3.373040465136744, "matrix": [[3.37303167, 7.477e-05, 3.5e-07], [0.0009547900000000001, 3.3730403300000003, -4.41e-06], [-4.58e-06, -2.91e-06, 23.77951]], "volume": 270.5483261561942, "beta": 90.00000509023063, "alpha": 90.0000819246304, "gamma": 89.98251148919222}, "sites": [{"label": "Lu", "xyz": [3.373026820348974, 7.253460243360003e-05, 23.77950749645789], "abc": [0.99999992, 2e-07, 0.9999998800000001], "species": [{"occu": 1, "element": "Lu"}], "properties": {"magmom": 0.0}}, {"label": "C", "xyz": [1.6869893498565371, 1.686554855247123, 23.123219651460882], "abc": [0.50000017, 0.50000004, 0.9724010999999999], "species": [{"occu": 1, "element": "C"}], "properties": {"magmom": 0.0}}, {"label": "C", "xyz": [1.6869927997990222, 1.686556660153324, 0.6562656003663261], "abc": [0.49999991, 0.49999976, 0.02759803], "species": [{"occu": 1, "element": "C"}], "properties": {"magmom": 0.0}}], "@class": "Structure", "@module": "pymatgen.core.structure"}