{"lattice": {"a": 3.91374641, "c": 20.350559, "b": 3.91374641, "matrix": [[3.91374641, 0.0, 0.0], [0.0, 3.91374641, 0.0], [0.0, 0.0, 20.350559]], "volume": 311.7178755051112, "beta": 90.0, "alpha": 90.0, "gamma": 90.0}, "sites": [{"label": "Mg", "xyz": [1.956873205, 1.956873205, 10.1752795], "abc": [0.5, 0.5, 0.5], "species": [{"occu": 1, "element": "Mg"}], "properties": {"magmom": 0.0}}, {"label": "Cu", "xyz": [0.0, 0.0, 10.1752795], "abc": [0.0, -0.0, 0.5], "species": [{"occu": 1, "element": "Cu"}], "properties": {"magmom": -0.002}}, {"label": "O", "xyz": [0.0, 1.956873205, 10.00451856994777], "abc": [0.0, 0.5, 0.49160903], "species": [{"occu": 1, "element": "O"}], "properties": {"magmom": -0.001}}, {"label": "O", "xyz": [1.956873205, 0.0, 10.34604043005223], "abc": [0.5, -0.0, 0.50839097], "species": [{"occu": 1, "element": "O"}], "properties": {"magmom": -0.001}}], "@class": "Structure", "@module": "pymatgen.core.structure"}