{"lattice": {"a": 3.413109850110301, "c": 23.530469000023896, "b": 3.413113854812562, "matrix": [[3.41310977, -0.00073884, 3.108e-05], [-0.024101150000000002, 3.41302876, -6.241000000000001e-05], [1.4350000000000002e-05, -3.0310000000000003e-05, 23.530469]], "volume": 274.106998084378, "beta": 89.99944330324094, "alpha": 90.00112172226345, "gamma": 90.41699111405286}, "sites": [{"label": "Pd", "xyz": [1.6945124070692672, 1.706128285072988, 12.998142936755785], "abc": [0.50000005, 0.50000002, 0.55239692], "species": [{"occu": 1, "element": "Pd"}], "properties": {"magmom": 0.0}}, {"label": "N", "xyz": [-0.024084396990745, 3.412990722931073, 13.576989496279365], "abc": [2.44e-06, 0.9999939800000001, 0.57699878], "species": [{"occu": 1, "element": "N"}], "properties": {"magmom": -0.0}}, {"label": "N", "xyz": [3.41310868332128, -0.000737755147783, 12.40739560729195], "abc": [0.9999975, 4.9999999999999996e-06, 0.5272893], "species": [{"occu": 1, "element": "N"}], "properties": {"magmom": 0.0}}], "@class": "Structure", "@module": "pymatgen.core.structure"}