{"lattice": {"a": 3.380242, "c": 23.801584, "b": 3.380242, "matrix": [[3.380242, 0.0, 0.0], [0.0, 3.380242, 0.0], [0.0, 0.0, 23.801584]], "volume": 271.9577551308132, "beta": 90.0, "alpha": 90.0, "gamma": 90.0}, "sites": [{"label": "Sc", "xyz": [0.0, 0.0, 0.0], "abc": [0.0, 0.0, 0.0], "species": [{"occu": 1, "element": "Sc"}], "properties": {"magmom": -0.0}}, {"label": "Br", "xyz": [1.690121, 1.690121, 22.161773870319998], "abc": [0.5, 0.5, 0.931105], "species": [{"occu": 1, "element": "Br"}], "properties": {"magmom": 0.0}}, {"label": "Br", "xyz": [1.690121, 1.690121, 1.639810129679999], "abc": [0.5, 0.5, 0.068895], "species": [{"occu": 1, "element": "Br"}], "properties": {"magmom": 0.0}}], "@class": "Structure", "@module": "pymatgen.core.structure"}