{"lattice": {"a": 3.380139, "c": 22.810979, "b": 3.380138540142548, "matrix": [[3.380139, 0.0, 0.0], [-1.6900689999999998, 2.927286, 0.0], [0.0, 0.0, 22.810979]], "volume": 225.70627864078645, "beta": 90.0, "alpha": 90.0, "gamma": 119.99999471389384}, "sites": [{"label": "Os", "xyz": [0.0, 0.0, 0.0], "abc": [0.0, 0.0, 0.0], "species": [{"occu": 1, "element": "Os"}], "properties": {"magmom": -0.0}}, {"label": "F", "xyz": [1.690071356736, 0.9757610242379999, 21.929539960461], "abc": [0.666667, 0.333333, 0.961359], "species": [{"occu": 1, "element": "F"}], "properties": {"magmom": -0.0}}, {"label": "F", "xyz": [-1.3567360002019782e-06, 1.9515249757620001, 0.8814390395389999], "abc": [0.333333, 0.666667, 0.038640999999999995], "species": [{"occu": 1, "element": "F"}], "properties": {"magmom": -0.0}}], "@class": "Structure", "@module": "pymatgen.core.structure"}