{"lattice": {"a": 2.40322443, "c": 20.000226, "b": 6.53937486, "matrix": [[2.40322443, 0.0, 0.0], [0.0, 6.53937486, 0.0], [0.0, 0.0, 20.000226]], "volume": 314.3152601319016, "beta": 90.0, "alpha": 90.0, "gamma": 90.0}, "sites": [{"label": "Cu", "xyz": [1.201612215, 6.53781194940846, 10.000113], "abc": [0.5, 0.9997609999999999, 0.5], "species": [{"occu": 1, "element": "Cu"}], "properties": {"magmom": 0.013000000000000001}}, {"label": "O", "xyz": [1.201612215, 3.893112716053228, 10.000233001356], "abc": [0.5, 0.59533408, 0.500006], "species": [{"occu": 1, "element": "O"}], "properties": {"magmom": 0.42}}, {"label": "O", "xyz": [1.201612215, 2.643136322763691, 9.999992998644], "abc": [0.5, 0.40418792000000003, 0.499994], "species": [{"occu": 1, "element": "O"}], "properties": {"magmom": 0.42}}], "@class": "Structure", "@module": "pymatgen.core.structure"}