{"lattice": {"a": 6.629493004810398, "c": 20.000000011082424, "b": 6.628777119693873, "matrix": [[6.629493, -0.000234, 9.5e-05], [-3.314959, 5.74036, 3.6e-05], [-0.0006439999999999999, 0.000169, 20.0]], "volume": 761.0980149991252, "beta": 90.00102389815291, "alpha": 89.99834695191916, "gamma": 120.00771587375672}, "sites": [{"label": "La", "xyz": [3.314934941088, 1.9132119022699992, 5.74251533775], "abc": [0.6667219999999999, 0.33331000000000005, 0.287122], "species": [{"occu": 1, "element": "La"}], "properties": {"magmom": 0.0}}, {"label": "Pb", "xyz": [-0.00038203897100000004, 1.917932642741, 5.747847896547], "abc": [0.167037, 0.33411199999999996, 0.287391], "species": [{"occu": 1, "element": "Pb"}], "properties": {"magmom": -0.0}}, {"label": "Pb", "xyz": [-1.6540858000649998, 4.781471049172, 5.747965854039999], "abc": [0.16702799999999998, 0.832955, 0.287396], "species": [{"occu": 1, "element": "Pb"}], "properties": {"magmom": 0.0}}, {"label": "Pb", "xyz": [1.6530467347400002, 4.781360056136, 5.747773245015999], "abc": [0.66588, 0.8329559999999999, 0.287384], "species": [{"occu": 1, "element": "Pb"}], "properties": {"magmom": -0.0}}], "@class": "Structure", "@module": "pymatgen.core.structure"}