{"lattice": {"a": 4.37521174, "c": 22.353476, "b": 4.25616928, "matrix": [[4.37521174, 0.0, 0.0], [0.0, 4.25616928, 0.0], [0.0, 0.0, 22.353476]], "volume": 416.25842308558407, "beta": 90.0, "alpha": 90.0, "gamma": 90.0}, "sites": [{"label": "Mg", "xyz": [0.0, 2.12808464, 9.96568858944852], "abc": [0.0, 0.5, 0.44582277000000003], "species": [{"occu": 1, "element": "Mg"}], "properties": {"magmom": -0.001}}, {"label": "Mg", "xyz": [0.0, 0.0, 12.47991346179456], "abc": [0.0, 0.0, 0.55829856], "species": [{"occu": 1, "element": "Mg"}], "properties": {"magmom": 0.0}}, {"label": "Mg", "xyz": [2.18760587, 0.0, 9.98351123939808], "abc": [0.5, -0.0, 0.44662008000000003], "species": [{"occu": 1, "element": "Mg"}], "properties": {"magmom": 0.001}}, {"label": "Pb", "xyz": [2.18760587, 2.12808464, 12.27783870935884], "abc": [0.5, 0.5, 0.54925859], "species": [{"occu": 1, "element": "Pb"}], "properties": {"magmom": 0.0}}], "@class": "Structure", "@module": "pymatgen.core.structure"}