{"lattice": {"a": 3.164001250653132, "c": 21.823423, "b": 5.3989468079068015, "matrix": [[3.16387146, 0.02865831, 0.0], [0.029686610000000002, 5.39886519, 0.0], [0.0, 0.0, 21.823423]], "volume": 372.75420668565204, "beta": 90.0, "alpha": 90.0, "gamma": 89.16598195686637}, "sites": [{"label": "Te", "xyz": [0.019168987064150003, 1.329341078227496, 10.32046543175979], "abc": [0.00374856, 0.24620612, 0.47290773], "species": [{"occu": 1, "element": "Te"}], "properties": {"magmom": -0.0}}, {"label": "Te", "xyz": [3.174392246807309, 4.098182450430814, 11.502957568240209], "abc": [0.99625244, 0.75379388, 0.52709227], "species": [{"occu": 1, "element": "Te"}], "properties": {"magmom": -0.0}}], "@class": "Structure", "@module": "pymatgen.core.structure"}