{"lattice": {"a": 3.86103801, "c": 23.530221, "b": 3.86103801, "matrix": [[3.86103801, 0.0, 0.0], [0.0, 3.86103801, -0.0], [0.0, -0.0, 23.530221]], "volume": 350.77946411286956, "beta": 90.0, "alpha": 90.0, "gamma": 90.0}, "sites": [{"label": "Au", "xyz": [1.930519005, 1.930519005, 0.0], "abc": [0.5, 0.5, -0.0], "species": [{"occu": 1, "element": "Au"}], "properties": {"magmom": 0.001}}, {"label": "Br", "xyz": [1.930519005, 0.0, 1.71587759952609], "abc": [0.5, 0.0, 0.07292229], "species": [{"occu": 1, "element": "Br"}], "properties": {"magmom": 0.001}}, {"label": "Br", "xyz": [0.0, 1.930519005, 21.814319870252913], "abc": [-0.0, 0.5, 0.92707671], "species": [{"occu": 1, "element": "Br"}], "properties": {"magmom": 0.0}}], "@class": "Structure", "@module": "pymatgen.core.structure"}