{"lattice": {"a": 3.03584282, "c": 22.883476, "b": 3.03584282, "matrix": [[3.03584282, 0.0, 0.0], [0.0, 3.03584282, 0.0], [-0.0, 0.0, 22.883476]], "volume": 210.90193244631632, "beta": 90.0, "alpha": 90.0, "gamma": 90.0}, "sites": [{"label": "Mg", "xyz": [0.0, 0.0, 11.423797812485521], "abc": [0.0, -0.0, 0.49921602000000004], "species": [{"occu": 1, "element": "Mg"}], "properties": {"magmom": -0.0}}, {"label": "Mg", "xyz": [0.0, 0.0, 8.54182904623048], "abc": [-0.0, -0.0, 0.37327498000000003], "species": [{"occu": 1, "element": "Mg"}], "properties": {"magmom": -0.0}}, {"label": "Co", "xyz": [1.51792141, 1.51792141, 9.982824871096001], "abc": [0.5, 0.5, 0.43624599999999997], "species": [{"occu": 1, "element": "Co"}], "properties": {"magmom": 0.0}}], "@class": "Structure", "@module": "pymatgen.core.structure"}