{"lattice": {"a": 4.037241029986443, "c": 24.15958901601294, "b": 4.035647633892855, "matrix": [[4.037241, 0.00048199999999999995, 9.900000000000001e-05], [-2.018202, 3.494755, 4.6e-05], [0.0005859999999999999, 0.000656, 24.159589]], "volume": 340.8952054911893, "beta": 89.99720509367047, "alpha": 89.99869468850152, "gamma": 119.99935955510473}, "sites": [{"label": "Mg", "xyz": [0.00043024237200000004, 0.00048163651200000004, 17.738018562978002], "abc": [0.0, 0.0, 0.734202], "species": [{"occu": 1, "element": "Mg"}], "properties": {"magmom": 0.0}}, {"label": "Mg", "xyz": [0.000357748312, 0.00040048275200000005, 14.749235807788], "abc": [0.0, 0.0, 0.6104919999999999], "species": [{"occu": 1, "element": "Mg"}], "properties": {"magmom": 0.0}}, {"label": "Cu", "xyz": [0.0006951593709990001, 2.330425536679, 16.242072159781], "abc": [0.333337, 0.666663, 0.6722800000000001], "species": [{"occu": 1, "element": "Cu"}], "properties": {"magmom": 0.0}}, {"label": "Cu", "xyz": [2.019129734000999, 1.16569698878, 16.242065666515998], "abc": [0.666663, 0.33333799999999997, 0.672279], "species": [{"occu": 1, "element": "Cu"}], "properties": {"magmom": 0.0}}], "@class": "Structure", "@module": "pymatgen.core.structure"}