{"lattice": {"a": 3.44670561, "c": 24.664279, "b": 3.446705878023529, "matrix": [[3.44670561, 0.0, 0.0], [-1.7233528, 2.98493493, 0.0], [-0.0, 0.0, 24.664279]], "volume": 253.75083712196968, "beta": 90.0, "alpha": 90.0, "gamma": 119.9999973316713}, "sites": [{"label": "Ca", "xyz": [0.0, 0.0, 0.0], "abc": [0.0, 0.0, 0.0], "species": [{"occu": 1, "element": "Ca"}], "properties": {"magmom": -0.001}}, {"label": "Sn", "xyz": [-1.720019470121761e-06, 1.98995761497831, 22.012346864713567], "abc": [0.333333, 0.666667, 0.8924788300000001], "species": [{"occu": 1, "element": "Sn"}], "properties": {"magmom": -0.001}}, {"label": "Sn", "xyz": [1.7233545300194701, 0.99497731502169, 2.65193213528643], "abc": [0.666667, 0.333333, 0.10752117], "species": [{"occu": 1, "element": "Sn"}], "properties": {"magmom": -0.001}}], "@class": "Structure", "@module": "pymatgen.core.structure"}