{"lattice": {"a": 4.02760425, "c": 25.019273, "b": 4.027603647828148, "matrix": [[4.02760425, 0.0, 0.0], [-2.01380263, 3.4880066100000002, -0.0], [0.0, -0.0, 25.019273]], "volume": 351.4785092449824, "beta": 90.0, "alpha": 90.0, "gamma": 120.00001324117858}, "sites": [{"label": "Tl", "xyz": [0.0, 0.0, 16.986005764257317], "abc": [0.0, -0.0, 0.67891684], "species": [{"occu": 1, "element": "Tl"}], "properties": {"magmom": -0.0}}, {"label": "Tl", "xyz": [0.0, 0.0, 19.865131630172677], "abc": [0.0, -0.0, 0.79399316], "species": [{"occu": 1, "element": "Tl"}], "properties": {"magmom": -0.0}}, {"label": "S", "xyz": [2.01380397046896, 1.1626677073311291, 21.096293776556827], "abc": [0.666667, 0.333333, 0.84320171], "species": [{"occu": 1, "element": "S"}], "properties": {"magmom": -0.0}}, {"label": "S", "xyz": [2.01380397046896, 1.1626677073311291, 15.754843617873167], "abc": [0.666667, 0.333333, 0.6297082900000001], "species": [{"occu": 1, "element": "S"}], "properties": {"magmom": -0.0}}], "@class": "Structure", "@module": "pymatgen.core.structure"}