{"lattice": {"a": 3.559184023126368, "c": 23.300764420781803, "b": 3.55918424530383, "matrix": [[3.558157, 0.00201, -0.085473], [0.002371, 3.558157, -0.085473], [-0.594575, -0.594515, 23.285589]], "volume": 294.44524067179486, "beta": 92.83865342232583, "alpha": 92.83865412538145, "gamma": 89.89645190641855}, "sites": [{"label": "P", "xyz": [-0.277741253635, -0.277713306145, 17.441162431293], "abc": [0.047130000000000005, 0.047130000000000005, 0.7493569999999999], "species": [{"occu": 1, "element": "P"}], "properties": {"magmom": 0.0}}, {"label": "P", "xyz": [1.092747260351, 1.092636215008999, 20.634372714711002], "abc": [0.45544199999999996, 0.45544199999999996, 0.8894869999999999], "species": [{"occu": 1, "element": "P"}], "properties": {"magmom": -0.0}}, {"label": "S", "xyz": [-0.337300927486999, -0.33726697608300005, 20.298219273093], "abc": [0.050896, 0.050896, 0.872081], "species": [{"occu": 1, "element": "S"}], "properties": {"magmom": -0.0}}, {"label": "S", "xyz": [1.164782739327, 1.164664426253, 17.686758650991003], "abc": [0.454534, 0.454534, 0.762895], "species": [{"occu": 1, "element": "S"}], "properties": {"magmom": 0.0}}], "@class": "Structure", "@module": "pymatgen.core.structure"}