{"lattice": {"a": 3.80080402, "c": 23.119205, "b": 3.80080402, "matrix": [[3.80080402, 0.0, -0.0], [0.0, 3.80080402, 0.0], [0.0, 0.0, 23.119205]], "volume": 333.98260624971874, "beta": 90.0, "alpha": 90.0, "gamma": 90.0}, "sites": [{"label": "Re", "xyz": [0.0, 0.0, 0.0], "abc": [-0.0, -0.0, 0.0], "species": [{"occu": 1, "element": "Re"}], "properties": {"magmom": -0.0}}, {"label": "Re", "xyz": [1.90040201, 1.90040201, 0.0], "abc": [0.5, 0.5, 0.0], "species": [{"occu": 1, "element": "Re"}], "properties": {"magmom": 0.0}}, {"label": "S", "xyz": [0.0, 1.90040201, 1.48406592663155], "abc": [0.0, 0.5, 0.06419191], "species": [{"occu": 1, "element": "S"}], "properties": {"magmom": -0.0}}, {"label": "S", "xyz": [1.90040201, 0.0, 21.63513907336845], "abc": [0.5, -0.0, 0.93580809], "species": [{"occu": 1, "element": "S"}], "properties": {"magmom": 0.0}}], "@class": "Structure", "@module": "pymatgen.core.structure"}