{"lattice": {"a": 4.0076596, "c": 22.71947, "b": 4.007659536502514, "matrix": [[4.0076596, 0.0, 0.0], [-2.0038298, 3.4707349499999998, 0.0], [0.0, 0.0, 22.71947]], "volume": 316.0170187172831, "beta": 90.0, "alpha": 90.0, "gamma": 120.00000052411637}, "sites": [{"label": "Te", "xyz": [-2.003829800079323e-06, 2.31382445691165, 9.9481691034219], "abc": [0.333333, 0.666667, 0.43786977], "species": [{"occu": 1, "element": "Te"}], "properties": {"magmom": 0.0}}, {"label": "Te", "xyz": [2.0038318038298, 1.15691049308835, 12.771300896578099], "abc": [0.666667, 0.333333, 0.5621302300000001], "species": [{"occu": 1, "element": "Te"}], "properties": {"magmom": 0.0}}, {"label": "Pd", "xyz": [0.0, 0.0, 11.359735], "abc": [0.0, -0.0, 0.5], "species": [{"occu": 1, "element": "Pd"}], "properties": {"magmom": 0.0}}], "@class": "Structure", "@module": "pymatgen.core.structure"}