{"lattice": {"a": 3.71052443, "c": 22.725334, "b": 3.710523546108937, "matrix": [[3.71052443, 0.0, 0.0], [-1.85526221, 3.2134074, 0.0], [0.0, -0.0, 22.725334]], "volume": 270.96385330124707, "beta": 90.0, "alpha": 90.0, "gamma": 120.00000779083719}, "sites": [{"label": "Pd", "xyz": [0.0, 0.0, 0.0], "abc": [0.0, 0.0, 0.0], "species": [{"occu": 1, "element": "Pd"}], "properties": {"magmom": -0.0}}, {"label": "Se", "xyz": [1.8552640719288802, 1.0711347288642, 1.34365196224382], "abc": [0.666667, 0.333333, 0.05912573], "species": [{"occu": 1, "element": "Se"}], "properties": {"magmom": 0.0}}, {"label": "Se", "xyz": [-1.851928880164079e-06, 2.1422726711358, 21.381682037756182], "abc": [0.333333, 0.666667, 0.94087427], "species": [{"occu": 1, "element": "Se"}], "properties": {"magmom": 0.0}}], "@class": "Structure", "@module": "pymatgen.core.structure"}