{"lattice": {"a": 4.28611299, "c": 21.993132, "b": 6.62935301, "matrix": [[4.28611299, 0.0, 0.0], [0.0, 6.62935301, 0.0], [0.0, 0.0, 21.993132]], "volume": 624.9162847082838, "beta": 90.0, "alpha": 90.0, "gamma": 90.0}, "sites": [{"label": "Te", "xyz": [0.0, 3.314676505, 12.43646207025432], "abc": [-0.0, 0.5, 0.56547026], "species": [{"occu": 1, "element": "Te"}], "properties": {"magmom": -0.0}}, {"label": "Te", "xyz": [2.143056495, 0.0, 10.00770508080168], "abc": [0.5, 0.0, 0.45503774], "species": [{"occu": 1, "element": "Te"}], "properties": {"magmom": -0.0}}, {"label": "Pb", "xyz": [2.143056495, 3.314676505, 10.32419614719108], "abc": [0.5, 0.5, 0.46942819], "species": [{"occu": 1, "element": "Pb"}], "properties": {"magmom": 0.0}}, {"label": "Pb", "xyz": [0.0, 0.0, 12.119971003864919], "abc": [-0.0, 0.0, 0.5510798100000001], "species": [{"occu": 1, "element": "Pb"}], "properties": {"magmom": 0.0}}], "@class": "Structure", "@module": "pymatgen.core.structure"}