{"lattice": {"a": 2.9031739400000003, "c": 24.150299, "b": 2.903174066747183, "matrix": [[2.9031739400000003, 0.0, 0.0], [1.4515869700000001, 2.51422253, 0.0], [0.0, 0.0, 24.150299]], "volume": 176.27847415060657, "beta": 90.0, "alpha": 90.0, "gamma": 60.000001444199675}, "sites": [{"label": "Al", "xyz": [0.0, 0.0, 12.94427987902861], "abc": [0.0, 0.0, 0.53598839], "species": [{"occu": 1, "element": "Al"}], "properties": {"magmom": -0.003}}, {"label": "Ag", "xyz": [2.90317539158697, 1.67614919140751, 9.73359084713275], "abc": [0.666667, 0.666667, 0.40304225], "species": [{"occu": 1, "element": "Ag"}], "properties": {"magmom": -0.002}}, {"label": "O", "xyz": [2.90317539158697, 1.67614919140751, 11.87714820208571], "abc": [0.666667, 0.666667, 0.49180129], "species": [{"occu": 1, "element": "O"}], "properties": {"magmom": 0.048}}, {"label": "O", "xyz": [1.45158551841303, 0.83807333859249, 13.74557907175293], "abc": [0.333333, 0.333333, 0.56916807], "species": [{"occu": 1, "element": "O"}], "properties": {"magmom": 0.11}}], "@class": "Structure", "@module": "pymatgen.core.structure"}