{"lattice": {"a": 4.6978585200000005, "c": 22.747784, "b": 4.697858361491392, "matrix": [[4.6978585200000005, -0.0, 0.0], [-2.34892976, 4.06846435, 0.0], [0.0, 0.0, 22.747784]], "volume": 434.7799858887551, "beta": 90.0, "alpha": 90.0, "gamma": 120.00000815758052}, "sites": [{"label": "Ba", "xyz": [2.34893144226276, 1.35615342717855, 19.18933177047552], "abc": [0.666667, 0.333333, 0.84356928], "species": [{"occu": 1, "element": "Ba"}], "properties": {"magmom": 0.06}}, {"label": "Ba", "xyz": [-2.682262760208899e-06, 2.71231092282145, 22.72061677652448], "abc": [0.333333, 0.666667, 0.99880572], "species": [{"occu": 1, "element": "Ba"}], "properties": {"magmom": 0.06}}, {"label": "As", "xyz": [0.0, 0.0, 20.954985647392], "abc": [0.0, 0.0, 0.921188], "species": [{"occu": 1, "element": "As"}], "properties": {"magmom": 0.001}}], "@class": "Structure", "@module": "pymatgen.core.structure"}