{"lattice": {"a": 3.37238828, "c": 22.803068, "b": 3.372388919952965, "matrix": [[3.37238828, -6.000000000000001e-08, 0.0], [-1.68619525, 2.92057402, -0.0], [-0.0, 0.0, 22.803068]], "volume": 224.59447416180188, "beta": 90.0, "alpha": 90.0, "gamma": 120.00001651804939}, "sites": [{"label": "Pd", "xyz": [0.0, 0.0, 0.0], "abc": [-0.0, -0.0, 0.0], "species": [{"occu": 1, "element": "Pd"}], "properties": {"magmom": 1.467}}, {"label": "F", "xyz": [-2.4261945100221477e-06, 1.9470503001913602, 1.05941434910172], "abc": [0.333333, 0.666667, 0.04645929], "species": [{"occu": 1, "element": "F"}], "properties": {"magmom": 0.23700000000000002}}, {"label": "F", "xyz": [1.6861954561945098, 0.97352365980864, 21.743653650898278], "abc": [0.666667, 0.333333, 0.9535407100000001], "species": [{"occu": 1, "element": "F"}], "properties": {"magmom": 0.23700000000000002}}], "@class": "Structure", "@module": "pymatgen.core.structure"}