{"lattice": {"a": 2.94425055, "c": 21.882022, "b": 2.944249929871954, "matrix": [[2.94425055, -2e-08, 0.0], [1.47212473, 2.54979537, 0.0], [0.0, 0.0, 21.882022]], "volume": 164.27351315706136, "beta": 90.0, "alpha": 90.0, "gamma": 60.00000566838905}, "sites": [{"label": "Co", "xyz": [0.0, 0.0, 10.941011], "abc": [-0.0, -0.0, 0.5], "species": [{"occu": 1, "element": "Co"}], "properties": {"magmom": 2.5869999999999997}}, {"label": "O", "xyz": [1.47212362120824, 0.84993093340155, 11.88455678639296], "abc": [0.333333, 0.333333, 0.54311968], "species": [{"occu": 1, "element": "O"}], "properties": {"magmom": 0.164}}, {"label": "O", "xyz": [2.94425165879176, 1.69986441659845, 9.99746521360704], "abc": [0.666667, 0.666667, 0.45688032], "species": [{"occu": 1, "element": "O"}], "properties": {"magmom": 0.164}}], "@class": "Structure", "@module": "pymatgen.core.structure"}