{"lattice": {"a": 3.267669916240321, "c": 23.629644222691823, "b": 3.266936222525457, "matrix": [[3.26096482, 0.00623409, 0.20913216], [0.02308647, 3.26015532, 0.20910903], [0.07510899, 0.07583868, 23.62940315]], "volume": 251.1042744305426, "beta": 86.1480870597443, "alpha": 86.14496464133384, "gamma": 89.25212162983503}, "sites": [{"label": "As", "xyz": [1.763885458605806, 0.137986631858174, 8.451952359518925], "abc": [0.53255149, 0.03310264, 0.35268164], "species": [{"occu": 1, "element": "As"}], "properties": {"magmom": -0.0}}, {"label": "As", "xyz": [1.558047980440656, 3.166677282487383, 3.946454080614548], "abc": [0.46738806, 0.9668435, 0.15432182], "species": [{"occu": 1, "element": "As"}], "properties": {"magmom": -0.0}}, {"label": "W", "xyz": [3.1420327699853132, 1.5051569325280272, 5.131158840687088], "abc": [0.95559263, 0.45509428, 0.20466659], "species": [{"occu": 1, "element": "W"}], "properties": {"magmom": -0.0}}, {"label": "W", "xyz": [0.18029706965585302, 1.799858546386116, 7.267179154177064], "abc": [0.04446783, 0.54495958, 0.30233195], "species": [{"occu": 1, "element": "W"}], "properties": {"magmom": -0.0}}], "@class": "Structure", "@module": "pymatgen.core.structure"}