{"lattice": {"a": 4.154324155457539, "c": 25.79154593000685, "b": 3.896649, "matrix": [[4.137013, 0.0, -0.378857], [0.0, 3.896649, 0.0], [-1.699407, 0.0, 25.735498]], "volume": 412.3599873566835, "beta": 99.01036597484458, "alpha": 90.0, "gamma": 90.0}, "sites": [{"label": "Rb", "xyz": [0.492862071202999, 0.97416225, 3.002374013808], "abc": [0.168074, 0.25, 0.11913699999999999], "species": [{"occu": 1, "element": "Rb"}], "properties": {"magmom": 0.0}}, {"label": "Rb", "xyz": [2.961364883744, 2.92248675, 6.958751637134], "abc": [0.8319259999999999, 0.75, 0.282642], "species": [{"occu": 1, "element": "Rb"}], "properties": {"magmom": 0.0}}, {"label": "Mg", "xyz": [0.5880138606189991, 0.97416225, 25.283908410434], "abc": [0.549028, 0.25, 0.9905349999999999], "species": [{"occu": 1, "element": "Mg"}], "properties": {"magmom": -0.0}}, {"label": "Mg", "xyz": [1.166804394920999, 2.92248675, 10.412740976006], "abc": [0.450972, 0.75, 0.41124499999999997], "species": [{"occu": 1, "element": "Mg"}], "properties": {"magmom": -0.0}}], "@class": "Structure", "@module": "pymatgen.core.structure"}