{"lattice": {"a": 3.9709631400000003, "c": 23.013152, "b": 3.9709634892406642, "matrix": [[3.9709631400000003, 0.0, 0.0], [1.9854815700000001, 3.43895536, 0.0], [0.0, 0.0, 23.013152]], "volume": 314.2667976686517, "beta": 90.0, "alpha": 90.0, "gamma": 60.0000029093161}, "sites": [{"label": "Ba", "xyz": [3.97096512548157, 2.29263805298512, 9.986379648866562], "abc": [0.666667, 0.666667, 0.43394228], "species": [{"occu": 1, "element": "Ba"}], "properties": {"magmom": 0.08600000000000001}}, {"label": "Ba", "xyz": [1.985479584518429, 1.14631730701488, 13.02677235113344], "abc": [0.333333, 0.333333, 0.56605772], "species": [{"occu": 1, "element": "Ba"}], "properties": {"magmom": 0.08600000000000001}}, {"label": "N", "xyz": [0.0, 0.0, 11.506576], "abc": [0.0, 0.0, 0.5], "species": [{"occu": 1, "element": "N"}], "properties": {"magmom": -0.02}}], "@class": "Structure", "@module": "pymatgen.core.structure"}