{"lattice": {"a": 3.900899, "c": 21.52928700055796, "b": 3.900770043573832, "matrix": [[3.900899, 0.0, 0.0], [-1.9504489999999999, 3.378129, 0.000301], [0.0, 0.000155, 21.529287]], "volume": 283.7073471068721, "beta": 90.0, "alpha": 89.99522158189215, "gamma": 120.00108511591314}, "sites": [{"label": "Sn", "xyz": [1.9504519504259998, 3.378053428217, 11.556705544565], "abc": [0.999977, 0.999953, 0.536776], "species": [{"occu": 1, "element": "Sn"}], "properties": {"magmom": -0.0}}, {"label": "Se", "xyz": [-1.6171109999824559e-06, 2.252192850738, 9.993040760113999], "abc": [0.33333799999999997, 0.666677, 0.464151], "species": [{"occu": 1, "element": "Se"}], "properties": {"magmom": -0.0}}], "@class": "Structure", "@module": "pymatgen.core.structure"}