{"lattice": {"a": 2.5134317900000003, "c": 21.519401, "b": 2.5134317900000003, "matrix": [[2.5134317900000003, 0.0, -0.0], [0.0, 2.5134317900000003, 0.0], [0.0, 0.0, 21.519401]], "volume": 135.94535900510718, "beta": 90.0, "alpha": 90.0, "gamma": 90.0}, "sites": [{"label": "Be", "xyz": [1.2567158950000001, 1.2567158950000001, 0.0], "abc": [0.5, 0.5, -0.0], "species": [{"occu": 1, "element": "Be"}], "properties": {"magmom": 0.0}}, {"label": "O", "xyz": [0.0, 0.0, 20.74405676677599], "abc": [0.0, -0.0, 0.96396999], "species": [{"occu": 1, "element": "O"}], "properties": {"magmom": 0.0}}, {"label": "O", "xyz": [0.0, 0.0, 0.775344233224009], "abc": [-0.0, 0.0, 0.03603001], "species": [{"occu": 1, "element": "O"}], "properties": {"magmom": 0.0}}], "@class": "Structure", "@module": "pymatgen.core.structure"}