{"lattice": {"a": 3.9274041200000003, "c": 23.007705, "b": 3.9274048509721773, "matrix": [[3.9274041200000003, -0.0, 0.0], [1.96370255, 3.4012323, 0.0], [0.0, 0.0, 23.007705]], "volume": 307.33723970216187, "beta": 90.0, "alpha": 90.0, "gamma": 59.999997902489184}, "sites": [{"label": "Ni", "xyz": [0.0, 0.0, 11.5038525], "abc": [-0.0, 0.0, 0.5], "species": [{"occu": 1, "element": "Ni"}], "properties": {"magmom": 1.218}}, {"label": "I", "xyz": [1.96370025963111, 1.1337429662559, 13.0337070496437], "abc": [0.333333, 0.333333, 0.5664931400000001], "species": [{"occu": 1, "element": "I"}], "properties": {"magmom": 0.268}}, {"label": "I", "xyz": [3.92740641036889, 2.2674893337441, 9.973997950356301], "abc": [0.666667, 0.666667, 0.43350686], "species": [{"occu": 1, "element": "I"}], "properties": {"magmom": 0.268}}], "@class": "Structure", "@module": "pymatgen.core.structure"}