{"lattice": {"a": 3.81892211, "c": 23.069546, "b": 3.818922130312071, "matrix": [[3.81892211, 0.0, 0.0], [-1.90946155, 3.3072833, 0.0], [-0.0, -0.0, 23.069546]], "volume": 291.3743021987522, "beta": 90.0, "alpha": 90.0, "gamma": 120.00000839949566}, "sites": [{"label": "Ir", "xyz": [0.0, 0.0, 0.0], "abc": [0.0, -0.0, 0.0], "species": [{"occu": 1, "element": "Ir"}], "properties": {"magmom": 0.672}}, {"label": "Br", "xyz": [1.9094627994612199, 1.1024266642389, 1.37505752098448], "abc": [0.666667, 0.333333, 0.05960488], "species": [{"occu": 1, "element": "Br"}], "properties": {"magmom": 0.095}}, {"label": "Br", "xyz": [-2.2394612200442272e-06, 2.2048566357611, 21.69448847901552], "abc": [0.333333, 0.666667, 0.94039512], "species": [{"occu": 1, "element": "Br"}], "properties": {"magmom": 0.095}}], "@class": "Structure", "@module": "pymatgen.core.structure"}