{"lattice": {"a": 3.7934246, "c": 21.250951, "b": 3.793424616505731, "matrix": [[3.7934246, -0.0, 0.0], [-1.8967123, 3.28520209, 0.0], [0.0, 0.0, 21.250951]], "volume": 264.8328880340394, "beta": 90.0, "alpha": 90.0, "gamma": 119.99999985606537}, "sites": [{"label": "Al", "xyz": [0.0, 0.0, 1.647999987045969], "abc": [0.0, -0.0, 0.07754947], "species": [{"occu": 1, "element": "Al"}], "properties": {"magmom": 0.168}}, {"label": "Se", "xyz": [1.8967141967123, 1.09506626826597, 2.81276588641303], "abc": [0.666667, 0.333333, 0.13235953], "species": [{"occu": 1, "element": "Se"}], "properties": {"magmom": 0.176}}], "@class": "Structure", "@module": "pymatgen.core.structure"}