{"lattice": {"a": 3.457785002790804, "c": 24.981638000361166, "b": 3.457784944865137, "matrix": [[3.457785, 0.000138, -1.6000000000000003e-05], [-1.728774, 2.994598, 1.6000000000000003e-05], [-0.000117, 6.6e-05, 24.981638]], "volume": 258.6827284564345, "beta": 90.00053345660298, "alpha": 89.99946962219066, "gamma": 119.99544656548834}, "sites": [{"label": "Ir", "xyz": [0.00012912059099900002, 1.996415729328, 0.003452799068], "abc": [0.333343, 0.6666569999999999, 0.000138], "species": [{"occu": 1, "element": "Ir"}], "properties": {"magmom": -0.037}}, {"label": "C", "xyz": [-2.548204799995665e-05, 1.996503559451999, 23.047115249868], "abc": [0.33333399999999996, 0.666666, 0.922562], "species": [{"occu": 1, "element": "C"}], "properties": {"magmom": 0.459}}, {"label": "C", "xyz": [1.728785624123999, 0.99837429369, 24.978509962098], "abc": [0.666661, 0.333339, 0.999875], "species": [{"occu": 1, "element": "C"}], "properties": {"magmom": -0.055}}, {"label": "C", "xyz": [4.2279626999973364e-05, 1.9964657471699998, 1.934208655654], "abc": [0.33332799999999996, 0.6666719999999999, 0.077425], "species": [{"occu": 1, "element": "C"}], "properties": {"magmom": 0.447}}], "@class": "Structure", "@module": "pymatgen.core.structure"}