{"lattice": {"a": 3.77191296, "c": 22.594891, "b": 3.771912783137039, "matrix": [[3.77191296, 0.0, 0.0], [-1.88595648, 3.26657224, 0.0], [0.0, 0.0, 22.594891]], "volume": 278.39676222592203, "beta": 90.0, "alpha": 90.0, "gamma": 120.00000155109095}, "sites": [{"label": "Ni", "xyz": [0.0, 0.0, 11.2974455], "abc": [-0.0, 0.0, 0.5], "species": [{"occu": 1, "element": "Ni"}], "properties": {"magmom": -0.0}}, {"label": "Te", "xyz": [-1.8859564801564888e-06, 2.17771591552408, 9.91284006937422], "abc": [0.333333, 0.666667, 0.43872042], "species": [{"occu": 1, "element": "Te"}], "properties": {"magmom": 0.0}}, {"label": "Te", "xyz": [1.885958365956479, 1.08885632447592, 12.682050930625781], "abc": [0.666667, 0.333333, 0.56127958], "species": [{"occu": 1, "element": "Te"}], "properties": {"magmom": 0.0}}], "@class": "Structure", "@module": "pymatgen.core.structure"}