{"lattice": {"a": 2.9718877, "c": 24.953848, "b": 2.9718881778153463, "matrix": [[2.9718877, 1e-08, 0.0], [-1.4859443300000001, 2.57373052, 0.0], [0.0, 0.0, 24.953848]], "volume": 190.86794308350477, "beta": 90.0, "alpha": 90.0, "gamma": 120.0000051743476}, "sites": [{"label": "Mg", "xyz": [0.0, 0.0, 12.476924], "abc": [-0.0, 0.0, 0.5], "species": [{"occu": 1, "element": "Mg"}], "properties": {"magmom": -0.0}}, {"label": "Ga", "xyz": [-1.8059440099711188e-06, 1.7158212079101691, 9.97744651938952], "abc": [0.333333, 0.666667, 0.39983599000000003], "species": [{"occu": 1, "element": "Ga"}], "properties": {"magmom": 0.0}}, {"label": "Ga", "xyz": [-1.8059440099711188e-06, 1.7158212079101691, 14.97640148061048], "abc": [0.333333, 0.666667, 0.60016401], "species": [{"occu": 1, "element": "Ga"}], "properties": {"magmom": 0.0}}], "@class": "Structure", "@module": "pymatgen.core.structure"}