{"lattice": {"a": 4.259816, "c": 22.865869, "b": 4.259816, "matrix": [[4.259816, 0.0, 0.0], [0.0, 4.259816, 0.0], [0.0, 0.0, 22.865869]], "volume": 414.92479867303285, "beta": 90.0, "alpha": 90.0, "gamma": 90.0}, "sites": [{"label": "Hf", "xyz": [2.129908, 2.129908, 0.0], "abc": [0.5, 0.5, 0.0], "species": [{"occu": 1, "element": "Hf"}], "properties": {"magmom": 0.5690000000000001}}, {"label": "Hf", "xyz": [0.0, 0.0, 0.0], "abc": [0.0, 0.0, 0.0], "species": [{"occu": 1, "element": "Hf"}], "properties": {"magmom": 0.5690000000000001}}, {"label": "Te", "xyz": [0.0, 2.129908, 2.024909895164], "abc": [0.0, 0.5, 0.088556], "species": [{"occu": 1, "element": "Te"}], "properties": {"magmom": 0.051000000000000004}}, {"label": "Te", "xyz": [2.129908, 0.0, 20.840959104836], "abc": [0.5, 0.0, 0.9114439999999999], "species": [{"occu": 1, "element": "Te"}], "properties": {"magmom": 0.054}}], "@class": "Structure", "@module": "pymatgen.core.structure"}