{"lattice": {"a": 2.63836504, "c": 24.445951, "b": 2.638365211500247, "matrix": [[2.63836504, 1e-08, 0.0], [-1.319183, 2.28489107, 0.0], [-0.0, -0.0, 24.445951]], "volume": 147.36940221194232, "beta": 90.0, "alpha": 90.0, "gamma": 120.00000966901976}, "sites": [{"label": "Be", "xyz": [0.0, 0.0, 5.608365632469001], "abc": [0.0, 0.0, 0.22941899999999998], "species": [{"occu": 1, "element": "Be"}], "properties": {"magmom": -0.0}}, {"label": "Si", "xyz": [-1.6391826800654148e-06, 1.52326147829702, 3.67897408344371], "abc": [0.333333, 0.666667, 0.15049421], "species": [{"occu": 1, "element": "Si"}], "properties": {"magmom": 0.0}}, {"label": "Si", "xyz": [1.31918367918268, 0.76162960170298, 7.537757181494291], "abc": [0.666667, 0.333333, 0.30834379], "species": [{"occu": 1, "element": "Si"}], "properties": {"magmom": 0.0}}], "@class": "Structure", "@module": "pymatgen.core.structure"}