{"lattice": {"a": 4.57154411, "c": 22.485034, "b": 4.57154411, "matrix": [[4.57154411, 0.0, 0.0], [0.0, 4.57154411, 0.0], [0.0, 0.0, 22.485034]], "volume": 469.9150752009865, "beta": 90.0, "alpha": 90.0, "gamma": 90.0}, "sites": [{"label": "Ga", "xyz": [0.0, 0.0, 7.911878392335059], "abc": [-0.0, 0.0, 0.35187309], "species": [{"occu": 1, "element": "Ga"}], "properties": {"magmom": -0.0}}, {"label": "I", "xyz": [0.0, 0.0, 5.353482206440939], "abc": [0.0, -0.0, 0.23809091000000002], "species": [{"occu": 1, "element": "I"}], "properties": {"magmom": 0.0}}], "@class": "Structure", "@module": "pymatgen.core.structure"}