{"lattice": {"a": 3.15736229, "c": 23.530469, "b": 3.15736229, "matrix": [[3.15736229, 0.0, 0.0], [0.0, 3.15736229, -0.0], [0.0, 0.0, 23.530469]], "volume": 234.57375434256906, "beta": 90.0, "alpha": 90.0, "gamma": 90.0}, "sites": [{"label": "Sb", "xyz": [0.0, 0.0, 14.863493235667521], "abc": [0.0, -0.0, 0.63167008], "species": [{"occu": 1, "element": "Sb"}], "properties": {"magmom": 0.0}}, {"label": "Sb", "xyz": [0.0, 0.0, 11.12487443419648], "abc": [-0.0, 0.0, 0.47278592], "species": [{"occu": 1, "element": "Sb"}], "properties": {"magmom": 0.0}}, {"label": "Pd", "xyz": [1.578681145, 1.578681145, 12.994183834932], "abc": [0.5, 0.5, 0.5522279999999999], "species": [{"occu": 1, "element": "Pd"}], "properties": {"magmom": -0.0}}], "@class": "Structure", "@module": "pymatgen.core.structure"}