{"lattice": {"a": 3.69092, "c": 22.914081, "b": 3.690919581418701, "matrix": [[3.69092, 0.0, 0.0], [-1.84546, 3.19643, 0.0], [0.0, 0.0, 22.914081]], "volume": 270.3349981802191, "beta": 90.0, "alpha": 90.0, "gamma": 120.00000375151988}, "sites": [{"label": "Zr", "xyz": [0.0, 0.0, 11.4570405], "abc": [0.0, 0.0, 0.5], "species": [{"occu": 1, "element": "Zr"}], "properties": {"magmom": 0.0}}, {"label": "S", "xyz": [1.84546184546, 1.06547560119, 12.914078168546999], "abc": [0.666667, 0.333333, 0.563587], "species": [{"occu": 1, "element": "S"}], "properties": {"magmom": -0.0}}, {"label": "S", "xyz": [-1.84545999996926e-06, 2.13095439881, 10.000002831453], "abc": [0.333333, 0.666667, 0.436413], "species": [{"occu": 1, "element": "S"}], "properties": {"magmom": -0.0}}], "@class": "Structure", "@module": "pymatgen.core.structure"}