{"lattice": {"a": 3.396834000000147, "c": 21.950498000000227, "b": 3.396834901455912, "matrix": [[3.396834, -1e-06, 0.0], [-1.698418, 2.941745, 0.0], [-1e-06, 3e-06, 21.950498]], "volume": 219.3429356488514, "beta": 90.00000261022917, "alpha": 89.99999191331857, "gamma": 120.00002756546763}, "sites": [{"label": "Zr", "xyz": [0.0, 0.0, 0.0], "abc": [0.0, 0.0, 0.0], "species": [{"occu": 1, "element": "Zr"}], "properties": {"magmom": -0.0}}, {"label": "Bi", "xyz": [1.698417480178, 0.980582674136, 19.424127383187997], "abc": [0.666667, 0.333333, 0.884906], "species": [{"occu": 1, "element": "Bi"}], "properties": {"magmom": 0.0}}, {"label": "Bi", "xyz": [-2.480177999914107e-06, 1.961164325864, 2.526370616812], "abc": [0.333333, 0.666667, 0.11509399999999999], "species": [{"occu": 1, "element": "Bi"}], "properties": {"magmom": 0.0}}], "@class": "Structure", "@module": "pymatgen.core.structure"}