{"lattice": {"a": 2.35392709, "c": 20.000678, "b": 4.73662427, "matrix": [[2.35392709, 0.0, 0.0], [0.0, 4.73662427, 0.0], [0.0, 0.0, 20.000678]], "volume": 223.00092316111844, "beta": 90.0, "alpha": 90.0, "gamma": 90.0}, "sites": [{"label": "C", "xyz": [0.0, 2.368312135, 10.00011679246742], "abc": [0.0, 0.5, 0.49998889], "species": [{"occu": 1, "element": "C"}], "properties": {"magmom": -0.0}}, {"label": "C", "xyz": [0.0, 1.061486640591841, 10.000462004169702], "abc": [-0.0, 0.22410193, 0.50000615], "species": [{"occu": 1, "element": "C"}], "properties": {"magmom": -0.0}}, {"label": "C", "xyz": [0.0, 3.675137629408159, 10.000462004169702], "abc": [0.0, 0.77589807, 0.50000615], "species": [{"occu": 1, "element": "C"}], "properties": {"magmom": -0.0}}, {"label": "N", "xyz": [1.176963545, 0.0, 10.00033539987796], "abc": [0.5, -0.0, 0.49999982], "species": [{"occu": 1, "element": "N"}], "properties": {"magmom": -0.0}}], "@class": "Structure", "@module": "pymatgen.core.structure"}