{"lattice": {"a": 3.03630998, "c": 23.768547, "b": 3.036309324707717, "matrix": [[3.03630998, 1e-08, 0.0], [-1.51815447, 2.62952112, 0.0], [0.0, 0.0, 23.768547]], "volume": 189.76905933116066, "beta": 90.0, "alpha": 90.0, "gamma": 119.99999562001601}, "sites": [{"label": "Li", "xyz": [0.0, 0.0, 10.32323543304339], "abc": [0.0, -0.0, 0.43432337], "species": [{"occu": 1, "element": "Li"}], "properties": {"magmom": 0.006}}, {"label": "Fe", "xyz": [0.0, 0.0, 12.63911287645677], "abc": [0.0, -0.0, 0.5317579100000001], "species": [{"occu": 1, "element": "Fe"}], "properties": {"magmom": 4.289}}, {"label": "O", "xyz": [-1.1714881501593239e-06, 1.7530149598403701, 13.42366982954217], "abc": [0.333333, 0.666667, 0.56476611], "species": [{"occu": 1, "element": "O"}], "properties": {"magmom": 0.384}}, {"label": "O", "xyz": [1.5181566814881502, 0.8765061701596301, 11.151075860957672], "abc": [0.666667, 0.333333, 0.46915261], "species": [{"occu": 1, "element": "O"}], "properties": {"magmom": 0.189}}], "@class": "Structure", "@module": "pymatgen.core.structure"}