{"lattice": {"a": 3.6498600000000003, "c": 23.240079, "b": 3.64985958408553, "matrix": [[3.6498600000000003, 0.0, 0.0], [-1.8249300000000002, 3.160871, 0.0], [0.0, 0.0, 23.240079]], "volume": 268.11467063830804, "beta": 90.0, "alpha": 90.0, "gamma": 120.00000376955327}, "sites": [{"label": "Os", "xyz": [0.0, 0.0, 0.0], "abc": [0.0, 0.0, 0.0], "species": [{"occu": 1, "element": "Os"}], "properties": {"magmom": -0.0}}, {"label": "Cl", "xyz": [1.82493182493, 1.053622613043, 1.190961088434], "abc": [0.666667, 0.333333, 0.051246], "species": [{"occu": 1, "element": "Cl"}], "properties": {"magmom": -0.0}}, {"label": "Cl", "xyz": [-1.824930000020861e-06, 2.107248386957, 22.049117911566], "abc": [0.333333, 0.666667, 0.948754], "species": [{"occu": 1, "element": "Cl"}], "properties": {"magmom": -0.0}}], "@class": "Structure", "@module": "pymatgen.core.structure"}