{"lattice": {"a": 3.92158684, "c": 23.983674, "b": 3.92158684, "matrix": [[3.92158684, 0.0, 0.0], [0.0, 3.92158684, -0.0], [0.0, 0.0, 23.983674]], "volume": 368.8411652514398, "beta": 90.0, "alpha": 90.0, "gamma": 90.0}, "sites": [{"label": "Sr", "xyz": [1.96079342, 1.96079342, 17.223000078999], "abc": [0.5, 0.5, 0.7181135], "species": [{"occu": 1, "element": "Sr"}], "properties": {"magmom": 0.0}}, {"label": "Sr", "xyz": [1.96079342, 1.96079342, 13.302292955522999], "abc": [0.5, 0.5, 0.5546395], "species": [{"occu": 1, "element": "Sr"}], "properties": {"magmom": 0.0}}, {"label": "Hg", "xyz": [0.0, 0.0, 15.262658509098], "abc": [-0.0, 0.0, 0.636377], "species": [{"occu": 1, "element": "Hg"}], "properties": {"magmom": 0.0}}], "@class": "Structure", "@module": "pymatgen.core.structure"}