{"lattice": {"a": 3.2922091839946352, "c": 20.0, "b": 3.2920393173690172, "matrix": [[3.29220918, -0.00016218, 0.0], [-1.6462432100000002, 2.8508606, 0.0], [0.0, 0.0, 20.0]], "volume": 187.7072490099302, "beta": 90.0, "alpha": 90.0, "gamma": 120.00731525918991}, "sites": [{"label": "Tl", "xyz": [1.645965607865307, 2.850698248971069, 10.000006800000001], "abc": [0.9999998600000001, 0.99999994, 0.50000034], "species": [{"occu": 1, "element": "Tl"}], "properties": {"magmom": 0.013000000000000001}}], "@class": "Structure", "@module": "pymatgen.core.structure"}