{"lattice": {"a": 3.665702000176773, "c": 21.529288, "b": 3.665717587219997, "matrix": [[3.665702, 0.0, 3.6e-05], [-1.8328769999999999, 3.174594, 0.000517], [0.0, 0.0, 21.529288]], "volume": 250.53881270320227, "beta": 89.99943731158115, "alpha": 89.9919192034297, "gamma": 120.00032849920092}, "sites": [{"label": "Ge", "xyz": [1.832815837123, 3.174425746518, 11.499711690250999], "abc": [0.9999709999999999, 0.9999469999999999, 0.534117], "species": [{"occu": 1, "element": "Ge"}], "properties": {"magmom": 0.0}}, {"label": "Se", "xyz": [-8.169503000178292e-06, 2.116447851702, 10.050443606775001], "abc": [0.333344, 0.6666829999999999, 0.46681000000000006], "species": [{"occu": 1, "element": "Se"}], "properties": {"magmom": 0.0}}], "@class": "Structure", "@module": "pymatgen.core.structure"}