{"lattice": {"a": 4.01675877, "c": 21.278058, "b": 4.46057488, "matrix": [[4.01675877, 0.0, 0.0], [0.0, 4.46057488, 0.0], [0.0, 0.0, 21.278058]], "volume": 381.2400986358432, "beta": 90.0, "alpha": 90.0, "gamma": 90.0}, "sites": [{"label": "Hg", "xyz": [0.0, 2.23028744, 11.261423686651321], "abc": [-0.0, 0.5, 0.52925054], "species": [{"occu": 1, "element": "Hg"}], "properties": {"magmom": -0.0}}, {"label": "Br", "xyz": [2.008379385, 0.0, 9.997679819282281], "abc": [0.5, 0.0, 0.46985866], "species": [{"occu": 1, "element": "Br"}], "properties": {"magmom": -0.0}}, {"label": "N", "xyz": [2.008379385, 2.23028744, 10.6579834940664], "abc": [0.5, 0.5, 0.5008908], "species": [{"occu": 1, "element": "N"}], "properties": {"magmom": -0.0}}], "@class": "Structure", "@module": "pymatgen.core.structure"}