{"lattice": {"a": 3.264628769570745, "c": 23.446308370548252, "b": 3.5485860000000002, "matrix": [[3.264478, 0.0, -0.031375], [0.0, 3.5485860000000002, 0.0], [-0.024085, 0.0, 23.446296]], "volume": 271.6057980386816, "beta": 90.60951113309683, "alpha": 90.0, "gamma": 90.0}, "sites": [{"label": "Nb", "xyz": [0.0, 0.0, 0.0], "abc": [0.0, 0.0, 0.0], "species": [{"occu": 1, "element": "Nb"}], "properties": {"magmom": -0.0}}, {"label": "Se", "xyz": [1.592510196874, 0.0, 21.508556699611002], "abc": [0.49460299999999996, 0.0, 0.9180159999999999], "species": [{"occu": 1, "element": "Se"}], "properties": {"magmom": -0.0}}, {"label": "Se", "xyz": [1.647882803125999, 0.0, 1.9063643003889998], "abc": [0.505397, 0.0, 0.081984], "species": [{"occu": 1, "element": "Se"}], "properties": {"magmom": -0.0}}], "@class": "Structure", "@module": "pymatgen.core.structure"}