{"lattice": {"a": 4.43424223, "c": 24.981638, "b": 4.4342425760825, "matrix": [[4.43424223, -1e-08, 0.0], [-2.21712163, 3.84016652, -0.0], [0.0, 0.0, 24.981638]], "volume": 425.39304094383596, "beta": 90.0, "alpha": 90.0, "gamma": 120.00000523128061}, "sites": [{"label": "Rh", "xyz": [-2.5604546201033977e-06, 2.56011229005551, 0.0], "abc": [0.333333, 0.666667, 0.0], "species": [{"occu": 1, "element": "Rh"}], "properties": {"magmom": 0.0}}, {"label": "Pb", "xyz": [-2.5604546201033977e-06, 2.56011229005551, 22.26243341936306], "abc": [0.333333, 0.666667, 0.8911518700000001], "species": [{"occu": 1, "element": "Pb"}], "properties": {"magmom": -0.001}}, {"label": "Pb", "xyz": [2.217123160454619, 1.28005421994449, 0.0], "abc": [0.666667, 0.333333, 0.0], "species": [{"occu": 1, "element": "Pb"}], "properties": {"magmom": -0.0}}, {"label": "Pb", "xyz": [-2.5604546201033977e-06, 2.56011229005551, 2.71920458063694], "abc": [0.333333, 0.666667, 0.10884813], "species": [{"occu": 1, "element": "Pb"}], "properties": {"magmom": -0.001}}], "@class": "Structure", "@module": "pymatgen.core.structure"}