{"lattice": {"a": 4.42175928, "c": 23.96746055, "b": 4.42175928, "matrix": [[4.42175928, 0.0, -0.0], [0.0, 4.42175928, 0.0], [-0.0, 0.0, 23.96746055]], "volume": 468.6107132600232, "beta": 90.0, "alpha": 90.0, "gamma": 90.0}, "sites": [{"label": "Al", "xyz": [2.21087964, 0.0, 4.893597481828396], "abc": [0.5, -0.0, 0.20417672], "species": [{"occu": 1, "element": "Al"}], "properties": {"magmom": 0.0}}, {"label": "Al", "xyz": [0.0, 2.21087964, 8.205866016695204], "abc": [-0.0, 0.5, 0.34237528], "species": [{"occu": 1, "element": "Al"}], "properties": {"magmom": 0.0}}, {"label": "Br", "xyz": [0.0, 2.21087964, 5.467378966744607], "abc": [-0.0, 0.5, 0.22811674], "species": [{"occu": 1, "element": "Br"}], "properties": {"magmom": 0.0}}, {"label": "Br", "xyz": [2.21087964, 0.0, 7.632084531778992], "abc": [0.5, -0.0, 0.31843526], "species": [{"occu": 1, "element": "Br"}], "properties": {"magmom": 0.0}}], "@class": "Structure", "@module": "pymatgen.core.structure"}