{"lattice": {"a": 3.12935704, "c": 22.955696, "b": 3.129357132814768, "matrix": [[3.12935704, 0.0, 0.0], [-1.5646780200000001, 2.71010309, 0.0], [0.0, 0.0, 22.955696]], "volume": 194.684507312133, "beta": 90.0, "alpha": 90.0, "gamma": 119.99998844810038}, "sites": [{"label": "C", "xyz": [0.0, 0.0, 0.0], "abc": [-0.0, 0.0, 0.0], "species": [{"occu": 1, "element": "C"}], "properties": {"magmom": -0.0}}, {"label": "Se", "xyz": [1.56468025134502, 0.90336679329897, 1.37415298426864], "abc": [0.666667, 0.333333, 0.05986109], "species": [{"occu": 1, "element": "Se"}], "properties": {"magmom": 0.0}}, {"label": "Se", "xyz": [-1.2313450200976909e-06, 1.8067362967010299, 21.58154301573136], "abc": [0.333333, 0.666667, 0.94013891], "species": [{"occu": 1, "element": "Se"}], "properties": {"magmom": 0.0}}], "@class": "Structure", "@module": "pymatgen.core.structure"}