{"lattice": {"a": 2.97503239, "c": 22.803662, "b": 2.97503239, "matrix": [[2.97503239, 0.0, 0.0], [0.0, 2.97503239, 0.0], [-0.0, 0.0, 22.803662]], "volume": 201.83105574581603, "beta": 90.0, "alpha": 90.0, "gamma": 90.0}, "sites": [{"label": "Ru", "xyz": [0.0, 0.0, 0.0], "abc": [0.0, -0.0, -0.0], "species": [{"occu": 1, "element": "Ru"}], "properties": {"magmom": 0.638}}, {"label": "C", "xyz": [1.487516195, 1.487516195, 0.68253663535862], "abc": [0.5, 0.5, 0.02993101], "species": [{"occu": 1, "element": "C"}], "properties": {"magmom": 0.036000000000000004}}, {"label": "C", "xyz": [1.487516195, 1.487516195, 22.12112536464138], "abc": [0.5, 0.5, 0.97006899], "species": [{"occu": 1, "element": "C"}], "properties": {"magmom": 0.036000000000000004}}], "@class": "Structure", "@module": "pymatgen.core.structure"}