{"lattice": {"a": 3.920371, "c": 22.225044, "b": 6.189556, "matrix": [[3.920371, 0.0, 0.0], [0.0, 6.189556, 0.0], [0.0, 0.0, 22.225044]], "volume": 539.2986013369162, "beta": 90.0, "alpha": 90.0, "gamma": 90.0}, "sites": [{"label": "Ge", "xyz": [0.0, 0.0, 11.378800252164], "abc": [0.0, 0.0, 0.511981], "species": [{"occu": 1, "element": "Ge"}], "properties": {"magmom": 0.0}}, {"label": "Ge", "xyz": [1.9601855, 3.094778, 12.834362833812001], "abc": [0.5, 0.5, 0.577473], "species": [{"occu": 1, "element": "Ge"}], "properties": {"magmom": 0.0}}, {"label": "Te", "xyz": [1.9601855, 0.0, 13.28790930672], "abc": [0.5, 0.0, 0.5978800000000001], "species": [{"occu": 1, "element": "Te"}], "properties": {"magmom": -0.0}}, {"label": "Te", "xyz": [0.0, 3.094778, 10.925231554211999], "abc": [0.0, 0.5, 0.491573], "species": [{"occu": 1, "element": "Te"}], "properties": {"magmom": 0.0}}], "@class": "Structure", "@module": "pymatgen.core.structure"}