{"lattice": {"a": 3.211003311052821, "c": 23.01313700945844, "b": 3.211003359197593, "matrix": [[3.21100331, -2.13e-05, 7.942000000000001e-05], [-1.6055206100000001, 2.7807995500000002, -7.977e-05], [0.00057014, -0.00033208, 23.013137]], "volume": 205.48711603571033, "beta": 89.99716338088986, "alpha": 90.00284913774439, "gamma": 120.00077014117137}, "sites": [{"label": "Mg", "xyz": [-2.520071691869178e-06, 1.853853719247204, 1.051830833425981], "abc": [0.33333009999999996, 0.66667013, 0.045706830000000004], "species": [{"occu": 1, "element": "Mg"}], "properties": {"magmom": -0.0}}, {"label": "Mg", "xyz": [1.6060552474180412, 0.926592534333284, 21.961295000395648], "abc": [0.66666988, 0.3333299, 0.9542927], "species": [{"occu": 1, "element": "Mg"}], "properties": {"magmom": 0.0}}, {"label": "N", "xyz": [-1.605520497346349, 2.7807994664195093, -6.89538216285e-05], "abc": [2e-08, 0.9999999700000001, 4.7e-07], "species": [{"occu": 1, "element": "N"}], "properties": {"magmom": 0.0}}], "@class": "Structure", "@module": "pymatgen.core.structure"}