{"lattice": {"a": 3.457284, "c": 22.911522, "b": 3.4567889094978, "matrix": [[3.457284, 1e-08, 0.0], [-1.72864248, 2.9935238, 0.0], [0.0, 0.0, 22.911522]], "volume": 237.12192526202625, "beta": 90.0, "alpha": 90.0, "gamma": 120.00474690198718}, "sites": [{"label": "Cr", "xyz": [0.0, 0.0, 11.455761], "abc": [-0.0, 0.0, 0.5], "species": [{"occu": 1, "element": "Cr"}], "properties": {"magmom": 2.4859999999999998}}, {"label": "Se", "xyz": [1.7286435686778332, 0.9976177968028821, 9.96640140734874], "abc": [0.66662984, 0.33325868000000003, 0.43499517], "species": [{"occu": 1, "element": "Se"}], "properties": {"magmom": -0.191}}, {"label": "Se", "xyz": [-2.048677833374369e-06, 1.995906013197117, 12.94512059265126], "abc": [0.33337016, 0.66674132, 0.56500483], "species": [{"occu": 1, "element": "Se"}], "properties": {"magmom": -0.191}}], "@class": "Structure", "@module": "pymatgen.core.structure"}