{"lattice": {"a": 3.48746545, "c": 22.803736999999998, "b": 3.487465590809426, "matrix": [[3.48746545, 0.0, 0.0], [1.7437327200000001, 3.02023384, 0.0], [0.0, 0.0, 22.803736999999998]], "volume": 240.19087630447942, "beta": 90.0, "alpha": 90.0, "gamma": 60.000001430475955}, "sites": [{"label": "Fe", "xyz": [0.0, 0.0, 11.401868499999999], "abc": [0.0, -0.0, 0.5], "species": [{"occu": 1, "element": "Fe"}], "properties": {"magmom": 3.488}}, {"label": "Cl", "xyz": [3.48746719039939, 2.01349023341128, 9.987509583600561], "abc": [0.666667, 0.666667, 0.43797688], "species": [{"occu": 1, "element": "Cl"}], "properties": {"magmom": 0.163}}, {"label": "Cl", "xyz": [1.74373097960061, 1.006743606588719, 12.81622741639944], "abc": [0.333333, 0.333333, 0.56202312], "species": [{"occu": 1, "element": "Cl"}], "properties": {"magmom": 0.163}}], "@class": "Structure", "@module": "pymatgen.core.structure"}