{"lattice": {"a": 4.304962, "c": 23.73272, "b": 4.304963338592444, "matrix": [[4.304962, 0.0, 0.0], [-2.152481, 3.728208, 0.0], [0.0, 0.0, 23.73272]], "volume": 380.9052615559673, "beta": 90.0, "alpha": 90.0, "gamma": 119.99998971413324}, "sites": [{"label": "Sn", "xyz": [0.0, 0.0, 8.35942343104], "abc": [0.0, 0.0, 0.352232], "species": [{"occu": 1, "element": "Sn"}], "properties": {"magmom": -0.0}}, {"label": "Br", "xyz": [2.152483152481, 1.242734757264, 6.64921989512], "abc": [0.666667, 0.333333, 0.280171], "species": [{"occu": 1, "element": "Br"}], "properties": {"magmom": -0.0}}, {"label": "Br", "xyz": [-2.1524810001653936e-06, 2.485473242736, 10.0673011604], "abc": [0.333333, 0.666667, 0.424195], "species": [{"occu": 1, "element": "Br"}], "properties": {"magmom": -0.0}}], "@class": "Structure", "@module": "pymatgen.core.structure"}