{"lattice": {"a": 3.78667673, "c": 23.44590518, "b": 3.786676498949846, "matrix": [[3.78667673, -3.0000000000000004e-08, -0.0], [-1.89333791, 3.27935824, 0.0], [-0.0, -0.0, 23.44590518]], "volume": 291.14819036432704, "beta": 90.0, "alpha": 90.0, "gamma": 119.99999452274146}, "sites": [{"label": "Pt", "xyz": [1.89334041000488, 1.09311830021391, 20.976244590948756], "abc": [0.666667, 0.333333, 0.89466559], "species": [{"occu": 1, "element": "Pt"}], "properties": {"magmom": 0.0}}, {"label": "Pt", "xyz": [-1.5900048802184781e-06, 2.18623990978609, 19.351814276194705], "abc": [0.333333, 0.666667, 0.82538141], "species": [{"occu": 1, "element": "Pt"}], "properties": {"magmom": 0.0}}, {"label": "Se", "xyz": [0.0, 0.0, 22.115243616625484], "abc": [0.0, -0.0, 0.94324546], "species": [{"occu": 1, "element": "Se"}], "properties": {"magmom": 0.0}}, {"label": "Se", "xyz": [0.0, 0.0, 18.212815250517977], "abc": [-0.0, 0.0, 0.77680154], "species": [{"occu": 1, "element": "Se"}], "properties": {"magmom": 0.0}}], "@class": "Structure", "@module": "pymatgen.core.structure"}