{"lattice": {"a": 3.945886670000003, "c": 25.882754, "b": 3.9458861951173203, "matrix": [[3.94588667, 1.5e-07, 0.0], [-1.97294257, 3.41723799, 0.0], [0.0, 0.0, 25.882754]], "volume": 349.0039382859224, "beta": 90.0, "alpha": 90.0, "gamma": 119.99998897652843}, "sites": [{"label": "Sr", "xyz": [0.0, 0.0, 9.96603847296208], "abc": [-0.0, -0.0, 0.38504552000000003], "species": [{"occu": 1, "element": "Sr"}], "properties": {"magmom": 0.066}}, {"label": "Sr", "xyz": [0.0, 0.0, 15.916715527037919], "abc": [-0.0, -0.0, 0.61495448], "species": [{"occu": 1, "element": "Sr"}], "properties": {"magmom": 0.066}}, {"label": "Ce", "xyz": [1.9729455629430799, 1.13907829092072, 12.941377], "abc": [0.666667, 0.333333, 0.5], "species": [{"occu": 1, "element": "Ce"}], "properties": {"magmom": 1.134}}], "@class": "Structure", "@module": "pymatgen.core.structure"}