{"lattice": {"a": 3.458240469446374, "c": 20.0, "b": 3.506695698706494, "matrix": [[3.45824034, -0.0009462100000000001, 0.0], [-1.72819298, 3.05127248, 0.0], [0.0, 0.0, 20.0]], "volume": 211.00796690376478, "beta": 90.0, "alpha": 90.0, "gamma": 119.54221358445754}, "sites": [{"label": "Hg", "xyz": [0.8650236800000001, 1.5251631350000001, 10.0], "abc": [0.5, 0.5, 0.5], "species": [{"occu": 1, "element": "Hg"}], "properties": {"magmom": -0.0}}], "@class": "Structure", "@module": "pymatgen.core.structure"}