{"lattice": {"a": 2.85090851, "c": 24.904260999999998, "b": 3.224284885933281, "matrix": [[2.85090851, 0.0, 0.0], [-1.42545426, 2.8920741999999997, 0.0], [0.0, 0.0, 24.904260999999998]], "volume": 205.33660192441178, "beta": 90.0, "alpha": 90.0, "gamma": 116.23790497993052}, "sites": [{"label": "Sc", "xyz": [0.0, 0.0, 12.452130499999999], "abc": [0.0, 0.0, 0.5], "species": [{"occu": 1, "element": "Sc"}], "properties": {"magmom": -0.0}}, {"label": "P", "xyz": [-0.71272713, 1.4460370999999999, 10.40835609496975], "abc": [0.0, 0.5, 0.41793475], "species": [{"occu": 1, "element": "P"}], "properties": {"magmom": 0.0}}, {"label": "P", "xyz": [0.712727125, 1.4460370999999999, 14.495904905030251], "abc": [0.5, 0.5, 0.58206525], "species": [{"occu": 1, "element": "P"}], "properties": {"magmom": 0.0}}], "@class": "Structure", "@module": "pymatgen.core.structure"}