{"lattice": {"a": 2.85086899, "c": 22.766075, "b": 2.850869344320554, "matrix": [[2.85086899, -1e-08, -0.0], [-1.42543501, 2.46892508, -0.0], [0.0, -0.0, 22.766075]], "volume": 160.24088422473775, "beta": 90.0, "alpha": 90.0, "gamma": 120.0000080411454}, "sites": [{"label": "Tc", "xyz": [0.0, 0.0, 0.0], "abc": [-0.0, 0.0, -0.0], "species": [{"occu": 1, "element": "Tc"}], "properties": {"magmom": 0.47100000000000003}}, {"label": "F", "xyz": [-1.7687680000700832e-06, 1.64595087297503, 1.43585521194625], "abc": [0.333333, 0.666667, 0.06306995], "species": [{"occu": 1, "element": "F"}], "properties": {"magmom": 0.016}}, {"label": "F", "xyz": [1.425435748768, 0.82297419702497, 21.33021978805375], "abc": [0.666667, 0.333333, 0.9369300500000001], "species": [{"occu": 1, "element": "F"}], "properties": {"magmom": 0.016}}], "@class": "Structure", "@module": "pymatgen.core.structure"}