{"lattice": {"a": 4.498887, "c": 25.130912, "b": 4.4988868769547885, "matrix": [[4.498887, 0.0, 0.0], [-2.249444, 3.89615, 0.0], [0.0, 0.0, 25.130912]], "volume": 440.5031344870961, "beta": 90.0, "alpha": 90.0, "gamma": 120.00000825760664}, "sites": [{"label": "In", "xyz": [0.0, 0.0, 7.795709426047999], "abc": [0.0, 0.0, 0.310204], "species": [{"occu": 1, "element": "In"}], "properties": {"magmom": -0.0}}, {"label": "In", "xyz": [-2.582777000010276e-06, 2.5974346320499997, 5.181265257951999], "abc": [0.333333, 0.666667, 0.206171], "species": [{"occu": 1, "element": "In"}], "properties": {"magmom": -0.0}}, {"label": "In", "xyz": [-2.582777000010276e-06, 2.5974346320499997, 10.410128463231999], "abc": [0.333333, 0.666667, 0.414236], "species": [{"occu": 1, "element": "In"}], "properties": {"magmom": -0.0}}, {"label": "Ir", "xyz": [-2.582777000010276e-06, 2.5974346320499997, 7.795709426047999], "abc": [0.333333, 0.666667, 0.310204], "species": [{"occu": 1, "element": "Ir"}], "properties": {"magmom": 0.0}}], "@class": "Structure", "@module": "pymatgen.core.structure"}