{"lattice": {"a": 4.368441970020582, "c": 20.000000000238696, "b": 4.373518294377432, "matrix": [[4.36844197, 1.93e-06, 1.327e-05], [-2.18421882, 3.78904347, 7.889999999999999e-06], [6.064e-05, 7.662000000000001e-05, 20.0]], "volume": 331.0444147129845, "beta": 89.99965223192223, "alpha": 89.99979322940244, "gamma": 119.96155386137413}, "sites": [{"label": "Sb", "xyz": [2.18425009977901, 1.2621121371883701, 8.946845273075093], "abc": [0.6665431900000001, 0.3330858, 0.44734169], "species": [{"occu": 1, "element": "Sb"}], "properties": {"magmom": 0.001}}, {"label": "Pt", "xyz": [2.9487605440118356e-05, 2.52702075810989, 8.946695887004166], "abc": [0.33345981, 0.6669191999999999, 0.44733431], "species": [{"occu": 1, "element": "Pt"}], "properties": {"magmom": 0.0}}], "@class": "Structure", "@module": "pymatgen.core.structure"}