{"lattice": {"a": 3.71992024, "c": 26.291679, "b": 3.719920163883377, "matrix": [[3.71992024, 0.0, 0.0], [1.85996012, 3.22154534, 0.0], [0.0, 0.0, 26.291679]], "volume": 315.0766341242837, "beta": 90.0, "alpha": 90.0, "gamma": 59.999999323125905}, "sites": [{"label": "Tb", "xyz": [3.71992209996012, 2.14769796718178, 11.75717033108022], "abc": [0.666667, 0.666667, 0.44718218], "species": [{"occu": 1, "element": "Tb"}], "properties": {"magmom": 0.503}}, {"label": "Tb", "xyz": [1.85995826003988, 1.07384737281822, 14.534508668919779], "abc": [0.333333, 0.333333, 0.55281782], "species": [{"occu": 1, "element": "Tb"}], "properties": {"magmom": 0.503}}, {"label": "Cl", "xyz": [0.0, 0.0, 16.29812294622498], "abc": [0.0, 0.0, 0.61989662], "species": [{"occu": 1, "element": "Cl"}], "properties": {"magmom": 0.009000000000000001}}, {"label": "Cl", "xyz": [0.0, 0.0, 9.99355605377502], "abc": [0.0, 0.0, 0.38010338], "species": [{"occu": 1, "element": "Cl"}], "properties": {"magmom": 0.009000000000000001}}], "@class": "Structure", "@module": "pymatgen.core.structure"}