{"lattice": {"a": 3.9396137700000002, "c": 24.33071181, "b": 3.939612257784551, "matrix": [[3.9396137700000002, 0.0, -0.0], [-1.96980588, 3.41180444, -0.0], [0.0, 0.0, 24.33071181]], "volume": 327.03376290989104, "beta": 90.0, "alpha": 90.0, "gamma": 119.99999582025362}, "sites": [{"label": "In", "xyz": [0.0, 0.0, 13.747198398679055], "abc": [0.0, -0.0, 0.5650142300000001], "species": [{"occu": 1, "element": "In"}], "properties": {"magmom": -0.0}}, {"label": "In", "xyz": [0.0, 0.0, 18.943229689983415], "abc": [0.0, -0.0, 0.77857277], "species": [{"occu": 1, "element": "In"}], "properties": {"magmom": -0.0}}, {"label": "S", "xyz": [-1.299806550200885e-06, 2.27453743060148, 17.475120378738847], "abc": [0.333333, 0.666667, 0.7182330100000001], "species": [{"occu": 1, "element": "S"}], "properties": {"magmom": -0.0}}, {"label": "S", "xyz": [-1.299806550200885e-06, 2.27453743060148, 15.215307709923623], "abc": [0.333333, 0.666667, 0.62535399], "species": [{"occu": 1, "element": "S"}], "properties": {"magmom": -0.0}}], "@class": "Structure", "@module": "pymatgen.core.structure"}