{"lattice": {"a": 3.9787369999999997, "c": 22.46647, "b": 3.978736975489835, "matrix": [[3.9787369999999997, 0.0, 0.0], [-1.989369, 3.445687, 0.0], [0.0, 0.0, 22.46647]], "volume": 308.00367409623664, "beta": 90.0, "alpha": 90.0, "gamma": 120.00000851791039}, "sites": [{"label": "Y", "xyz": [-2.322701999946852e-06, 2.297125815229, 7.27143028079], "abc": [0.333333, 0.666667, 0.323657], "species": [{"occu": 1, "element": "Y"}], "properties": {"magmom": 0.033}}, {"label": "Y", "xyz": [1.989370322702, 1.148561184771, 4.06512801474], "abc": [0.666667, 0.333333, 0.180942], "species": [{"occu": 1, "element": "Y"}], "properties": {"magmom": 0.033}}, {"label": "Si", "xyz": [0.0, 0.0, 5.66826791453], "abc": [0.0, 0.0, 0.252299], "species": [{"occu": 1, "element": "Si"}], "properties": {"magmom": 0.003}}], "@class": "Structure", "@module": "pymatgen.core.structure"}