{"lattice": {"a": 3.75239474, "c": 23.009689215180188, "b": 3.743819307992683, "matrix": [[3.75239474, 0.0, 0.0], [-1.8761973699999999, 3.23856758, -0.08801403000000001], [0.0, -0.11759469, 23.00938872]], "volume": 279.58008901360313, "beta": 90.0, "alpha": 91.600467371079, "gamma": 120.07579999046399}, "sites": [{"label": "Ag", "xyz": [0.0, -0.02653735850292, 5.19248273366496], "abc": [0.0, 0.0, 0.22566799999999998], "species": [{"occu": 1, "element": "Ag"}], "properties": {"magmom": -0.0}}, {"label": "Se", "xyz": [1.8761954750406562, 1.070218649287527, 6.655919777342944], "abc": [0.67050522, 0.34101145, 0.29057415000000003], "species": [{"occu": 1, "element": "Se"}], "properties": {"magmom": -0.0}}, {"label": "Se", "xyz": [1.894959343661276e-06, 2.115274213706632, 3.641031659986975], "abc": [0.32949478, 0.65898855, 0.16076185], "species": [{"occu": 1, "element": "Se"}], "properties": {"magmom": -0.0}}], "@class": "Structure", "@module": "pymatgen.core.structure"}