{"lattice": {"a": 4.623002, "c": 23.013137, "b": 4.623002715556741, "matrix": [[4.623002, 0.0, 0.0], [-2.311501, 4.003638, 0.0], [0.0, 0.0, 23.013137]], "volume": 425.94615952283243, "beta": 90.0, "alpha": 90.0, "gamma": 119.99999487985897}, "sites": [{"label": "Mg", "xyz": [-2.311501000056717e-06, 2.669093334546, 1.152866111152], "abc": [0.333333, 0.666667, 0.050095999999999995], "species": [{"occu": 1, "element": "Mg"}], "properties": {"magmom": 0.0}}, {"label": "Mg", "xyz": [2.311503311501, 1.334544665453999, 21.860270888848], "abc": [0.666667, 0.333333, 0.949904], "species": [{"occu": 1, "element": "Mg"}], "properties": {"magmom": 0.0}}, {"label": "Sb", "xyz": [0.0, 0.0, 0.0], "abc": [0.0, 0.0, 0.0], "species": [{"occu": 1, "element": "Sb"}], "properties": {"magmom": 0.0}}], "@class": "Structure", "@module": "pymatgen.core.structure"}