{"lattice": {"a": 2.69020401, "c": 21.790585, "b": 2.6902042255225362, "matrix": [[2.69020401, 0.0, 0.0], [-1.34510201, 2.32978526, 0.0], [0.0, 0.0, 21.790585]], "volume": 136.57461931395716, "beta": 90.0, "alpha": 90.0, "gamma": 119.99999747281987}, "sites": [{"label": "Zn", "xyz": [0.0, 0.0, 10.08709953178235], "abc": [0.0, 0.0, 0.46291091], "species": [{"occu": 1, "element": "Zn"}], "properties": {"magmom": -0.0}}, {"label": "H", "xyz": [0.0, 0.0, 11.703485468217652], "abc": [-0.0, -0.0, 0.53708909], "species": [{"occu": 1, "element": "H"}], "properties": {"magmom": 0.0}}], "@class": "Structure", "@module": "pymatgen.core.structure"}