{"lattice": {"a": 3.933110951847506, "c": 20.0, "b": 6.564211163013804, "matrix": [[3.93121088, -0.12224065, 0.0], [-1.3414858, 6.42567382, 0.0], [0.0, 0.0, 20.0]], "volume": 501.93389472714784, "beta": 90.0, "alpha": 90.0, "gamma": 103.57328037786672}, "sites": [{"label": "Li", "xyz": [0.0, 0.0, 10.0], "abc": [-0.0, -0.0, 0.5], "species": [{"occu": 1, "element": "Li"}], "properties": {"magmom": -0.006}}, {"label": "N", "xyz": [1.96560544, -0.061120325, 10.0], "abc": [0.5, -0.0, 0.5], "species": [{"occu": 1, "element": "N"}], "properties": {"magmom": 1.195}}, {"label": "N", "xyz": [2.845735609782063, 3.460347159932112, 10.0], "abc": [0.91357749, 0.55589866, 0.5], "species": [{"occu": 1, "element": "N"}], "properties": {"magmom": 0.004}}, {"label": "N", "xyz": [-0.256010529782063, 2.843086010067887, 10.0], "abc": [0.08642251000000001, 0.44410134, 0.5], "species": [{"occu": 1, "element": "N"}], "properties": {"magmom": 0.004}}], "@class": "Structure", "@module": "pymatgen.core.structure"}