{"lattice": {"a": 4.18884969, "c": 22.46647, "b": 4.188848905609221, "matrix": [[4.18884969, 0.0, 0.0], [-2.0944243399999998, 3.62764963, -0.0], [0.0, 0.0, 22.46647]], "volume": 341.3932670134069, "beta": 90.0, "alpha": 90.0, "gamma": 119.9999982183428}, "sites": [{"label": "Y", "xyz": [-1.757758010438199e-06, 2.41843429588321, 7.5073562988775], "abc": [0.333333, 0.666667, 0.33415825], "species": [{"occu": 1, "element": "Y"}], "properties": {"magmom": 0.057}}, {"label": "Y", "xyz": [2.094427107758009, 1.20921533411679, 3.8292019966525], "abc": [0.666667, 0.333333, 0.17044075], "species": [{"occu": 1, "element": "Y"}], "properties": {"magmom": 0.057}}, {"label": "Pb", "xyz": [0.0, 0.0, 5.66826791453], "abc": [0.0, 0.0, 0.252299], "species": [{"occu": 1, "element": "Pb"}], "properties": {"magmom": 0.002}}], "@class": "Structure", "@module": "pymatgen.core.structure"}