{"lattice": {"a": 3.88459929, "c": 23.530221, "b": 3.88459929, "matrix": [[3.88459929, 0.0, 0.0], [0.0, 3.88459929, 0.0], [0.0, -0.0, 23.530221]], "volume": 355.07366189489926, "beta": 90.0, "alpha": 90.0, "gamma": 90.0}, "sites": [{"label": "Cu", "xyz": [1.942299645, 1.942299645, 0.0], "abc": [0.5, 0.5, -0.0], "species": [{"occu": 1, "element": "Cu"}], "properties": {"magmom": -0.0}}, {"label": "I", "xyz": [1.942299645, 0.0, 1.68844983271965], "abc": [0.5, 0.0, 0.07175665], "species": [{"occu": 1, "element": "I"}], "properties": {"magmom": -0.0}}, {"label": "I", "xyz": [0.0, 1.942299645, 21.84174763705935], "abc": [0.0, 0.5, 0.92824235], "species": [{"occu": 1, "element": "I"}], "properties": {"magmom": -0.0}}], "@class": "Structure", "@module": "pymatgen.core.structure"}