{"lattice": {"a": 4.01825, "c": 24.623155, "b": 4.018248998781932, "matrix": [[4.01825, 0.0, 0.0], [-2.009124, 3.479906, 0.0], [0.0, 0.0, 24.623155]], "volume": 344.3088336267476, "beta": 90.0, "alpha": 90.0, "gamma": 119.99999177765265}, "sites": [{"label": "Tl", "xyz": [0.0, 0.0, 0.031591507865], "abc": [0.0, 0.0, 0.0012829999999999999], "species": [{"occu": 1, "element": "Tl"}], "properties": {"magmom": 0.0}}, {"label": "Tl", "xyz": [0.0, 0.0, 2.91986296621], "abc": [0.0, 0.0, 0.11858199999999999], "species": [{"occu": 1, "element": "Tl"}], "properties": {"magmom": 0.0}}, {"label": "S", "xyz": [2.009127342458, 1.159967506698, 23.418073171145], "abc": [0.666667, 0.333333, 0.951059], "species": [{"occu": 1, "element": "S"}], "properties": {"magmom": 0.0}}, {"label": "S", "xyz": [-1.342457999949646e-06, 2.3199384933019997, 4.156511679775001], "abc": [0.333333, 0.666667, 0.16880499999999998], "species": [{"occu": 1, "element": "S"}], "properties": {"magmom": 0.0}}], "@class": "Structure", "@module": "pymatgen.core.structure"}