{"lattice": {"a": 6.28967232, "c": 20.0, "b": 6.289672737685641, "matrix": [[6.28967232, 1e-08, 0.0], [-3.1448366500000002, 5.44701621, 0.0], [0.0, 0.0, 20.0]], "volume": 685.1989422815335, "beta": 90.0, "alpha": 90.0, "gamma": 120.00000286632587}, "sites": [{"label": "Sc", "xyz": [3.14483914150299, 1.8156702609946, 5.74646], "abc": [0.666667, 0.333333, 0.287323], "species": [{"occu": 1, "element": "Sc"}], "properties": {"magmom": -0.0}}, {"label": "Pb", "xyz": [-1.63473584301961e-07, 1.817231152961165, 5.74646], "abc": [0.16680978, 0.33361956, 0.287323], "species": [{"occu": 1, "element": "Pb"}], "properties": {"magmom": 0.0}}, {"label": "Pb", "xyz": [-1.571068284306273, 4.538400636021564, 5.74646], "abc": [0.16680978, 0.83319022, 0.287323], "species": [{"occu": 1, "element": "Pb"}], "properties": {"magmom": 0.0}}, {"label": "Pb", "xyz": [1.5710674677798582, 4.538400641017271, 5.74646], "abc": [0.66638044, 0.83319022, 0.287323], "species": [{"occu": 1, "element": "Pb"}], "properties": {"magmom": 0.0}}], "@class": "Structure", "@module": "pymatgen.core.structure"}