{"lattice": {"a": 4.16777595, "c": 21.250951, "b": 4.167775964836251, "matrix": [[4.16777595, 0.0, 0.0], [-2.08388797, 3.60939987, 0.0], [-0.0, -0.0, 21.250951]], "volume": 319.68166796217497, "beta": 90.0, "alpha": 90.0, "gamma": 119.99999980287413}, "sites": [{"label": "In", "xyz": [0.0, 0.0, 1.59514058403808], "abc": [0.0, 0.0, 0.07506208], "species": [{"occu": 1, "element": "In"}], "properties": {"magmom": 0.23600000000000002}}, {"label": "Se", "xyz": [2.08389006055464, 1.20313208686671, 2.8656252894209198], "abc": [0.666667, 0.333333, 0.13484692], "species": [{"occu": 1, "element": "Se"}], "properties": {"magmom": 0.309}}], "@class": "Structure", "@module": "pymatgen.core.structure"}