{"lattice": {"a": 3.184925328640846, "c": 23.631586521978463, "b": 3.184745272378467, "matrix": [[3.179441, -0.010421, 0.18653599999999998], [0.024224, 3.179244, 0.185535], [-0.022049, -0.030151999999999998, 23.631557]], "volume": 238.90968141367574, "beta": 86.6955776447657, "alpha": 86.73371692555668, "gamma": 89.55659033924617}, "sites": [{"label": "Mo", "xyz": [3.053572997652, 1.44035461789, 5.118397603331], "abc": [0.9583459999999999, 0.45813899999999996, 0.20543000000000003], "species": [{"occu": 1, "element": "Mo"}], "properties": {"magmom": 0.0}}, {"label": "Mo", "xyz": [0.138913137298999, 1.7131812879580002, 7.2348964272259995], "abc": [0.041654, 0.5418609999999999, 0.301571], "species": [{"occu": 1, "element": "Mo"}], "properties": {"magmom": 0.0}}, {"label": "P", "xyz": [1.691398410932, 0.093853372689, 8.292842404074], "abc": [0.534119, 0.034557, 0.346435], "species": [{"occu": 1, "element": "P"}], "properties": {"magmom": -0.0}}, {"label": "P", "xyz": [1.501087724019, 3.059682533159, 4.060451626483], "abc": [0.465881, 0.9654429999999999, 0.160566], "species": [{"occu": 1, "element": "P"}], "properties": {"magmom": -0.0}}], "@class": "Structure", "@module": "pymatgen.core.structure"}