{"lattice": {"a": 3.381599, "c": 22.61712, "b": 3.381599, "matrix": [[3.381599, 0.0, 0.0], [0.0, 3.381599, 0.0], [0.0, 0.0, 22.61712]], "volume": 258.63155743366383, "beta": 90.0, "alpha": 90.0, "gamma": 90.0}, "sites": [{"label": "Ti", "xyz": [1.6907995, 1.6907995, 0.0], "abc": [0.5, 0.5, 0.0], "species": [{"occu": 1, "element": "Ti"}], "properties": {"magmom": -0.092}}, {"label": "Te", "xyz": [0.0, 0.0, 20.87987639568], "abc": [0.0, 0.0, 0.9231889999999999], "species": [{"occu": 1, "element": "Te"}], "properties": {"magmom": 0.023}}, {"label": "Te", "xyz": [0.0, 0.0, 1.7372436043200001], "abc": [0.0, 0.0, 0.07681099999999999], "species": [{"occu": 1, "element": "Te"}], "properties": {"magmom": 0.023}}], "@class": "Structure", "@module": "pymatgen.core.structure"}