{"lattice": {"a": 4.45509883, "c": 20.0, "b": 4.455099969072807, "matrix": [[4.45509883, 0.0, -0.0], [-2.22754891, 3.8582303700000002, -0.0], [0.0, 0.0, 20.0]], "volume": 343.77595214514935, "beta": 90.0, "alpha": 90.0, "gamma": 119.99998404283832}, "sites": [{"label": "Ga", "xyz": [-1.890882580092218e-06, 2.57215486607679, 7.70726], "abc": [0.333333, 0.666667, 0.38536299999999996], "species": [{"occu": 1, "element": "Ga"}], "properties": {"magmom": 0.0}}, {"label": "Sb", "xyz": [0.0, 0.0, 7.70726], "abc": [-0.0, 0.0, 0.38536299999999996], "species": [{"occu": 1, "element": "Sb"}], "properties": {"magmom": -0.0}}], "@class": "Structure", "@module": "pymatgen.core.structure"}