{"lattice": {"a": 5.44048906, "c": 24.728211, "b": 5.440488785098764, "matrix": [[5.44048906, -3.0000000000000004e-08, 0.0], [-2.7202450799999998, 4.7116011, 0.0], [0.0, 0.0, 24.728211]], "volume": 633.8684739500695, "beta": 90.0, "alpha": 90.0, "gamma": 120.00000867573556}, "sites": [{"label": "Pu", "xyz": [-3.086911380215788e-06, 3.14106896053371, 7.212304204893001], "abc": [0.333333, 0.666667, 0.291663], "species": [{"occu": 1, "element": "Pu"}], "properties": {"magmom": 5.238}}, {"label": "I", "xyz": [-3.086911380215788e-06, 3.14106896053371, 4.3051224346757095], "abc": [0.333333, 0.666667, 0.17409761], "species": [{"occu": 1, "element": "I"}], "properties": {"magmom": -0.108}}, {"label": "I", "xyz": [-3.086911380215788e-06, 3.14106896053371, 10.119461246899291], "abc": [0.333333, 0.666667, 0.40922739], "species": [{"occu": 1, "element": "I"}], "properties": {"magmom": -0.108}}, {"label": "I", "xyz": [0.0, 0.0, 7.212304204893001], "abc": [-0.0, 0.0, 0.291663], "species": [{"occu": 1, "element": "I"}], "properties": {"magmom": -0.061}}], "@class": "Structure", "@module": "pymatgen.core.structure"}