{"lattice": {"a": 3.300281, "c": 23.73272, "b": 3.300281089242248, "matrix": [[3.300281, 0.0, 0.0], [-1.650141, 2.858127, 0.0], [0.0, 0.0, 23.73272]], "volume": 223.86178233786816, "beta": 90.0, "alpha": 90.0, "gamma": 120.00000912880586}, "sites": [{"label": "C", "xyz": [0.0, 0.0, 8.35852158768], "abc": [0.0, 0.0, 0.352194], "species": [{"occu": 1, "element": "C"}], "properties": {"magmom": 0.0}}, {"label": "Cl", "xyz": [1.6501419834739992, 0.952708047291, 7.01192705488], "abc": [0.666667, 0.333333, 0.295454], "species": [{"occu": 1, "element": "Cl"}], "properties": {"magmom": -0.0}}, {"label": "Cl", "xyz": [-1.9834740001499e-06, 1.9054189527090002, 9.70544837856], "abc": [0.333333, 0.666667, 0.408948], "species": [{"occu": 1, "element": "Cl"}], "properties": {"magmom": 0.0}}], "@class": "Structure", "@module": "pymatgen.core.structure"}