{"lattice": {"a": 4.730316500000007, "c": 27.14765144, "b": 4.730314007297365, "matrix": [[4.7303165, 2.6e-07, -0.0], [-2.36515681, 4.09657221, 0.0], [-0.0, 0.0, 27.14765144]], "volume": 526.0694627679902, "beta": 90.0, "alpha": 90.0, "gamma": 119.99999414233638}, "sites": [{"label": "Tl", "xyz": [0.0, 0.0, 15.283339121445668], "abc": [-0.0, -0.0, 0.56297095], "species": [{"occu": 1, "element": "Tl"}], "properties": {"magmom": 0.0}}, {"label": "Tl", "xyz": [0.0, 0.0, 21.19189243386961], "abc": [0.0, -0.0, 0.78061605], "species": [{"occu": 1, "element": "Tl"}], "properties": {"magmom": 0.0}}, {"label": "Te", "xyz": [-1.405157770250823e-06, 2.73104959219065, 19.645393349455258], "abc": [0.333333, 0.666667, 0.72364983], "species": [{"occu": 1, "element": "Te"}], "properties": {"magmom": 0.0}}, {"label": "Te", "xyz": [-1.405157770250823e-06, 2.73104959219065, 16.829838205860025], "abc": [0.333333, 0.666667, 0.61993717], "species": [{"occu": 1, "element": "Te"}], "properties": {"magmom": 0.0}}], "@class": "Structure", "@module": "pymatgen.core.structure"}