{"lattice": {"a": 2.8954555085272853, "c": 21.973272483413414, "b": 2.901908269169961, "matrix": [[2.895324, -0.002538, -0.027479], [-1.448639, 2.514316, -0.02705], [0.020402, 0.025685, 21.973248]], "volume": 159.88361716053532, "beta": 90.49062711272907, "alpha": 90.50261381443813, "gamma": 119.99011201639215}, "sites": [{"label": "P", "xyz": [-1.439886356827, 2.517466414262, 5.558087170054001], "abc": [0.0005600000000000001, 0.9986569999999999, 0.254178], "species": [{"occu": 1, "element": "P"}], "properties": {"magmom": 0.0}}, {"label": "O", "xyz": [1.449785422702, 0.826603904875, 4.6280279074870005], "abc": [0.662983, 0.327264, 0.21185299999999999], "species": [{"occu": 1, "element": "O"}], "properties": {"magmom": 0.0}}, {"label": "O", "xyz": [0.014714984975000001, 1.687299285794, 6.491056380477001], "abc": [0.33741099999999996, 0.668387, 0.29665199999999997], "species": [{"occu": 1, "element": "O"}], "properties": {"magmom": 0.0}}], "@class": "Structure", "@module": "pymatgen.core.structure"}