{"lattice": {"a": 3.42883493, "c": 24.898708, "b": 3.540249500127156, "matrix": [[3.42883493, 0.0, 0.0], [-1.7144174699999999, 3.09744076, 0.0], [0.0, 0.0, 24.898708]], "volume": 264.4395436481059, "beta": 90.0, "alpha": 90.0, "gamma": 118.96430152864538}, "sites": [{"label": "Tm", "xyz": [0.0, 0.0, 12.449354], "abc": [0.0, -0.0, 0.5], "species": [{"occu": 1, "element": "Tm"}], "properties": {"magmom": -0.0}}, {"label": "Bi", "xyz": [-0.857208735, 1.54872038, 9.79146447753228], "abc": [0.0, 0.5, 0.39325191], "species": [{"occu": 1, "element": "Bi"}], "properties": {"magmom": -0.0}}, {"label": "Bi", "xyz": [0.8572087299999991, 1.54872038, 15.10724352246772], "abc": [0.5, 0.5, 0.60674809], "species": [{"occu": 1, "element": "Bi"}], "properties": {"magmom": -0.0}}], "@class": "Structure", "@module": "pymatgen.core.structure"}