{"lattice": {"a": 2.52952404, "c": 22.704718, "b": 2.52952404, "matrix": [[2.52952404, 0.0, -0.0], [0.0, 2.52952404, 0.0], [-0.0, 0.0, 22.704718]], "volume": 145.27595350952848, "beta": 90.0, "alpha": 90.0, "gamma": 90.0}, "sites": [{"label": "Fe", "xyz": [0.0, 0.0, 0.0], "abc": [-0.0, 0.0, 0.0], "species": [{"occu": 1, "element": "Fe"}], "properties": {"magmom": 0.325}}, {"label": "B", "xyz": [1.26476202, 1.26476202, 0.95288886060968], "abc": [0.5, 0.5, 0.04196876], "species": [{"occu": 1, "element": "B"}], "properties": {"magmom": 0.016}}, {"label": "B", "xyz": [1.26476202, 1.26476202, 21.751829139390317], "abc": [0.5, 0.5, 0.9580312400000001], "species": [{"occu": 1, "element": "B"}], "properties": {"magmom": 0.016}}], "@class": "Structure", "@module": "pymatgen.core.structure"}