{"lattice": {"a": 3.53188522, "c": 22.456841, "b": 3.531885613958735, "matrix": [[3.53188522, 0.0, 0.0], [-1.76594311, 3.05870249, 0.0], [-0.0, 0.0, 22.456841]], "volume": 242.60094155036913, "beta": 90.0, "alpha": 90.0, "gamma": 120.00000567619864}, "sites": [{"label": "Ni", "xyz": [0.0, 0.0, 0.0], "abc": [0.0, -0.0, 0.0], "species": [{"occu": 1, "element": "Ni"}], "properties": {"magmom": -0.0}}, {"label": "Se", "xyz": [-2.099276110085179e-06, 2.03913601290083, 1.26136145949825], "abc": [0.333333, 0.666667, 0.05616825], "species": [{"occu": 1, "element": "Se"}], "properties": {"magmom": 0.0}}, {"label": "Se", "xyz": [1.76594420927611, 1.01956647709917, 21.19547954050175], "abc": [0.666667, 0.333333, 0.94383175], "species": [{"occu": 1, "element": "Se"}], "properties": {"magmom": 0.0}}], "@class": "Structure", "@module": "pymatgen.core.structure"}