{"lattice": {"a": 3.36816736, "c": 23.530469, "b": 3.36816736, "matrix": [[3.36816736, 0.0, 0.0], [0.0, 3.36816736, 0.0], [0.0, 0.0, 23.530469]], "volume": 266.9426142123195, "beta": 90.0, "alpha": 90.0, "gamma": 90.0}, "sites": [{"label": "Bi", "xyz": [0.0, 0.0, 14.78840021464313], "abc": [0.0, 0.0, 0.62847877], "species": [{"occu": 1, "element": "Bi"}], "properties": {"magmom": -0.0}}, {"label": "Bi", "xyz": [0.0, 0.0, 11.19996745522087], "abc": [0.0, 0.0, 0.47597723000000003], "species": [{"occu": 1, "element": "Bi"}], "properties": {"magmom": -0.0}}, {"label": "Pt", "xyz": [1.68408368, 1.68408368, 12.994183834932], "abc": [0.5, 0.5, 0.5522279999999999], "species": [{"occu": 1, "element": "Pt"}], "properties": {"magmom": -0.0}}], "@class": "Structure", "@module": "pymatgen.core.structure"}