{"lattice": {"a": 3.48588945, "c": 22.66896, "b": 3.485889349889704, "matrix": [[3.48588945, -0.0, 0.0], [1.74294473, 3.0188687, 0.0], [0.0, 0.0, 22.66896]], "volume": 238.55549827959808, "beta": 90.0, "alpha": 90.0, "gamma": 59.99999895509613}, "sites": [{"label": "Co", "xyz": [0.0, 0.0, 11.33448], "abc": [-0.0, 0.0, 0.5], "species": [{"occu": 1, "element": "Co"}], "properties": {"magmom": 2.487}}, {"label": "Cl", "xyz": [3.48589119627806, 2.0125801396229, 9.9804768472656], "abc": [0.666667, 0.666667, 0.44027061], "species": [{"occu": 1, "element": "Cl"}], "properties": {"magmom": 0.188}}, {"label": "Cl", "xyz": [1.7429429837219401, 1.0062885603771, 12.688483152734399], "abc": [0.333333, 0.333333, 0.55972939], "species": [{"occu": 1, "element": "Cl"}], "properties": {"magmom": 0.188}}], "@class": "Structure", "@module": "pymatgen.core.structure"}