{"lattice": {"a": 3.93261766, "c": 21.231711, "b": 3.932617125721821, "matrix": [[3.93261766, 0.0, -0.0], [-1.96630883, 3.40574618, 0.0], [0.0, 0.0, 21.231711]], "volume": 284.36686974798107, "beta": 90.0, "alpha": 90.0, "gamma": 120.00000449415231}, "sites": [{"label": "Te", "xyz": [1.96631079630883, 1.135247591417939, 15.689282399078762], "abc": [0.666667, 0.333333, 0.73895516], "species": [{"occu": 1, "element": "Te"}], "properties": {"magmom": 0.0}}, {"label": "Pd", "xyz": [-1.966308830006514e-06, 2.27049858858206, 14.49314470232424], "abc": [0.333333, 0.666667, 0.68261784], "species": [{"occu": 1, "element": "Pd"}], "properties": {"magmom": 0.0}}], "@class": "Structure", "@module": "pymatgen.core.structure"}