{"lattice": {"a": 6.24446761, "c": 20.0, "b": 6.244467228531101, "matrix": [[6.24446761, -0.0, 0.0], [-3.12223381, 5.4078671400000005, 0.0], [0.0, 0.0, 20.0]], "volume": 675.3850238982666, "beta": 90.0, "alpha": 90.0, "gamma": 120.00000207378574}, "sites": [{"label": "Hg", "xyz": [-1.565774655059451, 4.509245102066483, 5.778560000000001], "abc": [0.1661694, 0.8338306, 0.28892799999999996], "species": [{"occu": 1, "element": "Hg"}], "properties": {"magmom": 0.015}}, {"label": "Hg", "xyz": [-3.1551178421159078e-06, 1.797249537812843, 5.778560000000001], "abc": [0.1661694, 0.33233981, 0.28892799999999996], "species": [{"occu": 1, "element": "Hg"}], "properties": {"magmom": 0.015}}, {"label": "Hg", "xyz": [1.56576833980886, 4.509245102066483, 5.778560000000001], "abc": [0.66766019, 0.8338306, 0.28892799999999996], "species": [{"occu": 1, "element": "Hg"}], "properties": {"magmom": 0.007}}, {"label": "Bi", "xyz": [3.12223692556714, 1.8026205773776192, 5.778560000000001], "abc": [0.666667, 0.333333, 0.28892799999999996], "species": [{"occu": 1, "element": "Bi"}], "properties": {"magmom": 0.168}}], "@class": "Structure", "@module": "pymatgen.core.structure"}