{"lattice": {"a": 3.491094820000007, "c": 24.040331, "b": 3.491095494082937, "matrix": [[3.49109482, 2.2999999999999997e-07, -0.0], [-1.74554805, 3.02337721, -0.0], [0.0, -0.0, 24.040331]], "volume": 253.74321558472292, "beta": 90.0, "alpha": 90.0, "gamma": 120.00000196658725}, "sites": [{"label": "Eu", "xyz": [0.0, 0.0, 0.0], "abc": [0.0, -0.0, -0.0], "species": [{"occu": 1, "element": "Eu"}], "properties": {"magmom": 6.976}}, {"label": "Pb", "xyz": [-2.172214290127657e-06, 2.01558589112566, 21.166791197183237], "abc": [0.333333, 0.666667, 0.8804700400000001], "species": [{"occu": 1, "element": "Pb"}], "properties": {"magmom": -0.005}}, {"label": "Pb", "xyz": [1.7455489422142891, 1.00779154887434, 2.87353980281676], "abc": [0.666667, 0.333333, 0.11952996], "species": [{"occu": 1, "element": "Pb"}], "properties": {"magmom": -0.005}}], "@class": "Structure", "@module": "pymatgen.core.structure"}