{"lattice": {"a": 3.42813406, "c": 22.57209828, "b": 3.428134238800743, "matrix": [[3.42813406, -0.0, 0.0], [-1.71406703, 2.96885139, -0.0], [-0.0, -0.0, 22.57209828]], "volume": 229.73025174311766, "beta": 90.0, "alpha": 90.0, "gamma": 119.99999827466472}, "sites": [{"label": "Na", "xyz": [1.71406874406703, 0.98961614038287, 10.027116090625038], "abc": [0.666667, 0.333333, 0.44422614], "species": [{"occu": 1, "element": "Na"}], "properties": {"magmom": 0.0}}, {"label": "Sn", "xyz": [-1.714067030076225e-06, 1.9792352496171302, 12.511591058668374], "abc": [0.333333, 0.666667, 0.55429455], "species": [{"occu": 1, "element": "Sn"}], "properties": {"magmom": -0.0}}, {"label": "N", "xyz": [0.0, 0.0, 11.319440270706586], "abc": [0.0, -0.0, 0.50147931], "species": [{"occu": 1, "element": "N"}], "properties": {"magmom": -0.0}}], "@class": "Structure", "@module": "pymatgen.core.structure"}