{"lattice": {"a": 4.226731, "c": 22.957399, "b": 4.223531, "matrix": [[4.226731, 0.0, 0.0], [0.0, 4.223531, 0.0], [0.0, 0.0, 22.957399]], "volume": 409.82927484022855, "beta": 90.0, "alpha": 90.0, "gamma": 90.0}, "sites": [{"label": "Be", "xyz": [2.1133655, 0.0, 9.884813202227999], "abc": [0.5, 0.0, 0.43057199999999995], "species": [{"occu": 1, "element": "Be"}], "properties": {"magmom": 0.121}}, {"label": "Be", "xyz": [0.0, 2.1117655, 7.850626949035], "abc": [0.0, 0.5, 0.34196499999999996], "species": [{"occu": 1, "element": "Be"}], "properties": {"magmom": 0.122}}, {"label": "Sb", "xyz": [0.0, 0.0, 8.872713309914], "abc": [0.0, 0.0, 0.386486], "species": [{"occu": 1, "element": "Sb"}], "properties": {"magmom": -0.014}}], "@class": "Structure", "@module": "pymatgen.core.structure"}