{"lattice": {"a": 4.41243171, "c": 24.320905, "b": 4.41243171, "matrix": [[4.41243171, 0.0, 0.0], [0.0, 4.41243171, 0.0], [0.0, 0.0, 24.320905]], "volume": 473.5171633864607, "beta": 90.0, "alpha": 90.0, "gamma": 90.0}, "sites": [{"label": "Na", "xyz": [0.0, 0.0, 14.048644143495851], "abc": [0.0, -0.0, 0.57763657], "species": [{"occu": 1, "element": "Na"}], "properties": {"magmom": -0.002}}, {"label": "C", "xyz": [0.0, 0.0, 11.8427699203814], "abc": [-0.0, 0.0, 0.48693788], "species": [{"occu": 1, "element": "C"}], "properties": {"magmom": 0.17}}, {"label": "C", "xyz": [0.0, 0.0, 10.58994343612275], "abc": [-0.0, 0.0, 0.43542555], "species": [{"occu": 1, "element": "C"}], "properties": {"magmom": 0.554}}], "@class": "Structure", "@module": "pymatgen.core.structure"}