{"lattice": {"a": 3.07213, "c": 22.641327, "b": 3.072130325860867, "matrix": [[3.07213, 0.0, 0.0], [-1.536065, 2.660543, 0.0], [0.0, 0.0, 22.641327]], "volume": 185.05965528317128, "beta": 90.0, "alpha": 90.0, "gamma": 119.99999649123268}, "sites": [{"label": "Tc", "xyz": [0.0, 0.0, 0.0], "abc": [0.0, 0.0, 0.0], "species": [{"occu": 1, "element": "Tc"}], "properties": {"magmom": -0.0}}, {"label": "S", "xyz": [1.5360665360649999, 0.8868467798190001, 1.656688537917], "abc": [0.666667, 0.333333, 0.073171], "species": [{"occu": 1, "element": "S"}], "properties": {"magmom": 0.0}}, {"label": "S", "xyz": [-1.536065000071439e-06, 1.773696220181, 20.984638462083], "abc": [0.333333, 0.666667, 0.9268289999999999], "species": [{"occu": 1, "element": "S"}], "properties": {"magmom": 0.0}}], "@class": "Structure", "@module": "pymatgen.core.structure"}