{"lattice": {"a": 3.856978055499538, "c": 26.122820306263506, "b": 3.772311, "matrix": [[3.8436690000000002, 0.0, -0.320138], [0.0, 3.772311, 0.0], [-1.838798, 0.0, 26.058023]], "volume": 375.6080484510507, "beta": 98.79757406168763, "alpha": 90.0, "gamma": 90.0}, "sites": [{"label": "Na", "xyz": [0.509661230727, 0.94307775, 3.772016689068999], "abc": [0.203041, 0.25, 0.147249], "species": [{"occu": 1, "element": "Na"}], "properties": {"magmom": 0.0}}, {"label": "Na", "xyz": [2.595217347631, 2.82923325, 6.377411733847999], "abc": [0.796959, 0.75, 0.25453000000000003], "species": [{"occu": 1, "element": "Na"}], "properties": {"magmom": 0.0}}, {"label": "Sr", "xyz": [2.116846973744999, 0.94307775, 0.251196542491], "abc": [0.558631, 0.25, 0.016503], "species": [{"occu": 1, "element": "Sr"}], "properties": {"magmom": -0.0}}, {"label": "Sr", "xyz": [0.988029765815, 2.82923325, 9.898257938449], "abc": [0.44136899999999996, 0.75, 0.385277], "species": [{"occu": 1, "element": "Sr"}], "properties": {"magmom": 0.0}}], "@class": "Structure", "@module": "pymatgen.core.structure"}