{"lattice": {"a": 4.49701018, "c": 25.140956, "b": 4.497010035410797, "matrix": [[4.49701018, 0.0, 0.0], [-2.24850509, 3.89452489, 0.0], [0.0, 0.0, 25.140956]], "volume": 440.31161556003883, "beta": 90.0, "alpha": 90.0, "gamma": 120.00000106358944}, "sites": [{"label": "Li", "xyz": [0.0, 0.0, 14.37402582259264], "abc": [-0.0, -0.0, 0.57173744], "species": [{"occu": 1, "element": "Li"}], "properties": {"magmom": 0.011}}, {"label": "Mn", "xyz": [-2.248505090174813e-06, 2.59635122484163, 11.35870202228832], "abc": [0.333333, 0.666667, 0.45180072], "species": [{"occu": 1, "element": "Mn"}], "properties": {"magmom": 3.81}}, {"label": "Te", "xyz": [-2.248505090174813e-06, 2.59635122484163, 13.921242736042958], "abc": [0.333333, 0.666667, 0.5537276600000001], "species": [{"occu": 1, "element": "Te"}], "properties": {"magmom": -0.034}}, {"label": "Te", "xyz": [2.2485073385050898, 1.29817366515837, 10.62796630862252], "abc": [0.666667, 0.333333, 0.42273517], "species": [{"occu": 1, "element": "Te"}], "properties": {"magmom": -0.114}}], "@class": "Structure", "@module": "pymatgen.core.structure"}