{"lattice": {"a": 2.84379759, "c": 22.704718, "b": 2.84379759, "matrix": [[2.84379759, 0.0, 0.0], [0.0, 2.84379759, 0.0], [0.0, -0.0, 22.704718]], "volume": 183.61724877416842, "beta": 90.0, "alpha": 90.0, "gamma": 90.0}, "sites": [{"label": "Al", "xyz": [1.4218987950000002, 1.4218987950000002, 1.3613617225435601], "abc": [0.5, 0.5, 0.05995942], "species": [{"occu": 1, "element": "Al"}], "properties": {"magmom": -0.0}}, {"label": "Al", "xyz": [1.4218987950000002, 1.4218987950000002, 21.34335627745644], "abc": [0.5, 0.5, 0.94004058], "species": [{"occu": 1, "element": "Al"}], "properties": {"magmom": -0.0}}, {"label": "Fe", "xyz": [0.0, 0.0, 0.0], "abc": [0.0, -0.0, -0.0], "species": [{"occu": 1, "element": "Fe"}], "properties": {"magmom": -0.009000000000000001}}], "@class": "Structure", "@module": "pymatgen.core.structure"}