{"lattice": {"a": 3.132649659545414, "c": 24.27275824275735, "b": 3.132605772723564, "matrix": [[2.9789849999999998, 0.002212, 0.9690909999999999], [-0.310876, 2.962678, 0.9690789999999999], [0.012202, 0.007555, 24.272754]], "volume": 214.18342259542746, "beta": 71.95100994118727, "alpha": 71.96506699737745, "gamma": 89.88565634438}, "sites": [{"label": "P", "xyz": [1.552306843413, 0.069274098389, 8.975362770238], "abc": [0.521967, 0.022105, 0.348049], "species": [{"occu": 1, "element": "P"}], "properties": {"magmom": -0.0}}, {"label": "P", "xyz": [1.121886934508, 2.899310068254999, 5.269496590659], "abc": [0.477994, 0.977849, 0.158971], "species": [{"occu": 1, "element": "P"}], "properties": {"magmom": -0.0}}, {"label": "W", "xyz": [2.436681353017, 1.052260864037999, 6.2779217673489995], "abc": [0.8540369999999999, 0.353998, 0.21041], "species": [{"occu": 1, "element": "W"}], "properties": {"magmom": -0.0}}, {"label": "W", "xyz": [0.237716032342, 1.9165927917499999, 7.966179004183], "abc": [0.146002, 0.6460469999999999, 0.296572], "species": [{"occu": 1, "element": "W"}], "properties": {"magmom": -0.0}}], "@class": "Structure", "@module": "pymatgen.core.structure"}