{"lattice": {"a": 4.114291238406806, "c": 23.530221000003397, "b": 4.114289188407208, "matrix": [[4.11429122, 0.00038918, 9.199999999999999e-07], [0.00038918, 4.11428917, -2.0199999999999997e-06], [5.24e-06, -1.15e-05, 23.530221]], "volume": 398.3050784058481, "beta": 89.99997443136186, "alpha": 90.00005613175453, "gamma": 89.98916052571178}, "sites": [{"label": "Ag", "xyz": [2.057339459342222, 2.057338269785755, 6.265113287999999e-07], "abc": [0.49999982, 0.49999978, 5e-08], "species": [{"occu": 1, "element": "Ag"}], "properties": {"magmom": -0.0}}, {"label": "F", "xyz": [2.057145809016864, 0.000194884783047, 0.15451942116928502], "abc": [0.50000004, 9e-08, 0.00656683], "species": [{"occu": 1, "element": "F"}], "properties": {"magmom": -0.0}}, {"label": "F", "xyz": [0.00020037163567300002, 2.057133695442697, 23.37567632209839], "abc": [1.3999999999999998e-07, 0.50000013, 0.99343212], "species": [{"occu": 1, "element": "F"}], "properties": {"magmom": -0.0}}], "@class": "Structure", "@module": "pymatgen.core.structure"}