{"lattice": {"a": 3.531237, "c": 22.535754631417003, "b": 6.091429996878648, "matrix": [[3.531237, 0.0, 0.0], [0.0, 6.058523, -0.632312], [0.0, 0.059151999999999996, 22.535677]], "volume": 482.2621668898386, "beta": 90.0, "alpha": 95.80784727153998, "gamma": 90.0}, "sites": [{"label": "Au", "xyz": [1.7656185, 3.0292615, -0.316156], "abc": [0.5, 0.5, 0.0], "species": [{"occu": 1, "element": "Au"}], "properties": {"magmom": -0.0}}, {"label": "Au", "xyz": [0.0, 0.0, 0.0], "abc": [0.0, 0.0, 0.0], "species": [{"occu": 1, "element": "Au"}], "properties": {"magmom": -0.0}}, {"label": "S", "xyz": [0.0, 4.030766208263, 20.903639712348], "abc": [0.0, 0.656069, 0.9459879999999999], "species": [{"occu": 1, "element": "S"}], "properties": {"magmom": 0.0}}, {"label": "S", "xyz": [0.0, 2.086908791737, 0.999725287652], "abc": [0.0, 0.343931, 0.054012], "species": [{"occu": 1, "element": "S"}], "properties": {"magmom": 0.0}}], "@class": "Structure", "@module": "pymatgen.core.structure"}