{"lattice": {"a": 5.27307853, "c": 22.353476, "b": 5.2763644, "matrix": [[5.27307853, 0.0, 0.0], [0.0, 5.2763644, 0.0], [0.0, 0.0, 22.353476]], "volume": 621.9336953410605, "beta": 90.0, "alpha": 90.0, "gamma": 90.0}, "sites": [{"label": "Sr", "xyz": [0.0, 2.6381822, 9.91307163643116], "abc": [-0.0, 0.5, 0.44346891], "species": [{"occu": 1, "element": "Sr"}], "properties": {"magmom": 0.006}}, {"label": "Sr", "xyz": [0.0, 0.0, 12.84109936225924], "abc": [-0.0, -0.0, 0.57445649], "species": [{"occu": 1, "element": "Sr"}], "properties": {"magmom": 0.034}}, {"label": "Sr", "xyz": [2.636539265, 0.0, 9.92806455985388], "abc": [0.5, -0.0, 0.44413963], "species": [{"occu": 1, "element": "Sr"}], "properties": {"magmom": 0.006}}, {"label": "Pb", "xyz": [2.636539265, 2.6381822, 12.02471644145572], "abc": [0.5, 0.5, 0.53793497], "species": [{"occu": 1, "element": "Pb"}], "properties": {"magmom": -0.008}}], "@class": "Structure", "@module": "pymatgen.core.structure"}