{"lattice": {"a": 5.231480000062794, "c": 20.000000000041652, "b": 5.231481338039734, "matrix": [[5.23148, -2.4e-05, 9e-06], [-2.615761, 4.530584, -9e-06], [3.5000000000000004e-05, -2.1000000000000002e-05, 20.0]], "volume": 474.0319361191986, "beta": 89.9998011630595, "alpha": 90.00020080366754, "gamma": 120.00051996522846}, "sites": [{"label": "Zn", "xyz": [-1.312167211899999, 3.7779533311319993, 5.77895399016], "abc": [0.16612000000000002, 0.8338800000000001, 0.288948], "species": [{"occu": 1, "element": "Zn"}], "properties": {"magmom": 0.0}}, {"label": "Zn", "xyz": [3.136133000104178e-06, 1.505240234495, 5.7789785049110005], "abc": [0.166121, 0.332242, 0.288949], "species": [{"occu": 1, "element": "Zn"}], "properties": {"magmom": 0.0}}, {"label": "Zn", "xyz": [1.312144568136, 3.777936761215, 5.7789785049110005], "abc": [0.667758, 0.8338789999999999, 0.288949], "species": [{"occu": 1, "element": "Zn"}], "properties": {"magmom": -0.0}}, {"label": "As", "xyz": [2.6157457260220003, 1.510171090299, 5.777303000005999], "abc": [0.666667, 0.333333, 0.288865], "species": [{"occu": 1, "element": "As"}], "properties": {"magmom": -0.0}}], "@class": "Structure", "@module": "pymatgen.core.structure"}