{"lattice": {"a": 3.93679478, "c": 22.485034, "b": 3.93679478, "matrix": [[3.93679478, 0.0, 0.0], [0.0, 3.93679478, 0.0], [-0.0, 0.0, 22.485034]], "volume": 348.48099729320234, "beta": 90.0, "alpha": 90.0, "gamma": 90.0}, "sites": [{"label": "B", "xyz": [0.0, 0.0, 7.58906683015624], "abc": [0.0, -0.0, 0.33751636], "species": [{"occu": 1, "element": "B"}], "properties": {"magmom": -0.0}}, {"label": "Br", "xyz": [0.0, 0.0, 5.676293768619759], "abc": [-0.0, 0.0, 0.25244764000000003], "species": [{"occu": 1, "element": "Br"}], "properties": {"magmom": -0.0}}], "@class": "Structure", "@module": "pymatgen.core.structure"}