{"lattice": {"a": 4.346541, "c": 20.0, "b": 4.346541315306459, "matrix": [[4.346541, 0.0, 0.0], [-2.173271, 3.764215, 0.0], [0.0, 0.0, 20.0]], "volume": 327.2262966063, "beta": 90.0, "alpha": 90.0, "gamma": 120.00000521092036}, "sites": [{"label": "Ag", "xyz": [0.0, 0.0, 6.61966], "abc": [0.0, 0.0, 0.33098299999999997], "species": [{"occu": 1, "element": "Ag"}], "properties": {"magmom": 0.0}}, {"label": "Cl", "xyz": [-2.5066040000710813e-06, 2.509477921405, 6.61966], "abc": [0.333333, 0.666667, 0.33098299999999997], "species": [{"occu": 1, "element": "Cl"}], "properties": {"magmom": -0.0}}], "@class": "Structure", "@module": "pymatgen.core.structure"}