{"lattice": {"a": 4.12394477, "c": 23.320309, "b": 4.123944676892981, "matrix": [[4.12394477, 0.0, 0.0], [-2.06197238, 3.5714408300000002, 0.0], [0.0, 0.0, 23.320309]], "volume": 343.47141583914805, "beta": 90.0, "alpha": 90.0, "gamma": 120.00000066663311}, "sites": [{"label": "Mn", "xyz": [0.0, 0.0, 11.6601545], "abc": [0.0, 0.0, 0.5], "species": [{"occu": 1, "element": "Mn"}], "properties": {"magmom": 4.342}}, {"label": "I", "xyz": [-2.0586390500053457e-06, 2.38096174381361, 10.002862693263861], "abc": [0.333333, 0.666667, 0.42893354], "species": [{"occu": 1, "element": "I"}], "properties": {"magmom": 0.11}}, {"label": "I", "xyz": [2.06197444863905, 1.190479086186389, 13.317446306736143], "abc": [0.666667, 0.333333, 0.57106646], "species": [{"occu": 1, "element": "I"}], "properties": {"magmom": 0.11}}], "@class": "Structure", "@module": "pymatgen.core.structure"}