{"lattice": {"a": 3.11399153, "c": 23.530469, "b": 3.11399153, "matrix": [[3.11399153, 0.0, -0.0], [0.0, 3.11399153, 0.0], [-0.0, 0.0, 23.530469]], "volume": 228.173622513277, "beta": 90.0, "alpha": 90.0, "gamma": 90.0}, "sites": [{"label": "Ni", "xyz": [1.556995765, 1.556995765, 12.994183834932], "abc": [0.5, 0.5, 0.5522279999999999], "species": [{"occu": 1, "element": "Ni"}], "properties": {"magmom": 0.0}}, {"label": "Sb", "xyz": [0.0, 0.0, 14.7006722729845], "abc": [0.0, 0.0, 0.6247505], "species": [{"occu": 1, "element": "Sb"}], "properties": {"magmom": -0.0}}, {"label": "Sb", "xyz": [0.0, 0.0, 11.287695396879501], "abc": [-0.0, -0.0, 0.47970549999999995], "species": [{"occu": 1, "element": "Sb"}], "properties": {"magmom": -0.0}}], "@class": "Structure", "@module": "pymatgen.core.structure"}