{"lattice": {"a": 3.85050918, "c": 23.825805, "b": 3.850509475206794, "matrix": [[3.85050918, 4e-08, -0.0], [-1.92525502, 3.33463886, 0.0], [0.0, 0.0, 23.825805]], "volume": 305.92470902918274, "beta": 90.0, "alpha": 90.0, "gamma": 120.00000425693744}, "sites": [{"label": "Y", "xyz": [0.0, 0.0, 15.293426842425001], "abc": [0.0, -0.0, 0.6418849999999999], "species": [{"occu": 1, "element": "Y"}], "properties": {"magmom": 0.481}}, {"label": "Br", "xyz": [-2.2119214001832633e-06, 2.22309369821294, 13.42450043945265], "abc": [0.333333, 0.666667, 0.56344373], "species": [{"occu": 1, "element": "Br"}], "properties": {"magmom": 0.013000000000000001}}, {"label": "Br", "xyz": [-2.2119214001832633e-06, 2.22309369821294, 17.16235324539735], "abc": [0.333333, 0.666667, 0.72032627], "species": [{"occu": 1, "element": "Br"}], "properties": {"magmom": 0.013000000000000001}}], "@class": "Structure", "@module": "pymatgen.core.structure"}