{"lattice": {"a": 6.460686, "c": 20.0, "b": 6.460685946415137, "matrix": [[6.460686, 0.0, -0.0], [-3.230343, 5.59511814, 0.0], [-0.0, 0.0, 20.0]], "volume": 722.9660287088808, "beta": 90.0, "alpha": 90.0, "gamma": 120.00000027436299}, "sites": [{"label": "Pr", "xyz": [3.230346230342999, 1.86503751496062, 5.689920000000001], "abc": [0.666667, 0.333333, 0.28449599999999997], "species": [{"occu": 1, "element": "Pr"}], "properties": {"magmom": 0.0}}, {"label": "Te", "xyz": [1.615780484262359, 4.662953777302678, 5.689920000000001], "abc": [0.66679268, 0.83339684, 0.28449599999999997], "species": [{"occu": 1, "element": "Te"}], "properties": {"magmom": 0.0}}, {"label": "Te", "xyz": [-1.61578371460536, 4.662948182184538, 5.689920000000001], "abc": [0.16660316, 0.83339584, 0.28449599999999997], "species": [{"occu": 1, "element": "Te"}], "properties": {"magmom": -0.0}}, {"label": "Te", "xyz": [-3.23034299981824e-06, 1.864334320512784, 5.689920000000001], "abc": [0.16660316, 0.33320732000000003, 0.28449599999999997], "species": [{"occu": 1, "element": "Te"}], "properties": {"magmom": -0.0}}], "@class": "Structure", "@module": "pymatgen.core.structure"}