{"lattice": {"a": 5.95686742, "c": 20.0, "b": 5.95686708857566, "matrix": [[5.95686742, 0.0, 0.0], [-2.97843371, 5.15879813, -0.0], [-0.0, 0.0, 20.0]], "volume": 614.6055301390785, "beta": 90.0, "alpha": 90.0, "gamma": 120.00000184046897}, "sites": [{"label": "Cd", "xyz": [-1.4898532867151522, 4.299365885661473, 5.778560000000001], "abc": [0.16659544, 0.8334045600000001, 0.28892799999999996], "species": [{"occu": 1, "element": "Cd"}], "properties": {"magmom": -0.0}}, {"label": "Cd", "xyz": [-2.978433709926042e-06, 1.718869647475184, 5.778560000000001], "abc": [0.16659544, 0.33319188, 0.28892799999999996], "species": [{"occu": 1, "element": "Cd"}], "properties": {"magmom": -0.0}}, {"label": "Cd", "xyz": [1.489847329847733, 4.299365885661473, 5.778560000000001], "abc": [0.66680812, 0.8334045600000001, 0.28892799999999996], "species": [{"occu": 1, "element": "Cd"}], "properties": {"magmom": 0.0}}, {"label": "Sb", "xyz": [2.97843668843371, 1.71959765706729, 5.778560000000001], "abc": [0.666667, 0.333333, 0.28892799999999996], "species": [{"occu": 1, "element": "Sb"}], "properties": {"magmom": 0.0}}], "@class": "Structure", "@module": "pymatgen.core.structure"}