{"lattice": {"a": 3.93015957, "c": 23.537958, "b": 3.93015957, "matrix": [[3.93015957, 0.0, 0.0], [0.0, 3.93015957, 0.0], [0.0, 0.0, 23.537958]], "volume": 363.5709298959276, "beta": 90.0, "alpha": 90.0, "gamma": 90.0}, "sites": [{"label": "Hg", "xyz": [1.965079785, 1.965079785, 13.869671137626], "abc": [0.5, 0.5, 0.589247], "species": [{"occu": 1, "element": "Hg"}], "properties": {"magmom": -0.0}}, {"label": "Cl", "xyz": [0.0, 1.965079785, 12.244192718551501], "abc": [0.0, 0.5, 0.52018925], "species": [{"occu": 1, "element": "Cl"}], "properties": {"magmom": 0.0}}, {"label": "Cl", "xyz": [1.965079785, 0.0, 15.495126018742498], "abc": [0.5, 0.0, 0.65830375], "species": [{"occu": 1, "element": "Cl"}], "properties": {"magmom": 0.0}}], "@class": "Structure", "@module": "pymatgen.core.structure"}