{"lattice": {"a": 3.37621249, "c": 22.855457, "b": 3.37621249, "matrix": [[3.37621249, 0.0, 0.0], [0.0, 3.37621249, 0.0], [0.0, 0.0, 22.855457]], "volume": 260.5250295793047, "beta": 90.0, "alpha": 90.0, "gamma": 90.0}, "sites": [{"label": "Si", "xyz": [0.0, 0.0, 11.4277285], "abc": [0.0, 0.0, 0.5], "species": [{"occu": 1, "element": "Si"}], "properties": {"magmom": -0.0}}, {"label": "S", "xyz": [1.6881062450000002, 0.0, 12.78234995226042], "abc": [0.5, 0.0, 0.55926906], "species": [{"occu": 1, "element": "S"}], "properties": {"magmom": 0.0}}, {"label": "S", "xyz": [0.0, 1.6881062450000002, 10.073107047739581], "abc": [0.0, 0.5, 0.44073094], "species": [{"occu": 1, "element": "S"}], "properties": {"magmom": 0.0}}], "@class": "Structure", "@module": "pymatgen.core.structure"}