{"lattice": {"a": 3.92309264, "c": 22.956052, "b": 3.923092262140234, "matrix": [[3.92309264, -0.0, -0.0], [-1.96154582, 3.39749774, 0.0], [-0.0, 0.0, 22.956052]], "volume": 305.974293062519, "beta": 90.0, "alpha": 90.0, "gamma": 119.99999475407883}, "sites": [{"label": "Hg", "xyz": [0.0, 0.0, 0.0], "abc": [0.0, -0.0, -0.0], "species": [{"occu": 1, "element": "Hg"}], "properties": {"magmom": 0.0}}, {"label": "Cl", "xyz": [-1.628212819998563e-06, 2.26499962583258, 1.5040394357069191], "abc": [0.333333, 0.666667, 0.06551821000000001], "species": [{"occu": 1, "element": "Cl"}], "properties": {"magmom": -0.0}}, {"label": "Cl", "xyz": [1.96154844821282, 1.13249811416742, 21.452012564293078], "abc": [0.666667, 0.333333, 0.93448179], "species": [{"occu": 1, "element": "Cl"}], "properties": {"magmom": -0.0}}], "@class": "Structure", "@module": "pymatgen.core.structure"}