{"lattice": {"a": 3.40726919, "c": 22.995423, "b": 3.407269121619692, "matrix": [[3.40726919, 0.0, 0.0], [-1.70363459, 2.9507816, -0.0], [-0.0, 0.0, 22.995423]], "volume": 231.19844868947345, "beta": 90.0, "alpha": 90.0, "gamma": 120.0000005667897}, "sites": [{"label": "Hf", "xyz": [0.0, 0.0, 0.0], "abc": [-0.0, -0.0, -0.0], "species": [{"occu": 1, "element": "Hf"}], "properties": {"magmom": 0.0}}, {"label": "Br", "xyz": [-1.700301260152423e-06, 1.9671887169272, 1.9357335523508392], "abc": [0.333333, 0.666667, 0.08417908], "species": [{"occu": 1, "element": "Br"}], "properties": {"magmom": -0.0}}, {"label": "Br", "xyz": [1.70363630030126, 0.9835928830728, 21.05968944764916], "abc": [0.666667, 0.333333, 0.91582092], "species": [{"occu": 1, "element": "Br"}], "properties": {"magmom": -0.0}}], "@class": "Structure", "@module": "pymatgen.core.structure"}