{"lattice": {"a": 3.09448485, "c": 21.887078, "b": 3.094484612178316, "matrix": [[3.09448485, -0.0, -0.0], [-1.54724242, 2.67990222, 0.0], [0.0, 0.0, 21.887078]], "volume": 181.5077172709043, "beta": 90.0, "alpha": 90.0, "gamma": 120.00000243539124}, "sites": [{"label": "Rh", "xyz": [0.0, 0.0, 0.0], "abc": [0.0, -0.0, -0.0], "species": [{"occu": 1, "element": "Rh"}], "properties": {"magmom": 0.265}}, {"label": "O", "xyz": [-1.5439090899341581e-06, 1.78660237330074, 0.94039888012332], "abc": [0.333333, 0.666667, 0.04296594], "species": [{"occu": 1, "element": "O"}], "properties": {"magmom": 0.081}}, {"label": "O", "xyz": [1.5472439739090902, 0.8932998466992591, 20.94667911987668], "abc": [0.666667, 0.333333, 0.95703406], "species": [{"occu": 1, "element": "O"}], "properties": {"magmom": 0.081}}], "@class": "Structure", "@module": "pymatgen.core.structure"}