{"lattice": {"a": 3.84495998, "c": 23.192892, "b": 3.844960594410932, "matrix": [[3.84495998, 0.0, 0.0], [-1.9224804899999999, 3.32983344, 0.0], [0.0, 0.0, 23.192892]], "volume": 296.9403662848247, "beta": 90.0, "alpha": 90.0, "gamma": 120.00000331737702}, "sites": [{"label": "Pb", "xyz": [0.0, 0.0, 0.0], "abc": [0.0, 0.0, 0.0], "species": [{"occu": 1, "element": "Pb"}], "properties": {"magmom": -0.0}}, {"label": "S", "xyz": [-2.2558134901255287e-06, 2.21989006994448, 1.555181978391], "abc": [0.333333, 0.666667, 0.06705425], "species": [{"occu": 1, "element": "S"}], "properties": {"magmom": -0.0}}, {"label": "S", "xyz": [1.92248174581349, 1.10994337005552, 21.637710021609], "abc": [0.666667, 0.333333, 0.93294575], "species": [{"occu": 1, "element": "S"}], "properties": {"magmom": -0.0}}], "@class": "Structure", "@module": "pymatgen.core.structure"}