{"lattice": {"a": 4.152979805350611, "c": 23.273857916742767, "b": 4.152979342676893, "matrix": [[4.152935, 0.005103, 0.018604], [0.005523, 4.152934, 0.018604], [0.109264, 0.10925299999999999, 23.273345]], "volume": 401.374721194245, "beta": 89.47401717494961, "alpha": 89.47401702418291, "gamma": 89.8522520901899}, "sites": [{"label": "Sb", "xyz": [0.142690827364, 0.14267642774900002, 17.438772872463], "abc": [0.014626, 0.014626, 0.7492789999999999], "species": [{"occu": 1, "element": "Sb"}], "properties": {"magmom": -0.0}}, {"label": "Sb", "xyz": [2.132167402428, 2.131951597857, 20.677841808223], "abc": [0.48940599999999995, 0.48940599999999995, 0.887695], "species": [{"occu": 1, "element": "Sb"}], "properties": {"magmom": 0.0}}, {"label": "Se", "xyz": [0.177669357154, 0.17765142393799999, 20.302099021285], "abc": [0.019805, 0.019805, 0.872301], "species": [{"occu": 1, "element": "Se"}], "properties": {"magmom": -0.0}}, {"label": "Se", "xyz": [2.09691706245, 2.09670481899, 17.811534364345], "abc": [0.48416499999999996, 0.48416499999999996, 0.7645449999999999], "species": [{"occu": 1, "element": "Se"}], "properties": {"magmom": -0.0}}], "@class": "Structure", "@module": "pymatgen.core.structure"}