{"lattice": {"a": 3.265056070000007, "c": 23.838, "b": 3.265056093344781, "matrix": [[3.26505607, 2.2e-07, 0.0], [-1.63252824, 2.82762141, 0.0], [-0.0, -0.0, 23.838]], "volume": 220.08058784610682, "beta": 90.0, "alpha": 90.0, "gamma": 120.00000005677708}, "sites": [{"label": "Si", "xyz": [0.0, 0.0, 0.0], "abc": [-0.0, 0.0, 0.0], "species": [{"occu": 1, "element": "Si"}], "properties": {"magmom": 0.0}}, {"label": "F", "xyz": [1.6325295991947701, 0.942539674126269, 1.23735692058], "abc": [0.666667, 0.333333, 0.05190691], "species": [{"occu": 1, "element": "F"}], "properties": {"magmom": -0.0}}, {"label": "F", "xyz": [1.6325295991947701, 0.942539674126269, 22.60064307942], "abc": [0.666667, 0.333333, 0.94809309], "species": [{"occu": 1, "element": "F"}], "properties": {"magmom": -0.0}}], "@class": "Structure", "@module": "pymatgen.core.structure"}