{"lattice": {"a": 4.13150367, "c": 24.406371, "b": 4.131503772916823, "matrix": [[4.13150367, -0.0, 0.0], [-2.06575184, 3.57798725, 0.0], [0.0, 0.0, 24.406371]], "volume": 360.78638499210547, "beta": 90.0, "alpha": 90.0, "gamma": 119.99999925604239}, "sites": [{"label": "Li", "xyz": [0.0, 0.0, 10.50117573409641], "abc": [0.0, -0.0, 0.43026371], "species": [{"occu": 1, "element": "Li"}], "properties": {"magmom": 0.014}}, {"label": "Mn", "xyz": [-2.069085169948336e-06, 2.38532602599575, 13.319427962144701], "abc": [0.333333, 0.666667, 0.5457356999999999], "species": [{"occu": 1, "element": "Mn"}], "properties": {"magmom": 3.708}}, {"label": "Se", "xyz": [-2.069085169948336e-06, 2.38532602599575, 10.977270325065989], "abc": [0.333333, 0.666667, 0.44977069000000003], "species": [{"occu": 1, "element": "Se"}], "properties": {"magmom": 0.011}}, {"label": "Se", "xyz": [2.06575389908517, 1.19266122400425, 14.0148679786929], "abc": [0.666667, 0.333333, 0.5742299], "species": [{"occu": 1, "element": "Se"}], "properties": {"magmom": -0.082}}], "@class": "Structure", "@module": "pymatgen.core.structure"}