{"lattice": {"a": 2.88408026, "c": 20.816747, "b": 5.10564113, "matrix": [[2.88408026, 0.0, 0.0], [0.0, 5.10564113, 0.0], [0.0, 0.0, 20.816747]], "volume": 306.52823988630826, "beta": 90.0, "alpha": 90.0, "gamma": 90.0}, "sites": [{"label": "Au", "xyz": [1.44204013, 0.0, 10.4083735], "abc": [0.5, -0.0, 0.5], "species": [{"occu": 1, "element": "Au"}], "properties": {"magmom": 0.0}}, {"label": "N", "xyz": [1.44204013, 2.173123275372345, 9.97646055555002], "abc": [0.5, 0.42563181, 0.47925166], "species": [{"occu": 1, "element": "N"}], "properties": {"magmom": 0.0}}, {"label": "N", "xyz": [1.44204013, 2.932517854627654, 10.84028644444998], "abc": [0.5, 0.5743681900000001, 0.52074834], "species": [{"occu": 1, "element": "N"}], "properties": {"magmom": 0.0}}], "@class": "Structure", "@module": "pymatgen.core.structure"}