{"lattice": {"a": 3.906387, "c": 22.656191, "b": 3.906387, "matrix": [[3.906387, 0.0, 0.0], [0.0, 3.906387, 0.0], [0.0, 0.0, 22.656191]], "volume": 345.7302890583747, "beta": 90.0, "alpha": 90.0, "gamma": 90.0}, "sites": [{"label": "Be", "xyz": [0.0, 0.0, 0.0], "abc": [0.0, 0.0, 0.0], "species": [{"occu": 1, "element": "Be"}], "properties": {"magmom": -0.0}}, {"label": "I", "xyz": [0.0, 1.9531934999999998, 21.1926010614], "abc": [0.0, 0.5, 0.9354], "species": [{"occu": 1, "element": "I"}], "properties": {"magmom": 0.0}}, {"label": "I", "xyz": [1.9531934999999998, 0.0, 1.4635899386], "abc": [0.5, 0.0, 0.0646], "species": [{"occu": 1, "element": "I"}], "properties": {"magmom": 0.0}}], "@class": "Structure", "@module": "pymatgen.core.structure"}