{"lattice": {"a": 5.31749911, "c": 22.300729, "b": 5.317500226328961, "matrix": [[5.31749911, 0.0, 0.0], [-2.65874956, 4.6050906, 0.0], [0.0, 0.0, 22.300729]], "volume": 546.0905546584236, "beta": 90.0, "alpha": 90.0, "gamma": 119.99999311761832}, "sites": [{"label": "Na", "xyz": [0.0, 0.0, 11.1503645], "abc": [0.0, 0.0, 0.5], "species": [{"occu": 1, "element": "Na"}], "properties": {"magmom": -0.0}}, {"label": "Bi", "xyz": [2.65875221208289, 1.535028664969799, 12.702432796358801], "abc": [0.666667, 0.333333, 0.5695972], "species": [{"occu": 1, "element": "Bi"}], "properties": {"magmom": -0.001}}, {"label": "Bi", "xyz": [2.65875221208289, 1.535028664969799, 9.5982962036412], "abc": [0.666667, 0.333333, 0.4304028], "species": [{"occu": 1, "element": "Bi"}], "properties": {"magmom": -0.001}}, {"label": "Bi", "xyz": [-2.662082890054154e-06, 3.0700619350302, 11.1503645], "abc": [0.333333, 0.666667, 0.5], "species": [{"occu": 1, "element": "Bi"}], "properties": {"magmom": -0.0}}], "@class": "Structure", "@module": "pymatgen.core.structure"}