{"lattice": {"a": 3.0814564630017642, "c": 21.904910996393987, "b": 3.081481319748361, "matrix": [[3.08144983, -9.76e-05, -0.00639289], [-1.54075073, 2.66862699, -0.0066558400000000005], [0.00195791, -0.0020814600000000003, 21.90491081]], "volume": 180.12601902529218, "beta": 90.11374637859734, "alpha": 90.13103161261999, "gamma": 120.00166328501624}, "sites": [{"label": "Pd", "xyz": [1.5416463407304701, -0.00102837046082, 10.30562696566977], "abc": [0.5, 0.0, 0.47061699999999995], "species": [{"occu": 1, "element": "Pd"}], "properties": {"magmom": 0.0}}, {"label": "O", "xyz": [1.54377645103327, 1.7816804500214252, 11.304181438969538], "abc": [0.83470409, 0.66807276, 0.51650355], "species": [{"occu": 1, "element": "O"}], "properties": {"magmom": 0.0}}, {"label": "O", "xyz": [-0.00123449957233, 0.8848897990569341, 9.300416652370004], "abc": [0.16529591, 0.33192724, 0.42473045], "species": [{"occu": 1, "element": "O"}], "properties": {"magmom": 0.0}}], "@class": "Structure", "@module": "pymatgen.core.structure"}