{"lattice": {"a": 2.37201393, "c": 19.985261, "b": 4.76498843, "matrix": [[2.37201393, 0.0, 0.0], [0.0, 4.76498843, 0.0], [0.0, 0.0, 19.985261]], "volume": 225.8857893445342, "beta": 90.0, "alpha": 90.0, "gamma": 90.0}, "sites": [{"label": "S", "xyz": [1.182633629109589, 1.1912471075, 9.9926305], "abc": [0.49857786, 0.25, 0.5], "species": [{"occu": 1, "element": "S"}], "properties": {"magmom": 0.003}}, {"label": "S", "xyz": [1.18938030089041, 3.5737413225, 9.9926305], "abc": [0.50142214, 0.75, 0.5], "species": [{"occu": 1, "element": "S"}], "properties": {"magmom": -0.003}}], "@class": "Structure", "@module": "pymatgen.core.structure"}