{"lattice": {"a": 2.666522632845256, "c": 23.983674000020056, "b": 2.666516632953186, "matrix": [[2.666476, 0.015770000000000003, 0.0], [0.015770000000000003, 2.66647, 4e-06], [-1e-06, 3.1e-05, 23.983674]], "volume": 170.51983452584136, "beta": 90.0000019509267, "alpha": 89.99984000949253, "gamma": 89.32229285018461}, "sites": [{"label": "Be", "xyz": [1.341119586939999, 1.341136817654, 17.149384191648], "abc": [0.49999899999999997, 0.499998, 0.715044], "species": [{"occu": 1, "element": "Be"}], "properties": {"magmom": 0.0}}, {"label": "Be", "xyz": [1.341117140858, 1.341142591029999, 13.376416500027998], "abc": [0.499998, 0.500002, 0.5577300000000001], "species": [{"occu": 1, "element": "Be"}], "properties": {"magmom": -0.0}}, {"label": "Cd", "xyz": [7.3788419999999994e-06, 2.2440816e-05, 15.262154851948], "abc": [3e-06, 1e-06, 0.6363559999999999], "species": [{"occu": 1, "element": "Cd"}], "properties": {"magmom": 0.0}}], "@class": "Structure", "@module": "pymatgen.core.structure"}