{"lattice": {"a": 3.0660632, "c": 24.42588, "b": 3.0660632, "matrix": [[3.0660632, -0.0, 0.0], [-0.0, 3.0660632, 0.0], [0.0, -0.0, 24.42588]], "volume": 229.6214337750001, "beta": 90.0, "alpha": 90.0, "gamma": 90.0}, "sites": [{"label": "Zr", "xyz": [0.0, 1.5330316, 7.294218717702], "abc": [0.0, 0.5, 0.29862665], "species": [{"occu": 1, "element": "Zr"}], "properties": {"magmom": -0.0}}, {"label": "Zr", "xyz": [1.5330316, 0.0, 5.035721247497999], "abc": [0.5, 0.0, 0.20616335], "species": [{"occu": 1, "element": "Zr"}], "properties": {"magmom": -0.0}}, {"label": "Cu", "xyz": [0.0, 1.5330316, 3.234756659996399], "abc": [0.0, 0.5, 0.13243153], "species": [{"occu": 1, "element": "Cu"}], "properties": {"magmom": -0.0}}, {"label": "Cu", "xyz": [1.5330316, 0.0, 9.0951833052036], "abc": [0.5, -0.0, 0.37235847], "species": [{"occu": 1, "element": "Cu"}], "properties": {"magmom": -0.0}}], "@class": "Structure", "@module": "pymatgen.core.structure"}