{"lattice": {"a": 3.00354059, "c": 22.400849, "b": 2.79606177, "matrix": [[3.00354059, 0.0, 0.0], [0.0, 2.79606177, 0.0], [0.0, 0.0, 22.400849]], "volume": 188.12423438504686, "beta": 90.0, "alpha": 90.0, "gamma": 90.0}, "sites": [{"label": "Rh", "xyz": [0.0, 1.398030885, 11.2004245], "abc": [0.0, 0.5, 0.5], "species": [{"occu": 1, "element": "Rh"}], "properties": {"magmom": 0.258}}, {"label": "O", "xyz": [1.502490874422947, 1.398030885, 12.40150963754616], "abc": [0.50023991, 0.5, 0.55361784], "species": [{"occu": 1, "element": "O"}], "properties": {"magmom": 0.088}}, {"label": "O", "xyz": [1.501049715577053, 1.398030885, 9.99933936245384], "abc": [0.49976009, 0.5, 0.44638216000000003], "species": [{"occu": 1, "element": "O"}], "properties": {"magmom": 0.088}}], "@class": "Structure", "@module": "pymatgen.core.structure"}