{"lattice": {"a": 3.357118470000004, "c": 23.838, "b": 3.357118650731169, "matrix": [[3.35711847, 1.7000000000000001e-07, 0.0], [-1.67855949, 2.90734994, 0.0], [0.0, 0.0, 23.838]], "volume": 232.66647163261558, "beta": 90.0, "alpha": 90.0, "gamma": 120.00000034310446}, "sites": [{"label": "Ge", "xyz": [0.0, 0.0, 0.0], "abc": [0.0, 0.0, 0.0], "species": [{"occu": 1, "element": "Ge"}], "properties": {"magmom": -0.0}}, {"label": "F", "xyz": [1.6785608285593199, 0.969115790883409, 1.24039578882], "abc": [0.666667, 0.333333, 0.05203439], "species": [{"occu": 1, "element": "F"}], "properties": {"magmom": -0.0}}, {"label": "F", "xyz": [1.6785608285593199, 0.969115790883409, 22.597604211180002], "abc": [0.666667, 0.333333, 0.94796561], "species": [{"occu": 1, "element": "F"}], "properties": {"magmom": -0.0}}], "@class": "Structure", "@module": "pymatgen.core.structure"}