{"lattice": {"a": 3.950218946333781, "c": 22.999467000000237, "b": 3.950218286345028, "matrix": [[3.95015146, 0.023090410000000002, 5.2e-07], [0.023090410000000002, 3.9501508, 2.1e-07], [3.07e-06, 1.28e-06, 22.999467]], "volume": 358.864381519838, "beta": 89.99998479125586, "alpha": 89.99999372070474, "gamma": 89.33016842721369}, "sites": [{"label": "Te", "xyz": [1.975075505967067, 0.011545148836584002, 1.879729908299019], "abc": [0.49999988, -4e-08, 0.08172927], "species": [{"occu": 1, "element": "Te"}], "properties": {"magmom": -0.014}}, {"label": "Te", "xyz": [0.011548579652413, 1.97507701313583, 21.119738376679685], "abc": [1.3999999999999998e-07, 0.50000011, 0.91827077], "species": [{"occu": 1, "element": "Te"}], "properties": {"magmom": -0.014}}, {"label": "Pt", "xyz": [1.986620776762976, 1.98662056457485, -9.498936289999995e-08], "abc": [0.49999996, 0.49999999, -2e-08], "species": [{"occu": 1, "element": "Pt"}], "properties": {"magmom": -0.054}}, {"label": "Pt", "xyz": [1.1711905779999988e-07, -2.3631636129999988e-07, -4.59989337e-07], "abc": [3.0000000000000004e-08, -6.000000000000001e-08, -2e-08], "species": [{"occu": 1, "element": "Pt"}], "properties": {"magmom": -0.054}}], "@class": "Structure", "@module": "pymatgen.core.structure"}