{"lattice": {"a": 3.41110865, "c": 22.980968084198807, "b": 3.95516321918919, "matrix": [[3.41110865, 2e-08, -1e-08], [-1.7055537900000002, 3.48828559, -0.75250648], [-7e-08, -0.47456284, 22.97606764]], "volume": 272.17227144500276, "beta": 90.00000034939244, "alpha": 102.03044097945777, "gamma": 115.5451423550033}, "sites": [{"label": "Mo", "xyz": [0.0, 0.0, 0.0], "abc": [0.0, 0.0, 0.0], "species": [{"occu": 1, "element": "Mo"}], "properties": {"magmom": 3.565}}, {"label": "F", "xyz": [1.705552793716873, 1.135489598247115, 0.7461642176159741], "abc": [0.66570445, 0.3314099, 0.04332997], "species": [{"occu": 1, "element": "F"}], "properties": {"magmom": 0.037}}, {"label": "F", "xyz": [1.996283126568514e-06, 1.8782331717528842, 21.477396932384025], "abc": [0.33429555, 0.6685901, 0.9566700300000001], "species": [{"occu": 1, "element": "F"}], "properties": {"magmom": 0.037}}], "@class": "Structure", "@module": "pymatgen.core.structure"}