{"lattice": {"a": 4.10538544, "c": 22.695846, "b": 4.105385563161281, "matrix": [[4.10538544, 2e-08, -0.0], [-2.05269318, 3.55536796, -0.0], [-0.0, -0.0, 22.695846]], "volume": 331.2721064502845, "beta": 90.0, "alpha": 90.0, "gamma": 120.00000614151764}, "sites": [{"label": "La", "xyz": [-2.359359539873339e-06, 2.37024649845598, 1.7411411035313402], "abc": [0.333333, 0.666667, 0.07671629], "species": [{"occu": 1, "element": "La"}], "properties": {"magmom": 0.021}}, {"label": "La", "xyz": [2.05269461935954, 1.185121481544019, 20.95470489646866], "abc": [0.666667, 0.333333, 0.92328371], "species": [{"occu": 1, "element": "La"}], "properties": {"magmom": 0.021}}, {"label": "Si", "xyz": [0.0, 0.0, 0.0], "abc": [-0.0, -0.0, 0.0], "species": [{"occu": 1, "element": "Si"}], "properties": {"magmom": -0.0}}], "@class": "Structure", "@module": "pymatgen.core.structure"}