{"lattice": {"a": 4.776541, "c": 22.656191, "b": 4.776541, "matrix": [[4.776541, 0.0, 0.0], [0.0, 4.776541, 0.0], [0.0, 0.0, 22.656191]], "volume": 516.9087896882623, "beta": 90.0, "alpha": 90.0, "gamma": 90.0}, "sites": [{"label": "Sr", "xyz": [0.0, 0.0, 0.0], "abc": [0.0, 0.0, 0.0], "species": [{"occu": 1, "element": "Sr"}], "properties": {"magmom": 0.0}}, {"label": "Cl", "xyz": [0.0, 2.3882705, 21.235126731907002], "abc": [0.0, 0.5, 0.9372769999999999], "species": [{"occu": 1, "element": "Cl"}], "properties": {"magmom": 0.0}}, {"label": "Cl", "xyz": [2.3882705, 0.0, 1.4210642680930001], "abc": [0.5, 0.0, 0.062723], "species": [{"occu": 1, "element": "Cl"}], "properties": {"magmom": 0.0}}], "@class": "Structure", "@module": "pymatgen.core.structure"}