{"lattice": {"a": 3.122229846573328, "c": 22.780419, "b": 3.122230522563927, "matrix": [[3.12222967, -0.00105005, 0.0], [-1.5609690999999999, 2.70401533, 0.0], [0.0, 0.0, 22.780419]], "volume": 192.2876441341877, "beta": 90.0, "alpha": 90.0, "gamma": 120.01617229906003}, "sites": [{"label": "Tl", "xyz": [1.5632024936884532, 0.8994606155166631, 11.3902095], "abc": [0.66710207, 0.33289793, 0.5], "species": [{"occu": 1, "element": "Tl"}], "properties": {"magmom": 0.0}}, {"label": "Pd", "xyz": [-0.0009863794211140001, 1.802952749983354, 9.24481729642443], "abc": [0.33310197, 0.66689804, 0.40582297], "species": [{"occu": 1, "element": "Pd"}], "properties": {"magmom": -0.0}}, {"label": "Pd", "xyz": [-0.0009863794211140001, 1.802952749983354, 13.53560170357557], "abc": [0.33310197, 0.66689804, 0.59417703], "species": [{"occu": 1, "element": "Pd"}], "properties": {"magmom": -0.0}}], "@class": "Structure", "@module": "pymatgen.core.structure"}