{"lattice": {"a": 5.203064980000001, "c": 20.0, "b": 5.203065174449482, "matrix": [[5.20306498, 1.1e-07, 0.0], [-2.60153281, 4.50598649, 0.0], [0.0, 0.0, 20.0]], "volume": 468.89881585281455, "beta": 90.0, "alpha": 90.0, "gamma": 120.00000162138211}, "sites": [{"label": "Sc", "xyz": [2.60153498486593, 1.5019940680045392, 5.74646], "abc": [0.666667, 0.333333, 0.287323], "species": [{"occu": 1, "element": "Sc"}], "properties": {"magmom": -0.0}}, {"label": "Si", "xyz": [-1.32570630704421e-07, 1.5004274166623839, 5.74646], "abc": [0.16649266000000001, 0.33298533, 0.287323], "species": [{"occu": 1, "element": "Si"}], "properties": {"magmom": -0.0}}, {"label": "Si", "xyz": [-1.302124563712779, 3.755772831670029, 5.74646], "abc": [0.16649266000000001, 0.83350734, 0.287323], "species": [{"occu": 1, "element": "Si"}], "properties": {"magmom": -0.0}}, {"label": "Si", "xyz": [1.302123978237431, 3.75577288672745, 5.74646], "abc": [0.66701467, 0.83350734, 0.287323], "species": [{"occu": 1, "element": "Si"}], "properties": {"magmom": -0.0}}], "@class": "Structure", "@module": "pymatgen.core.structure"}