{"lattice": {"a": 4.6075859999999995, "c": 23.407847, "b": 4.6075850443654325, "matrix": [[4.6075859999999995, 0.0, 0.0], [-2.303792, 3.990286, 0.0], [0.0, 0.0, 23.407847]], "volume": 430.3669819771791, "beta": 90.0, "alpha": 90.0, "gamma": 119.99999250207456}, "sites": [{"label": "Rb", "xyz": [2.303795637126, 1.330094003238, 18.182302643567002], "abc": [0.666667, 0.333333, 0.7767609999999999], "species": [{"occu": 1, "element": "Rb"}], "properties": {"magmom": 0.0}}, {"label": "Rb", "xyz": [-1.63712600002678e-06, 2.6601919967620002, 22.192160466055], "abc": [0.333333, 0.666667, 0.9480649999999999], "species": [{"occu": 1, "element": "Rb"}], "properties": {"magmom": 0.0}}, {"label": "Cl", "xyz": [0.0, 0.0, 20.187231554811], "abc": [0.0, 0.0, 0.862413], "species": [{"occu": 1, "element": "Cl"}], "properties": {"magmom": 0.0}}], "@class": "Structure", "@module": "pymatgen.core.structure"}