{"lattice": {"a": 5.12729558, "c": 18.01354041, "b": 5.12729558, "matrix": [[5.12729558, 0.0, 0.0], [-0.0, 5.12729558, -0.0], [0.0, 0.0, 18.01354041]], "volume": 473.56084536885317, "beta": 90.0, "alpha": 90.0, "gamma": 90.0}, "sites": [{"label": "B", "xyz": [2.56364779, 0.0, 4.212702942664084], "abc": [0.5, -0.0, 0.23386313], "species": [{"occu": 1, "element": "B"}], "properties": {"magmom": -0.0}}, {"label": "B", "xyz": [0.0, 2.56364779, 5.632633595502237], "abc": [0.0, 0.5, 0.31268887], "species": [{"occu": 1, "element": "B"}], "properties": {"magmom": -0.0}}, {"label": "Br", "xyz": [0.0, 2.56364779, 3.73671783439075], "abc": [-0.0, 0.5, 0.20743939], "species": [{"occu": 1, "element": "Br"}], "properties": {"magmom": 0.0}}, {"label": "Br", "xyz": [2.56364779, 0.0, 6.10861870377557], "abc": [0.5, -0.0, 0.33911261], "species": [{"occu": 1, "element": "Br"}], "properties": {"magmom": 0.0}}], "@class": "Structure", "@module": "pymatgen.core.structure"}