{"lattice": {"a": 3.212600490981031, "c": 23.436881, "b": 3.212600463424767, "matrix": [[3.2124829999999998, 0.02747525, 0.0], [0.07588909, 3.211704, 0.0], [0.0, 0.0, 23.436881]], "volume": 241.76219510511274, "beta": 90.0, "alpha": 90.0, "gamma": 88.15639567804303}, "sites": [{"label": "Se", "xyz": [2.553862030117152, 2.515657191129595, 13.115319856510558], "abc": [0.77663414, 0.77663414, 0.5596017600000001], "species": [{"occu": 1, "element": "Se"}], "properties": {"magmom": -0.0}}, {"label": "Se", "xyz": [1.276739598919217, 1.257640042940655, 10.32156114348944], "abc": [0.38825886, 0.38825886, 0.44039824], "species": [{"occu": 1, "element": "Se"}], "properties": {"magmom": -0.0}}, {"label": "N", "xyz": [1.298655053364185, 1.279227650227657, 12.93485001359031], "abc": [0.39492339, 0.39492339, 0.55190151], "species": [{"occu": 1, "element": "N"}], "properties": {"magmom": 0.0}}, {"label": "N", "xyz": [2.531943287300095, 2.494066344663343, 10.50203098640969], "abc": [0.76996861, 0.76996861, 0.44809849], "species": [{"occu": 1, "element": "N"}], "properties": {"magmom": 0.0}}], "@class": "Structure", "@module": "pymatgen.core.structure"}