{"lattice": {"a": 3.921921, "c": 25.130912, "b": 3.921921061522019, "matrix": [[3.921921, 0.0, 0.0], [-1.960961, 3.396483, 0.0], [0.0, 0.0, 25.130912]], "volume": 334.7622945496341, "beta": 90.0, "alpha": 90.0, "gamma": 120.00000791566238}, "sites": [{"label": "Al", "xyz": [0.0, 0.0, 7.795709426047999], "abc": [0.0, 0.0, 0.310204], "species": [{"occu": 1, "element": "Al"}], "properties": {"magmom": -0.0}}, {"label": "Al", "xyz": [-2.2942939999783092e-06, 2.264323132161, 5.518924191583999], "abc": [0.333333, 0.666667, 0.219607], "species": [{"occu": 1, "element": "Al"}], "properties": {"magmom": -0.0}}, {"label": "Al", "xyz": [-2.2942939999783092e-06, 2.264323132161, 10.0724695296], "abc": [0.333333, 0.666667, 0.40080000000000005], "species": [{"occu": 1, "element": "Al"}], "properties": {"magmom": -0.0}}, {"label": "Co", "xyz": [-2.2942939999783092e-06, 2.264323132161, 7.795709426047999], "abc": [0.333333, 0.666667, 0.310204], "species": [{"occu": 1, "element": "Co"}], "properties": {"magmom": 0.0}}], "@class": "Structure", "@module": "pymatgen.core.structure"}