{"lattice": {"a": 4.25071548, "c": 23.119205, "b": 4.25071548, "matrix": [[4.25071548, 0.0, 0.0], [0.0, 4.25071548, -0.0], [0.0, 0.0, 23.119205]], "volume": 417.7312534422339, "beta": 90.0, "alpha": 90.0, "gamma": 90.0}, "sites": [{"label": "Mn", "xyz": [0.0, 0.0, 0.0], "abc": [0.0, 0.0, -0.0], "species": [{"occu": 1, "element": "Mn"}], "properties": {"magmom": 3.857}}, {"label": "Mn", "xyz": [2.12535774, 2.12535774, 0.0], "abc": [0.5, 0.5, -0.0], "species": [{"occu": 1, "element": "Mn"}], "properties": {"magmom": 3.857}}, {"label": "Te", "xyz": [0.0, 2.12535774, 1.70852843844015], "abc": [-0.0, 0.5, 0.07390083], "species": [{"occu": 1, "element": "Te"}], "properties": {"magmom": 0.01}}, {"label": "Te", "xyz": [2.12535774, 0.0, 21.41067656155985], "abc": [0.5, -0.0, 0.92609917], "species": [{"occu": 1, "element": "Te"}], "properties": {"magmom": 0.01}}], "@class": "Structure", "@module": "pymatgen.core.structure"}