{"lattice": {"a": 4.36912526, "c": 22.485028, "b": 4.36912526, "matrix": [[4.36912526, 0.0, 0.0], [0.0, 4.36912526, 0.0], [0.0, 0.0, 22.485028]], "volume": 429.22244526141793, "beta": 90.0, "alpha": 90.0, "gamma": 90.0}, "sites": [{"label": "Tl", "xyz": [2.18456263, 2.18456263, 12.282471728231359], "abc": [0.5, 0.5, 0.54625112], "species": [{"occu": 1, "element": "Tl"}], "properties": {"magmom": -0.0}}, {"label": "F", "xyz": [2.18456263, 2.18456263, 10.202556271768639], "abc": [0.5, 0.5, 0.45374888], "species": [{"occu": 1, "element": "F"}], "properties": {"magmom": 0.0}}], "@class": "Structure", "@module": "pymatgen.core.structure"}