{"lattice": {"a": 3.01843499, "c": 22.696954, "b": 3.01843499, "matrix": [[3.01843499, 0.0, 0.0], [0.0, 3.01843499, 0.0], [0.0, 0.0, 22.696954]], "volume": 206.79080825398114, "beta": 90.0, "alpha": 90.0, "gamma": 90.0}, "sites": [{"label": "Al", "xyz": [1.5092174950000001, 1.5092174950000001, 12.7599914904784], "abc": [0.5, 0.5, 0.5621896], "species": [{"occu": 1, "element": "Al"}], "properties": {"magmom": 0.028}}, {"label": "Al", "xyz": [1.5092174950000001, 1.5092174950000001, 9.936962509521601], "abc": [0.5, 0.5, 0.4378104], "species": [{"occu": 1, "element": "Al"}], "properties": {"magmom": 0.028}}, {"label": "Os", "xyz": [0.0, 0.0, 11.348477], "abc": [0.0, 0.0, 0.5], "species": [{"occu": 1, "element": "Os"}], "properties": {"magmom": 0.152}}], "@class": "Structure", "@module": "pymatgen.core.structure"}