{"lattice": {"a": 3.49816947, "c": 22.697412, "b": 3.498169544892382, "matrix": [[3.49816947, -2e-08, 0.0], [1.74908521, 3.02950344, 0.0], [0.0, 0.0, 22.697412]], "volume": 240.54073716148258, "beta": 90.0, "alpha": 90.0, "gamma": 59.999992052296996}, "sites": [{"label": "Dy", "xyz": [0.0, 0.0, 12.719732277102239], "abc": [0.0, 0.0, 0.56040452], "species": [{"occu": 1, "element": "Dy"}], "properties": {"magmom": -0.0}}, {"label": "Dy", "xyz": [1.74908314424844, 1.00983346349886, 9.97767972289776], "abc": [0.333333, 0.333333, 0.43959548], "species": [{"occu": 1, "element": "Dy"}], "properties": {"magmom": -0.0}}, {"label": "C", "xyz": [3.49817153575156, 2.01966995650114, 11.348706], "abc": [0.666667, 0.666667, 0.5], "species": [{"occu": 1, "element": "C"}], "properties": {"magmom": 0.0}}], "@class": "Structure", "@module": "pymatgen.core.structure"}