{"lattice": {"a": 4.93059399, "c": 22.957399, "b": 5.1067139, "matrix": [[4.93059399, 0.0, 0.0], [0.0, 5.1067139, 0.0], [0.0, 0.0, 22.957399]], "volume": 578.0473996326187, "beta": 90.0, "alpha": 90.0, "gamma": 90.0}, "sites": [{"label": "Ca", "xyz": [2.465296995, 0.0, 10.46316127803777], "abc": [0.5, 0.0, 0.45576423], "species": [{"occu": 1, "element": "Ca"}], "properties": {"magmom": 0.031}}, {"label": "Ca", "xyz": [0.0, 2.55335695, 7.31677421524506], "abc": [0.0, 0.5, 0.31871094], "species": [{"occu": 1, "element": "Ca"}], "properties": {"magmom": 0.05}}, {"label": "Sb", "xyz": [0.0, 0.0, 8.82819501049517], "abc": [-0.0, 0.0, 0.38454683], "species": [{"occu": 1, "element": "Sb"}], "properties": {"magmom": 0.023}}], "@class": "Structure", "@module": "pymatgen.core.structure"}