{"lattice": {"a": 4.14827405, "c": 24.159589, "b": 4.148273888682844, "matrix": [[4.14827405, 0.0, 0.0], [-2.07413703, 3.5925105200000003, -0.0], [-0.0, 0.0, 24.159589]], "volume": 360.04354583638144, "beta": 90.0, "alpha": 90.0, "gamma": 120.00000136614074}, "sites": [{"label": "Ca", "xyz": [0.0, 0.0, 18.08793928536908], "abc": [-0.0, 0.0, 0.74868572], "species": [{"occu": 1, "element": "Ca"}], "properties": {"magmom": -0.0}}, {"label": "Ca", "xyz": [0.0, 0.0, 14.39769639293392], "abc": [-0.0, 0.0, 0.59594128], "species": [{"occu": 1, "element": "Ca"}], "properties": {"magmom": -0.0}}, {"label": "Cu", "xyz": [-2.077470360013634e-06, 2.3950082108368402, 16.242805759357], "abc": [0.333333, 0.666667, 0.6723129999999999], "species": [{"occu": 1, "element": "Cu"}], "properties": {"magmom": -0.0}}, {"label": "Cu", "xyz": [2.07413909747036, 1.1975023091631591, 16.242805759357], "abc": [0.666667, 0.333333, 0.6723129999999999], "species": [{"occu": 1, "element": "Cu"}], "properties": {"magmom": -0.0}}], "@class": "Structure", "@module": "pymatgen.core.structure"}