{"lattice": {"a": 4.27817577, "c": 24.320905, "b": 4.27817577, "matrix": [[4.27817577, 0.0, 0.0], [0.0, 4.27817577, 0.0], [0.0, 0.0, 24.320905]], "volume": 445.14036621351374, "beta": 90.0, "alpha": 90.0, "gamma": 90.0}, "sites": [{"label": "Li", "xyz": [0.0, 0.0, 13.826820465262351], "abc": [-0.0, 0.0, 0.56851587], "species": [{"occu": 1, "element": "Li"}], "properties": {"magmom": 0.008}}, {"label": "C", "xyz": [0.0, 0.0, 11.95301925804595], "abc": [-0.0, 0.0, 0.49147099], "species": [{"occu": 1, "element": "C"}], "properties": {"magmom": 0.145}}, {"label": "C", "xyz": [0.0, 0.0, 10.701517533482651], "abc": [0.0, -0.0, 0.44001313000000003], "species": [{"occu": 1, "element": "C"}], "properties": {"magmom": 0.5640000000000001}}], "@class": "Structure", "@module": "pymatgen.core.structure"}