{"lattice": {"a": 3.31871555, "c": 23.987164, "b": 3.31871555, "matrix": [[3.31871555, 0.0, 0.0], [0.0, 3.31871555, 0.0], [0.0, 0.0, 23.987164]], "volume": 264.1915755709156, "beta": 90.0, "alpha": 90.0, "gamma": 90.0}, "sites": [{"label": "Bi", "xyz": [0.0, 0.0, 10.15524508998896], "abc": [0.0, -0.0, 0.42336164], "species": [{"occu": 1, "element": "Bi"}], "properties": {"magmom": 0.0}}, {"label": "Bi", "xyz": [0.0, 0.0, 13.83191891001104], "abc": [0.0, -0.0, 0.57663836], "species": [{"occu": 1, "element": "Bi"}], "properties": {"magmom": 0.0}}, {"label": "Pd", "xyz": [1.6593577750000001, 1.6593577750000001, 11.993582], "abc": [0.5, 0.5, 0.5], "species": [{"occu": 1, "element": "Pd"}], "properties": {"magmom": 0.0}}], "@class": "Structure", "@module": "pymatgen.core.structure"}