{"lattice": {"a": 5.23428719, "c": 22.957399, "b": 5.54883541, "matrix": [[5.23428719, 0.0, 0.0], [0.0, 5.54883541, 0.0], [0.0, 0.0, 22.957399]], "volume": 666.7792445540591, "beta": 90.0, "alpha": 90.0, "gamma": 90.0}, "sites": [{"label": "Sr", "xyz": [2.617143595, 0.0, 10.57590139134293], "abc": [0.5, -0.0, 0.46067507], "species": [{"occu": 1, "element": "Sr"}], "properties": {"magmom": 0.007}}, {"label": "Sr", "xyz": [0.0, 2.7744177050000003, 7.232987973558699], "abc": [-0.0, 0.5, 0.3150613], "species": [{"occu": 1, "element": "Sr"}], "properties": {"magmom": 0.036000000000000004}}, {"label": "Bi", "xyz": [0.0, 0.0, 8.799241368450359], "abc": [0.0, 0.0, 0.38328564], "species": [{"occu": 1, "element": "Bi"}], "properties": {"magmom": 0.028}}], "@class": "Structure", "@module": "pymatgen.core.structure"}