{"lattice": {"a": 3.70151879, "c": 23.1333341, "b": 3.76906436, "matrix": [[3.70151879, 0.0, 0.0], [0.0, 3.76906436, 0.0], [0.0, 0.0, 23.1333341]], "volume": 322.73921766883365, "beta": 90.0, "alpha": 90.0, "gamma": 90.0}, "sites": [{"label": "Ag", "xyz": [0.0, 0.9422660900000001, 10.45604285119257], "abc": [-0.0, 0.25, 0.45199031], "species": [{"occu": 1, "element": "Ag"}], "properties": {"magmom": 0.0}}, {"label": "Ag", "xyz": [0.0, 2.8267982700000003, 12.677291248807428], "abc": [0.0, 0.75, 0.54800969], "species": [{"occu": 1, "element": "Ag"}], "properties": {"magmom": 0.0}}, {"label": "Cl", "xyz": [1.850759395, 2.8267982700000003, 9.910138500433973], "abc": [0.5, 0.75, 0.42839214000000003], "species": [{"occu": 1, "element": "Cl"}], "properties": {"magmom": 0.0}}, {"label": "Cl", "xyz": [1.850759395, 0.9422660900000001, 13.223195599566024], "abc": [0.5, 0.25, 0.57160786], "species": [{"occu": 1, "element": "Cl"}], "properties": {"magmom": 0.0}}], "@class": "Structure", "@module": "pymatgen.core.structure"}