{"lattice": {"a": 3.96449479, "c": 25.130912, "b": 3.964493743473902, "matrix": [[3.96449479, 0.0, 0.0], [-1.9822473999999999, 3.4333519900000002, -0.0], [0.0, 0.0, 25.130912]], "volume": 342.06956139827696, "beta": 90.0, "alpha": 90.0, "gamma": 120.0000088156536}, "sites": [{"label": "Ga", "xyz": [0.0, 0.0, 7.795709426047999], "abc": [0.0, -0.0, 0.310204], "species": [{"occu": 1, "element": "Ga"}], "properties": {"magmom": 0.0}}, {"label": "Ga", "xyz": [-1.985580730150008e-06, 2.28890247111733, 5.49619654869856], "abc": [0.333333, 0.666667, 0.21870263], "species": [{"occu": 1, "element": "Ga"}], "properties": {"magmom": 0.0}}, {"label": "Ga", "xyz": [-1.985580730150008e-06, 2.28890247111733, 10.095197172485438], "abc": [0.333333, 0.666667, 0.40170437000000003], "species": [{"occu": 1, "element": "Ga"}], "properties": {"magmom": 0.0}}, {"label": "Co", "xyz": [-1.985580730150008e-06, 2.28890247111733, 7.795709426047999], "abc": [0.333333, 0.666667, 0.310204], "species": [{"occu": 1, "element": "Co"}], "properties": {"magmom": -0.0}}], "@class": "Structure", "@module": "pymatgen.core.structure"}