{"lattice": {"a": 3.574783, "c": 25.031709, "b": 3.7491138927912013, "matrix": [[3.574783, 0.0, 0.0], [-1.787392, 3.295616, 0.0], [0.0, 0.0, 25.031709]], "volume": 294.90136856523554, "beta": 90.0, "alpha": 90.0, "gamma": 118.47338756414666}, "sites": [{"label": "Lu", "xyz": [0.0, 0.0, 0.0], "abc": [0.0, 0.0, 0.0], "species": [{"occu": 1, "element": "Lu"}], "properties": {"magmom": 0.17300000000000001}}, {"label": "N", "xyz": [-0.8936959999999999, 1.647808, 23.94408124395], "abc": [0.0, 0.5, 0.9565500000000001], "species": [{"occu": 1, "element": "N"}], "properties": {"magmom": 0.965}}, {"label": "N", "xyz": [0.8936955, 1.647808, 1.08762775605], "abc": [0.5, 0.5, 0.04345], "species": [{"occu": 1, "element": "N"}], "properties": {"magmom": 0.963}}], "@class": "Structure", "@module": "pymatgen.core.structure"}