{"lattice": {"a": 4.31710441, "c": 22.35922164, "b": 4.317104861456916, "matrix": [[4.31710441, -3.0000000000000004e-08, -0.0], [2.15855264, 3.73872236, 0.0], [0.0, 0.0, 22.35922164]], "volume": 360.88800742591707, "beta": 90.0, "alpha": 90.0, "gamma": 59.99999719107578}, "sites": [{"label": "Bi", "xyz": [4.31710685855235, 2.49248279957411, 10.305351838343016], "abc": [0.666667, 0.666667, 0.46089939999999996], "species": [{"occu": 1, "element": "Bi"}], "properties": {"magmom": -0.0}}, {"label": "Bi", "xyz": [2.158550191447649, 1.24623953042589, 12.053869801656985], "abc": [0.333333, 0.333333, 0.5391005999999999], "species": [{"occu": 1, "element": "Bi"}], "properties": {"magmom": -0.0}}], "@class": "Structure", "@module": "pymatgen.core.structure"}