{"lattice": {"a": 3.608526960000001, "c": 28.03505325, "b": 3.6085258455970033, "matrix": [[3.60852696, -1e-07, 0.0], [-1.80426265, 3.12507521, -0.0], [0.0, 0.0, 28.03505325]], "volume": 316.14899569754186, "beta": 90.0, "alpha": 90.0, "gamma": 119.99999658624397}, "sites": [{"label": "B", "xyz": [0.0, 0.0, 16.041704568539462], "abc": [0.0, -0.0, 0.57220168], "species": [{"occu": 1, "element": "B"}], "properties": {"magmom": 0.241}}, {"label": "B", "xyz": [0.0, 0.0, 21.625828522468293], "abc": [0.0, -0.0, 0.77138532], "species": [{"occu": 1, "element": "B"}], "properties": {"magmom": 0.241}}, {"label": "Te", "xyz": [-1.250929870241014e-06, 2.08338448169177, 20.744181607161227], "abc": [0.333333, 0.666667, 0.7399373], "species": [{"occu": 1, "element": "Te"}], "properties": {"magmom": 0.032}}, {"label": "Te", "xyz": [-1.250929870241014e-06, 2.08338448169177, 16.923351483846524], "abc": [0.333333, 0.666667, 0.6036497], "species": [{"occu": 1, "element": "Te"}], "properties": {"magmom": 0.032}}], "@class": "Structure", "@module": "pymatgen.core.structure"}