{"lattice": {"a": 3.711936, "c": 23.825805, "b": 3.711935243767596, "matrix": [[3.711936, 0.0, 0.0], [-1.8559679999999998, 3.21463, 0.0], [0.0, 0.0, 23.825805]], "volume": 284.30143778733907, "beta": 90.0, "alpha": 90.0, "gamma": 120.00000673933293}, "sites": [{"label": "Y", "xyz": [0.0, 0.0, 15.293426842425001], "abc": [0.0, 0.0, 0.6418849999999999], "species": [{"occu": 1, "element": "Y"}], "properties": {"magmom": 0.497}}, {"label": "Cl", "xyz": [-1.855968000060487e-06, 2.14308773821, 13.560242483505], "abc": [0.333333, 0.666667, 0.569141], "species": [{"occu": 1, "element": "Cl"}], "properties": {"magmom": 0.01}}, {"label": "Cl", "xyz": [-1.855968000060487e-06, 2.14308773821, 17.026611201345], "abc": [0.333333, 0.666667, 0.714629], "species": [{"occu": 1, "element": "Cl"}], "properties": {"magmom": 0.01}}], "@class": "Structure", "@module": "pymatgen.core.structure"}