{"lattice": {"a": 4.5487269999999995, "c": 22.990012, "b": 4.5487269999999995, "matrix": [[4.5487269999999995, 0.0, 0.0], [0.0, 4.5487269999999995, 0.0], [0.0, 0.0, 22.990012]], "volume": 475.68443748996964, "beta": 90.0, "alpha": 90.0, "gamma": 90.0}, "sites": [{"label": "Hg", "xyz": [2.2743634999999998, 2.2743634999999998, 0.0], "abc": [0.5, 0.5, 0.0], "species": [{"occu": 1, "element": "Hg"}], "properties": {"magmom": -0.0}}, {"label": "Hg", "xyz": [0.0, 0.0, 0.0], "abc": [0.0, 0.0, 0.0], "species": [{"occu": 1, "element": "Hg"}], "properties": {"magmom": -0.0}}, {"label": "Se", "xyz": [0.0, 2.2743634999999998, 1.633486332624], "abc": [0.0, 0.5, 0.07105199999999999], "species": [{"occu": 1, "element": "Se"}], "properties": {"magmom": 0.0}}, {"label": "Se", "xyz": [2.2743634999999998, 0.0, 21.356525667376], "abc": [0.5, 0.0, 0.928948], "species": [{"occu": 1, "element": "Se"}], "properties": {"magmom": 0.0}}], "@class": "Structure", "@module": "pymatgen.core.structure"}