{"lattice": {"a": 2.60781801166224, "c": 20.000000614365614, "b": 7.119233186831431, "matrix": [[2.607818, -0.000101, -0.000225], [-0.00027299999999999997, 7.119233, 0.0016079999999999998], [-0.001745, 0.00464, 20.0]], "volume": 371.3132564685565, "beta": 90.00994299539737, "alpha": 89.97376596059189, "gamma": 90.00441727595901}, "sites": [{"label": "Ag", "xyz": [2.607284964051, 0.001303041083999, 5.959615005949], "abc": [0.999995, 3e-06, 0.297992], "species": [{"occu": 1, "element": "Ag"}], "properties": {"magmom": -0.014}}, {"label": "O", "xyz": [2.607085381497999, 4.185425826992001, 5.960760064692], "abc": [0.9999800000000001, 0.587724, 0.298002], "species": [{"occu": 1, "element": "O"}], "properties": {"magmom": 0.423}}, {"label": "O", "xyz": [-0.0005673339420000001, 2.936457299797, 5.960302930967001], "abc": [2.5e-05, 0.412274, 0.29798199999999997], "species": [{"occu": 1, "element": "O"}], "properties": {"magmom": 0.423}}], "@class": "Structure", "@module": "pymatgen.core.structure"}