{"lattice": {"a": 4.560192, "c": 22.485034, "b": 4.560192, "matrix": [[4.560192, 0.0, 0.0], [0.0, 4.560192, 0.0], [0.0, 0.0, 22.485034]], "volume": 467.5841760052236, "beta": 90.0, "alpha": 90.0, "gamma": 90.0}, "sites": [{"label": "In", "xyz": [0.0, 0.0, 7.999792851622], "abc": [0.0, 0.0, 0.35578299999999996], "species": [{"occu": 1, "element": "In"}], "properties": {"magmom": -0.0}}, {"label": "I", "xyz": [0.0, 0.0, 5.265567747154], "abc": [0.0, 0.0, 0.234181], "species": [{"occu": 1, "element": "I"}], "properties": {"magmom": 0.0}}], "@class": "Structure", "@module": "pymatgen.core.structure"}