{"lattice": {"a": 3.9413496, "c": 22.855457, "b": 3.9413496, "matrix": [[3.9413496, 0.0, 0.0], [0.0, 3.9413496, 0.0], [0.0, 0.0, 22.855457]], "volume": 355.0420782257557, "beta": 90.0, "alpha": 90.0, "gamma": 90.0}, "sites": [{"label": "Si", "xyz": [0.0, 0.0, 11.4277285], "abc": [0.0, -0.0, 0.5], "species": [{"occu": 1, "element": "Si"}], "properties": {"magmom": -0.0}}, {"label": "Te", "xyz": [1.9706747999999998, 0.0, 13.065207716765], "abc": [0.5, -0.0, 0.571645], "species": [{"occu": 1, "element": "Te"}], "properties": {"magmom": 0.0}}, {"label": "Te", "xyz": [0.0, 1.9706747999999998, 9.790249283235001], "abc": [-0.0, 0.5, 0.428355], "species": [{"occu": 1, "element": "Te"}], "properties": {"magmom": 0.0}}], "@class": "Structure", "@module": "pymatgen.core.structure"}