{"lattice": {"a": 4.21757325, "c": 23.814717, "b": 4.217574015060173, "matrix": [[4.21757325, -1e-08, 0.0], [-2.10878763, 3.65252588, -0.0], [0.0, 0.0, 23.814717]], "volume": 366.8608434971961, "beta": 90.0, "alpha": 90.0, "gamma": 120.00000990029761}, "sites": [{"label": "Ag", "xyz": [0.0, 0.0, 6.559377284793091], "abc": [-0.0, -0.0, 0.27543377], "species": [{"occu": 1, "element": "Ag"}], "properties": {"magmom": -0.0}}, {"label": "Ag", "xyz": [-2.778786960085163e-06, 2.43501846750863, 4.71359120937222], "abc": [0.333333, 0.666667, 0.19792766], "species": [{"occu": 1, "element": "Ag"}], "properties": {"magmom": -0.0}}, {"label": "Cl", "xyz": [-2.778786960085163e-06, 2.43501846750863, 7.497299909475811], "abc": [0.333333, 0.666667, 0.31481793], "species": [{"occu": 1, "element": "Cl"}], "properties": {"magmom": -0.0}}, {"label": "Cl", "xyz": [0.0, 0.0, 3.77752970482305], "abc": [-0.0, -0.0, 0.15862165], "species": [{"occu": 1, "element": "Cl"}], "properties": {"magmom": -0.0}}], "@class": "Structure", "@module": "pymatgen.core.structure"}