{"lattice": {"a": 4.97925336391371, "c": 24.72821111341492, "b": 4.973223336131306, "matrix": [[4.979111, 0.03765, -0.000435], [-2.45691, 4.32395, 2.1000000000000002e-05], [-0.0020900000000000003, -0.001114, 24.728211]], "volume": 534.6716340987997, "beta": 90.00986745445425, "alpha": 89.99960987742232, "gamma": 119.17241596728628}, "sites": [{"label": "Pu", "xyz": [0.019816534399999003, 2.895422964626, 7.212247480755], "abc": [0.33313000000000004, 0.6667989999999999, 0.291666], "species": [{"occu": 1, "element": "Pu"}], "properties": {"magmom": 5.129}}, {"label": "Br", "xyz": [0.023416707386999, 2.896354882702, 4.5395231931870015], "abc": [0.333897, 0.66698, 0.183582], "species": [{"occu": 1, "element": "Br"}], "properties": {"magmom": -0.094}}, {"label": "Br", "xyz": [0.023043941672999002, 2.896027825134, 9.884822736339], "abc": [0.333903, 0.6669600000000001, 0.399744], "species": [{"occu": 1, "element": "Br"}], "properties": {"magmom": -0.094}}, {"label": "Br", "xyz": [2.518764098727999, 4.35804892586, 7.211816410182], "abc": [0.999068, 0.999262, 0.29166000000000003], "species": [{"occu": 1, "element": "Br"}], "properties": {"magmom": -0.046}}], "@class": "Structure", "@module": "pymatgen.core.structure"}