{"lattice": {"a": 3.1246571, "c": 22.379159, "b": 3.1246571, "matrix": [[3.1246571, 0.0, 0.0], [0.0, 3.1246571, 0.0], [0.0, 0.0, 22.379159]], "volume": 218.49851590559382, "beta": 90.0, "alpha": 90.0, "gamma": 90.0}, "sites": [{"label": "C", "xyz": [0.0, 1.5623285500000001, 21.642370619617772], "abc": [0.0, 0.5, 0.96707703], "species": [{"occu": 1, "element": "C"}], "properties": {"magmom": 0.0}}, {"label": "C", "xyz": [1.5623285500000001, 0.0, 0.73678838038223], "abc": [0.5, 0.0, 0.03292297], "species": [{"occu": 1, "element": "C"}], "properties": {"magmom": 0.0}}, {"label": "O", "xyz": [1.5623285500000001, 1.5623285500000001, 0.0], "abc": [0.5, 0.5, 0.0], "species": [{"occu": 1, "element": "O"}], "properties": {"magmom": -0.0}}, {"label": "O", "xyz": [0.0, 0.0, 0.0], "abc": [0.0, 0.0, 0.0], "species": [{"occu": 1, "element": "O"}], "properties": {"magmom": -0.0}}], "@class": "Structure", "@module": "pymatgen.core.structure"}