{"lattice": {"a": 3.45730872, "c": 22.945105227140505, "b": 4.09942789813323, "matrix": [[3.45730872, -0.0, 0.0], [-1.7286543600000002, 3.66851195, -0.59923557], [0.0, 0.04062117, 22.94506927]], "volume": 291.10056249861003, "beta": 90.0, "alpha": 98.313590728943, "gamma": 114.94081563311332}, "sites": [{"label": "W", "xyz": [0.0, 0.0, 0.0], "abc": [-0.0, -0.0, -0.0], "species": [{"occu": 1, "element": "W"}], "properties": {"magmom": 3.42}}, {"label": "F", "xyz": [1.7286543600000002, 0.9575022649993161, 0.853635019709234], "abc": [0.63025917, 0.26051834, 0.04400714], "species": [{"occu": 1, "element": "F"}], "properties": {"magmom": 0.035}}, {"label": "F", "xyz": [1.169712012464288e-17, 2.751630855000683, 21.49219868029077], "abc": [0.36974083, 0.73948166, 0.95599286], "species": [{"occu": 1, "element": "F"}], "properties": {"magmom": 0.035}}], "@class": "Structure", "@module": "pymatgen.core.structure"}