{"lattice": {"a": 3.320013128039642, "c": 22.395507, "b": 3.320013318993995, "matrix": [[3.32001192, -0.00283221, 0.0], [0.00302598, 3.32001194, 0.0], [0.0, 0.0, 22.395507]], "volume": 246.85420235876984, "beta": 90.0, "alpha": 90.0, "gamma": 89.99665597781738}, "sites": [{"label": "Ca", "xyz": [1.439927528573649, 3.095884733433246, 12.397006025241598], "abc": [0.43286131, 0.93286131, 0.5535488], "species": [{"occu": 1, "element": "Ca"}], "properties": {"magmom": 0.0}}, {"label": "Ca", "xyz": [3.098420498573649, 1.434462658433246, 9.998500974758398], "abc": [0.93286131, 0.43286131, 0.4464512], "species": [{"occu": 1, "element": "Ca"}], "properties": {"magmom": 0.0}}, {"label": "O", "xyz": [1.44013149663995, 3.096088341925074, 10.03863573889803], "abc": [0.43292269, 0.93292269, 0.44824329], "species": [{"occu": 1, "element": "O"}], "properties": {"magmom": -0.0}}, {"label": "O", "xyz": [3.09862446663995, 1.4346662669250732, 12.35687126110197], "abc": [0.93292269, 0.43292269, 0.55175671], "species": [{"occu": 1, "element": "O"}], "properties": {"magmom": -0.0}}], "@class": "Structure", "@module": "pymatgen.core.structure"}