{"lattice": {"a": 3.37380664, "c": 20.0, "b": 3.37455322672125, "matrix": [[3.37380664, 0.0, 0.0], [-1.6869033199999999, 2.92266431, 0.0], [0.0, 0.0, 20.0]], "volume": 197.21008511138038, "beta": 90.0, "alpha": 90.0, "gamma": 119.9926817039888}, "sites": [{"label": "Pt", "xyz": [3.1951719708604296e-17, 1.948521122799126, 8.946760000000001], "abc": [0.33334672, 0.66669344, 0.44733799999999996], "species": [{"occu": 1, "element": "Pt"}], "properties": {"magmom": 0.001}}, {"label": "N", "xyz": [1.6869050069033191, 0.9741578005224231, 8.946760000000001], "abc": [0.66665628, 0.33331156, 0.44733799999999996], "species": [{"occu": 1, "element": "N"}], "properties": {"magmom": 0.001}}], "@class": "Structure", "@module": "pymatgen.core.structure"}