{"lattice": {"a": 6.42266904, "c": 20.0, "b": 6.422669118867053, "matrix": [[6.42266904, 3.0000000000000004e-08, 0.0], [-3.2113349700000002, 5.56219438, 0.0], [0.0, 0.0, 20.0]], "volume": 714.4826747045608, "beta": 90.0, "alpha": 90.0, "gamma": 120.00000396159074}, "sites": [{"label": "Sb", "xyz": [1.656286275775815, 2.7518758832506443, 10.0], "abc": [0.50525456, 0.49474644, 0.5], "species": [{"occu": 1, "element": "Sb"}], "properties": {"magmom": 0.001}}, {"label": "Sb", "xyz": [4.766382318952388, 2.7518758977777633, 10.0], "abc": [0.98949188, 0.49474644, 0.5], "species": [{"occu": 1, "element": "Sb"}], "properties": {"magmom": 0.0}}, {"label": "Sb", "xyz": [3.211337726605866, 0.058448221166002005, 10.0], "abc": [0.50525456, 0.010508120000000001, 0.5], "species": [{"occu": 1, "element": "Sb"}], "properties": {"magmom": -0.001}}, {"label": "Pb", "xyz": [0.0, 0.0, 10.0], "abc": [0.0, 0.0, 0.5], "species": [{"occu": 1, "element": "Pb"}], "properties": {"magmom": -0.0}}], "@class": "Structure", "@module": "pymatgen.core.structure"}