{"lattice": {"a": 3.86639999, "c": 23.192878, "b": 3.866400089230359, "matrix": [[3.86639999, 0.0, 0.0], [-1.9331999899999999, 3.34840073, 0.0], [0.0, 0.0, 23.192878]], "volume": 300.26094869737955, "beta": 90.0, "alpha": 90.0, "gamma": 119.99999906545854}, "sites": [{"label": "Sn", "xyz": [0.0, 0.0, 11.596439], "abc": [0.0, 0.0, 0.5], "species": [{"occu": 1, "element": "Sn"}], "properties": {"magmom": -0.0}}, {"label": "Se", "xyz": [1.93320192986666, 1.11613246053309, 13.19292910656608], "abc": [0.666667, 0.333333, 0.56883536], "species": [{"occu": 1, "element": "Se"}], "properties": {"magmom": 0.0}}, {"label": "Se", "xyz": [-1.929866660021817e-06, 2.23226826946691, 9.99994889343392], "abc": [0.333333, 0.666667, 0.43116464], "species": [{"occu": 1, "element": "Se"}], "properties": {"magmom": 0.0}}], "@class": "Structure", "@module": "pymatgen.core.structure"}