{"lattice": {"a": 3.298246000007579, "c": 21.937284000000773, "b": 3.298246188388914, "matrix": [[3.298246, -7e-06, -1e-06], [-1.64913, 2.8563609999999997, 1e-06], [-4.9999999999999996e-06, 3e-06, 21.937284]], "volume": 206.67048784005678, "beta": 90.00003043060302, "alpha": 89.99996931324137, "gamma": 120.00026012467885}, "sites": [{"label": "Zr", "xyz": [0.0, 0.0, 0.0], "abc": [0.0, 0.0, 0.0], "species": [{"occu": 1, "element": "Zr"}], "properties": {"magmom": -0.0}}, {"label": "O", "xyz": [-6.537827000033336e-06, 1.9042394186770002, 0.974169303922], "abc": [0.333333, 0.666667, 0.044406999999999995], "species": [{"occu": 1, "element": "O"}], "properties": {"magmom": 0.0}}, {"label": "O", "xyz": [1.649117537826999, 0.952117581323, 20.963114696077998], "abc": [0.666667, 0.333333, 0.9555929999999999], "species": [{"occu": 1, "element": "O"}], "properties": {"magmom": 0.0}}], "@class": "Structure", "@module": "pymatgen.core.structure"}