{"lattice": {"a": 3.877482, "c": 23.448734, "b": 3.877482, "matrix": [[3.877482, 0.0, 0.0], [0.0, 3.877482, 0.0], [0.0, 0.0, 23.448734]], "volume": 352.54858904340585, "beta": 90.0, "alpha": 90.0, "gamma": 90.0}, "sites": [{"label": "Nb", "xyz": [0.0, 0.0, 0.0], "abc": [0.0, 0.0, 0.0], "species": [{"occu": 1, "element": "Nb"}], "properties": {"magmom": 0.053}}, {"label": "Nb", "xyz": [1.9387409999999998, 1.9387409999999998, 0.0], "abc": [0.5, 0.5, 0.0], "species": [{"occu": 1, "element": "Nb"}], "properties": {"magmom": 0.053}}, {"label": "S", "xyz": [1.9387409999999998, 0.0, 21.786828426484004], "abc": [0.5, 0.0, 0.929126], "species": [{"occu": 1, "element": "S"}], "properties": {"magmom": 0.013000000000000001}}, {"label": "S", "xyz": [0.0, 1.9387409999999998, 1.661905573516], "abc": [0.0, 0.5, 0.07087399999999999], "species": [{"occu": 1, "element": "S"}], "properties": {"magmom": 0.013000000000000001}}], "@class": "Structure", "@module": "pymatgen.core.structure"}