{"lattice": {"a": 3.91337254, "c": 20.0, "b": 3.913373774854919, "matrix": [[3.91337254, -0.0, 0.0], [-1.95668627, 3.38908146, 0.0], [-0.0, 0.0, 20.0]], "volume": 265.25476642774214, "beta": 90.0, "alpha": 90.0, "gamma": 119.99998956177659}, "sites": [{"label": "Bi", "xyz": [0.0, 0.0, 7.70726], "abc": [0.0, 0.0, 0.38536299999999996], "species": [{"occu": 1, "element": "Bi"}], "properties": {"magmom": -0.003}}, {"label": "B", "xyz": [-1.9566862700257183e-06, 2.259388769693819, 7.70726], "abc": [0.333333, 0.666667, 0.38536299999999996], "species": [{"occu": 1, "element": "B"}], "properties": {"magmom": 0.002}}], "@class": "Structure", "@module": "pymatgen.core.structure"}