{"lattice": {"a": 3.63449393, "c": 23.842566, "b": 3.634493418704165, "matrix": [[3.63449393, 0.0, 0.0], [-1.81724697, 3.14756348, 0.0], [0.0, 0.0, 23.842566]], "volume": 272.75419516614613, "beta": 90.0, "alpha": 90.0, "gamma": 120.00000474463035}, "sites": [{"label": "Tm", "xyz": [0.0, 0.0, 0.0], "abc": [0.0, 0.0, 0.0], "species": [{"occu": 1, "element": "Tm"}], "properties": {"magmom": -0.001}}, {"label": "Cl", "xyz": [1.8172487805803001, 1.04918677747884, 1.6518499284573], "abc": [0.666667, 0.333333, 0.06928155], "species": [{"occu": 1, "element": "Cl"}], "properties": {"magmom": 0.0}}, {"label": "Cl", "xyz": [-1.820580299935851e-06, 2.09837670252116, 22.190716071542703], "abc": [0.333333, 0.666667, 0.93071845], "species": [{"occu": 1, "element": "Cl"}], "properties": {"magmom": 0.0}}], "@class": "Structure", "@module": "pymatgen.core.structure"}