{"lattice": {"a": 4.084153217096659, "c": 26.08839574585001, "b": 3.975685, "matrix": [[4.066489, 0.0, -0.37944000000000006], [0.0, 3.975685, 0.0], [-2.152487, 0.0, 25.999446]], "volume": 417.08800611303656, "beta": 100.06348508869694, "alpha": 90.0, "gamma": 90.0}, "sites": [{"label": "K", "xyz": [0.539060811268, 0.99392125, 3.229399349321999], "abc": [0.199853, 0.25, 0.127127], "species": [{"occu": 1, "element": "K"}], "properties": {"magmom": -0.0}}, {"label": "K", "xyz": [2.662604114359, 2.98176375, 6.837192065112], "abc": [0.8001469999999999, 0.75, 0.274652], "species": [{"occu": 1, "element": "K"}], "properties": {"magmom": -0.0}}, {"label": "Sr", "xyz": [0.024258372582, 0.99392125, 25.263491801676], "abc": [0.5243559999999999, 0.25, 0.9793459999999999], "species": [{"occu": 1, "element": "Sr"}], "properties": {"magmom": 0.0}}, {"label": "Sr", "xyz": [1.024917400558, 2.98176375, 10.802571612203998], "abc": [0.47564399999999996, 0.75, 0.422434], "species": [{"occu": 1, "element": "Sr"}], "properties": {"magmom": 0.0}}], "@class": "Structure", "@module": "pymatgen.core.structure"}