{"lattice": {"a": 4.474328290000003, "c": 24.98246964, "b": 4.474326123481587, "matrix": [[4.47432829, 1.8e-07, 0.0], [-2.23716285, 3.87488021, 0.0], [0.0, 0.0, 24.98246964]], "volume": 433.1332312856784, "beta": 90.0, "alpha": 90.0, "gamma": 119.99999456412148}, "sites": [{"label": "Tl", "xyz": [0.0, 0.0, 14.115997213754007], "abc": [0.0, -0.0, 0.5650360999999999], "species": [{"occu": 1, "element": "Tl"}], "properties": {"magmom": 0.0}}, {"label": "Tl", "xyz": [0.0, 0.0, 19.45012422244468], "abc": [0.0, -0.0, 0.7785508999999999], "species": [{"occu": 1, "element": "Tl"}], "properties": {"magmom": 0.0}}, {"label": "Se", "xyz": [-1.373830380044559e-06, 2.58325482496001, 17.994233580293916], "abc": [0.333333, 0.666667, 0.72027441], "species": [{"occu": 1, "element": "Se"}], "properties": {"magmom": -0.0}}, {"label": "Se", "xyz": [-1.373830380044559e-06, 2.58325482496001, 15.57188785590477], "abc": [0.333333, 0.666667, 0.62331259], "species": [{"occu": 1, "element": "Se"}], "properties": {"magmom": -0.0}}], "@class": "Structure", "@module": "pymatgen.core.structure"}