{"lattice": {"a": 3.758046, "c": 23.354627, "b": 3.758046, "matrix": [[3.758046, 0.0, 0.0], [0.0, 3.758046, 0.0], [0.0, 0.0, 23.354627]], "volume": 329.8352890883669, "beta": 90.0, "alpha": 90.0, "gamma": 90.0}, "sites": [{"label": "Mo", "xyz": [1.879023, 1.879023, 0.0], "abc": [0.5, 0.5, 0.0], "species": [{"occu": 1, "element": "Mo"}], "properties": {"magmom": 0.06}}, {"label": "Mo", "xyz": [0.0, 0.0, 0.0], "abc": [0.0, 0.0, 0.0], "species": [{"occu": 1, "element": "Mo"}], "properties": {"magmom": 0.06}}, {"label": "S", "xyz": [1.879023, 0.0, 1.616116833772999], "abc": [0.5, 0.0, 0.069199], "species": [{"occu": 1, "element": "S"}], "properties": {"magmom": -0.003}}, {"label": "S", "xyz": [0.0, 1.879023, 21.738510166227], "abc": [0.0, 0.5, 0.930801], "species": [{"occu": 1, "element": "S"}], "properties": {"magmom": -0.003}}], "@class": "Structure", "@module": "pymatgen.core.structure"}