{"lattice": {"a": 3.67680504, "c": 22.522908, "b": 6.24337376, "matrix": [[3.67680504, 0.0, 0.0], [0.0, 6.24337376, 0.0], [0.0, 0.0, 22.522908]], "volume": 517.028400860868, "beta": 90.0, "alpha": 90.0, "gamma": 90.0}, "sites": [{"label": "Au", "xyz": [0.0, 5.341749425197119, 11.261454], "abc": [-0.0, 0.855587, 0.5], "species": [{"occu": 1, "element": "Au"}], "properties": {"magmom": -0.0}}, {"label": "Au", "xyz": [1.83840252, 2.22006254519712, 11.261454], "abc": [0.5, 0.355587, 0.5], "species": [{"occu": 1, "element": "Au"}], "properties": {"magmom": -0.0}}, {"label": "Se", "xyz": [1.83840252, 0.18813507779938501, 9.91412283244416], "abc": [0.5, 0.03013356, 0.44017952], "species": [{"occu": 1, "element": "Se"}], "properties": {"magmom": 0.0}}, {"label": "Se", "xyz": [1.83840252, 4.251990012594854, 12.608785167555839], "abc": [0.5, 0.68104044, 0.5598204800000001], "species": [{"occu": 1, "element": "Se"}], "properties": {"magmom": 0.0}}], "@class": "Structure", "@module": "pymatgen.core.structure"}