{"lattice": {"a": 4.37578012, "c": 24.981638, "b": 4.375780452017023, "matrix": [[4.37578012, -0.0, 0.0], [-2.18789056, 3.7895368400000002, 0.0], [0.0, -0.0, 24.981638]], "volume": 414.25001722340926, "beta": 90.0, "alpha": 90.0, "gamma": 120.00000504977338}, "sites": [{"label": "Sn", "xyz": [-2.5212235600759107e-06, 2.52635915651228, 22.36291706189046], "abc": [0.333333, 0.666667, 0.89517417], "species": [{"occu": 1, "element": "Sn"}], "properties": {"magmom": -0.0}}, {"label": "Sn", "xyz": [2.18789208122356, 1.26317768348772, 0.0], "abc": [0.666667, 0.333333, -0.0], "species": [{"occu": 1, "element": "Sn"}], "properties": {"magmom": -0.0}}, {"label": "Sn", "xyz": [-2.5212235600759107e-06, 2.52635915651228, 2.61872093810954], "abc": [0.333333, 0.666667, 0.10482583000000001], "species": [{"occu": 1, "element": "Sn"}], "properties": {"magmom": -0.0}}, {"label": "Ir", "xyz": [-2.5212235600759107e-06, 2.52635915651228, 0.0], "abc": [0.333333, 0.666667, 0.0], "species": [{"occu": 1, "element": "Ir"}], "properties": {"magmom": -0.0}}], "@class": "Structure", "@module": "pymatgen.core.structure"}