{"lattice": {"a": 3.353728080000014, "c": 21.950498, "b": 3.353729161293125, "matrix": [[3.35372808, -3.1e-07, 0.0], [-1.6768653100000002, 2.90441423, 0.0], [0.0, 0.0, 21.950498]], "volume": 213.81135093836113, "beta": 90.0, "alpha": 90.0, "gamma": 120.00001968415835}, "sites": [{"label": "Ti", "xyz": [4.527532273e-07, 1.452206619e-07, 21.950235472043918], "abc": [1.6e-07, 5e-08, 0.99998804], "species": [{"occu": 1, "element": "Ti"}], "properties": {"magmom": -0.0}}, {"label": "Bi", "xyz": [1.676870491810847, 0.968134171712108, 19.61415328338396], "abc": [0.66666808, 0.33333206, 0.89356302], "species": [{"occu": 1, "element": "Bi"}], "properties": {"magmom": 0.0}}, {"label": "Bi", "xyz": [-8.17456407526587e-06, 1.9362796030672291, 2.3366072445721198], "abc": [0.33333176000000003, 0.66666789, 0.10644894], "species": [{"occu": 1, "element": "Bi"}], "properties": {"magmom": 0.0}}], "@class": "Structure", "@module": "pymatgen.core.structure"}