{"lattice": {"a": 4.277810690000002, "c": 27.11801407, "b": 4.277808781036919, "matrix": [[4.27781069, 1.1e-07, 0.0], [-2.13890416, 3.70469121, 0.0], [0.0, -0.0, 27.11801407]], "volume": 429.76541639999846, "beta": 90.0, "alpha": 90.0, "gamma": 119.99999496155337}, "sites": [{"label": "Ga", "xyz": [0.0, 0.0, 15.335799655376954], "abc": [-0.0, 0.0, 0.56552075], "species": [{"occu": 1, "element": "Ga"}], "properties": {"magmom": -0.0}}, {"label": "Ga", "xyz": [0.0, 0.0, 21.099611514892135], "abc": [-0.0, 0.0, 0.7780662500000001], "species": [{"occu": 1, "element": "Ga"}], "properties": {"magmom": -0.0}}, {"label": "Te", "xyz": [-1.348904950051776e-06, 2.4697954115637, 19.7121223927027], "abc": [0.333333, 0.666667, 0.7269013999999999], "species": [{"occu": 1, "element": "Te"}], "properties": {"magmom": -0.0}}, {"label": "Te", "xyz": [-1.348904950051776e-06, 2.4697954115637, 16.723288777566392], "abc": [0.333333, 0.666667, 0.6166856], "species": [{"occu": 1, "element": "Te"}], "properties": {"magmom": -0.0}}], "@class": "Structure", "@module": "pymatgen.core.structure"}