{"lattice": {"a": 3.881985, "c": 23.73272, "b": 3.881985072932146, "matrix": [[3.881985, 0.0, 0.0], [-1.940992, 3.361898, 0.0], [0.0, 0.0, 23.73272]], "volume": 309.73187470497936, "beta": 90.0, "alpha": 90.0, "gamma": 119.99999085717553}, "sites": [{"label": "Ge", "xyz": [0.0, 0.0, 8.35944716376], "abc": [0.0, 0.0, 0.35223299999999996], "species": [{"occu": 1, "element": "Ge"}], "properties": {"magmom": -0.0}}, {"label": "Cl", "xyz": [1.9409946076590001, 1.120631546034, 6.851778660320001], "abc": [0.666667, 0.333333, 0.28870599999999996], "species": [{"occu": 1, "element": "Cl"}], "properties": {"magmom": 0.0}}, {"label": "Cl", "xyz": [-1.607659000086153e-06, 2.241266453966, 9.86469492976], "abc": [0.333333, 0.666667, 0.41565799999999997], "species": [{"occu": 1, "element": "Cl"}], "properties": {"magmom": 0.0}}], "@class": "Structure", "@module": "pymatgen.core.structure"}