{"lattice": {"a": 4.94735971, "c": 20.04370041, "b": 4.947360223004999, "matrix": [[4.94735971, 0.0, -0.0], [-2.47367986, 4.28453978, 0.0], [-0.0, 0.0, 20.04370041]], "volume": 424.8695142295481, "beta": 90.0, "alpha": 90.0, "gamma": 119.99999663673748}, "sites": [{"label": "Si", "xyz": [2.473679855000111, -9.503109232040003e-05, 10.021850205], "abc": [0.49998891, -2.218e-05, 0.5], "species": [{"occu": 1, "element": "Si"}], "properties": {"magmom": -0.007}}, {"label": "Si", "xyz": [-1.236757630671279, 2.14231740554616, 10.021850205], "abc": [2.218e-05, 0.50001109, 0.5], "species": [{"occu": 1, "element": "Si"}], "properties": {"magmom": -0.009000000000000001}}, {"label": "Si", "xyz": [1.236757625671168, 2.14231740554616, 10.021850205], "abc": [0.49998891, 0.50001109, 0.5], "species": [{"occu": 1, "element": "Si"}], "properties": {"magmom": -0.007}}, {"label": "Mo", "xyz": [0.0, 0.0, 10.021850205], "abc": [0.0, 0.0, 0.5], "species": [{"occu": 1, "element": "Mo"}], "properties": {"magmom": 0.915}}], "@class": "Structure", "@module": "pymatgen.core.structure"}