{"lattice": {"a": 4.18135409, "c": 23.983674, "b": 4.18135409, "matrix": [[4.18135409, 0.0, 0.0], [0.0, 4.18135409, 0.0], [0.0, 0.0, 23.983674]], "volume": 419.32388937723766, "beta": 90.0, "alpha": 90.0, "gamma": 90.0}, "sites": [{"label": "Ba", "xyz": [2.090677045, 2.090677045, 17.2576289067039], "abc": [0.5, 0.5, 0.71955735], "species": [{"occu": 1, "element": "Ba"}], "properties": {"magmom": 0.0}}, {"label": "Ba", "xyz": [2.090677045, 2.090677045, 13.267664127818101], "abc": [0.5, 0.5, 0.55319565], "species": [{"occu": 1, "element": "Ba"}], "properties": {"magmom": 0.0}}, {"label": "Cd", "xyz": [0.0, 0.0, 15.262658509098], "abc": [0.0, -0.0, 0.636377], "species": [{"occu": 1, "element": "Cd"}], "properties": {"magmom": 0.0}}], "@class": "Structure", "@module": "pymatgen.core.structure"}