{"lattice": {"a": 4.539527240000001, "c": 20.0, "b": 4.539527236015213, "matrix": [[4.53952724, -6.000000000000001e-08, 0.0], [-2.26976422, 3.93134556, 0.0], [0.0, 0.0, 20.0]], "volume": 356.929002465744, "beta": 90.0, "alpha": 90.0, "gamma": 120.00000953078207}, "sites": [{"label": "Ag", "xyz": [0.0, 0.0, 6.61966], "abc": [0.0, 0.0, 0.33098299999999997], "species": [{"occu": 1, "element": "Ag"}], "properties": {"magmom": -0.0}}, {"label": "Br", "xyz": [-2.669763819996087e-06, 2.62089833044854, 6.61966], "abc": [0.333333, 0.666667, 0.33098299999999997], "species": [{"occu": 1, "element": "Br"}], "properties": {"magmom": 0.0}}], "@class": "Structure", "@module": "pymatgen.core.structure"}