{"lattice": {"a": 3.6224309, "c": 22.685916, "b": 3.6224309, "matrix": [[3.6224309, 0.0, 0.0], [0.0, 3.6224309, -0.0], [0.0, -0.0, 22.685916]], "volume": 297.6847173665118, "beta": 90.0, "alpha": 90.0, "gamma": 90.0}, "sites": [{"label": "Th", "xyz": [1.8112154500000002, 1.8112154500000002, 16.805885374212], "abc": [0.5, 0.5, 0.740807], "species": [{"occu": 1, "element": "Th"}], "properties": {"magmom": -0.0}}, {"label": "C", "xyz": [0.0, 0.0, 16.13167152050916], "abc": [0.0, 0.0, 0.71108751], "species": [{"occu": 1, "element": "C"}], "properties": {"magmom": 0.0}}, {"label": "C", "xyz": [0.0, 0.0, 17.480099227914838], "abc": [0.0, -0.0, 0.7705264900000001], "species": [{"occu": 1, "element": "C"}], "properties": {"magmom": 0.0}}], "@class": "Structure", "@module": "pymatgen.core.structure"}