{"lattice": {"a": 3.6995638, "c": 22.695846, "b": 3.699563580270918, "matrix": [[3.6995638, 0.0, 0.0], [-1.8497819, 3.20391598, -0.0], [-0.0, 0.0, 22.695846]], "volume": 269.0159410747698, "beta": 90.0, "alpha": 90.0, "gamma": 120.00000196471271}, "sites": [{"label": "La", "xyz": [-1.849781900009339e-06, 2.1359450546386602, 1.44091318997262], "abc": [0.333333, 0.666667, 0.06348797], "species": [{"occu": 1, "element": "La"}], "properties": {"magmom": 0.003}}, {"label": "La", "xyz": [1.8497837497819, 1.06797092536134, 21.25493281002738], "abc": [0.666667, 0.333333, 0.93651203], "species": [{"occu": 1, "element": "La"}], "properties": {"magmom": 0.003}}, {"label": "C", "xyz": [0.0, 0.0, 0.0], "abc": [-0.0, -0.0, -0.0], "species": [{"occu": 1, "element": "C"}], "properties": {"magmom": -0.001}}], "@class": "Structure", "@module": "pymatgen.core.structure"}