{"lattice": {"a": 3.98347661, "c": 22.591997, "b": 3.98347661, "matrix": [[3.98347661, 0.0, 0.0], [0.0, 3.98347661, 0.0], [0.0, 0.0, 22.591997]], "volume": 358.4917491031492, "beta": 90.0, "alpha": 90.0, "gamma": 90.0}, "sites": [{"label": "Sm", "xyz": [1.9917383050000002, 1.9917383050000002, 11.2959985], "abc": [0.5, 0.5, 0.5], "species": [{"occu": 1, "element": "Sm"}], "properties": {"magmom": 0.001}}, {"label": "Ge", "xyz": [0.0, 0.0, 10.06978510442935], "abc": [0.0, 0.0, 0.44572355], "species": [{"occu": 1, "element": "Ge"}], "properties": {"magmom": 0.031}}, {"label": "Ge", "xyz": [0.0, 0.0, 12.522211895570651], "abc": [0.0, 0.0, 0.55427645], "species": [{"occu": 1, "element": "Ge"}], "properties": {"magmom": 0.031}}], "@class": "Structure", "@module": "pymatgen.core.structure"}