{"lattice": {"a": 3.98521171, "c": 28.784137, "b": 3.9852113261723723, "matrix": [[3.98521171, 0.0, 0.0], [-1.99260585, 3.45129414, 0.0], [0.0, 0.0, 28.784137]], "volume": 395.9009873675519, "beta": 90.0, "alpha": 90.0, "gamma": 120.00000310300196}, "sites": [{"label": "Sr", "xyz": [-1.989272520028363e-06, 2.30086391043138, 11.808968819806571], "abc": [0.333333, 0.666667, 0.41025961], "species": [{"occu": 1, "element": "Sr"}], "properties": {"magmom": 0.015}}, {"label": "Sr", "xyz": [1.99260784927252, 1.15043022956862, 16.975168180193428], "abc": [0.666667, 0.333333, 0.58974039], "species": [{"occu": 1, "element": "Sr"}], "properties": {"magmom": 0.015}}, {"label": "Be", "xyz": [1.99260784927252, 1.15043022956862, 14.057943964752221], "abc": [0.666667, 0.333333, 0.48839206], "species": [{"occu": 1, "element": "Be"}], "properties": {"magmom": -0.02}}, {"label": "Be", "xyz": [-1.989272520028363e-06, 2.30086391043138, 14.72619303524778], "abc": [0.333333, 0.666667, 0.51160794], "species": [{"occu": 1, "element": "Be"}], "properties": {"magmom": -0.02}}], "@class": "Structure", "@module": "pymatgen.core.structure"}