{"lattice": {"a": 3.95935945, "c": 22.327049, "b": 3.95935919694535, "matrix": [[3.95935945, -0.0, 0.0], [-1.97967923, 3.42890586, 0.0], [0.0, 0.0, 22.327049]], "volume": 303.1180638343246, "beta": 90.0, "alpha": 90.0, "gamma": 119.99999384295438}, "sites": [{"label": "Li", "xyz": [-1.649679559904322e-06, 2.28593838296862, 9.88129234637254], "abc": [0.333333, 0.666667, 0.44257046], "species": [{"occu": 1, "element": "Li"}], "properties": {"magmom": 0.0}}, {"label": "Li", "xyz": [-1.649679559904322e-06, 2.28593838296862, 12.44641083616316], "abc": [0.333333, 0.666667, 0.55745884], "species": [{"occu": 1, "element": "Li"}], "properties": {"magmom": 0.0}}, {"label": "Cu", "xyz": [0.0, 0.0, 11.162529383426069], "abc": [0.0, 0.0, 0.49995543000000003], "species": [{"occu": 1, "element": "Cu"}], "properties": {"magmom": 0.0}}, {"label": "P", "xyz": [1.9796818696795602, 1.14296747703138, 11.163865657308719], "abc": [0.666667, 0.333333, 0.5000152800000001], "species": [{"occu": 1, "element": "P"}], "properties": {"magmom": -0.0}}], "@class": "Structure", "@module": "pymatgen.core.structure"}