{"lattice": {"a": 4.30054283, "c": 22.865869, "b": 4.30054283, "matrix": [[4.30054283, 0.0, 0.0], [0.0, 4.30054283, 0.0], [-0.0, 0.0, 22.865869]], "volume": 422.89667015291354, "beta": 90.0, "alpha": 90.0, "gamma": 90.0}, "sites": [{"label": "Hf", "xyz": [2.150271415, 2.150271415, 0.0], "abc": [0.5, 0.5, -0.0], "species": [{"occu": 1, "element": "Hf"}], "properties": {"magmom": -0.0}}, {"label": "Hf", "xyz": [0.0, 0.0, 0.0], "abc": [0.0, -0.0, -0.0], "species": [{"occu": 1, "element": "Hf"}], "properties": {"magmom": 0.0}}, {"label": "S", "xyz": [0.0, 2.150271415, 1.33009891069978], "abc": [0.0, 0.5, 0.05816962], "species": [{"occu": 1, "element": "S"}], "properties": {"magmom": -0.0}}, {"label": "S", "xyz": [2.150271415, 0.0, 21.535770089300218], "abc": [0.5, 0.0, 0.94183038], "species": [{"occu": 1, "element": "S"}], "properties": {"magmom": 0.0}}], "@class": "Structure", "@module": "pymatgen.core.structure"}