{"lattice": {"a": 4.521871390003924, "c": 20.000000000066827, "b": 4.528084809422204, "matrix": [[4.52187139, -5.929999999999999e-06, -5.699999999999999e-07], [-2.26094084, 3.92322553, -9.82e-06], [-2.52e-06, -5.164e-05, 20.0]], "volume": 354.80615746254284, "beta": 90.0000144414367, "alpha": 90.0002488281991, "gamma": 119.95476877327243}, "sites": [{"label": "Bi", "xyz": [2.260930705533503, 1.307154068988322, 8.946924348111176], "abc": [0.66659473, 0.33319041, 0.4473464], "species": [{"occu": 1, "element": "Bi"}], "properties": {"magmom": 0.037}}, {"label": "Pd", "xyz": [-1.492070521781688e-07, 2.616038946052897, 8.946585261838012], "abc": [0.33340827, 0.66681459, 0.4473296], "species": [{"occu": 1, "element": "Pd"}], "properties": {"magmom": 0.026000000000000002}}], "@class": "Structure", "@module": "pymatgen.core.structure"}