{"lattice": {"a": 3.3467318600000002, "c": 22.66818725, "b": 3.346731817486962, "matrix": [[3.3467318600000002, 0.0, -0.0], [1.67336543, 2.89835505, 0.0], [-0.0, 0.0, 22.66818725]], "volume": 219.88180593281115, "beta": 90.0, "alpha": 90.0, "gamma": 60.00000946398277}, "sites": [{"label": "Mn", "xyz": [0.0, 0.0, 11.334093625], "abc": [-0.0, 0.0, 0.5], "species": [{"occu": 1, "element": "Mn"}], "properties": {"magmom": 2.91}}, {"label": "S", "xyz": [3.34673320003243, 1.93223766611835, 12.657821914104783], "abc": [0.666667, 0.666667, 0.55839586], "species": [{"occu": 1, "element": "S"}], "properties": {"magmom": -0.028}}, {"label": "S", "xyz": [1.6733640899675701, 0.96611738388165, 10.010365335895214], "abc": [0.333333, 0.333333, 0.44160414000000003], "species": [{"occu": 1, "element": "S"}], "properties": {"magmom": -0.028}}], "@class": "Structure", "@module": "pymatgen.core.structure"}