{"lattice": {"a": 3.79354569, "c": 22.695846, "b": 3.793544048795281, "matrix": [[3.79354569, -2e-08, 0.0], [-1.89677188, 3.2853056, -0.0], [0.0, -0.0, 22.695846]], "volume": 282.85734962819583, "beta": 90.0, "alpha": 90.0, "gamma": 119.99999778377271}, "sites": [{"label": "Sc", "xyz": [-1.25343918986483e-06, 2.19020482176854, 1.4718971050149001], "abc": [0.333333, 0.666667, 0.06485315], "species": [{"occu": 1, "element": "Sc"}], "properties": {"magmom": 0.064}}, {"label": "Sc", "xyz": [1.8967750634391902, 1.09510075823146, 21.2239488949851], "abc": [0.666667, 0.333333, 0.93514685], "species": [{"occu": 1, "element": "Sc"}], "properties": {"magmom": 0.064}}, {"label": "Ge", "xyz": [0.0, 0.0, 0.0], "abc": [0.0, 0.0, 0.0], "species": [{"occu": 1, "element": "Ge"}], "properties": {"magmom": 0.001}}], "@class": "Structure", "@module": "pymatgen.core.structure"}