{"lattice": {"a": 3.6665199900000003, "c": 20.492495, "b": 3.666520338585571, "matrix": [[3.6665199900000003, -1e-08, 0.0], [-1.8332605100000001, 3.17529956, 0.0], [0.0, 0.0, 20.492495]], "volume": 238.5797600430435, "beta": 90.0, "alpha": 90.0, "gamma": 120.00000630406062}, "sites": [{"label": "Cu", "xyz": [0.0, 0.0, 9.996127171977301], "abc": [-0.0, 0.0, 0.48779454], "species": [{"occu": 1, "element": "Cu"}], "properties": {"magmom": 0.033}}, {"label": "S", "xyz": [-2.1765935000988337e-06, 2.11686742843319, 10.4963678280227], "abc": [0.333333, 0.666667, 0.51220546], "species": [{"occu": 1, "element": "S"}], "properties": {"magmom": 0.035}}], "@class": "Structure", "@module": "pymatgen.core.structure"}