{"lattice": {"a": 4.399901, "c": 23.529845, "b": 4.399900715240743, "matrix": [[4.399901, 0.0, 0.0], [-2.19995, 3.810426, 0.0], [0.0, 0.0, 23.529845]], "volume": 394.48954970688476, "beta": 90.0, "alpha": 90.0, "gamma": 119.99999462261215}, "sites": [{"label": "Sr", "xyz": [0.0, 0.0, 0.0], "abc": [0.0, 0.0, 0.0], "species": [{"occu": 1, "element": "Sr"}], "properties": {"magmom": 0.0}}, {"label": "Cl", "xyz": [2.199952866616999, 1.2701407298579999, 1.41376720698], "abc": [0.666667, 0.333333, 0.060084], "species": [{"occu": 1, "element": "Cl"}], "properties": {"magmom": -0.0}}, {"label": "Cl", "xyz": [-1.866617000043544e-06, 2.5402852701420002, 22.11607779302], "abc": [0.333333, 0.666667, 0.939916], "species": [{"occu": 1, "element": "Cl"}], "properties": {"magmom": -0.0}}], "@class": "Structure", "@module": "pymatgen.core.structure"}