{"lattice": {"a": 4.457497409607177, "c": 20.000098004756843, "b": 4.455936738697298, "matrix": [[4.45749245, 0.00062401, -0.00662008], [-2.22315172, 3.86172462, -0.0071839], [0.00019236, -0.0003915, 20.000098]], "volume": 344.3015858184925, "beta": 90.08454230345063, "alpha": 90.09361973069845, "gamma": 119.92029504361268}, "sites": [{"label": "Al", "xyz": [0.004976346566362, 2.574311549042263, 7.691257641478011], "abc": [0.33356683, 0.66660737, 0.38491085], "species": [{"occu": 1, "element": "Al"}], "properties": {"magmom": -0.0}}, {"label": "Sb", "xyz": [4.456391803405607, 0.0007030920956070001, 7.70972184948205], "abc": [0.99976617, 5.963e-05, 0.38581515], "species": [{"occu": 1, "element": "Sb"}], "properties": {"magmom": 0.0}}], "@class": "Structure", "@module": "pymatgen.core.structure"}