{"lattice": {"a": 3.62472489, "c": 23.354627, "b": 3.62472489, "matrix": [[3.62472489, 0.0, -0.0], [0.0, 3.62472489, 0.0], [0.0, -0.0, 23.354627]], "volume": 306.8478152765856, "beta": 90.0, "alpha": 90.0, "gamma": 90.0}, "sites": [{"label": "Cr", "xyz": [1.8123624450000002, 1.8123624450000002, 0.0], "abc": [0.5, 0.5, -0.0], "species": [{"occu": 1, "element": "Cr"}], "properties": {"magmom": -0.328}}, {"label": "Cr", "xyz": [0.0, 0.0, 0.0], "abc": [-0.0, -0.0, -0.0], "species": [{"occu": 1, "element": "Cr"}], "properties": {"magmom": -0.328}}, {"label": "Te", "xyz": [1.8123624450000002, 0.0, 1.89029174708728], "abc": [0.5, -0.0, 0.08093864], "species": [{"occu": 1, "element": "Te"}], "properties": {"magmom": 0.023}}, {"label": "Te", "xyz": [0.0, 1.8123624450000002, 21.464335252912722], "abc": [0.0, 0.5, 0.91906136], "species": [{"occu": 1, "element": "Te"}], "properties": {"magmom": 0.023}}], "@class": "Structure", "@module": "pymatgen.core.structure"}