{"lattice": {"a": 2.16649, "c": 24.664279, "b": 2.166489673469504, "matrix": [[2.16649, 0.0, 0.0], [-1.083245, 1.8762349999999999, 0.0], [0.0, 0.0, 24.664279]], "volume": 100.25645551363748, "beta": 90.0, "alpha": 90.0, "gamma": 120.0000049857344}, "sites": [{"label": "Be", "xyz": [0.0, 0.0, 0.0], "abc": [0.0, 0.0, 0.0], "species": [{"occu": 1, "element": "Be"}], "properties": {"magmom": 0.0}}, {"label": "C", "xyz": [-1.083244999995439e-06, 1.250823958745, 23.176505026441003], "abc": [0.333333, 0.666667, 0.9396789999999999], "species": [{"occu": 1, "element": "C"}], "properties": {"magmom": 0.0}}, {"label": "C", "xyz": [1.083246083245, 0.625411041255, 1.4877739735589999], "abc": [0.666667, 0.333333, 0.060321], "species": [{"occu": 1, "element": "C"}], "properties": {"magmom": 0.0}}], "@class": "Structure", "@module": "pymatgen.core.structure"}