{"lattice": {"a": 3.30757452, "c": 24.664279, "b": 3.30757403569252, "matrix": [[3.30757452, 0.0, 0.0], [-1.65378726, 2.864443, 0.0], [-0.0, 0.0, 24.664279]], "volume": 233.67822584913475, "beta": 90.0, "alpha": 90.0, "gamma": 120.00000484365965}, "sites": [{"label": "Ca", "xyz": [0.0, 0.0, 0.0], "abc": [0.0, 0.0, 0.0], "species": [{"occu": 1, "element": "Ca"}], "properties": {"magmom": 0.12}}, {"label": "C", "xyz": [-1.6537872601067311e-06, 1.909629621481, 23.00650820993303], "abc": [0.333333, 0.666667, 0.93278657], "species": [{"occu": 1, "element": "C"}], "properties": {"magmom": 0.598}}, {"label": "C", "xyz": [1.6537889137872601, 0.954813378519, 1.65777079006697], "abc": [0.666667, 0.333333, 0.06721343], "species": [{"occu": 1, "element": "C"}], "properties": {"magmom": 0.598}}], "@class": "Structure", "@module": "pymatgen.core.structure"}