{"lattice": {"a": 4.223723545793167, "c": 23.510095, "b": 4.225905654327517, "matrix": [[4.22372342, 0.00103084, 0.0], [-0.00231543, 4.22590502, 0.0], [0.0, 0.0, 23.510095]], "volume": 419.6330114011867, "beta": 90.0, "alpha": 90.0, "gamma": 90.01740954100303}, "sites": [{"label": "La", "xyz": [0.11099929553026101, 0.454125451622218, 10.468020263358], "abc": [0.02633887, 0.10745587000000001, 0.4452564], "species": [{"occu": 1, "element": "La"}], "properties": {"magmom": 0.001}}, {"label": "La", "xyz": [2.227887437194678, 2.560766926232141, 13.042074736642], "abc": [0.52780213, 0.60584013, 0.5547436], "species": [{"occu": 1, "element": "La"}], "properties": {"magmom": 0.001}}, {"label": "Se", "xyz": [2.220290870564532, 2.56806807095447, 9.99687913506275], "abc": [0.52600453, 0.60756828, 0.42521645], "species": [{"occu": 1, "element": "Se"}], "properties": {"magmom": -0.0}}, {"label": "Se", "xyz": [0.118595862160407, 0.44682430689988906, 13.513215864937251], "abc": [0.02813647, 0.10572772, 0.57478355], "species": [{"occu": 1, "element": "Se"}], "properties": {"magmom": -0.0}}], "@class": "Structure", "@module": "pymatgen.core.structure"}