{"lattice": {"a": 4.15847467, "c": 23.081241, "b": 4.15847467, "matrix": [[4.15847467, 0.0, -0.0], [0.0, 4.15847467, 0.0], [0.0, 0.0, 23.081241]], "volume": 399.1418597934816, "beta": 90.0, "alpha": 90.0, "gamma": 90.0}, "sites": [{"label": "Te", "xyz": [0.0, 2.079237335, 1.9278742724571891], "abc": [-0.0, 0.5, 0.08352559], "species": [{"occu": 1, "element": "Te"}], "properties": {"magmom": -0.001}}, {"label": "Te", "xyz": [2.079237335, 0.0, 21.153366727542807], "abc": [0.5, 0.0, 0.9164744100000001], "species": [{"occu": 1, "element": "Te"}], "properties": {"magmom": 0.001}}, {"label": "Au", "xyz": [0.0, 0.0, 0.0], "abc": [-0.0, 0.0, -0.0], "species": [{"occu": 1, "element": "Au"}], "properties": {"magmom": -0.0}}, {"label": "Au", "xyz": [2.079237335, 2.079237335, 0.0], "abc": [0.5, 0.5, 0.0], "species": [{"occu": 1, "element": "Au"}], "properties": {"magmom": 0.0}}], "@class": "Structure", "@module": "pymatgen.core.structure"}