{"lattice": {"a": 3.76444002, "c": 23.354627, "b": 3.76444002, "matrix": [[3.76444002, 0.0, 0.0], [0.0, 3.76444002, 0.0], [0.0, 0.0, 23.354627]], "volume": 330.95862156563607, "beta": 90.0, "alpha": 90.0, "gamma": 90.0}, "sites": [{"label": "W", "xyz": [1.8822200100000002, 1.8822200100000002, 0.0], "abc": [0.5, 0.5, 0.0], "species": [{"occu": 1, "element": "W"}], "properties": {"magmom": -0.001}}, {"label": "W", "xyz": [0.0, 0.0, 0.0], "abc": [0.0, 0.0, 0.0], "species": [{"occu": 1, "element": "W"}], "properties": {"magmom": -0.001}}, {"label": "S", "xyz": [1.8822200100000002, 0.0, 1.63653531706656], "abc": [0.5, 0.0, 0.07007328], "species": [{"occu": 1, "element": "S"}], "properties": {"magmom": 0.0}}, {"label": "S", "xyz": [0.0, 1.8822200100000002, 21.71809168293344], "abc": [0.0, 0.5, 0.92992672], "species": [{"occu": 1, "element": "S"}], "properties": {"magmom": 0.0}}], "@class": "Structure", "@module": "pymatgen.core.structure"}