{"lattice": {"a": 3.99844, "c": 22.685916, "b": 3.99844, "matrix": [[3.99844, 0.0, 0.0], [0.0, 3.99844, 0.0], [0.0, 0.0, 22.685916]], "volume": 362.69159097676516, "beta": 90.0, "alpha": 90.0, "gamma": 90.0}, "sites": [{"label": "Th", "xyz": [1.9992200000000002, 1.9992200000000002, 16.805885374212], "abc": [0.5, 0.5, 0.740807], "species": [{"occu": 1, "element": "Th"}], "properties": {"magmom": 0.0}}, {"label": "Si", "xyz": [0.0, 0.0, 15.617143375811999], "abc": [0.0, 0.0, 0.688407], "species": [{"occu": 1, "element": "Si"}], "properties": {"magmom": 0.0}}, {"label": "Si", "xyz": [0.0, 0.0, 17.994627372611998], "abc": [0.0, 0.0, 0.793207], "species": [{"occu": 1, "element": "Si"}], "properties": {"magmom": 0.0}}], "@class": "Structure", "@module": "pymatgen.core.structure"}