{"lattice": {"a": 3.6756786200000002, "c": 23.007692, "b": 3.6756788269217653, "matrix": [[3.6756786200000002, 0.0, 0.0], [-1.8378393100000001, 3.1832313, 0.0], [0.0, 0.0, 23.007692]], "volume": 269.2023108512745, "beta": 90.0, "alpha": 90.0, "gamma": 119.99999813778159}, "sites": [{"label": "Pd", "xyz": [0.0, 0.0, 0.0], "abc": [0.0, -0.0, 0.0], "species": [{"occu": 1, "element": "Pd"}], "properties": {"magmom": 1.179}}, {"label": "Cl", "xyz": [-1.837839310064563e-06, 2.1221552610771, 1.4003479885032801], "abc": [0.333333, 0.666667, 0.06086434], "species": [{"occu": 1, "element": "Cl"}], "properties": {"magmom": 0.314}}, {"label": "Cl", "xyz": [1.83784114783931, 1.0610760389229, 21.60734401149672], "abc": [0.666667, 0.333333, 0.93913566], "species": [{"occu": 1, "element": "Cl"}], "properties": {"magmom": 0.314}}], "@class": "Structure", "@module": "pymatgen.core.structure"}