{"lattice": {"a": 5.31092588, "c": 20.0, "b": 5.310925603134949, "matrix": [[5.31092588, 0.0, -0.0], [-2.65546294, 4.59939641, 0.0], [0.0, 0.0, 20.0]], "volume": 488.5410685249618, "beta": 90.0, "alpha": 90.0, "gamma": 120.00000172448702}, "sites": [{"label": "Cr", "xyz": [-2.655462940087602e-06, 3.06626580646547, 4.84002], "abc": [0.333333, 0.666667, 0.242001], "species": [{"occu": 1, "element": "Cr"}], "properties": {"magmom": 3.435}}, {"label": "Ge", "xyz": [1.325372250505586, 0.7652039724178331, 4.84002], "abc": [0.33274104, 0.16637052, 0.242001], "species": [{"occu": 1, "element": "Ge"}], "properties": {"magmom": 0.031}}, {"label": "Ge", "xyz": [3.9855536294944143, 0.7652039724178331, 4.84002], "abc": [0.83362948, 0.16637052, 0.242001], "species": [{"occu": 1, "element": "Ge"}], "properties": {"magmom": -0.016}}, {"label": "Ge", "xyz": [2.65546294, 3.068988465164333, 4.84002], "abc": [0.83362948, 0.6672589600000001, 0.242001], "species": [{"occu": 1, "element": "Ge"}], "properties": {"magmom": -0.025}}], "@class": "Structure", "@module": "pymatgen.core.structure"}