{"lattice": {"a": 3.85105869, "c": 23.016286, "b": 3.851058750715679, "matrix": [[3.85105869, 0.0, 0.0], [-1.92552934, 3.33511473, 0.0], [0.0, 0.0, 23.016286]], "volume": 295.61479181727344, "beta": 90.0, "alpha": 90.0, "gamma": 119.99999939256814}, "sites": [{"label": "Mg", "xyz": [0.0, 0.0, 11.508143], "abc": [0.0, 0.0, 0.5], "species": [{"occu": 1, "element": "Mg"}], "properties": {"magmom": -0.0}}, {"label": "Br", "xyz": [-1.922196010167063e-06, 2.22341093170491, 10.00459306923272], "abc": [0.333333, 0.666667, 0.43467452], "species": [{"occu": 1, "element": "Br"}], "properties": {"magmom": 0.0}}, {"label": "Br", "xyz": [1.9255312721960092, 1.11170379829509, 13.011692930767282], "abc": [0.666667, 0.333333, 0.56532548], "species": [{"occu": 1, "element": "Br"}], "properties": {"magmom": 0.0}}], "@class": "Structure", "@module": "pymatgen.core.structure"}