{"lattice": {"a": 2.951218003289293, "c": 23.089957, "b": 3.24195804136757, "matrix": [[2.95121799, -0.00028007, 0.0], [-1.474686, 2.88714273, 0.0], [0.0, 0.0, 23.089957]], "volume": 196.73046397273023, "beta": 90.0, "alpha": 90.0, "gamma": 117.06233582286886}, "sites": [{"label": "Mn", "xyz": [0.14351606640018702, 0.20944729532945103, 12.1919059882389], "abc": [0.08488328, 0.07255307, 0.5280176999999999], "species": [{"occu": 1, "element": "Mn"}], "properties": {"magmom": 3.934}}, {"label": "H", "xyz": [1.621616248939369, 0.7080753249662001, 10.035803902007949], "abc": [0.67205505, 0.24531643, 0.43463935000000004], "species": [{"occu": 1, "element": "H"}], "properties": {"magmom": 0.004}}, {"label": "O", "xyz": [1.620284916579589, 1.000441328131609, 10.96461104540758], "abc": [0.72220711, 0.34658612, 0.47486494], "species": [{"occu": 1, "element": "O"}], "properties": {"magmom": -0.001}}, {"label": "O", "xyz": [0.144694090801814, 2.162225450529665, 12.98759306434557], "abc": [0.42327256, 0.74895639, 0.56247801], "species": [{"occu": 1, "element": "O"}], "properties": {"magmom": -0.054}}], "@class": "Structure", "@module": "pymatgen.core.structure"}