{"lattice": {"a": 4.17798989, "c": 19.86158198, "b": 8.73691805, "matrix": [[4.17798989, 0.0, 0.0], [0.0, 8.73691805, 0.0], [0.0, 0.0, 19.86158198]], "volume": 725.0024665424002, "beta": 90.0, "alpha": 90.0, "gamma": 90.0}, "sites": [{"label": "Br", "xyz": [3.564382093322842, 7.701793598605887, 9.93079099], "abc": [0.8531332500000001, 0.88152293, 0.5], "species": [{"occu": 1, "element": "Br"}], "properties": {"magmom": 0.0}}, {"label": "Br", "xyz": [2.702602741677157, 3.333334573605886, 9.93079099], "abc": [0.64686675, 0.38152293, 0.5], "species": [{"occu": 1, "element": "Br"}], "properties": {"magmom": 0.0}}, {"label": "Br", "xyz": [1.475387148322842, 5.403583476394113, 9.93079099], "abc": [0.35313325, 0.61847707, 0.5], "species": [{"occu": 1, "element": "Br"}], "properties": {"magmom": 0.0}}, {"label": "Br", "xyz": [0.613607796677157, 1.035124451394113, 9.93079099], "abc": [0.14686675, 0.11847707, 0.5], "species": [{"occu": 1, "element": "Br"}], "properties": {"magmom": 0.0}}], "@class": "Structure", "@module": "pymatgen.core.structure"}