{"lattice": {"a": 2.76084752, "c": 23.889425, "b": 3.84489524, "matrix": [[2.76084752, 0.0, 0.0], [0.0, 3.84489524, 0.0], [0.0, 0.0, 23.889425]], "volume": 253.59029534619418, "beta": 90.0, "alpha": 90.0, "gamma": 90.0}, "sites": [{"label": "Cu", "xyz": [0.0, 1.92244762, 7.63615986023275], "abc": [-0.0, 0.5, 0.31964603], "species": [{"occu": 1, "element": "Cu"}], "properties": {"magmom": 0.002}}, {"label": "Cu", "xyz": [1.38042376, 0.0, 6.62157454711725], "abc": [0.5, -0.0, 0.27717597], "species": [{"occu": 1, "element": "Cu"}], "properties": {"magmom": -0.002}}, {"label": "S", "xyz": [0.0, 0.0, 8.85935766600675], "abc": [0.0, 0.0, 0.37084851], "species": [{"occu": 1, "element": "S"}], "properties": {"magmom": 0.002}}, {"label": "S", "xyz": [1.38042376, 1.92244762, 5.39837674134325], "abc": [0.5, 0.5, 0.22597349], "species": [{"occu": 1, "element": "S"}], "properties": {"magmom": -0.002}}], "@class": "Structure", "@module": "pymatgen.core.structure"}