{"lattice": {"a": 4.17989126, "c": 23.554212, "b": 4.179891790404705, "matrix": [[4.17989126, -0.0, 0.0], [-2.08994613, 3.61989234, 0.0], [0.0, 0.0, 23.554212]], "volume": 356.3930428849821, "beta": 90.0, "alpha": 90.0, "gamma": 120.00000371638511}, "sites": [{"label": "Yb", "xyz": [0.0, 0.0, 0.0], "abc": [0.0, 0.0, 0.0], "species": [{"occu": 1, "element": "Yb"}], "properties": {"magmom": 0.0}}, {"label": "Br", "xyz": [2.08994755327913, 1.206629573369219, 1.56539196627132], "abc": [0.666667, 0.333333, 0.06645911], "species": [{"occu": 1, "element": "Br"}], "properties": {"magmom": 0.0}}, {"label": "Br", "xyz": [-2.4232791300677208e-06, 2.413262766630779, 21.98882003372868], "abc": [0.333333, 0.666667, 0.9335408900000001], "species": [{"occu": 1, "element": "Br"}], "properties": {"magmom": 0.0}}], "@class": "Structure", "@module": "pymatgen.core.structure"}