{"lattice": {"a": 3.81995058, "c": 23.172597, "b": 3.81995058, "matrix": [[3.81995058, 0.0, 0.0], [0.0, 3.81995058, 0.0], [0.0, 0.0, 23.172597]], "volume": 338.1350552697531, "beta": 90.0, "alpha": 90.0, "gamma": 90.0}, "sites": [{"label": "Cu", "xyz": [1.90997529, 1.90997529, 11.5862985], "abc": [0.5, 0.5, 0.5], "species": [{"occu": 1, "element": "Cu"}], "properties": {"magmom": 0.0}}, {"label": "Cu", "xyz": [0.0, 0.0, 11.5862985], "abc": [-0.0, 0.0, 0.5], "species": [{"occu": 1, "element": "Cu"}], "properties": {"magmom": 0.0}}, {"label": "Br", "xyz": [0.0, 1.90997529, 9.92148597768006], "abc": [0.0, 0.5, 0.42815598], "species": [{"occu": 1, "element": "Br"}], "properties": {"magmom": 0.0}}, {"label": "Br", "xyz": [1.90997529, 0.0, 13.25111102231994], "abc": [0.5, 0.0, 0.57184402], "species": [{"occu": 1, "element": "Br"}], "properties": {"magmom": 0.0}}], "@class": "Structure", "@module": "pymatgen.core.structure"}