{"lattice": {"a": 3.20342021, "c": 24.664268, "b": 3.20342026123272, "matrix": [[3.20342021, 1e-08, 0.0], [-1.6017105900000002, 2.77424306, 0.0], [0.0, 0.0, 24.664268]], "volume": 219.19298500317316, "beta": 90.0, "alpha": 90.0, "gamma": 120.00000930868201}, "sites": [{"label": "Ba", "xyz": [0.0, 0.0, 12.332134], "abc": [0.0, -0.0, 0.5], "species": [{"occu": 1, "element": "Ba"}], "properties": {"magmom": 0.0}}, {"label": "Si", "xyz": [1.6017115450436, 0.92474676858565, 15.2734971778214], "abc": [0.666667, 0.333333, 0.6192560500000001], "species": [{"occu": 1, "element": "Si"}], "properties": {"magmom": 0.0}}, {"label": "Si", "xyz": [-1.925043599969722e-06, 1.84949630141435, 9.3907708221786], "abc": [0.333333, 0.666667, 0.38074395], "species": [{"occu": 1, "element": "Si"}], "properties": {"magmom": 0.0}}], "@class": "Structure", "@module": "pymatgen.core.structure"}