{"lattice": {"a": 4.07113208, "c": 24.981638, "b": 4.071132343980868, "matrix": [[4.07113208, 4e-08, 0.0], [-2.03556647, 3.52570386, -0.0], [-0.0, 0.0, 24.981638]], "volume": 358.57659334471043, "beta": 90.0, "alpha": 90.0, "gamma": 120.00000427996976}, "sites": [{"label": "Ge", "xyz": [-2.322232850167341e-06, 2.35047042856794, 22.5388897184935], "abc": [0.333333, 0.666667, 0.90221825], "species": [{"occu": 1, "element": "Ge"}], "properties": {"magmom": 0.113}}, {"label": "Ge", "xyz": [2.03556793223285, 1.17523347143206, 0.0], "abc": [0.666667, 0.333333, 0.0], "species": [{"occu": 1, "element": "Ge"}], "properties": {"magmom": 0.016}}, {"label": "Ge", "xyz": [-2.322232850167341e-06, 2.35047042856794, 2.4427482815065], "abc": [0.333333, 0.666667, 0.09778175], "species": [{"occu": 1, "element": "Ge"}], "properties": {"magmom": 0.113}}, {"label": "Ir", "xyz": [-2.322232850167341e-06, 2.35047042856794, 0.0], "abc": [0.333333, 0.666667, -0.0], "species": [{"occu": 1, "element": "Ir"}], "properties": {"magmom": 0.125}}], "@class": "Structure", "@module": "pymatgen.core.structure"}