{"lattice": {"a": 3.24989, "c": 26.270831, "b": 3.249889240621132, "matrix": [[3.24989, 0.0, 0.0], [-1.624944, 2.8144869999999997, 0.0], [0.0, 0.0, 26.270831]], "volume": 240.29333178790912, "beta": 90.0, "alpha": 90.0, "gamma": 119.9999873720576}, "sites": [{"label": "Sc", "xyz": [1.624946958278, 0.9381613951710001, 0.749611891754], "abc": [0.666667, 0.333333, 0.028534], "species": [{"occu": 1, "element": "Sc"}], "properties": {"magmom": 0.459}}, {"label": "Sc", "xyz": [-9.582779999967675e-07, 1.876325604829, 3.302611248333999], "abc": [0.333333, 0.666667, 0.125714], "species": [{"occu": 1, "element": "Sc"}], "properties": {"magmom": 0.466}}, {"label": "F", "xyz": [0.0, 0.0, 4.440768730578], "abc": [0.0, 0.0, 0.169038], "species": [{"occu": 1, "element": "F"}], "properties": {"magmom": 0.014}}, {"label": "F", "xyz": [0.0, 0.0, 25.882311680341], "abc": [0.0, 0.0, 0.985211], "species": [{"occu": 1, "element": "F"}], "properties": {"magmom": 0.014}}], "@class": "Structure", "@module": "pymatgen.core.structure"}