{"lattice": {"a": 4.016923801820917, "c": 22.84014489263947, "b": 4.016924032312549, "matrix": [[4.016915, 0.00407944, 0.00735327], [0.01515063, 4.01688873, 0.00735327], [-0.00596324, -0.00594683, 22.84014334]], "volume": 368.53608569456816, "beta": 89.91009013344596, "alpha": 89.910090146916, "gamma": 89.72551799404397}, "sites": [{"label": "Si", "xyz": [2.257369116827488, 2.251156155470443, 9.619325425897916], "abc": [0.5604766, 0.5604766, 0.42079783], "species": [{"occu": 1, "element": "Si"}], "properties": {"magmom": 0.0}}, {"label": "Si", "xyz": [0.24664233684442102, 0.24596350194839403, 7.281272800912247], "abc": [0.061641640000000004, 0.061641640000000004, 0.31875309], "species": [{"occu": 1, "element": "Si"}], "properties": {"magmom": 0.0}}, {"label": "Se", "xyz": [2.488524447888655, 2.481675277662181, 7.202216161797382], "abc": [0.61764929, 0.61764929, 0.31493378], "species": [{"occu": 1, "element": "Se"}], "properties": {"magmom": 0.0}}, {"label": "Se", "xyz": [0.46683830146271105, 0.465553420619402, 9.70090013101907], "abc": [0.11640947, 0.11640947, 0.42465531], "species": [{"occu": 1, "element": "Se"}], "properties": {"magmom": 0.0}}], "@class": "Structure", "@module": "pymatgen.core.structure"}