{"lattice": {"a": 3.03486328, "c": 22.61712, "b": 3.03486328, "matrix": [[3.03486328, 0.0, 0.0], [0.0, 3.03486328, 0.0], [0.0, 0.0, 22.61712]], "volume": 208.31261186400369, "beta": 90.0, "alpha": 90.0, "gamma": 90.0}, "sites": [{"label": "Ti", "xyz": [0.0, 0.0, 11.30856], "abc": [-0.0, -0.0, 0.5], "species": [{"occu": 1, "element": "Ti"}], "properties": {"magmom": 0.114}}, {"label": "S", "xyz": [1.5174316399999999, 1.5174316399999999, 12.740140464998401], "abc": [0.5, 0.5, 0.56329632], "species": [{"occu": 1, "element": "S"}], "properties": {"magmom": -0.021}}, {"label": "S", "xyz": [1.5174316399999999, 1.5174316399999999, 9.876979535001599], "abc": [0.5, 0.5, 0.43670368], "species": [{"occu": 1, "element": "S"}], "properties": {"magmom": -0.021}}], "@class": "Structure", "@module": "pymatgen.core.structure"}