{"lattice": {"a": 3.99426412, "c": 21.250951, "b": 3.994264139620069, "matrix": [[3.99426412, -0.0, -0.0], [-1.99713206, 3.45913422, 0.0], [-0.0, 0.0, 21.250951]], "volume": 293.6179233283283, "beta": 90.0, "alpha": 90.0, "gamma": 119.99999983751034}, "sites": [{"label": "In", "xyz": [0.0, 0.0, 1.6432620875205202], "abc": [0.0, -0.0, 0.07732652], "species": [{"occu": 1, "element": "In"}], "properties": {"magmom": 0.253}}, {"label": "S", "xyz": [1.997134057132059, 1.15304358695526, 2.81750378593848], "abc": [0.666667, 0.333333, 0.13258248], "species": [{"occu": 1, "element": "S"}], "properties": {"magmom": 0.28600000000000003}}], "@class": "Structure", "@module": "pymatgen.core.structure"}