{"lattice": {"a": 3.68465199, "c": 22.766088, "b": 3.684651968732031, "matrix": [[3.68465199, 0.0, 0.0], [1.842326, 3.1910022, 0.0], [0.0, 0.0, 22.766088]], "volume": 267.6775751960501, "beta": 90.0, "alpha": 90.0, "gamma": 59.999999719285285}, "sites": [{"label": "Mn", "xyz": [0.0, 0.0, 11.383044], "abc": [0.0, -0.0, 0.5], "species": [{"occu": 1, "element": "Mn"}], "properties": {"magmom": 4.436}}, {"label": "Cl", "xyz": [3.6846538356593292, 2.1273358636674002, 9.99088132721664], "abc": [0.666667, 0.666667, 0.43884928], "species": [{"occu": 1, "element": "Cl"}], "properties": {"magmom": 0.105}}, {"label": "Cl", "xyz": [1.8423241543406692, 1.0636663363326, 12.77520667278336], "abc": [0.333333, 0.333333, 0.56115072], "species": [{"occu": 1, "element": "Cl"}], "properties": {"magmom": 0.105}}], "@class": "Structure", "@module": "pymatgen.core.structure"}