{"lattice": {"a": 3.271039, "c": 24.623155, "b": 3.271038861916807, "matrix": [[3.271039, 0.0, 0.0], [-1.635519, 2.832803, 0.0], [0.0, 0.0, 24.623155]], "volume": 228.16330274253082, "beta": 90.0, "alpha": 90.0, "gamma": 119.9999912835101}, "sites": [{"label": "B", "xyz": [0.0, 0.0, 0.635326645309999], "abc": [0.0, 0.0, 0.025802], "species": [{"occu": 1, "element": "B"}], "properties": {"magmom": 0.0}}, {"label": "B", "xyz": [0.0, 0.0, 2.316127828765], "abc": [0.0, 0.0, 0.094063], "species": [{"occu": 1, "element": "B"}], "properties": {"magmom": 0.0}}, {"label": "Se", "xyz": [1.635521302186, 0.944266722399, 24.327209300055], "abc": [0.666667, 0.333333, 0.987981], "species": [{"occu": 1, "element": "Se"}], "properties": {"magmom": 0.0}}, {"label": "Se", "xyz": [-1.302186000005028e-06, 1.8885362776010002, 3.247375550865], "abc": [0.333333, 0.666667, 0.131883], "species": [{"occu": 1, "element": "Se"}], "properties": {"magmom": 0.0}}], "@class": "Structure", "@module": "pymatgen.core.structure"}