{"lattice": {"a": 2.81886386, "c": 22.903114, "b": 2.818864013659008, "matrix": [[2.81886386, -0.0, -0.0], [-1.40943193, 2.44120789, -0.0], [-0.0, 0.0, 22.903114]], "volume": 157.6062375167888, "beta": 90.0, "alpha": 90.0, "gamma": 119.9999981967917}, "sites": [{"label": "Ta", "xyz": [0.0, 0.0, 0.0], "abc": [-0.0, 0.0, 0.0], "species": [{"occu": 1, "element": "Ta"}], "properties": {"magmom": 0.0}}, {"label": "F", "xyz": [1.40943333943193, 0.813735149597369, 21.36733698754668], "abc": [0.666667, 0.333333, 0.93294462], "species": [{"occu": 1, "element": "F"}], "properties": {"magmom": 0.0}}, {"label": "F", "xyz": [-1.409431930013201e-06, 1.62747274040263, 1.535777012453319], "abc": [0.333333, 0.666667, 0.06705538], "species": [{"occu": 1, "element": "F"}], "properties": {"magmom": 0.0}}], "@class": "Structure", "@module": "pymatgen.core.structure"}