{"lattice": {"a": 4.257959890594688, "c": 24.98163800000196, "b": 4.257959564378137, "matrix": [[4.25795989, -7.115000000000001e-05, 1.41e-06], [-2.12904205, 3.6874652, 9e-08], [8.279999999999999e-06, 5.42e-06, 24.981638]], "volume": 392.2348854710826, "beta": 89.99996203671527, "alpha": 89.99999751904708, "gamma": 120.00192491721893}, "sites": [{"label": "Co", "xyz": [1.5057765968986382e-05, 2.458253941762418, 1.3270647075299992e-05], "abc": [0.33334219, 0.66665786, 5.1e-07], "species": [{"occu": 1, "element": "Co"}], "properties": {"magmom": -0.0}}, {"label": "Pb", "xyz": [-7.511421835693568e-05, 2.458315366539107, 22.391191310137675], "abc": [0.33332694, 0.6666732, 0.89630595], "species": [{"occu": 1, "element": "Pb"}], "properties": {"magmom": -0.0}}, {"label": "Pb", "xyz": [2.128978936583435, 1.229096484673956, -5.5252217623e-06], "abc": [0.66666978, 0.33333031, -2.6e-07], "species": [{"occu": 1, "element": "Pb"}], "properties": {"magmom": 0.0}}, {"label": "Pb", "xyz": [-7.982479900722651e-05, 2.458308968715418, 2.590441504436133], "abc": [0.33332709, 0.66667263, 0.10369379999999999], "species": [{"occu": 1, "element": "Pb"}], "properties": {"magmom": -0.0}}], "@class": "Structure", "@module": "pymatgen.core.structure"}