{"lattice": {"a": 5.71940327, "c": 20.0, "b": 5.719403161941125, "matrix": [[5.71940327, -2e-08, 0.0], [-2.85970117, 4.95314867, -0.0], [0.0, 0.0, 20.0]], "volume": 566.5810928560026, "beta": 90.0, "alpha": 90.0, "gamma": 119.99999544643444}, "sites": [{"label": "Cu", "xyz": [0.0, 0.0, 6.237019999999999], "abc": [0.0, 0.0, 0.311851], "species": [{"occu": 1, "element": "Cu"}], "properties": {"magmom": 0.0}}, {"label": "Hg", "xyz": [1.429804551253935, 2.4766011710659, 6.237019999999999], "abc": [0.49999458, 0.50000542, 0.311851], "species": [{"occu": 1, "element": "Hg"}], "properties": {"magmom": 0.0}}, {"label": "Hg", "xyz": [-1.429798366845624, 2.476601181065554, 6.237019999999999], "abc": [1.184e-05, 0.50000542, 0.311851], "species": [{"occu": 1, "element": "Hg"}], "properties": {"magmom": 0.0}}, {"label": "Hg", "xyz": [3.3246961293517172e-06, 4.953090014719856, 6.237019999999999], "abc": [0.49999458, 0.99998816, 0.311851], "species": [{"occu": 1, "element": "Hg"}], "properties": {"magmom": 0.0}}], "@class": "Structure", "@module": "pymatgen.core.structure"}