{"lattice": {"a": 4.16300526, "c": 22.485034, "b": 4.16300526, "matrix": [[4.16300526, 0.0, 0.0], [0.0, 4.16300526, 0.0], [0.0, 0.0, 22.485034]], "volume": 389.6794179316357, "beta": 90.0, "alpha": 90.0, "gamma": 90.0}, "sites": [{"label": "In", "xyz": [0.0, 0.0, 7.890814187633519], "abc": [0.0, -0.0, 0.35093628], "species": [{"occu": 1, "element": "In"}], "properties": {"magmom": -0.0}}, {"label": "Br", "xyz": [0.0, 0.0, 5.37454641114248], "abc": [-0.0, 0.0, 0.23902772], "species": [{"occu": 1, "element": "Br"}], "properties": {"magmom": 0.0}}], "@class": "Structure", "@module": "pymatgen.core.structure"}