{"lattice": {"a": 2.9274149400000002, "c": 23.108247, "b": 2.927415134458993, "matrix": [[2.9274149400000002, 0.0, 0.0], [1.4637074700000001, 2.53521593, 0.0], [0.0, 0.0, 23.108247]], "volume": 171.50083583422196, "beta": 90.0, "alpha": 90.0, "gamma": 60.000002197382805}, "sites": [{"label": "Mg", "xyz": [0.0, 0.0, 12.99959703665316], "abc": [-0.0, 0.0, 0.56255228], "species": [{"occu": 1, "element": "Mg"}], "properties": {"magmom": -0.009000000000000001}}, {"label": "U", "xyz": [2.9274164037074693, 1.69014479840531, 10.108649963346839], "abc": [0.666667, 0.666667, 0.43744772], "species": [{"occu": 1, "element": "U"}], "properties": {"magmom": 2.118}}], "@class": "Structure", "@module": "pymatgen.core.structure"}