{"lattice": {"a": 5.03153271, "c": 23.013137, "b": 5.031533104954692, "matrix": [[5.03153271, 0.0, 0.0], [-2.5157663599999998, 4.3574356, 0.0], [0.0, -0.0, 23.013137]], "volume": 504.5533575259416, "beta": 90.0, "alpha": 90.0, "gamma": 119.9999974691216}, "sites": [{"label": "Mg", "xyz": [-2.5190996903103907e-06, 2.9049585191452, 0.83862724856988], "abc": [0.333333, 0.666667, 0.03644124], "species": [{"occu": 1, "element": "Mg"}], "properties": {"magmom": -0.0}}, {"label": "Mg", "xyz": [2.515768869099689, 1.452477080854799, 22.17450975143012], "abc": [0.666667, 0.333333, 0.9635587600000001], "species": [{"occu": 1, "element": "Mg"}], "properties": {"magmom": -0.0}}, {"label": "Bi", "xyz": [0.0, 0.0, 0.0], "abc": [0.0, 0.0, 0.0], "species": [{"occu": 1, "element": "Bi"}], "properties": {"magmom": -0.0}}], "@class": "Structure", "@module": "pymatgen.core.structure"}