{"lattice": {"a": 4.77548131, "c": 23.942319, "b": 4.77548131, "matrix": [[4.77548131, 0.0, 0.0], [0.0, 4.77548131, 0.0], [0.0, 0.0, 23.942319]], "volume": 546.0098938165141, "beta": 90.0, "alpha": 90.0, "gamma": 90.0}, "sites": [{"label": "Tl", "xyz": [0.0, 0.0, 0.0], "abc": [-0.0, -0.0, 0.0], "species": [{"occu": 1, "element": "Tl"}], "properties": {"magmom": -0.0}}, {"label": "Tl", "xyz": [2.387740655, 2.387740655, 0.0], "abc": [0.5, 0.5, -0.0], "species": [{"occu": 1, "element": "Tl"}], "properties": {"magmom": -0.0}}, {"label": "P", "xyz": [2.387740655, 0.0, 22.516841690224382], "abc": [0.5, -0.0, 0.94046202], "species": [{"occu": 1, "element": "P"}], "properties": {"magmom": -0.0}}, {"label": "P", "xyz": [0.0, 2.387740655, 1.42547730977562], "abc": [0.0, 0.5, 0.059537980000000004], "species": [{"occu": 1, "element": "P"}], "properties": {"magmom": -0.0}}], "@class": "Structure", "@module": "pymatgen.core.structure"}