{"lattice": {"a": 4.51010511, "c": 22.656191, "b": 4.51010511, "matrix": [[4.51010511, 0.0, 0.0], [0.0, 4.51010511, 0.0], [0.0, 0.0, 22.656191]], "volume": 460.85067096737686, "beta": 90.0, "alpha": 90.0, "gamma": 90.0}, "sites": [{"label": "Ba", "xyz": [0.0, 0.0, 0.0], "abc": [0.0, -0.0, -0.0], "species": [{"occu": 1, "element": "Ba"}], "properties": {"magmom": 0.0}}, {"label": "F", "xyz": [0.0, 2.255052555, 21.59513632563992], "abc": [-0.0, 0.5, 0.95316712], "species": [{"occu": 1, "element": "F"}], "properties": {"magmom": 0.0}}, {"label": "F", "xyz": [2.255052555, 0.0, 1.06105467436008], "abc": [0.5, 0.0, 0.04683288], "species": [{"occu": 1, "element": "F"}], "properties": {"magmom": 0.0}}], "@class": "Structure", "@module": "pymatgen.core.structure"}