{"lattice": {"a": 4.26809327, "c": 24.44792, "b": 4.2647534, "matrix": [[4.26809327, 0.0, 0.0], [0.0, 4.2647534, 0.0], [0.0, 0.0, 24.44792]], "volume": 445.0099702923359, "beta": 90.0, "alpha": 90.0, "gamma": 90.0}, "sites": [{"label": "La", "xyz": [0.0, 2.1323767, 11.100837223952], "abc": [0.0, 0.5, 0.4540606], "species": [{"occu": 1, "element": "La"}], "properties": {"magmom": -0.001}}, {"label": "Te", "xyz": [0.0, 2.1323767, 14.3201823578912], "abc": [-0.0, 0.5, 0.58574236], "species": [{"occu": 1, "element": "Te"}], "properties": {"magmom": -0.0}}, {"label": "Te", "xyz": [2.134046635, 0.0, 13.7139135475216], "abc": [0.5, 0.0, 0.56094398], "species": [{"occu": 1, "element": "Te"}], "properties": {"magmom": -0.0}}, {"label": "Te", "xyz": [2.134046635, 0.0, 9.7608826671944], "abc": [0.5, 0.0, 0.39925207], "species": [{"occu": 1, "element": "Te"}], "properties": {"magmom": 0.0}}], "@class": "Structure", "@module": "pymatgen.core.structure"}