{"lattice": {"a": 4.186166310000001, "c": 23.731552, "b": 4.186166998500055, "matrix": [[4.18616631, -1e-07, -0.0], [-2.09308382, 3.62532678, 0.0], [0.0, 0.0, 23.731552]], "volume": 360.15526880387915, "beta": 90.0, "alpha": 90.0, "gamma": 120.00000643792443}, "sites": [{"label": "Bi", "xyz": [0.0, 0.0, 10.808060727360001], "abc": [0.0, -0.0, 0.45543000000000006], "species": [{"occu": 1, "element": "Bi"}], "properties": {"magmom": 0.039}}, {"label": "O", "xyz": [0.0, 0.0, 12.829375971771842], "abc": [-0.0, 0.0, 0.54060417], "species": [{"occu": 1, "element": "O"}], "properties": {"magmom": 0.424}}, {"label": "O", "xyz": [0.0, 0.0, 8.78676921450016], "abc": [-0.0, -0.0, 0.37025683], "species": [{"occu": 1, "element": "O"}], "properties": {"magmom": 0.425}}], "@class": "Structure", "@module": "pymatgen.core.structure"}