{"lattice": {"a": 3.2073795, "c": 22.903114, "b": 3.207378818803987, "matrix": [[3.2073795, -0.0, 0.0], [-1.60368975, 2.77767134, 0.0], [0.0, 0.0, 22.903114]], "volume": 204.04489877226374, "beta": 90.0, "alpha": 90.0, "gamma": 120.00000702560715}, "sites": [{"label": "Nb", "xyz": [0.0, 0.0, 0.0], "abc": [0.0, 0.0, -0.0], "species": [{"occu": 1, "element": "Nb"}], "properties": {"magmom": 0.0}}, {"label": "Cl", "xyz": [1.60369135368975, 0.92588952077622, 21.12715981808744], "abc": [0.666667, 0.333333, 0.92245796], "species": [{"occu": 1, "element": "Cl"}], "properties": {"magmom": -0.0}}, {"label": "Cl", "xyz": [-1.603689749938709e-06, 1.85178181922378, 1.7759541819125602], "abc": [0.333333, 0.666667, 0.07754204], "species": [{"occu": 1, "element": "Cl"}], "properties": {"magmom": -0.0}}], "@class": "Structure", "@module": "pymatgen.core.structure"}