{"lattice": {"a": 3.80762234, "c": 25.948554, "b": 3.807622232216948, "matrix": [[3.80762234, 0.0, 0.0], [-1.90381117, 3.29749755, 0.0], [0.0, 0.0, 25.948554]], "volume": 325.80032207324524, "beta": 90.0, "alpha": 90.0, "gamma": 120.00000093639402}, "sites": [{"label": "Sr", "xyz": [1.90381307381117, 1.09916475083415, 12.974277], "abc": [0.666667, 0.333333, 0.5], "species": [{"occu": 1, "element": "Sr"}], "properties": {"magmom": -0.0}}, {"label": "Mg", "xyz": [-1.903811169974463e-06, 2.19833279916585, 10.14240205856766], "abc": [0.333333, 0.666667, 0.39086579], "species": [{"occu": 1, "element": "Mg"}], "properties": {"magmom": -0.0}}, {"label": "Mg", "xyz": [-1.903811169974463e-06, 2.19833279916585, 15.806151941432342], "abc": [0.333333, 0.666667, 0.60913421], "species": [{"occu": 1, "element": "Mg"}], "properties": {"magmom": -0.0}}], "@class": "Structure", "@module": "pymatgen.core.structure"}