{"lattice": {"a": 5.25550051, "c": 22.656191, "b": 5.25550051, "matrix": [[5.25550051, 0.0, 0.0], [0.0, 5.25550051, -0.0], [0.0, -0.0, 22.656191]], "volume": 625.7704662685377, "beta": 90.0, "alpha": 90.0, "gamma": 90.0}, "sites": [{"label": "Ba", "xyz": [0.0, 0.0, 0.0], "abc": [-0.0, -0.0, 0.0], "species": [{"occu": 1, "element": "Ba"}], "properties": {"magmom": 0.0}}, {"label": "Br", "xyz": [0.0, 2.627750255, 21.00741660614712], "abc": [0.0, 0.5, 0.92722632], "species": [{"occu": 1, "element": "Br"}], "properties": {"magmom": 0.0}}, {"label": "Br", "xyz": [2.627750255, 0.0, 1.6487743938528792], "abc": [0.5, -0.0, 0.07277368000000001], "species": [{"occu": 1, "element": "Br"}], "properties": {"magmom": 0.0}}], "@class": "Structure", "@module": "pymatgen.core.structure"}