{"lattice": {"a": 5.89114237, "c": 20.0, "b": 5.891141986489533, "matrix": [[5.89114237, 1e-08, -0.0], [-2.94557066, 5.10187881, 0.0], [-0.0, -0.0, 20.0]], "volume": 601.1178890730376, "beta": 90.0, "alpha": 90.0, "gamma": 119.99999616029393}, "sites": [{"label": "Nd", "xyz": [-2.5955710100593553e-06, 3.4012542439596, 5.66366], "abc": [0.333333, 0.666667, 0.28318299999999996], "species": [{"occu": 1, "element": "Nd"}], "properties": {"magmom": -0.0}}, {"label": "Se", "xyz": [1.473525460247067, 0.8507402846352431, 5.66366], "abc": [0.33350077, 0.16675039, 0.28318299999999996], "species": [{"occu": 1, "element": "Se"}], "properties": {"magmom": 0.0}}, {"label": "Se", "xyz": [2.945571505456383, 3.400398306750812, 5.66366], "abc": [0.83324961, 0.66649923, 0.28318299999999996], "species": [{"occu": 1, "element": "Se"}], "properties": {"magmom": 0.0}}, {"label": "Se", "xyz": [4.417617025929418, 0.8507402896327321, 5.66366], "abc": [0.83324961, 0.16675039, 0.28318299999999996], "species": [{"occu": 1, "element": "Se"}], "properties": {"magmom": 0.0}}], "@class": "Structure", "@module": "pymatgen.core.structure"}