{"lattice": {"a": 3.20591172, "c": 22.585765, "b": 3.20591172, "matrix": [[3.20591172, 0.0, 0.0], [0.0, 3.20591172, 0.0], [0.0, 0.0, 22.585765]], "volume": 232.13355553656405, "beta": 90.0, "alpha": 90.0, "gamma": 90.0}, "sites": [{"label": "Ce", "xyz": [0.0, 0.0, 16.20153715051], "abc": [0.0, -0.0, 0.7173339999999999], "species": [{"occu": 1, "element": "Ce"}], "properties": {"magmom": -0.004}}, {"label": "Pb", "xyz": [1.60295586, 1.60295586, 13.49640732710075], "abc": [0.5, 0.5, 0.59756255], "species": [{"occu": 1, "element": "Pb"}], "properties": {"magmom": -0.0}}, {"label": "Pb", "xyz": [1.60295586, 1.60295586, 18.90666697391925], "abc": [0.5, 0.5, 0.83710545], "species": [{"occu": 1, "element": "Pb"}], "properties": {"magmom": -0.0}}], "@class": "Structure", "@module": "pymatgen.core.structure"}