{"lattice": {"a": 5.84307745, "c": 20.0, "b": 5.843077085518707, "matrix": [[5.84307745, 0.0, 0.0], [-2.92153872, 5.06025309, 0.0], [-0.0, 0.0, 20.0]], "volume": 591.3490144294364, "beta": 90.0, "alpha": 90.0, "gamma": 120.00000200684447}, "sites": [{"label": "Sn", "xyz": [1.461118195057297, 0.8435768793379611, 4.84002], "abc": [0.33341293, 0.16670646, 0.242001], "species": [{"occu": 1, "element": "Sn"}], "properties": {"magmom": -0.006}}, {"label": "Sn", "xyz": [4.3819592566097665, 0.8435768793379611, 4.84002], "abc": [0.8332935300000001, 0.16670646, 0.242001], "species": [{"occu": 1, "element": "Sn"}], "properties": {"magmom": -0.004}}, {"label": "Sn", "xyz": [2.921538757548322, 3.373099280721546, 4.84002], "abc": [0.83329354, 0.6665870700000001, 0.242001], "species": [{"occu": 1, "element": "Sn"}], "properties": {"magmom": -0.014}}, {"label": "W", "xyz": [-2.9182053900100002e-06, 3.37350374675103, 4.84002], "abc": [0.333333, 0.666667, 0.242001], "species": [{"occu": 1, "element": "W"}], "properties": {"magmom": 1.422}}], "@class": "Structure", "@module": "pymatgen.core.structure"}