{"lattice": {"a": 3.403632, "c": 23.825805, "b": 3.40363132698255, "matrix": [[3.403632, 0.0, 0.0], [-1.701816, 2.947631, 0.0], [0.0, 0.0, 23.825805]], "volume": 239.03599102395697, "beta": 90.0, "alpha": 90.0, "gamma": 120.00000654102534}, "sites": [{"label": "Y", "xyz": [0.0, 0.0, 15.293426842425001], "abc": [0.0, 0.0, 0.6418849999999999], "species": [{"occu": 1, "element": "Y"}], "properties": {"magmom": 0.551}}, {"label": "F", "xyz": [-1.701816000097262e-06, 1.9650883158769998, 13.983079044839998], "abc": [0.333333, 0.666667, 0.586888], "species": [{"occu": 1, "element": "F"}], "properties": {"magmom": 0.026000000000000002}}, {"label": "F", "xyz": [-1.701816000097262e-06, 1.9650883158769998, 16.60377464001], "abc": [0.333333, 0.666667, 0.696882], "species": [{"occu": 1, "element": "F"}], "properties": {"magmom": 0.026000000000000002}}], "@class": "Structure", "@module": "pymatgen.core.structure"}