{"lattice": {"a": 3.64633, "c": 20.0, "b": 3.6470502012641672, "matrix": [[3.64633, 0.0, 0.0], [-1.823165, 3.158646, 0.0], [0.0, 0.0, 20.0]], "volume": 230.3493133836, "beta": 90.0, "alpha": 90.0, "gamma": 119.99346779431976}, "sites": [{"label": "Ni", "xyz": [1.823164999832692e-06, 2.105670293502, 8.946760000000001], "abc": [0.333319, 0.6666369999999999, 0.44733799999999996], "species": [{"occu": 1, "element": "Ni"}], "properties": {"magmom": 0.0}}, {"label": "P", "xyz": [1.823165, 1.052991499728, 8.946760000000001], "abc": [0.6666839999999999, 0.333368, 0.44733799999999996], "species": [{"occu": 1, "element": "P"}], "properties": {"magmom": -0.0}}], "@class": "Structure", "@module": "pymatgen.core.structure"}