{"lattice": {"a": 4.26209636, "c": 23.942319, "b": 4.26209636, "matrix": [[4.26209636, 0.0, 0.0], [0.0, 4.26209636, 0.0], [0.0, -0.0, 23.942319]], "volume": 434.92336695751123, "beta": 90.0, "alpha": 90.0, "gamma": 90.0}, "sites": [{"label": "Ga", "xyz": [0.0, 0.0, 0.0], "abc": [-0.0, 0.0, 0.0], "species": [{"occu": 1, "element": "Ga"}], "properties": {"magmom": 0.0}}, {"label": "Ga", "xyz": [2.13104818, 2.13104818, 0.0], "abc": [0.5, 0.5, -0.0], "species": [{"occu": 1, "element": "Ga"}], "properties": {"magmom": 0.0}}, {"label": "Sb", "xyz": [2.13104818, 0.0, 22.139727181348142], "abc": [0.5, -0.0, 0.92471106], "species": [{"occu": 1, "element": "Sb"}], "properties": {"magmom": -0.0}}, {"label": "Sb", "xyz": [0.0, 2.13104818, 1.8025918186518601], "abc": [-0.0, 0.5, 0.07528894], "species": [{"occu": 1, "element": "Sb"}], "properties": {"magmom": -0.0}}], "@class": "Structure", "@module": "pymatgen.core.structure"}