{"lattice": {"a": 3.461709, "c": 18.250974, "b": 4.577109, "matrix": [[3.461709, 0.0, 0.0], [0.0, 4.577109, 0.0], [0.0, 0.0, 18.250974]], "volume": 289.1797370611926, "beta": 90.0, "alpha": 90.0, "gamma": 90.0}, "sites": [{"label": "Te", "xyz": [1.7308545, 0.0, 10.95688098603], "abc": [0.5, 0.0, 0.600345], "species": [{"occu": 1, "element": "Te"}], "properties": {"magmom": 0.0}}, {"label": "Te", "xyz": [0.0, 2.2885545, 8.926697391191999], "abc": [0.0, 0.5, 0.489108], "species": [{"occu": 1, "element": "Te"}], "properties": {"magmom": 0.0}}, {"label": "C", "xyz": [0.0, 0.0, 9.610652641842], "abc": [0.0, 0.0, 0.526583], "species": [{"occu": 1, "element": "C"}], "properties": {"magmom": -0.0}}, {"label": "C", "xyz": [1.7308545, 2.2885545, 10.272943986353999], "abc": [0.5, 0.5, 0.562871], "species": [{"occu": 1, "element": "C"}], "properties": {"magmom": -0.0}}], "@class": "Structure", "@module": "pymatgen.core.structure"}