{"lattice": {"a": 4.62345416, "c": 23.352528, "b": 4.6288217, "matrix": [[4.62345416, 0.0, 0.0], [0.0, 4.6288217, 0.0], [0.0, 0.0, 23.352528]], "volume": 499.77083655464264, "beta": 90.0, "alpha": 90.0, "gamma": 90.0}, "sites": [{"label": "Te", "xyz": [2.5831210188849623, 0.0, 10.00226745450528], "abc": [0.55869939, 0.0, 0.42831626], "species": [{"occu": 1, "element": "Te"}], "properties": {"magmom": -0.0}}, {"label": "Te", "xyz": [0.271393938884962, 2.31441085, 13.35026054549472], "abc": [0.058699390000000004, 0.5, 0.57168374], "species": [{"occu": 1, "element": "Te"}], "properties": {"magmom": -0.0}}, {"label": "Pb", "xyz": [2.6163276838219973, 0.0, 13.038216126499199], "abc": [0.56588161, -0.0, 0.5583214], "species": [{"occu": 1, "element": "Pb"}], "properties": {"magmom": 0.0}}, {"label": "Pb", "xyz": [0.30460060382199705, 2.31441085, 10.314311873500799], "abc": [0.06588161000000001, 0.5, 0.4416786], "species": [{"occu": 1, "element": "Pb"}], "properties": {"magmom": 0.0}}], "@class": "Structure", "@module": "pymatgen.core.structure"}