{"lattice": {"a": 3.6214623, "c": 21.250951, "b": 3.621462316759651, "matrix": [[3.6214623, 0.0, 0.0], [-1.81073115, 3.13627837, 0.0], [0.0, -0.0, 21.250951]], "volume": 241.36647131038376, "beta": 90.0, "alpha": 90.0, "gamma": 119.99999984691135}, "sites": [{"label": "B", "xyz": [0.0, 0.0, 1.81161785909929], "abc": [-0.0, -0.0, 0.08524879], "species": [{"occu": 1, "element": "B"}], "properties": {"magmom": -0.0}}, {"label": "Te", "xyz": [1.81073296073115, 1.045425077907209, 2.64914801435971], "abc": [0.666667, 0.333333, 0.12466021000000001], "species": [{"occu": 1, "element": "Te"}], "properties": {"magmom": -0.0}}], "@class": "Structure", "@module": "pymatgen.core.structure"}