{"lattice": {"a": 4.799547380000001, "c": 20.769747, "b": 4.7995463371692715, "matrix": [[4.79954738, 6.000000000000001e-08, -0.0], [-2.39977309, 4.1565291, 0.0], [0.0, 0.0, 20.769747]], "volume": 414.3452057444579, "beta": 90.0, "alpha": 90.0, "gamma": 119.99999820048336}, "sites": [{"label": "Sn", "xyz": [0.0, 0.0, 6.581965017407849], "abc": [-0.0, 0.0, 0.31690155000000003], "species": [{"occu": 1, "element": "Sn"}], "properties": {"magmom": -0.0}}, {"label": "Pb", "xyz": [2.3997762897734902, 1.38550835449032, 5.68961153032515], "abc": [0.666667, 0.333333, 0.27393745], "species": [{"occu": 1, "element": "Pb"}], "properties": {"magmom": -0.0}}], "@class": "Structure", "@module": "pymatgen.core.structure"}