{"lattice": {"a": 3.068221324323334, "c": 22.780419, "b": 3.068221961905914, "matrix": [[3.06822132, -0.00016288, 0.0], [-1.5332146999999998, 2.6576754300000003, 0.0], [0.0, 0.0, 22.780419]], "volume": 185.75351126839521, "beta": 90.0, "alpha": 90.0, "gamma": 119.98371716226829}, "sites": [{"label": "In", "xyz": [1.5341878155414501, 0.8859111628101151, 11.3902095], "abc": [0.66661853, 0.33338147, 0.5], "species": [{"occu": 1, "element": "In"}], "properties": {"magmom": 0.0}}, {"label": "Pd", "xyz": [0.0006451462631540001, 1.771701694007703, 9.33152526624318], "abc": [0.33334373, 0.66665627, 0.40962922], "species": [{"occu": 1, "element": "Pd"}], "properties": {"magmom": -0.0}}, {"label": "Pd", "xyz": [0.0006451462631540001, 1.771701694007703, 13.448893733756819], "abc": [0.33334373, 0.66665627, 0.59037078], "species": [{"occu": 1, "element": "Pd"}], "properties": {"magmom": -0.0}}], "@class": "Structure", "@module": "pymatgen.core.structure"}