{"lattice": {"a": 3.65488095, "c": 24.664279, "b": 3.654881481508875, "matrix": [[3.65488095, 2e-08, -0.0], [-1.8274409500000002, 3.16522009, 0.0], [-0.0, -0.0, 24.664279]], "volume": 285.32877687434404, "beta": 90.0, "alpha": 90.0, "gamma": 120.0000034741645}, "sites": [{"label": "Sr", "xyz": [0.0, 0.0, 0.0], "abc": [0.0, 0.0, 0.0], "species": [{"occu": 1, "element": "Sr"}], "properties": {"magmom": -0.0}}, {"label": "Pb", "xyz": [-2.144107300054117e-06, 2.11014778840669, 21.7867246997769], "abc": [0.333333, 0.666667, 0.8833310999999999], "species": [{"occu": 1, "element": "Pb"}], "properties": {"magmom": -0.0}}, {"label": "Pb", "xyz": [1.827442144107299, 1.05507232159331, 2.8775543002231], "abc": [0.666667, 0.333333, 0.11666889999999999], "species": [{"occu": 1, "element": "Pb"}], "properties": {"magmom": -0.0}}], "@class": "Structure", "@module": "pymatgen.core.structure"}