{"lattice": {"a": 3.86166943, "c": 23.448734, "b": 3.86166943, "matrix": [[3.86166943, 0.0, -0.0], [0.0, 3.86166943, 0.0], [0.0, 0.0, 23.448734]], "volume": 349.6790297323527, "beta": 90.0, "alpha": 90.0, "gamma": 90.0}, "sites": [{"label": "Nb", "xyz": [0.0, 0.0, 0.0], "abc": [-0.0, 0.0, -0.0], "species": [{"occu": 1, "element": "Nb"}], "properties": {"magmom": 0.082}}, {"label": "Nb", "xyz": [1.930834715, 1.930834715, 0.0], "abc": [0.5, 0.5, 0.0], "species": [{"occu": 1, "element": "Nb"}], "properties": {"magmom": 0.082}}, {"label": "Se", "xyz": [1.930834715, 0.0, 21.559575020923003], "abc": [0.5, 0.0, 0.9194344999999999], "species": [{"occu": 1, "element": "Se"}], "properties": {"magmom": 0.0}}, {"label": "Se", "xyz": [0.0, 1.930834715, 1.889158979077], "abc": [0.0, 0.5, 0.0805655], "species": [{"occu": 1, "element": "Se"}], "properties": {"magmom": 0.0}}], "@class": "Structure", "@module": "pymatgen.core.structure"}