{"lattice": {"a": 3.463112540000002, "c": 22.806944, "b": 3.455621247327715, "matrix": [[3.46311254, -1.3e-07, 0.0], [-1.73155682, 2.99048979, 0.0], [0.0, 0.0, 22.806944]], "volume": 236.19789111519316, "beta": 90.0, "alpha": 90.0, "gamma": 120.07175076814582}, "sites": [{"label": "Pb", "xyz": [-1.989126025788711e-07, 1.269836579858534, 12.477538571624962], "abc": [0.21231249, 0.42462496, 0.54709384], "species": [{"occu": 1, "element": "Pb"}], "properties": {"magmom": 0.0}}, {"label": "Pb", "xyz": [-5.35450222947779e-07, 2.9113788911462883, 8.21388530276736], "abc": [0.48677293, 0.97354586, 0.36014844], "species": [{"occu": 1, "element": "Pb"}], "properties": {"magmom": -0.0}}, {"label": "O", "xyz": [1.731557916820045, 0.27243408723558604, 13.518992125607681], "abc": [0.54555058, 0.09110018, 0.59275772], "species": [{"occu": 1, "element": "O"}], "properties": {"magmom": -0.0}}], "@class": "Structure", "@module": "pymatgen.core.structure"}