{"lattice": {"a": 3.81942626, "c": 23.042555, "b": 3.8221713, "matrix": [[3.81942626, 0.0, 0.0], [0.0, 3.8221713, -0.0], [0.0, -0.0, 23.042555]], "volume": 336.38677219758176, "beta": 90.0, "alpha": 90.0, "gamma": 90.0}, "sites": [{"label": "Cu", "xyz": [0.0, 0.9555428250000001, 22.16425276106585], "abc": [0.0, 0.25, 0.9618834700000001], "species": [{"occu": 1, "element": "Cu"}], "properties": {"magmom": 0.0}}, {"label": "Cu", "xyz": [0.0, 2.866628474999999, 0.87830223893415], "abc": [-0.0, 0.75, 0.03811653], "species": [{"occu": 1, "element": "Cu"}], "properties": {"magmom": 0.0}}, {"label": "I", "xyz": [1.90971313, 2.866628474999999, 21.25543503611965], "abc": [0.5, 0.75, 0.92244263], "species": [{"occu": 1, "element": "I"}], "properties": {"magmom": -0.0}}, {"label": "I", "xyz": [1.90971313, 0.9555428250000001, 1.78709692132535], "abc": [0.5, 0.25, 0.07755637], "species": [{"occu": 1, "element": "I"}], "properties": {"magmom": -0.0}}], "@class": "Structure", "@module": "pymatgen.core.structure"}