{"lattice": {"a": 4.21363402193724, "c": 22.476719351685645, "b": 4.574962298887828, "matrix": [[4.212157, 0.008237, -0.11125299999999999], [-0.012985, 4.573734, -0.105208], [-0.13124000000000002, -0.107734, 22.476078]], "volume": 432.8959028337099, "beta": 91.84802908647761, "alpha": 91.59137115268285, "gamma": 90.01580113494404}, "sites": [{"label": "Bi", "xyz": [2.648487757941, 3.847606589376, 5.867862770646], "abc": [0.6397379999999999, 0.846405, 0.2682], "species": [{"occu": 1, "element": "Bi"}], "properties": {"magmom": -0.0}}, {"label": "Bi", "xyz": [0.46436399282300006, 1.482820740325, 2.893752886839], "abc": [0.115329, 0.327078, 0.13085000000000002], "species": [{"occu": 1, "element": "Bi"}], "properties": {"magmom": -0.0}}, {"label": "As", "xyz": [2.574755831819, 4.190814137578, 3.132889052316], "abc": [0.618672, 0.9186209999999999, 0.14675000000000002], "species": [{"occu": 1, "element": "As"}], "properties": {"magmom": 0.0}}, {"label": "As", "xyz": [0.538156558735, 1.960375305462999, 5.611514062949], "abc": [0.136965, 0.434314, 0.25237699999999996], "species": [{"occu": 1, "element": "As"}], "properties": {"magmom": 0.0}}], "@class": "Structure", "@module": "pymatgen.core.structure"}