{"lattice": {"a": 3.25761061, "c": 22.353476, "b": 3.25714115, "matrix": [[3.25761061, 0.0, 0.0], [0.0, 3.25714115, 0.0], [0.0, 0.0, 22.353476]], "volume": 237.18150274569302, "beta": 90.0, "alpha": 90.0, "gamma": 90.0}, "sites": [{"label": "Be", "xyz": [0.0, 1.628570575, 10.39582892793468], "abc": [0.0, 0.5, 0.46506543], "species": [{"occu": 1, "element": "Be"}], "properties": {"magmom": -0.0}}, {"label": "Be", "xyz": [0.0, 0.0, 11.79992586317404], "abc": [0.0, 0.0, 0.52787879], "species": [{"occu": 1, "element": "Be"}], "properties": {"magmom": -0.0}}, {"label": "Be", "xyz": [1.6288053050000002, 0.0, 10.395443777543202], "abc": [0.5, 0.0, 0.46504819999999997], "species": [{"occu": 1, "element": "Be"}], "properties": {"magmom": -0.0}}, {"label": "Si", "xyz": [1.6288053050000002, 1.628570575, 12.11575343134808], "abc": [0.5, 0.5, 0.54200758], "species": [{"occu": 1, "element": "Si"}], "properties": {"magmom": 0.0}}], "@class": "Structure", "@module": "pymatgen.core.structure"}