{"lattice": {"a": 4.12152933, "c": 23.042555, "b": 3.99135735, "matrix": [[4.12152933, 0.0, 0.0], [0.0, 3.99135735, 0.0], [0.0, -0.0, 23.042555]], "volume": 379.0614677179737, "beta": 90.0, "alpha": 90.0, "gamma": 90.0}, "sites": [{"label": "Au", "xyz": [0.0, 0.9978393375000001, 22.01740301890195], "abc": [0.0, 0.25, 0.95551049], "species": [{"occu": 1, "element": "Au"}], "properties": {"magmom": -0.0}}, {"label": "Au", "xyz": [0.0, 2.9935180125, 1.02515198109805], "abc": [-0.0, 0.75, 0.04448951], "species": [{"occu": 1, "element": "Au"}], "properties": {"magmom": -0.0}}, {"label": "I", "xyz": [2.060764665, 2.9935180125, 21.1574656963028], "abc": [0.5, 0.75, 0.91819096], "species": [{"occu": 1, "element": "I"}], "properties": {"magmom": 0.0}}, {"label": "I", "xyz": [2.060764665, 0.9978393375000001, 1.8850662611422], "abc": [0.5, 0.25, 0.08180804], "species": [{"occu": 1, "element": "I"}], "properties": {"magmom": 0.0}}], "@class": "Structure", "@module": "pymatgen.core.structure"}