{"lattice": {"a": 2.73508, "c": 24.42588, "b": 2.73508, "matrix": [[2.73508, 0.0, 0.0], [0.0, 2.73508, 0.0], [0.0, 0.0, 24.42588]], "volume": 182.72176714441363, "beta": 90.0, "alpha": 90.0, "gamma": 90.0}, "sites": [{"label": "Ti", "xyz": [0.0, 1.36754, 7.191956107199999], "abc": [0.0, 0.5, 0.29444000000000004], "species": [{"occu": 1, "element": "Ti"}], "properties": {"magmom": -0.115}}, {"label": "Ti", "xyz": [1.36754, 0.0, 5.137983858], "abc": [0.5, 0.0, 0.21035], "species": [{"occu": 1, "element": "Ti"}], "properties": {"magmom": 0.115}}, {"label": "Cu", "xyz": [0.0, 1.36754, 3.23718630228], "abc": [0.0, 0.5, 0.13253099999999998], "species": [{"occu": 1, "element": "Cu"}], "properties": {"magmom": 0.006}}, {"label": "Cu", "xyz": [1.36754, 0.0, 9.09275366292], "abc": [0.5, 0.0, 0.372259], "species": [{"occu": 1, "element": "Cu"}], "properties": {"magmom": -0.006}}], "@class": "Structure", "@module": "pymatgen.core.structure"}