{"lattice": {"a": 4.169232, "c": 22.999467, "b": 4.169232, "matrix": [[4.169232, 0.0, 0.0], [0.0, 4.169232, 0.0], [0.0, 0.0, 22.999467]], "volume": 399.7881309358666, "beta": 90.0, "alpha": 90.0, "gamma": 90.0}, "sites": [{"label": "Te", "xyz": [2.084616, 0.0, 1.6823880115829999], "abc": [0.5, 0.0, 0.07314899999999999], "species": [{"occu": 1, "element": "Te"}], "properties": {"magmom": 0.001}}, {"label": "Te", "xyz": [0.0, 2.084616, 21.317078988417], "abc": [0.0, 0.5, 0.926851], "species": [{"occu": 1, "element": "Te"}], "properties": {"magmom": -0.001}}, {"label": "Pd", "xyz": [2.084616, 2.084616, 0.0], "abc": [0.5, 0.5, 0.0], "species": [{"occu": 1, "element": "Pd"}], "properties": {"magmom": 0.001}}, {"label": "Pd", "xyz": [0.0, 0.0, 0.0], "abc": [0.0, 0.0, 0.0], "species": [{"occu": 1, "element": "Pd"}], "properties": {"magmom": -0.0}}], "@class": "Structure", "@module": "pymatgen.core.structure"}