{"lattice": {"a": 4.10523626, "c": 20.0, "b": 4.105236254115062, "matrix": [[4.10523626, 0.0, 0.0], [-2.05261862, 3.5552386, 0.0], [0.0, 0.0, 20.0]], "volume": 291.9018882734327, "beta": 90.0, "alpha": 90.0, "gamma": 120.00000794419873}, "sites": [{"label": "Cu", "xyz": [0.0, 0.0, 10.0], "abc": [-0.0, 0.0, 0.5], "species": [{"occu": 1, "element": "Cu"}], "properties": {"magmom": 0.0}}, {"label": "Br", "xyz": [2.05262001928496, 1.185078348253799, 10.0], "abc": [0.666667, 0.333333, 0.5], "species": [{"occu": 1, "element": "Br"}], "properties": {"magmom": -0.0}}], "@class": "Structure", "@module": "pymatgen.core.structure"}