{"lattice": {"a": 4.7010169600000005, "c": 20.0, "b": 4.701016662406817, "matrix": [[4.7010169600000005, 0.0, 0.0], [-2.35050948, 4.07119919, 0.0], [0.0, 0.0, 20.0]], "volume": 382.7755287945652, "beta": 90.0, "alpha": 90.0, "gamma": 120.00001616751916}, "sites": [{"label": "Au", "xyz": [0.0, 0.0, 6.61966], "abc": [0.0, 0.0, 0.33098299999999997], "species": [{"occu": 1, "element": "Au"}], "properties": {"magmom": -0.0}}, {"label": "I", "xyz": [-3.0171754802401797e-06, 2.71413415039973, 6.61966], "abc": [0.333333, 0.666667, 0.33098299999999997], "species": [{"occu": 1, "element": "I"}], "properties": {"magmom": -0.0}}], "@class": "Structure", "@module": "pymatgen.core.structure"}