{"lattice": {"a": 3.192709, "c": 22.61712, "b": 3.192709, "matrix": [[3.192709, 0.0, 0.0], [0.0, 3.192709, 0.0], [0.0, 0.0, 22.61712]], "volume": 230.54514199597918, "beta": 90.0, "alpha": 90.0, "gamma": 90.0}, "sites": [{"label": "Hf", "xyz": [1.5963545, 1.5963545, 0.0], "abc": [0.5, 0.5, 0.0], "species": [{"occu": 1, "element": "Hf"}], "properties": {"magmom": -0.0}}, {"label": "S", "xyz": [0.0, 0.0, 21.14246115888], "abc": [0.0, 0.0, 0.9347989999999999], "species": [{"occu": 1, "element": "S"}], "properties": {"magmom": 0.0}}, {"label": "S", "xyz": [0.0, 0.0, 1.47465884112], "abc": [0.0, 0.0, 0.065201], "species": [{"occu": 1, "element": "S"}], "properties": {"magmom": 0.0}}], "@class": "Structure", "@module": "pymatgen.core.structure"}