{"lattice": {"a": 3.515648018637389, "c": 23.119205000000974, "b": 3.515640018637289, "matrix": [[3.515648, -0.00036199999999999996, -1e-06], [-0.00036199999999999996, 3.51564, 0.0], [-6e-06, -3e-06, 23.119205]], "volume": 285.74765419364815, "beta": 90.00003116625207, "alpha": 90.00000743329797, "gamma": 90.0117993016986}, "sites": [{"label": "Mn", "xyz": [0.0, 0.0, 0.0], "abc": [0.0, 0.0, 0.0], "species": [{"occu": 1, "element": "Mn"}], "properties": {"magmom": 1.338}}, {"label": "Mn", "xyz": [1.7576429999999998, 1.757639, -5e-07], "abc": [0.5, 0.5, 0.0], "species": [{"occu": 1, "element": "Mn"}], "properties": {"magmom": 1.316}}, {"label": "S", "xyz": [-0.00018136498599999998, 1.757819817507, 1.406364359355], "abc": [0.0, 0.5, 0.060830999999999996], "species": [{"occu": 1, "element": "S"}], "properties": {"magmom": -0.094}}, {"label": "S", "xyz": [1.757818364986, -0.000183817507, 21.712840140645003], "abc": [0.5, 0.0, 0.9391689999999999], "species": [{"occu": 1, "element": "S"}], "properties": {"magmom": -0.095}}], "@class": "Structure", "@module": "pymatgen.core.structure"}