{"lattice": {"a": 3.688999284423125, "c": 23.682192, "b": 3.688999500412429, "matrix": [[3.68899922, -0.00068943, 0.0], [1.8415086299999999, 3.19649234, 0.0], [0.0, 0.0, 23.682192]], "volume": 279.28710595321496, "beta": 90.0, "alpha": 90.0, "gamma": 60.06433693600068}, "sites": [{"label": "Nb", "xyz": [0.0, 0.0, 11.841096], "abc": [0.0, -0.0, 0.5], "species": [{"occu": 1, "element": "Nb"}], "properties": {"magmom": 0.176}}, {"label": "Te", "xyz": [1.8449888116061701, 1.066126434129994, 9.9939821209872], "abc": [0.33360206000000003, 0.33360206000000003, 0.4220041], "species": [{"occu": 1, "element": "Te"}], "properties": {"magmom": -0.004}}, {"label": "Te", "xyz": [3.685519038393828, 2.129676475870005, 13.6882098790128], "abc": [0.66639794, 0.66639794, 0.5779959], "species": [{"occu": 1, "element": "Te"}], "properties": {"magmom": -0.004}}], "@class": "Structure", "@module": "pymatgen.core.structure"}