{"lattice": {"a": 4.095882823430252, "c": 23.144466, "b": 4.095742798696012, "matrix": [[4.09588282, -0.00016763, 0.0], [2.04794612, 3.54697417, 0.0], [0.0, 0.0, 23.144466]], "volume": 336.25052913104753, "beta": 90.0, "alpha": 90.0, "gamma": 60.00113792657383}, "sites": [{"label": "V", "xyz": [0.0, 0.0, 11.572233], "abc": [0.0, 0.0, 0.5], "species": [{"occu": 1, "element": "V"}], "properties": {"magmom": 2.657}}, {"label": "I", "xyz": [4.095859766849447, 2.36455281669587, 9.99135325865058], "abc": [0.66665814, 0.66667093, 0.43169513], "species": [{"occu": 1, "element": "I"}], "properties": {"magmom": -0.046}}, {"label": "I", "xyz": [2.047969173150553, 1.18225372330413, 13.15311274134942], "abc": [0.33334186, 0.33332907, 0.56830487], "species": [{"occu": 1, "element": "I"}], "properties": {"magmom": -0.046}}], "@class": "Structure", "@module": "pymatgen.core.structure"}