{"lattice": {"a": 3.202072, "c": 22.240292501402493, "b": 4.036872121496172, "matrix": [[3.202072, 0.0, 0.0], [0.0, 4.030732, -0.222567], [0.0, -0.433976, 22.236058]], "volume": 286.68471398953045, "beta": 90.0, "alpha": 94.2786075178424, "gamma": 90.0}, "sites": [{"label": "Cr", "xyz": [1.6010360000000001, 1.1765199486440001, 9.298677381323], "abc": [0.5, 0.337275, 0.421556], "species": [{"occu": 1, "element": "Cr"}], "properties": {"magmom": 0.0}}, {"label": "O", "xyz": [1.6010360000000001, 2.78625869752, 9.465741579488], "abc": [0.5, 0.7378819999999999, 0.433079], "species": [{"occu": 1, "element": "O"}], "properties": {"magmom": -0.0}}, {"label": "O", "xyz": [0.0, 0.7518464474559999, 9.982692287204], "abc": [0.0, 0.235118, 0.451295], "species": [{"occu": 1, "element": "O"}], "properties": {"magmom": 0.0}}, {"label": "O", "xyz": [1.6010360000000001, 0.8898173936400001, 7.734251102334], "abc": [0.5, 0.258486, 0.350412], "species": [{"occu": 1, "element": "O"}], "properties": {"magmom": -0.0}}], "@class": "Structure", "@module": "pymatgen.core.structure"}