{"lattice": {"a": 7.417991326450763, "c": 20.0, "b": 7.41799090850748, "matrix": [[7.4179300900000005, -0.03014132, 0.0], [-3.36458498, 6.61106323, 0.0], [0.0, 0.0, 20.0]], "volume": 978.7798365632043, "beta": 90.0, "alpha": 90.0, "gamma": 117.20583151593212}, "sites": [{"label": "Sr", "xyz": [0.181378480480915, 4.427020962032217, 10.0], "abc": [0.32886237, 0.67113763, 0.5], "species": [{"occu": 1, "element": "Sr"}], "properties": {"magmom": 0.001}}, {"label": "Sr", "xyz": [3.871966629519084, 2.153900947967783, 10.0], "abc": [0.67113763, 0.32886237, 0.5], "species": [{"occu": 1, "element": "Sr"}], "properties": {"magmom": 0.001}}], "@class": "Structure", "@module": "pymatgen.core.structure"}