{"lattice": {"a": 4.37719235, "c": 24.623155, "b": 4.377192355271716, "matrix": [[4.37719235, -0.0, 0.0], [-2.1885956699999998, 3.79076007, 0.0], [0.0, 0.0, 24.623155]], "volume": 408.56920336044664, "beta": 90.0, "alpha": 90.0, "gamma": 119.99999232729247}, "sites": [{"label": "In", "xyz": [0.0, 0.0, 0.07463672250980001], "abc": [-0.0, 0.0, 0.00303116], "species": [{"occu": 1, "element": "In"}], "properties": {"magmom": 0.0}}, {"label": "In", "xyz": [0.0, 0.0, 2.8768177515652003], "abc": [-0.0, -0.0, 0.11683384000000001], "species": [{"occu": 1, "element": "In"}], "properties": {"magmom": 0.0}}, {"label": "Te", "xyz": [2.188598531929339, 1.26358542641331, 23.316423862674], "abc": [0.666667, 0.333333, 0.9469308], "species": [{"occu": 1, "element": "Te"}], "properties": {"magmom": -0.0}}, {"label": "Te", "xyz": [-1.851929340335927e-06, 2.52717464358669, 4.258160988246001], "abc": [0.333333, 0.666667, 0.17293319999999998], "species": [{"occu": 1, "element": "Te"}], "properties": {"magmom": -0.0}}], "@class": "Structure", "@module": "pymatgen.core.structure"}