{"lattice": {"a": 4.19576537, "c": 24.623946, "b": 4.195764822996052, "matrix": [[4.19576537, -0.0, 0.0], [-2.09788268, 3.63363877, -0.0], [0.0, -0.0, 24.623946]], "volume": 375.41411288795206, "beta": 90.0, "alpha": 90.0, "gamma": 120.00000423378069}, "sites": [{"label": "I", "xyz": [2.09788478454935, 1.21121171212041, 7.028043547589999], "abc": [0.666667, 0.333333, 0.285415], "species": [{"occu": 1, "element": "I"}], "properties": {"magmom": 0.223}}, {"label": "I", "xyz": [0.0, 0.0, 9.657450061335], "abc": [-0.0, 0.0, 0.3921975], "species": [{"occu": 1, "element": "I"}], "properties": {"magmom": 0.176}}, {"label": "I", "xyz": [0.0, 0.0, 4.398637033845], "abc": [-0.0, 0.0, 0.1786325], "species": [{"occu": 1, "element": "I"}], "properties": {"magmom": 0.176}}, {"label": "N", "xyz": [0.0, 0.0, 7.028043547589999], "abc": [-0.0, -0.0, 0.285415], "species": [{"occu": 1, "element": "N"}], "properties": {"magmom": 0.196}}], "@class": "Structure", "@module": "pymatgen.core.structure"}