{"lattice": {"a": 3.92924544, "c": 22.855457, "b": 3.92924544, "matrix": [[3.92924544, 0.0, 0.0], [0.0, 3.92924544, 0.0], [0.0, 0.0, 22.855457]], "volume": 352.8647087371385, "beta": 90.0, "alpha": 90.0, "gamma": 90.0}, "sites": [{"label": "Sn", "xyz": [0.0, 0.0, 11.4277285], "abc": [0.0, 0.0, 0.5], "species": [{"occu": 1, "element": "Sn"}], "properties": {"magmom": 0.0}}, {"label": "Se", "xyz": [1.96462272, 0.0, 13.0922205813933], "abc": [0.5, -0.0, 0.5728269], "species": [{"occu": 1, "element": "Se"}], "properties": {"magmom": -0.0}}, {"label": "Se", "xyz": [0.0, 1.96462272, 9.7632364186067], "abc": [-0.0, 0.5, 0.4271731], "species": [{"occu": 1, "element": "Se"}], "properties": {"magmom": -0.0}}], "@class": "Structure", "@module": "pymatgen.core.structure"}