{"lattice": {"a": 3.6112811799999998, "c": 23.168512, "b": 3.72734563, "matrix": [[3.6112811799999998, 0.0, 0.0], [0.0, 3.72734563, 0.0], [0.0, 0.0, 23.168512]], "volume": 311.8595964918833, "beta": 90.0, "alpha": 90.0, "gamma": 90.0}, "sites": [{"label": "Os", "xyz": [0.0, 0.0, 11.584256], "abc": [0.0, 0.0, 0.5], "species": [{"occu": 1, "element": "Os"}], "properties": {"magmom": -0.0}}, {"label": "Cl", "xyz": [1.8056405899999999, 3.727261876543693, 13.1850530591488], "abc": [0.5, 0.99997753, 0.56909365], "species": [{"occu": 1, "element": "Cl"}], "properties": {"magmom": 0.0}}, {"label": "Cl", "xyz": [1.8056405899999999, 8.37534563061e-05, 9.9834589408512], "abc": [0.5, 2.247e-05, 0.43090635], "species": [{"occu": 1, "element": "Cl"}], "properties": {"magmom": 0.0}}, {"label": "O", "xyz": [0.0, 1.8636728150000001, 11.584256], "abc": [0.0, 0.5, 0.5], "species": [{"occu": 1, "element": "O"}], "properties": {"magmom": 0.0}}], "@class": "Structure", "@module": "pymatgen.core.structure"}