{"lattice": {"a": 4.08782261, "c": 22.741369, "b": 4.08782261, "matrix": [[4.08782261, 0.0, 0.0], [0.0, 4.08782261, 0.0], [0.0, 0.0, 22.741369]], "volume": 380.0149549214735, "beta": 90.0, "alpha": 90.0, "gamma": 90.0}, "sites": [{"label": "Cd", "xyz": [2.043911305, 2.043911305, 0.0], "abc": [0.5, 0.5, 0.0], "species": [{"occu": 1, "element": "Cd"}], "properties": {"magmom": 0.0}}, {"label": "Br", "xyz": [0.0, 2.043911305, 21.07283657577952], "abc": [0.0, 0.5, 0.92663008], "species": [{"occu": 1, "element": "Br"}], "properties": {"magmom": 0.0}}, {"label": "Br", "xyz": [2.043911305, 0.0, 1.66853242422048], "abc": [0.5, 0.0, 0.07336992], "species": [{"occu": 1, "element": "Br"}], "properties": {"magmom": 0.0}}], "@class": "Structure", "@module": "pymatgen.core.structure"}