{"lattice": {"a": 3.1934343099999998, "c": 23.13104506, "b": 3.19343396416255, "matrix": [[3.1934343099999998, 0.0, 0.0], [-1.5967166499999998, 2.76559513, -0.0], [-0.0, 0.0, 23.13104506]], "volume": 204.28752337506077, "beta": 90.0, "alpha": 90.0, "gamma": 119.99999312015849}, "sites": [{"label": "W", "xyz": [0.0, 0.0, 11.565522529999999], "abc": [0.0, 0.0, 0.5], "species": [{"occu": 1, "element": "W"}], "properties": {"magmom": -0.0}}, {"label": "S", "xyz": [-1.2600503200224131e-06, 1.84373100853171, 13.139093291485112], "abc": [0.333333, 0.666667, 0.56802852], "species": [{"occu": 1, "element": "S"}], "properties": {"magmom": 0.0}}, {"label": "S", "xyz": [-1.2600503200224131e-06, 1.84373100853171, 9.99195176851489], "abc": [0.333333, 0.666667, 0.43197148], "species": [{"occu": 1, "element": "S"}], "properties": {"magmom": 0.0}}], "@class": "Structure", "@module": "pymatgen.core.structure"}