{"lattice": {"a": 2.98197387, "c": 22.704718, "b": 2.98197387, "matrix": [[2.98197387, 0.0, 0.0], [0.0, 2.98197387, 0.0], [0.0, 0.0, 22.704718]], "volume": 201.89417051232036, "beta": 90.0, "alpha": 90.0, "gamma": 90.0}, "sites": [{"label": "Al", "xyz": [0.0, 0.0, 9.935879758134], "abc": [-0.0, -0.0, 0.437613], "species": [{"occu": 1, "element": "Al"}], "properties": {"magmom": 0.001}}, {"label": "Al", "xyz": [0.0, 0.0, 12.768838241866], "abc": [0.0, 0.0, 0.562387], "species": [{"occu": 1, "element": "Al"}], "properties": {"magmom": 0.001}}, {"label": "Ru", "xyz": [1.490986935, 1.490986935, 11.352359], "abc": [0.5, 0.5, 0.5], "species": [{"occu": 1, "element": "Ru"}], "properties": {"magmom": 0.005}}], "@class": "Structure", "@module": "pymatgen.core.structure"}