{"lattice": {"a": 4.75392717, "c": 22.353476, "b": 4.75928281, "matrix": [[4.75392717, 0.0, 0.0], [0.0, 4.75928281, 0.0], [0.0, 0.0, 22.353476]], "volume": 505.7537397615634, "beta": 90.0, "alpha": 90.0, "gamma": 90.0}, "sites": [{"label": "Ca", "xyz": [0.0, 2.379641405, 10.08389198225844], "abc": [0.0, 0.5, 0.45111069000000004], "species": [{"occu": 1, "element": "Ca"}], "properties": {"magmom": 0.0}}, {"label": "Ca", "xyz": [0.0, 0.0, 12.66765829490572], "abc": [0.0, 0.0, 0.56669747], "species": [{"occu": 1, "element": "Ca"}], "properties": {"magmom": 0.0}}, {"label": "Ca", "xyz": [2.376963585, 0.0, 10.09593134089728], "abc": [0.5, 0.0, 0.45164928], "species": [{"occu": 1, "element": "Ca"}], "properties": {"magmom": 0.0}}, {"label": "Si", "xyz": [2.376963585, 2.379641405, 11.85947038193856], "abc": [0.5, 0.5, 0.53054256], "species": [{"occu": 1, "element": "Si"}], "properties": {"magmom": -0.0}}], "@class": "Structure", "@module": "pymatgen.core.structure"}