{"lattice": {"a": 4.26022941, "c": 25.090207, "b": 4.260229873687172, "matrix": [[4.26022941, -3.0000000000000004e-08, 0.0], [-2.13011526, 3.68946711, 0.0], [0.0, 0.0, 25.090207]], "volume": 394.36727711501595, "beta": 90.0, "alpha": 90.0, "gamma": 120.0000054219446}, "sites": [{"label": "Na", "xyz": [0.0, 0.0, 10.462177491279569], "abc": [0.0, 0.0, 0.41698251000000003], "species": [{"occu": 1, "element": "Na"}], "properties": {"magmom": 0.007}}, {"label": "Mn", "xyz": [-2.5001148901854647e-06, 2.45964595982238, 13.80561116217921], "abc": [0.333333, 0.666667, 0.55023903], "species": [{"occu": 1, "element": "Mn"}], "properties": {"magmom": 3.776}}, {"label": "Se", "xyz": [-2.5001148901854647e-06, 2.45964595982238, 11.469925655434569], "abc": [0.333333, 0.666667, 0.45714751000000003], "species": [{"occu": 1, "element": "Se"}], "properties": {"magmom": -0.012}}, {"label": "Se", "xyz": [2.13011665011489, 1.22982112017762, 14.44267485180172], "abc": [0.666667, 0.333333, 0.57562996], "species": [{"occu": 1, "element": "Se"}], "properties": {"magmom": -0.108}}], "@class": "Structure", "@module": "pymatgen.core.structure"}