{"lattice": {"a": 4.26525254, "c": 23.293072, "b": 4.26525254, "matrix": [[4.26525254, 0.0, -0.0], [0.0, 4.26525254, 0.0], [-0.0, 0.0, 23.293072]], "volume": 423.756399255146, "beta": 90.0, "alpha": 90.0, "gamma": 90.0}, "sites": [{"label": "Sm", "xyz": [0.0, 2.13262627, 20.125844518528318], "abc": [0.0, 0.5, 0.8640270600000001], "species": [{"occu": 1, "element": "Sm"}], "properties": {"magmom": 0.0}}, {"label": "Sm", "xyz": [2.13262627, 0.0, 22.473131174943678], "abc": [0.5, 0.0, 0.96479894], "species": [{"occu": 1, "element": "Sm"}], "properties": {"magmom": 0.0}}, {"label": "Te", "xyz": [0.0, 2.13262627, 23.29211442181008], "abc": [-0.0, 0.5, 0.99995889], "species": [{"occu": 1, "element": "Te"}], "properties": {"magmom": -0.0}}, {"label": "Te", "xyz": [2.13262627, 0.0, 19.30686127166192], "abc": [0.5, -0.0, 0.82886711], "species": [{"occu": 1, "element": "Te"}], "properties": {"magmom": -0.0}}], "@class": "Structure", "@module": "pymatgen.core.structure"}