{"lattice": {"a": 4.73408437, "c": 20.16693, "b": 4.734084031413861, "matrix": [[4.73408437, 0.0, 0.0], [-2.36704218, 4.09983694, 0.0], [0.0, 0.0, 20.16693]], "volume": 391.419419570067, "beta": 90.0, "alpha": 90.0, "gamma": 120.00000229601798}, "sites": [{"label": "Hg", "xyz": [0.0, 0.0, 9.8422854574212], "abc": [-0.0, 0.0, 0.48804084000000003], "species": [{"occu": 1, "element": "Hg"}], "properties": {"magmom": 0.0}}, {"label": "Te", "xyz": [2.36704455370885, 1.36661094672102, 10.324644542578799], "abc": [0.666667, 0.333333, 0.51195916], "species": [{"occu": 1, "element": "Te"}], "properties": {"magmom": -0.0}}], "@class": "Structure", "@module": "pymatgen.core.structure"}