{"lattice": {"a": 3.573827, "c": 24.664279, "b": 3.57382677534796, "matrix": [[3.573827, 0.0, 0.0], [-1.786913, 3.095025, 0.0], [0.0, 0.0, 24.664279]], "volume": 272.8136596152993, "beta": 90.0, "alpha": 90.0, "gamma": 119.99999282329424}, "sites": [{"label": "Sr", "xyz": [0.0, 0.0, 0.0], "abc": [0.0, 0.0, 0.0], "species": [{"occu": 1, "element": "Sr"}], "properties": {"magmom": 0.0}}, {"label": "Sn", "xyz": [-1.453579999934518e-06, 2.063351031675, 21.85797733538], "abc": [0.333333, 0.666667, 0.8862200000000001], "species": [{"occu": 1, "element": "Sn"}], "properties": {"magmom": -0.0}}, {"label": "Sn", "xyz": [1.78691545358, 1.031673968325, 2.8063016646200003], "abc": [0.666667, 0.333333, 0.11378], "species": [{"occu": 1, "element": "Sn"}], "properties": {"magmom": -0.0}}], "@class": "Structure", "@module": "pymatgen.core.structure"}