{"lattice": {"a": 3.638459, "c": 23.00983930039082, "b": 3.613662826980542, "matrix": [[3.638459, 0.0, 0.0], [-1.819229, 3.122318, -0.009755999999999999], [0.0, 0.07919899999999999, 23.009703]], "volume": 261.402840168414, "beta": 90.0, "alpha": 89.98428803251927, "gamma": 120.2272375859867}, "sites": [{"label": "Au", "xyz": [0.0, 0.017872679932, 5.192553656604], "abc": [0.0, 0.0, 0.22566799999999998], "species": [{"occu": 1, "element": "Au"}], "properties": {"magmom": 0.0}}, {"label": "S", "xyz": [1.819227853425, 1.100756575405, 6.560310014066999], "abc": [0.672654, 0.345309, 0.285257], "species": [{"occu": 1, "element": "S"}], "properties": {"magmom": 0.0}}, {"label": "S", "xyz": [2.146575000151815e-06, 2.057306784459, 3.815041299141], "abc": [0.32734599999999997, 0.654691, 0.166079], "species": [{"occu": 1, "element": "S"}], "properties": {"magmom": 0.0}}], "@class": "Structure", "@module": "pymatgen.core.structure"}