{"lattice": {"a": 3.66372813, "c": 23.081229, "b": 3.66372813, "matrix": [[3.66372813, 0.0, 0.0], [0.0, 3.66372813, 0.0], [0.0, 0.0, 23.081229]], "volume": 309.81711669635325, "beta": 90.0, "alpha": 90.0, "gamma": 90.0}, "sites": [{"label": "Cu", "xyz": [0.0, 0.0, 11.5406145], "abc": [-0.0, -0.0, 0.5], "species": [{"occu": 1, "element": "Cu"}], "properties": {"magmom": -0.0}}, {"label": "Cu", "xyz": [1.831864065, 1.831864065, 11.5406145], "abc": [0.5, 0.5, 0.5], "species": [{"occu": 1, "element": "Cu"}], "properties": {"magmom": -0.0}}, {"label": "Se", "xyz": [0.0, 1.831864065, 13.17188820719286], "abc": [-0.0, 0.5, 0.57067534], "species": [{"occu": 1, "element": "Se"}], "properties": {"magmom": 0.0}}, {"label": "Se", "xyz": [1.831864065, 0.0, 9.909340792807141], "abc": [0.5, -0.0, 0.42932466], "species": [{"occu": 1, "element": "Se"}], "properties": {"magmom": 0.0}}], "@class": "Structure", "@module": "pymatgen.core.structure"}