{"lattice": {"a": 3.81419113, "c": 23.354627, "b": 3.81419113, "matrix": [[3.81419113, 0.0, 0.0], [0.0, 3.81419113, 0.0], [0.0, 0.0, 23.354627]], "volume": 339.76437418933307, "beta": 90.0, "alpha": 90.0, "gamma": 90.0}, "sites": [{"label": "W", "xyz": [1.907095565, 1.907095565, 0.0], "abc": [0.5, 0.5, 0.0], "species": [{"occu": 1, "element": "W"}], "properties": {"magmom": 0.014}}, {"label": "W", "xyz": [0.0, 0.0, 0.0], "abc": [0.0, -0.0, -0.0], "species": [{"occu": 1, "element": "W"}], "properties": {"magmom": 0.014}}, {"label": "Se", "xyz": [1.907095565, 0.0, 1.78106519270979], "abc": [0.5, 0.0, 0.07626177], "species": [{"occu": 1, "element": "Se"}], "properties": {"magmom": -0.0}}, {"label": "Se", "xyz": [0.0, 1.907095565, 21.57356180729021], "abc": [-0.0, 0.5, 0.92373823], "species": [{"occu": 1, "element": "Se"}], "properties": {"magmom": -0.0}}], "@class": "Structure", "@module": "pymatgen.core.structure"}