{"lattice": {"a": 3.11959868, "c": 21.950498, "b": 3.11959934337088, "matrix": [[3.11959868, 5e-08, -0.0], [-1.55979976, 2.70165223, 0.0], [-0.0, 0.0, 21.950498]], "volume": 185.00035142621178, "beta": 90.0, "alpha": 90.0, "gamma": 120.0000009546273}, "sites": [{"label": "Ti", "xyz": [0.0, 0.0, 0.0], "abc": [0.0, 0.0, -0.0], "species": [{"occu": 1, "element": "Ti"}], "properties": {"magmom": 0.001}}, {"label": "N", "xyz": [1.55980075979948, 0.9005498761159401, 21.02837426139848], "abc": [0.666667, 0.333333, 0.95799076], "species": [{"occu": 1, "element": "N"}], "properties": {"magmom": -0.003}}, {"label": "N", "xyz": [-1.839799479956871e-06, 1.8011024038840602, 0.9221237386015201], "abc": [0.333333, 0.666667, 0.04200924], "species": [{"occu": 1, "element": "N"}], "properties": {"magmom": -0.003}}], "@class": "Structure", "@module": "pymatgen.core.structure"}