{"lattice": {"a": 3.00121246, "c": 25.764018, "b": 3.001212501123746, "matrix": [[3.00121246, 0.0, 0.0], [1.50060623, 2.59912628, 0.0], [0.0, 0.0, 25.764018]], "volume": 200.9729998807396, "beta": 90.0, "alpha": 90.0, "gamma": 60.00000045327099}, "sites": [{"label": "Cr", "xyz": [0.0, 0.0, 11.76881199574626], "abc": [0.0, 0.0, 0.45679257], "species": [{"occu": 1, "element": "Cr"}], "properties": {"magmom": -0.0}}, {"label": "Ag", "xyz": [1.500604729393769, 0.86637456029124, 16.22130604531584], "abc": [0.333333, 0.333333, 0.62961088], "species": [{"occu": 1, "element": "Ag"}], "properties": {"magmom": -0.0}}, {"label": "S", "xyz": [1.500604729393769, 0.86637456029124, 13.25573772286512], "abc": [0.333333, 0.333333, 0.51450584], "species": [{"occu": 1, "element": "S"}], "properties": {"magmom": -0.0}}, {"label": "S", "xyz": [1.500604729393769, 0.86637456029124, 10.2821799784326], "abc": [0.333333, 0.333333, 0.39909069999999996], "species": [{"occu": 1, "element": "S"}], "properties": {"magmom": 0.0}}], "@class": "Structure", "@module": "pymatgen.core.structure"}