{"lattice": {"a": 4.95210139, "c": 23.633843, "b": 4.91642492, "matrix": [[4.95210139, 0.0, 0.0], [0.0, 4.91642492, 0.0], [0.0, 0.0, 23.633843]], "volume": 575.4045416093189, "beta": 90.0, "alpha": 90.0, "gamma": 90.0}, "sites": [{"label": "Tl", "xyz": [0.0, 2.45821246, 13.57615363505257], "abc": [0.0, 0.5, 0.57443699], "species": [{"occu": 1, "element": "Tl"}], "properties": {"magmom": 0.0}}, {"label": "Tl", "xyz": [2.476050695, 0.0, 10.05768936494743], "abc": [0.5, 0.0, 0.42556301], "species": [{"occu": 1, "element": "Tl"}], "properties": {"magmom": 0.0}}, {"label": "I", "xyz": [0.0, 2.45821246, 10.28008808166917], "abc": [-0.0, 0.5, 0.43497319], "species": [{"occu": 1, "element": "I"}], "properties": {"magmom": -0.0}}, {"label": "I", "xyz": [2.476050695, 0.0, 13.353754918330829], "abc": [0.5, 0.0, 0.56502681], "species": [{"occu": 1, "element": "I"}], "properties": {"magmom": -0.0}}], "@class": "Structure", "@module": "pymatgen.core.structure"}