{"lattice": {"a": 3.30336579, "c": 21.993132, "b": 5.50051585, "matrix": [[3.30336579, 0.0, 0.0], [0.0, 5.50051585, 0.0], [0.0, 0.0, 21.993132]], "volume": 399.61995645463423, "beta": 90.0, "alpha": 90.0, "gamma": 90.0}, "sites": [{"label": "Si", "xyz": [1.651682895, 2.750257925, 10.37795022090624], "abc": [0.5, 0.5, 0.47187232], "species": [{"occu": 1, "element": "Si"}], "properties": {"magmom": -0.0}}, {"label": "Si", "xyz": [0.0, 0.0, 12.066216930149759], "abc": [-0.0, -0.0, 0.54863568], "species": [{"occu": 1, "element": "Si"}], "properties": {"magmom": -0.0}}, {"label": "S", "xyz": [0.0, 2.750257925, 11.972127892209238], "abc": [0.0, 0.5, 0.54435757], "species": [{"occu": 1, "element": "S"}], "properties": {"magmom": -0.0}}, {"label": "S", "xyz": [1.651682895, 0.0, 10.47203925884676], "abc": [0.5, -0.0, 0.47615043], "species": [{"occu": 1, "element": "S"}], "properties": {"magmom": -0.0}}], "@class": "Structure", "@module": "pymatgen.core.structure"}