{"lattice": {"a": 3.08166998, "c": 24.898708, "b": 3.395139337122417, "matrix": [[3.08166998, 0.0, 0.0], [-1.54083499, 3.02535926, 0.0], [0.0, 0.0, 24.898708]], "volume": 232.1346088542168, "beta": 90.0, "alpha": 90.0, "gamma": 116.99003763386152}, "sites": [{"label": "Tm", "xyz": [0.0, 0.0, 12.449354], "abc": [0.0, 0.0, 0.5], "species": [{"occu": 1, "element": "Tm"}], "properties": {"magmom": -0.001}}, {"label": "P", "xyz": [-0.770417495, 1.51267963, 10.336915991920838], "abc": [0.0, 0.5, 0.41515873000000003], "species": [{"occu": 1, "element": "P"}], "properties": {"magmom": -0.0}}, {"label": "P", "xyz": [0.770417495, 1.51267963, 14.56179200807916], "abc": [0.5, 0.5, 0.58484127], "species": [{"occu": 1, "element": "P"}], "properties": {"magmom": -0.0}}], "@class": "Structure", "@module": "pymatgen.core.structure"}