{"lattice": {"a": 4.367301, "c": 23.814717, "b": 4.36730072001574, "matrix": [[4.367301, 0.0, 0.0], [-2.183651, 3.782193, 0.0], [0.0, 0.0, 23.814717]], "volume": 393.3709064940781, "beta": 90.0, "alpha": 90.0, "gamma": 120.00000969512824}, "sites": [{"label": "Au", "xyz": [0.0, 0.0, 6.302064744993], "abc": [0.0, 0.0, 0.264629], "species": [{"occu": 1, "element": "Au"}], "properties": {"magmom": 0.0}}, {"label": "Au", "xyz": [-2.516983999903595e-06, 2.521463260731, 4.971988985826], "abc": [0.333333, 0.666667, 0.208778], "species": [{"occu": 1, "element": "Au"}], "properties": {"magmom": 0.0}}, {"label": "I", "xyz": [-2.516983999903595e-06, 2.521463260731, 7.879908819828], "abc": [0.333333, 0.666667, 0.330884], "species": [{"occu": 1, "element": "I"}], "properties": {"magmom": -0.0}}, {"label": "I", "xyz": [0.0, 0.0, 3.39383531967], "abc": [0.0, 0.0, 0.14251], "species": [{"occu": 1, "element": "I"}], "properties": {"magmom": -0.0}}], "@class": "Structure", "@module": "pymatgen.core.structure"}