{"lattice": {"a": 3.14401771, "c": 22.61712, "b": 3.14401771, "matrix": [[3.14401771, 0.0, -0.0], [0.0, 3.14401771, 0.0], [0.0, 0.0, 22.61712]], "volume": 223.56677894075315, "beta": 90.0, "alpha": 90.0, "gamma": 90.0}, "sites": [{"label": "Ti", "xyz": [1.572008855, 1.572008855, 0.0], "abc": [0.5, 0.5, -0.0], "species": [{"occu": 1, "element": "Ti"}], "properties": {"magmom": 0.0}}, {"label": "Se", "xyz": [0.0, 0.0, 21.0464940046656], "abc": [0.0, 0.0, 0.93055588], "species": [{"occu": 1, "element": "Se"}], "properties": {"magmom": -0.0}}, {"label": "Se", "xyz": [0.0, 0.0, 1.5706259953344], "abc": [-0.0, 0.0, 0.06944412], "species": [{"occu": 1, "element": "Se"}], "properties": {"magmom": -0.0}}], "@class": "Structure", "@module": "pymatgen.core.structure"}