{"lattice": {"a": 4.7051169999999995, "c": 23.407847, "b": 4.705116880096073, "matrix": [[4.7051169999999995, 0.0, 0.0], [-2.352558, 4.074751, 0.0], [0.0, 0.0, 23.407847]], "volume": 448.779460798324, "beta": 90.0, "alpha": 90.0, "gamma": 119.99999381240816}, "sites": [{"label": "K", "xyz": [2.352561019225, 1.358248975083, 17.903866303502003], "abc": [0.666667, 0.333333, 0.7648659999999999], "species": [{"occu": 1, "element": "K"}], "properties": {"magmom": -0.0}}, {"label": "K", "xyz": [-2.019224999980798e-06, 2.716502024917, 22.47059680612], "abc": [0.333333, 0.666667, 0.95996], "species": [{"occu": 1, "element": "K"}], "properties": {"magmom": -0.0}}, {"label": "I", "xyz": [0.0, 0.0, 20.187231554811], "abc": [0.0, 0.0, 0.862413], "species": [{"occu": 1, "element": "I"}], "properties": {"magmom": -0.0}}], "@class": "Structure", "@module": "pymatgen.core.structure"}