{"lattice": {"a": 4.06333559, "c": 23.842566, "b": 4.063335025217494, "matrix": [[4.06333559, 0.0, 0.0], [-2.0316678, 3.51895119, 0.0], [0.0, 0.0, 23.842566]], "volume": 340.91721230950725, "beta": 90.0, "alpha": 90.0, "gamma": 120.00000467932193}, "sites": [{"label": "Tm", "xyz": [0.0, 0.0, 11.921283], "abc": [0.0, 0.0, 0.5], "species": [{"occu": 1, "element": "Tm"}], "properties": {"magmom": -0.001}}, {"label": "I", "xyz": [2.03166982500113, 1.17298255701627, 13.83841413952272], "abc": [0.666667, 0.333333, 0.58040792], "species": [{"occu": 1, "element": "I"}], "properties": {"magmom": 0.0}}, {"label": "I", "xyz": [-2.035001130146855e-06, 2.34596863298373, 10.00415186047728], "abc": [0.333333, 0.666667, 0.41959208000000003], "species": [{"occu": 1, "element": "I"}], "properties": {"magmom": 0.0}}], "@class": "Structure", "@module": "pymatgen.core.structure"}