{"lattice": {"a": 4.49271347575202, "c": 23.436881, "b": 4.492713368734368, "matrix": [[4.49267549, -0.01847476, 0.0], [0.04923874, 4.49244354, 0.0], [0.0, 0.0, 23.436881]], "volume": 473.0500214849462, "beta": 90.0, "alpha": 90.0, "gamma": 89.60765363984962}, "sites": [{"label": "Bi", "xyz": [1.483737416082014, 1.461541222734362, 13.495025921705379], "abc": [0.32667667, 0.32667667, 0.57580298], "species": [{"occu": 1, "element": "Bi"}], "properties": {"magmom": 0.0}}, {"label": "Bi", "xyz": [3.807102135131146, 3.750149217337397, 9.94185507829462], "abc": [0.83821533, 0.83821533, 0.42419702000000004], "species": [{"occu": 1, "element": "Bi"}], "properties": {"magmom": 0.0}}, {"label": "Te", "xyz": [3.804816371375756, 3.7478976478091752, 13.08789847137175], "abc": [0.83771207, 0.83771207, 0.55843175], "species": [{"occu": 1, "element": "Te"}], "properties": {"magmom": 0.0}}, {"label": "Te", "xyz": [1.4860277217516331, 1.463797266231365, 10.34898252862825], "abc": [0.32718093, 0.32718093, 0.44156825], "species": [{"occu": 1, "element": "Te"}], "properties": {"magmom": 0.0}}], "@class": "Structure", "@module": "pymatgen.core.structure"}