{"lattice": {"a": 4.6681159999999995, "c": 22.485034, "b": 4.6681159999999995, "matrix": [[4.6681159999999995, 0.0, 0.0], [0.0, 4.6681159999999995, 0.0], [0.0, 0.0, 22.485034]], "volume": 489.97827856235585, "beta": 90.0, "alpha": 90.0, "gamma": 90.0}, "sites": [{"label": "Tl", "xyz": [0.0, 0.0, 8.033947618268], "abc": [0.0, 0.0, 0.357302], "species": [{"occu": 1, "element": "Tl"}], "properties": {"magmom": -0.0}}, {"label": "I", "xyz": [0.0, 0.0, 5.231412980508], "abc": [0.0, 0.0, 0.23266199999999998], "species": [{"occu": 1, "element": "I"}], "properties": {"magmom": 0.0}}], "@class": "Structure", "@module": "pymatgen.core.structure"}