{"lattice": {"a": 4.52090861994725, "c": 20.274504, "b": 4.520908725505749, "matrix": [[4.52077224, -0.03511558, 0.0], [-2.28421012, 3.90140998, 0.0], [0.0, 0.0, 20.274504]], "volume": 355.96300607324866, "beta": 90.0, "alpha": 90.0, "gamma": 120.7932996508904}, "sites": [{"label": "Cd", "xyz": [-0.004992948278527001, 2.582935342062439, 10.12531051988904], "abc": [0.33493359, 0.66506641, 0.49941101], "species": [{"occu": 1, "element": "Cd"}], "properties": {"magmom": 0.019}}, {"label": "As", "xyz": [2.240949424848488, 1.2837094087124, 10.149193480110961], "abc": [0.66497741, 0.33502259, 0.50058899], "species": [{"occu": 1, "element": "As"}], "properties": {"magmom": 0.34400000000000003}}], "@class": "Structure", "@module": "pymatgen.core.structure"}