{"lattice": {"a": 5.33538147, "c": 22.656191, "b": 5.33538147, "matrix": [[5.33538147, 0.0, 0.0], [0.0, 5.33538147, 0.0], [-0.0, 0.0, 22.656191]], "volume": 644.9378263340082, "beta": 90.0, "alpha": 90.0, "gamma": 90.0}, "sites": [{"label": "Sr", "xyz": [0.0, 0.0, 0.0], "abc": [-0.0, -0.0, -0.0], "species": [{"occu": 1, "element": "Sr"}], "properties": {"magmom": -0.0}}, {"label": "I", "xyz": [0.0, 2.667690735, 20.97343096027566], "abc": [0.0, 0.5, 0.92572626], "species": [{"occu": 1, "element": "I"}], "properties": {"magmom": 0.001}}, {"label": "I", "xyz": [2.667690735, 0.0, 1.6827600397243399], "abc": [0.5, 0.0, 0.07427374], "species": [{"occu": 1, "element": "I"}], "properties": {"magmom": 0.001}}], "@class": "Structure", "@module": "pymatgen.core.structure"}