{"lattice": {"a": 3.7317123030670523, "c": 23.4368821908999, "b": 2.973298036210968, "matrix": [[3.731513, 0.0005819999999999999, -0.038563], [0.000464, 2.9732979999999998, -6e-06], [-0.0029909999999999997, -4.6e-05, 23.436882]], "volume": 260.0295161047923, "beta": 90.59940928617647, "alpha": 90.00022921722413, "gamma": 89.98212206884793}, "sites": [{"label": "Nb", "xyz": [0.0, 0.0, 0.0], "abc": [0.0, 0.0, 0.0], "species": [{"occu": 1, "element": "Nb"}], "properties": {"magmom": -0.0}}, {"label": "Te", "xyz": [1.840272043215, 0.000245640186, 21.282548327607003], "abc": [0.493899, 0.0, 0.9088919999999999], "species": [{"occu": 1, "element": "Te"}], "properties": {"magmom": 0.0}}, {"label": "Te", "xyz": [1.8882499567850002, 0.000290359814, 2.115770672393], "abc": [0.506101, 0.0, 0.091108], "species": [{"occu": 1, "element": "Te"}], "properties": {"magmom": 0.0}}], "@class": "Structure", "@module": "pymatgen.core.structure"}