{"lattice": {"a": 3.91212408, "c": 22.957399, "b": 3.91373016, "matrix": [[3.91212408, 0.0, 0.0], [0.0, 3.91373016, 0.0], [0.0, 0.0, 22.957399]], "volume": 351.5006902099754, "beta": 90.0, "alpha": 90.0, "gamma": 90.0}, "sites": [{"label": "Be", "xyz": [1.95606204, 0.0, 9.68356542855814], "abc": [0.5, -0.0, 0.42180586000000003], "species": [{"occu": 1, "element": "Be"}], "properties": {"magmom": 0.094}}, {"label": "Be", "xyz": [0.0, 1.95686508, 8.059225911438649], "abc": [-0.0, 0.5, 0.35105135], "species": [{"occu": 1, "element": "Be"}], "properties": {"magmom": 0.08700000000000001}}, {"label": "As", "xyz": [0.0, 0.0, 8.86533916378121], "abc": [0.0, 0.0, 0.38616479000000004], "species": [{"occu": 1, "element": "As"}], "properties": {"magmom": -0.006}}], "@class": "Structure", "@module": "pymatgen.core.structure"}