{"lattice": {"a": 3.8037419999999997, "c": 23.280418, "b": 4.257143564662225, "matrix": [[3.8037419999999997, 0.0, 0.0], [-1.9018700000000002, 3.808026, -0.07141299999999999], [0.0, 0.0, 23.280418]], "volume": 337.2109981518829, "beta": 90.0, "alpha": 90.96117393290344, "gamma": 116.53522403219645}, "sites": [{"label": "Mo", "xyz": [0.0, 0.0, 0.0], "abc": [0.0, 0.0, 0.0], "species": [{"occu": 1, "element": "Mo"}], "properties": {"magmom": 3.248}}, {"label": "Br", "xyz": [1.90187312085, 0.833877725454, 21.657988882731], "abc": [0.6094900000000001, 0.21897899999999998, 0.930981], "species": [{"occu": 1, "element": "Br"}], "properties": {"magmom": 0.054}}, {"label": "Br", "xyz": [-1.1208499996533709e-06, 2.974148274545999, 1.551016117269], "abc": [0.39051, 0.781021, 0.069019], "species": [{"occu": 1, "element": "Br"}], "properties": {"magmom": 0.054}}], "@class": "Structure", "@module": "pymatgen.core.structure"}