{"lattice": {"a": 3.547890740547671, "c": 23.81471700024419, "b": 3.5479039108428863, "matrix": [[3.54789074, 6.131000000000001e-05, 1.1280000000000002e-05], [-1.77389273, 3.07260911, -1.3130000000000001e-05], [8.748e-05, -6.307e-05, 23.814717]], "volume": 259.61352171402217, "beta": 89.99960737111115, "alpha": 90.00044868149273, "gamma": 119.99790549128726}, "sites": [{"label": "Au", "xyz": [3.547848466497355, 9.015918011000001e-05, 6.567428651075631], "abc": [0.9999888100000001, 1.505e-05, 0.27577138], "species": [{"occu": 1, "element": "Au"}], "properties": {"magmom": 0.0}}, {"label": "Au", "xyz": [7.842181572174952e-05, 2.048394668803221, 4.706122922008289], "abc": [0.33333752, 0.6666603600000001, 0.19761427], "species": [{"occu": 1, "element": "Au"}], "properties": {"magmom": 0.0}}, {"label": "Cl", "xyz": [0.000106676012822, 2.048380373846997, 8.259157005264663], "abc": [0.33334101, 0.6666587700000001, 0.34680916], "species": [{"occu": 1, "element": "Cl"}], "properties": {"magmom": 0.0}}, {"label": "Cl", "xyz": [1.7740046152442992, 3.072661881732749, 3.015112311855196], "abc": [0.99999865, 0.99999982, 0.12660718], "species": [{"occu": 1, "element": "Cl"}], "properties": {"magmom": 0.0}}], "@class": "Structure", "@module": "pymatgen.core.structure"}