{"lattice": {"a": 3.002679095662905, "c": 23.675575917390034, "b": 3.002551153846509, "matrix": [[3.001201, -0.001111, 0.09419699999999999], [0.031583, 3.000926, 0.09359], [-0.780015, -0.777543, 23.649945]], "volume": 213.43793074467007, "beta": 90.09056092199067, "alpha": 90.11653538227259, "gamma": 89.3627672821464}, "sites": [{"label": "Cr", "xyz": [2.774517154027, 1.257572853451, 5.153658332107], "abc": [0.9746159999999999, 0.474392, 0.21215499999999998], "species": [{"occu": 1, "element": "Cr"}], "properties": {"magmom": 0.0}}, {"label": "Cr", "xyz": [-0.137201539042, 1.348027068006, 7.024674432837999], "abc": [0.025384, 0.525608, 0.294846], "species": [{"occu": 1, "element": "Cr"}], "properties": {"magmom": 0.0}}, {"label": "P", "xyz": [1.3341692486580001, -0.166037949673999, 8.058518723234], "abc": [0.532177, 0.032572, 0.338493], "species": [{"occu": 1, "element": "P"}], "properties": {"magmom": 0.0}}, {"label": "P", "xyz": [1.303146366327, 2.771637871131, 4.119814041711], "abc": [0.467823, 0.967428, 0.168508], "species": [{"occu": 1, "element": "P"}], "properties": {"magmom": 0.0}}], "@class": "Structure", "@module": "pymatgen.core.structure"}