{"lattice": {"a": 3.31926495, "c": 20.0, "b": 3.319264910418713, "matrix": [[3.31926495, 0.0, 0.0], [-1.65963248, 2.87456772, 0.0], [0.0, 0.0, 20.0]], "volume": 190.82903758794828, "beta": 90.0, "alpha": 90.0, "gamma": 120.00000049412621}, "sites": [{"label": "Ni", "xyz": [1.65963413296581, 0.95818828181076, 5.23336], "abc": [0.666667, 0.333333, 0.261668], "species": [{"occu": 1, "element": "Ni"}], "properties": {"magmom": 0.0}}, {"label": "H", "xyz": [-0.8088244466708471, 2.383353481725429, 5.23336], "abc": [0.17088282, 0.82911718, 0.261668], "species": [{"occu": 1, "element": "H"}], "properties": {"magmom": -0.0}}, {"label": "H", "xyz": [-1.661341308267438e-06, 0.9824313511168601, 5.23336], "abc": [0.17088282, 0.34176664, 0.261668], "species": [{"occu": 1, "element": "H"}], "properties": {"magmom": -0.0}}, {"label": "H", "xyz": [0.8088211191147251, 2.383353481725429, 5.23336], "abc": [0.65823336, 0.82911718, 0.261668], "species": [{"occu": 1, "element": "H"}], "properties": {"magmom": -0.0}}], "@class": "Structure", "@module": "pymatgen.core.structure"}