{"lattice": {"a": 3.15024344, "c": 22.343883, "b": 3.23420886, "matrix": [[3.15024344, 0.0, 0.0], [0.0, 3.23420886, 0.0], [0.0, 0.0, 22.343883]], "volume": 227.65166289012657, "beta": 90.0, "alpha": 90.0, "gamma": 90.0}, "sites": [{"label": "Tl", "xyz": [0.0, 2.425656645, 12.692155172375791], "abc": [-0.0, 0.75, 0.56803713], "species": [{"occu": 1, "element": "Tl"}], "properties": {"magmom": 0.001}}, {"label": "Tl", "xyz": [0.0, 0.8085522150000001, 9.65172782762421], "abc": [0.0, 0.25, 0.43196287], "species": [{"occu": 1, "element": "Tl"}], "properties": {"magmom": -0.001}}], "@class": "Structure", "@module": "pymatgen.core.structure"}