{"lattice": {"a": 3.61556275, "c": 23.530221, "b": 3.61556275, "matrix": [[3.61556275, 0.0, 0.0], [0.0, 3.61556275, 0.0], [0.0, 0.0, 23.530221]], "volume": 307.5939667778572, "beta": 90.0, "alpha": 90.0, "gamma": 90.0}, "sites": [{"label": "Cu", "xyz": [1.807781375, 1.807781375, 0.0], "abc": [0.5, 0.5, -0.0], "species": [{"occu": 1, "element": "Cu"}], "properties": {"magmom": 0.198}}, {"label": "Br", "xyz": [1.807781375, 0.0, 1.55953998757557], "abc": [0.5, -0.0, 0.06627817], "species": [{"occu": 1, "element": "Br"}], "properties": {"magmom": 0.089}}, {"label": "Br", "xyz": [0.0, 1.807781375, 21.97065748220343], "abc": [0.0, 0.5, 0.9337208300000001], "species": [{"occu": 1, "element": "Br"}], "properties": {"magmom": 0.075}}], "@class": "Structure", "@module": "pymatgen.core.structure"}