{"lattice": {"a": 3.01679873, "c": 23.530469, "b": 3.01679873, "matrix": [[3.01679873, 0.0, 0.0], [0.0, 3.01679873, 0.0], [0.0, 0.0, 23.530469]], "volume": 214.1525532085426, "beta": 90.0, "alpha": 90.0, "gamma": 90.0}, "sites": [{"label": "As", "xyz": [0.0, 0.0, 14.68359927059217], "abc": [0.0, 0.0, 0.62402493], "species": [{"occu": 1, "element": "As"}], "properties": {"magmom": -0.0}}, {"label": "As", "xyz": [0.0, 0.0, 11.30476839927183], "abc": [0.0, 0.0, 0.48043107], "species": [{"occu": 1, "element": "As"}], "properties": {"magmom": -0.0}}, {"label": "Pt", "xyz": [1.508399365, 1.508399365, 12.994183834932], "abc": [0.5, 0.5, 0.5522279999999999], "species": [{"occu": 1, "element": "Pt"}], "properties": {"magmom": -0.0}}], "@class": "Structure", "@module": "pymatgen.core.structure"}