{"lattice": {"a": 3.557615008230795, "c": 20.0, "b": 6.769192722445418, "matrix": [[3.557615, -0.000242, 0.0], [-0.014117999999999999, 6.769178, 0.0], [0.0, 0.0, 20.0]], "volume": 481.64251547828, "beta": 90.0, "alpha": 90.0, "gamma": 90.12339505385151}, "sites": [{"label": "N", "xyz": [2.233311627671999, 5.077448395724001, 10.0], "abc": [0.630732, 0.7501059999999999, 0.5], "species": [{"occu": 1, "element": "N"}], "properties": {"magmom": 1.951}}, {"label": "N", "xyz": [1.310185372328, 1.6914876042759999, 10.0], "abc": [0.369268, 0.24989399999999998, 0.5], "species": [{"occu": 1, "element": "N"}], "properties": {"magmom": 1.951}}], "@class": "Structure", "@module": "pymatgen.core.structure"}