{"lattice": {"a": 3.64992028, "c": 21.297207, "b": 3.64992028, "matrix": [[3.64992028, 0.0, 0.0], [0.0, 3.64992028, 0.0], [0.0, 0.0, 21.297207]], "volume": 283.71964635545277, "beta": 90.0, "alpha": 90.0, "gamma": 90.0}, "sites": [{"label": "S", "xyz": [0.0, 1.82496014, 9.99629943973566], "abc": [-0.0, 0.5, 0.46937138], "species": [{"occu": 1, "element": "S"}], "properties": {"magmom": -0.0}}, {"label": "S", "xyz": [1.82496014, 0.0, 11.30090756026434], "abc": [0.5, -0.0, 0.53062862], "species": [{"occu": 1, "element": "S"}], "properties": {"magmom": -0.0}}, {"label": "N", "xyz": [0.0, 0.0, 10.6486035], "abc": [-0.0, 0.0, 0.5], "species": [{"occu": 1, "element": "N"}], "properties": {"magmom": -0.0}}, {"label": "N", "xyz": [1.82496014, 1.82496014, 10.6486035], "abc": [0.5, 0.5, 0.5], "species": [{"occu": 1, "element": "N"}], "properties": {"magmom": -0.0}}], "@class": "Structure", "@module": "pymatgen.core.structure"}