{"lattice": {"a": 3.4929761900000003, "c": 23.554212, "b": 3.492976699010525, "matrix": [[3.4929761900000003, -2e-08, 0.0], [-1.74648862, 3.0250064, 0.0], [0.0, -0.0, 23.554212]], "volume": 248.88028834567967, "beta": 90.0, "alpha": 90.0, "gamma": 120.00000545142602}, "sites": [{"label": "Yb", "xyz": [0.0, 0.0, 0.0], "abc": [0.0, 0.0, 0.0], "species": [{"occu": 1, "element": "Yb"}], "properties": {"magmom": 0.0}}, {"label": "F", "xyz": [1.746489666488269, 1.00833444499786, 0.96440860251252], "abc": [0.666667, 0.333333, 0.04094421], "species": [{"occu": 1, "element": "F"}], "properties": {"magmom": -0.0}}, {"label": "F", "xyz": [-2.0964882701324228e-06, 2.01667193500214, 22.58980339748748], "abc": [0.333333, 0.666667, 0.9590557900000001], "species": [{"occu": 1, "element": "F"}], "properties": {"magmom": -0.0}}], "@class": "Structure", "@module": "pymatgen.core.structure"}