{"lattice": {"a": 4.880908, "c": 23.013137, "b": 4.880907221542835, "matrix": [[4.880908, 0.0, 0.0], [-2.4404529999999998, 4.22699, 0.0], [0.0, 0.0, 23.013137]], "volume": 474.79667072240494, "beta": 90.0, "alpha": 90.0, "gamma": 119.99999172114771}, "sites": [{"label": "Sr", "xyz": [-1.7737870003721e-06, 2.81799474233, 1.751184660014999], "abc": [0.333333, 0.666667, 0.076095], "species": [{"occu": 1, "element": "Sr"}], "properties": {"magmom": 0.005}}, {"label": "Sr", "xyz": [2.440456773787, 1.40899525767, 21.261952339985], "abc": [0.666667, 0.333333, 0.923905], "species": [{"occu": 1, "element": "Sr"}], "properties": {"magmom": 0.005}}, {"label": "Bi", "xyz": [0.0, 0.0, 0.0], "abc": [0.0, 0.0, 0.0], "species": [{"occu": 1, "element": "Bi"}], "properties": {"magmom": 0.004}}], "@class": "Structure", "@module": "pymatgen.core.structure"}