{"lattice": {"a": 4.033419, "c": 22.810979, "b": 4.033418474511416, "matrix": [[4.033419, 0.0, 0.0], [-2.016709, 3.493043, 0.0], [0.0, 0.0, 22.810979]], "volume": 321.38173899060575, "beta": 90.0, "alpha": 90.0, "gamma": 119.99999610833562}, "sites": [{"label": "Os", "xyz": [0.0, 0.0, 0.0], "abc": [0.0, 0.0, 0.0], "species": [{"occu": 1, "element": "Os"}], "properties": {"magmom": -0.0}}, {"label": "I", "xyz": [2.016711683376, 1.164346502319, 21.416406987856], "abc": [0.666667, 0.333333, 0.9388639999999999], "species": [{"occu": 1, "element": "I"}], "properties": {"magmom": -0.0}}, {"label": "I", "xyz": [-1.683376000089009e-06, 2.328696497681, 1.394572012144], "abc": [0.333333, 0.666667, 0.061135999999999996], "species": [{"occu": 1, "element": "I"}], "properties": {"magmom": -0.0}}], "@class": "Structure", "@module": "pymatgen.core.structure"}