{"lattice": {"a": 2.915931776806738, "c": 22.780419, "b": 2.915932364241954, "matrix": [[2.91593154, 0.0011751700000000001, 0.0], [-1.45596224, 2.52642742, 0.0], [0.0, 0.0, 22.780419]], "volume": 167.85980457024746, "beta": 90.0, "alpha": 90.0, "gamma": 119.93145187485709}, "sites": [{"label": "Ga", "xyz": [1.459163195399884, 0.84262002777745, 11.3902095], "abc": [0.6667877999999999, 0.33321219999999996, 0.5], "species": [{"occu": 1, "element": "Ga"}], "properties": {"magmom": -0.0}}, {"label": "Pt", "xyz": [0.001011146418397, 1.684864127892024, 9.490482246137189], "abc": [0.3332591, 0.6667409, 0.41660701], "species": [{"occu": 1, "element": "Pt"}], "properties": {"magmom": -0.0}}, {"label": "Pt", "xyz": [0.001011146418397, 1.684864127892024, 13.28993675386281], "abc": [0.3332591, 0.6667409, 0.58339299], "species": [{"occu": 1, "element": "Pt"}], "properties": {"magmom": -0.0}}], "@class": "Structure", "@module": "pymatgen.core.structure"}