{"lattice": {"a": 3.75334776, "c": 22.883476, "b": 3.75334776, "matrix": [[3.75334776, 0.0, -0.0], [0.0, 3.75334776, 0.0], [0.0, 0.0, 22.883476]], "volume": 322.37370060859223, "beta": 90.0, "alpha": 90.0, "gamma": 90.0}, "sites": [{"label": "Ba", "xyz": [0.0, 0.0, 11.787899545138641], "abc": [0.0, 0.0, 0.51512714], "species": [{"occu": 1, "element": "Ba"}], "properties": {"magmom": 0.129}}, {"label": "Ba", "xyz": [0.0, 0.0, 8.17772731357736], "abc": [-0.0, -0.0, 0.35736386000000003], "species": [{"occu": 1, "element": "Ba"}], "properties": {"magmom": 0.129}}, {"label": "Co", "xyz": [1.87667388, 1.87667388, 9.982824871096001], "abc": [0.5, 0.5, 0.43624599999999997], "species": [{"occu": 1, "element": "Co"}], "properties": {"magmom": -0.85}}], "@class": "Structure", "@module": "pymatgen.core.structure"}