{"lattice": {"a": 3.70248525, "c": 23.26954417, "b": 3.7024854460488683, "matrix": [[3.70248525, 1e-08, -0.0], [-1.85124311, 3.20644623, -0.0], [0.0, 0.0, 23.26954417]], "volume": 276.2518373087684, "beta": 90.0, "alpha": 90.0, "gamma": 120.00000676009152}, "sites": [{"label": "Ti", "xyz": [0.0, 0.0, 11.634772085], "abc": [0.0, -0.0, 0.5], "species": [{"occu": 1, "element": "Ti"}], "properties": {"magmom": 1.6320000000000001}}, {"label": "Br", "xyz": [-2.174576119958966e-06, 2.13763189214874, 10.032717256151649], "abc": [0.333333, 0.666667, 0.43115229], "species": [{"occu": 1, "element": "Br"}], "properties": {"magmom": 0.003}}, {"label": "Br", "xyz": [1.8512443145761202, 1.06881434785126, 13.23682691384835], "abc": [0.666667, 0.333333, 0.56884771], "species": [{"occu": 1, "element": "Br"}], "properties": {"magmom": 0.003}}], "@class": "Structure", "@module": "pymatgen.core.structure"}