{"lattice": {"a": 3.74895294, "c": 20.29848, "b": 3.748953482450303, "matrix": [[3.74895294, 0.0, -0.0], [-1.87447647, 3.24668911, 0.0], [0.0, 0.0, 20.29848]], "volume": 247.06669812854986, "beta": 90.0, "alpha": 90.0, "gamma": 119.99999521356793}, "sites": [{"label": "Pd", "xyz": [-1.8744764701205868e-06, 2.16446048889637, 13.906085520187201], "abc": [0.333333, 0.666667, 0.6850801400000001], "species": [{"occu": 1, "element": "Pd"}], "properties": {"magmom": 0.0}}, {"label": "Se", "xyz": [1.874478344476469, 1.08222862110363, 14.949685588852802], "abc": [0.666667, 0.333333, 0.73649286], "species": [{"occu": 1, "element": "Se"}], "properties": {"magmom": 0.0}}], "@class": "Structure", "@module": "pymatgen.core.structure"}