{"lattice": {"a": 3.641196, "c": 22.956052, "b": 3.641195834929598, "matrix": [[3.641196, 1e-08, -0.0], [-1.82059749, 3.15336834, 0.0], [0.0, 0.0, 22.956052]], "volume": 263.5821283485178, "beta": 90.0, "alpha": 90.0, "gamma": 119.99999207573515}, "sites": [{"label": "Hg", "xyz": [0.0, 0.0, 0.0], "abc": [0.0, -0.0, 0.0], "species": [{"occu": 1, "element": "Hg"}], "properties": {"magmom": 0.0}}, {"label": "F", "xyz": [-1.480597829953425e-06, 2.10224661445611, 1.04189324717436], "abc": [0.333333, 0.666667, 0.04538643], "species": [{"occu": 1, "element": "F"}], "properties": {"magmom": -0.0}}, {"label": "F", "xyz": [1.8205999905978292, 1.05112173554389, 21.91415875282564], "abc": [0.666667, 0.333333, 0.95461357], "species": [{"occu": 1, "element": "F"}], "properties": {"magmom": -0.0}}], "@class": "Structure", "@module": "pymatgen.core.structure"}