{"lattice": {"a": 3.31726136, "c": 22.537685336044593, "b": 5.4956410846261, "matrix": [[3.31726136, 0.0, 0.0], [0.0, 5.47306233, -0.49765416], [0.0, 0.06449666, 22.53759305]], "volume": 409.28950703389154, "beta": 90.0, "alpha": 95.03153375368773, "gamma": 90.0}, "sites": [{"label": "Cu", "xyz": [1.65863068, 2.736531165, -0.24882708], "abc": [0.5, 0.5, 0.0], "species": [{"occu": 1, "element": "Cu"}], "properties": {"magmom": -0.0}}, {"label": "Cu", "xyz": [0.0, 0.0, 0.0], "abc": [0.0, -0.0, 0.0], "species": [{"occu": 1, "element": "Cu"}], "properties": {"magmom": -0.0}}, {"label": "S", "xyz": [0.0, 3.643482283114008, 21.043987969141845], "abc": [-0.0, 0.65453809, 0.9481811800000001], "species": [{"occu": 1, "element": "S"}], "properties": {"magmom": -0.0}}, {"label": "S", "xyz": [0.0, 1.8940767068859912, 0.9959509208581551], "abc": [-0.0, 0.34546191, 0.05181882], "species": [{"occu": 1, "element": "S"}], "properties": {"magmom": -0.0}}], "@class": "Structure", "@module": "pymatgen.core.structure"}