{"lattice": {"a": 3.37928658, "c": 23.801584, "b": 3.37928658, "matrix": [[3.37928658, 0.0, 0.0], [0.0, 3.37928658, 0.0], [0.0, 0.0, 23.801584]], "volume": 271.80404000769965, "beta": 90.0, "alpha": 90.0, "gamma": 90.0}, "sites": [{"label": "Y", "xyz": [0.0, 0.0, 0.0], "abc": [0.0, 0.0, 0.0], "species": [{"occu": 1, "element": "Y"}], "properties": {"magmom": 0.0}}, {"label": "Cl", "xyz": [1.68964329, 1.68964329, 22.222561687760958], "abc": [0.5, 0.5, 0.93365894], "species": [{"occu": 1, "element": "Cl"}], "properties": {"magmom": 0.0}}, {"label": "Cl", "xyz": [1.68964329, 1.68964329, 1.579022312239039], "abc": [0.5, 0.5, 0.06634106000000001], "species": [{"occu": 1, "element": "Cl"}], "properties": {"magmom": 0.0}}], "@class": "Structure", "@module": "pymatgen.core.structure"}