{"lattice": {"a": 3.28168038, "c": 20.634921, "b": 3.281680184121536, "matrix": [[3.28168038, -0.0, 0.0], [-1.64084019, 2.84201835, 0.0], [0.0, 0.0, 20.634921]], "volume": 192.45356874516142, "beta": 90.0, "alpha": 90.0, "gamma": 120.00000197447868}, "sites": [{"label": "Zn", "xyz": [0.0, 0.0, 10.32149400800787], "abc": [-0.0, -0.0, 0.50019547], "species": [{"occu": 1, "element": "Zn"}], "properties": {"magmom": 0.001}}, {"label": "O", "xyz": [-1.6408401899774572e-06, 1.8946798473394502, 10.313426991992129], "abc": [0.333333, 0.666667, 0.49980453], "species": [{"occu": 1, "element": "O"}], "properties": {"magmom": -0.002}}], "@class": "Structure", "@module": "pymatgen.core.structure"}