{"lattice": {"a": 3.402717, "c": 24.623946, "b": 3.402716934862787, "matrix": [[3.402717, 0.0, 0.0], [-1.701359, 2.9468389999999998, 0.0], [0.0, 0.0, 24.623946]], "volume": 246.9106881223326, "beta": 90.0, "alpha": 90.0, "gamma": 120.00001035480116}, "sites": [{"label": "N", "xyz": [0.0, 0.0, 7.028043547589999], "abc": [0.0, 0.0, 0.285415], "species": [{"occu": 1, "element": "N"}], "properties": {"magmom": 0.0}}, {"label": "F", "xyz": [1.7013600346920001, 0.9822786843870001, 7.028043547589999], "abc": [0.666667, 0.333333, 0.285415], "species": [{"occu": 1, "element": "F"}], "properties": {"magmom": -0.0}}, {"label": "F", "xyz": [0.0, 0.0, 8.615155363073999], "abc": [0.0, 0.0, 0.349869], "species": [{"occu": 1, "element": "F"}], "properties": {"magmom": -0.0}}, {"label": "F", "xyz": [0.0, 0.0, 5.440931732106], "abc": [0.0, 0.0, 0.220961], "species": [{"occu": 1, "element": "F"}], "properties": {"magmom": -0.0}}], "@class": "Structure", "@module": "pymatgen.core.structure"}