{"lattice": {"a": 4.06559936, "c": 22.855457, "b": 4.06559936, "matrix": [[4.06559936, 0.0, 0.0], [0.0, 4.06559936, 0.0], [0.0, 0.0, 22.855457]], "volume": 377.7800921539781, "beta": 90.0, "alpha": 90.0, "gamma": 90.0}, "sites": [{"label": "Pb", "xyz": [0.0, 0.0, 11.4277285], "abc": [0.0, -0.0, 0.5], "species": [{"occu": 1, "element": "Pb"}], "properties": {"magmom": 0.0}}, {"label": "Se", "xyz": [2.03279968, 0.0, 13.151178518270502], "abc": [0.5, -0.0, 0.5754064999999999], "species": [{"occu": 1, "element": "Se"}], "properties": {"magmom": -0.0}}, {"label": "Se", "xyz": [0.0, 2.03279968, 9.704278481729501], "abc": [-0.0, 0.5, 0.42459349999999996], "species": [{"occu": 1, "element": "Se"}], "properties": {"magmom": -0.0}}], "@class": "Structure", "@module": "pymatgen.core.structure"}