{"lattice": {"a": 3.81674861, "c": 25.082471, "b": 3.816748236938066, "matrix": [[3.81674861, -2e-08, 0.0], [1.90837376, 3.30540114, 0.0], [0.0, 0.0, 25.082471]], "volume": 316.4375757908924, "beta": 90.0, "alpha": 90.0, "gamma": 60.000006513931105}, "sites": [{"label": "Cr", "xyz": [0.0, 0.0, 14.83369935611055], "abc": [0.0, 0.0, 0.59139705], "species": [{"occu": 1, "element": "Cr"}], "properties": {"magmom": 3.605}}, {"label": "Cu", "xyz": [1.90837221495921, 1.101799271532959, 11.157850188175631], "abc": [0.333333, 0.333333, 0.44484653], "species": [{"occu": 1, "element": "Cu"}], "properties": {"magmom": -0.031}}, {"label": "Se", "xyz": [0.0, 0.0, 10.33828145154947], "abc": [0.0, -0.0, 0.41217157], "species": [{"occu": 1, "element": "Se"}], "properties": {"magmom": -0.029}}, {"label": "Se", "xyz": [1.90837221495921, 1.101799271532959, 13.83508592169335], "abc": [0.333333, 0.333333, 0.55158385], "species": [{"occu": 1, "element": "Se"}], "properties": {"magmom": -0.138}}], "@class": "Structure", "@module": "pymatgen.core.structure"}