{"lattice": {"a": 3.85254075, "c": 23.007692, "b": 3.852541721353422, "matrix": [[3.85254075, -0.0, 0.0], [-1.92627138, 3.3363987, 0.0], [0.0, 0.0, 23.007692]], "volume": 295.73194483305093, "beta": 90.0, "alpha": 90.0, "gamma": 120.00000891830803}, "sites": [{"label": "Pd", "xyz": [0.0, 0.0, 0.0], "abc": [0.0, 0.0, 0.0], "species": [{"occu": 1, "element": "Pd"}], "properties": {"magmom": 1.08}}, {"label": "Br", "xyz": [-2.5962707100077803e-06, 2.2242669121329, 1.4881418900214791], "abc": [0.333333, 0.666667, 0.06468019], "species": [{"occu": 1, "element": "Br"}], "properties": {"magmom": 0.342}}, {"label": "Br", "xyz": [1.92627196627071, 1.1121317878671, 21.519550109978518], "abc": [0.666667, 0.333333, 0.93531981], "species": [{"occu": 1, "element": "Br"}], "properties": {"magmom": 0.342}}], "@class": "Structure", "@module": "pymatgen.core.structure"}