{"lattice": {"a": 3.990157, "c": 23.15247951186762, "b": 3.9950940321843493, "matrix": [[3.990157, 0.0, 0.0], [-1.995077, 3.460971, 0.046085], [0.0, -0.019853, 23.152471]], "volume": 319.7350536415002, "beta": 90.0, "alpha": 89.38162063227647, "gamma": 119.95910451721275}, "sites": [{"label": "Mo", "xyz": [0.0, 0.0, 0.0], "abc": [0.0, 0.0, 0.0], "species": [{"occu": 1, "element": "Mo"}], "properties": {"magmom": 1.7229999999999999}}, {"label": "I", "xyz": [1.99507699653, 1.132896530719, 1.646195433764999], "abc": [0.6638689999999999, 0.327739, 0.07045000000000001], "species": [{"occu": 1, "element": "I"}], "properties": {"magmom": 0.007}}, {"label": "I", "xyz": [3.0034700000951956e-06, 2.308221469281, 21.552360566235], "abc": [0.33613099999999996, 0.672261, 0.9295500000000001], "species": [{"occu": 1, "element": "I"}], "properties": {"magmom": 0.007}}], "@class": "Structure", "@module": "pymatgen.core.structure"}