{"lattice": {"a": 4.28033775, "c": 22.353476, "b": 4.26903229, "matrix": [[4.28033775, 0.0, 0.0], [0.0, 4.26903229, 0.0], [0.0, 0.0, 22.353476]], "volume": 408.4628330948629, "beta": 90.0, "alpha": 90.0, "gamma": 90.0}, "sites": [{"label": "Mg", "xyz": [0.0, 2.134516145, 9.99322181290724], "abc": [-0.0, 0.5, 0.44705449], "species": [{"occu": 1, "element": "Mg"}], "properties": {"magmom": 0.0}}, {"label": "Mg", "xyz": [0.0, 0.0, 12.49140873682756], "abc": [-0.0, -0.0, 0.55881281], "species": [{"occu": 1, "element": "Mg"}], "properties": {"magmom": 0.0}}, {"label": "Mg", "xyz": [2.140168875, 0.0, 10.028520857463121], "abc": [0.5, 0.0, 0.44863362], "species": [{"occu": 1, "element": "Mg"}], "properties": {"magmom": 0.0}}, {"label": "Sn", "xyz": [2.140168875, 2.134516145, 12.19380059280208], "abc": [0.5, 0.5, 0.54549908], "species": [{"occu": 1, "element": "Sn"}], "properties": {"magmom": 0.0}}], "@class": "Structure", "@module": "pymatgen.core.structure"}