{"lattice": {"a": 3.94183976, "c": 22.485034, "b": 3.94183976, "matrix": [[3.94183976, 0.0, -0.0], [0.0, 3.94183976, 0.0], [0.0, 0.0, 22.485034]], "volume": 349.3747223891501, "beta": 90.0, "alpha": 90.0, "gamma": 90.0}, "sites": [{"label": "Al", "xyz": [0.0, 0.0, 7.77283701303824], "abc": [0.0, 0.0, 0.34568936], "species": [{"occu": 1, "element": "Al"}], "properties": {"magmom": 0.0}}, {"label": "Br", "xyz": [0.0, 0.0, 5.492523585737759], "abc": [-0.0, -0.0, 0.24427464000000002], "species": [{"occu": 1, "element": "Br"}], "properties": {"magmom": 0.0}}], "@class": "Structure", "@module": "pymatgen.core.structure"}