{"lattice": {"a": 5.390643, "c": 24.623946, "b": 5.390641207840214, "matrix": [[5.390643, 0.0, 0.0], [-2.695321, 4.668432, 0.0], [0.0, 0.0, 24.623946]], "volume": 619.682538382537, "beta": 90.0, "alpha": 90.0, "gamma": 120.00000486109803}, "sites": [{"label": "Sb", "xyz": [0.0, 0.0, 7.028043547589999], "abc": [0.0, 0.0, 0.285415], "species": [{"occu": 1, "element": "Sb"}], "properties": {"magmom": 0.0}}, {"label": "I", "xyz": [2.695324361988, 1.5561424438559999, 7.028043547589999], "abc": [0.666667, 0.333333, 0.285415], "species": [{"occu": 1, "element": "I"}], "properties": {"magmom": 0.0}}, {"label": "I", "xyz": [0.0, 0.0, 9.907617040722], "abc": [0.0, 0.0, 0.40235699999999996], "species": [{"occu": 1, "element": "I"}], "properties": {"magmom": -0.0}}, {"label": "I", "xyz": [0.0, 0.0, 4.148470054458], "abc": [0.0, 0.0, 0.16847299999999998], "species": [{"occu": 1, "element": "I"}], "properties": {"magmom": -0.0}}], "@class": "Structure", "@module": "pymatgen.core.structure"}