{"lattice": {"a": 4.22753289, "c": 22.93464867, "b": 4.227532317590999, "matrix": [[4.22753289, 0.0, 0.0], [-2.11376644, 3.66115022, 0.0], [0.0, 0.0, 22.93464867]], "volume": 354.97407441659726, "beta": 90.0, "alpha": 90.0, "gamma": 120.00000440075654}, "sites": [{"label": "Bi", "xyz": [2.11376856043311, 1.22038218628326, 11.467324335], "abc": [0.666667, 0.333333, 0.5], "species": [{"occu": 1, "element": "Bi"}], "properties": {"magmom": 0.0}}, {"label": "F", "xyz": [0.0, 0.0, 11.467324335], "abc": [-0.0, 0.0, 0.5], "species": [{"occu": 1, "element": "F"}], "properties": {"magmom": 0.0}}, {"label": "F", "xyz": [2.11376856043311, 1.22038218628326, 9.359912906445102], "abc": [0.666667, 0.333333, 0.40811233], "species": [{"occu": 1, "element": "F"}], "properties": {"magmom": 0.0}}, {"label": "F", "xyz": [2.11376856043311, 1.22038218628326, 13.5747357635549], "abc": [0.666667, 0.333333, 0.59188767], "species": [{"occu": 1, "element": "F"}], "properties": {"magmom": 0.0}}], "@class": "Structure", "@module": "pymatgen.core.structure"}