{"lattice": {"a": 3.68430329, "c": 23.678874, "b": 3.684302945951203, "matrix": [[3.68430329, 0.0, 0.0], [-1.84215164, 3.19069985, 0.0], [0.0, 0.0, 23.678874]], "volume": 278.3571443089527, "beta": 90.0, "alpha": 90.0, "gamma": 120.0000029992771}, "sites": [{"label": "Pt", "xyz": [1.84215348881831, 1.06356555310005, 21.02069094521094], "abc": [0.666667, 0.333333, 0.88774031], "species": [{"occu": 1, "element": "Pt"}], "properties": {"magmom": -0.0}}, {"label": "Pt", "xyz": [-1.8388183100405881e-06, 2.12713429689995, 19.16538912866106], "abc": [0.333333, 0.666667, 0.80938769], "species": [{"occu": 1, "element": "Pt"}], "properties": {"magmom": -0.0}}, {"label": "Se", "xyz": [1.84215348881831, 1.06356555310005, 17.9215973114148], "abc": [0.666667, 0.333333, 0.7568602], "species": [{"occu": 1, "element": "Se"}], "properties": {"magmom": -0.0}}, {"label": "Se", "xyz": [-1.8388183100405881e-06, 2.12713429689995, 22.264459083583198], "abc": [0.333333, 0.666667, 0.9402668], "species": [{"occu": 1, "element": "Se"}], "properties": {"magmom": -0.0}}], "@class": "Structure", "@module": "pymatgen.core.structure"}