{"lattice": {"a": 3.32565438, "c": 23.00969542189619, "b": 3.3447557508943, "matrix": [[3.32565438, -6.000000000000001e-08, -0.0], [-1.6628268099999999, 2.9019291799999998, 0.03471408], [-2e-08, -0.14551714, 23.00923528]], "volume": 222.07463541320004, "beta": 90.00000004326411, "alpha": 89.71973260596155, "gamma": 119.81125953245167}, "sites": [{"label": "Cu", "xyz": [-4.513360000000001e-09, -0.03283856194952, 5.19244810716704], "abc": [0.0, -0.0, 0.22566799999999998], "species": [{"occu": 1, "element": "Cu"}], "properties": {"magmom": 0.002}}, {"label": "S", "xyz": [1.66282897770856, 0.9557173653607681, 6.521150821389037], "abc": [0.67176273, 0.34352446000000003, 0.28289622000000003], "species": [{"occu": 1, "element": "S"}], "properties": {"magmom": 0.002}}, {"label": "S", "xyz": [-1.416735280416802e-06, 1.880534630740192, 3.8984594729450412], "abc": [0.32823727, 0.65647554, 0.16843978], "species": [{"occu": 1, "element": "S"}], "properties": {"magmom": 0.002}}], "@class": "Structure", "@module": "pymatgen.core.structure"}