{"lattice": {"a": 3.21927943, "c": 23.530221, "b": 3.21927943, "matrix": [[3.21927943, 0.0, 0.0], [0.0, 3.21927943, -0.0], [0.0, -0.0, 23.530221]], "volume": 243.86156433031977, "beta": 90.0, "alpha": 90.0, "gamma": 90.0}, "sites": [{"label": "Au", "xyz": [1.6096397150000001, 1.6096397150000001, 0.0], "abc": [0.5, 0.5, -0.0], "species": [{"occu": 1, "element": "Au"}], "properties": {"magmom": 0.5720000000000001}}, {"label": "F", "xyz": [1.6096397150000001, 0.0, 1.47954594235734], "abc": [0.5, 0.0, 0.06287854], "species": [{"occu": 1, "element": "F"}], "properties": {"magmom": 0.248}}, {"label": "F", "xyz": [0.0, 1.6096397150000001, 22.05065152742166], "abc": [-0.0, 0.5, 0.93712046], "species": [{"occu": 1, "element": "F"}], "properties": {"magmom": 0.147}}], "@class": "Structure", "@module": "pymatgen.core.structure"}