{"lattice": {"a": 3.1079993, "c": 21.790565, "b": 3.107999604196405, "matrix": [[3.1079993, -0.0, 0.0], [-1.5539996500000002, 2.6916067, -0.0], [-0.0, -0.0, 21.790565]], "volume": 182.2892273172998, "beta": 90.0, "alpha": 90.0, "gamma": 119.99999676231108}, "sites": [{"label": "Hg", "xyz": [0.0, 0.0, 11.091881335543], "abc": [0.0, 0.0, 0.5090222], "species": [{"occu": 1, "element": "Hg"}], "properties": {"magmom": 0.001}}, {"label": "H", "xyz": [0.0, 0.0, 12.864709406587], "abc": [-0.0, -0.0, 0.5903798], "species": [{"occu": 1, "element": "H"}], "properties": {"magmom": 0.0}}], "@class": "Structure", "@module": "pymatgen.core.structure"}