{"lattice": {"a": 3.683668, "c": 24.618934, "b": 3.683668, "matrix": [[3.683668, 0.0, 0.0], [0.0, 3.683668, 0.0], [0.0, 0.0, 24.618934]], "volume": 334.06440758960497, "beta": 90.0, "alpha": 90.0, "gamma": 90.0}, "sites": [{"label": "Sr", "xyz": [0.0, 0.0, 12.425520654876], "abc": [0.0, 0.0, 0.504714], "species": [{"occu": 1, "element": "Sr"}], "properties": {"magmom": 0.001}}, {"label": "Sr", "xyz": [0.0, 0.0, 9.054277689718], "abc": [0.0, 0.0, 0.36777699999999997], "species": [{"occu": 1, "element": "Sr"}], "properties": {"magmom": 0.001}}, {"label": "Ir", "xyz": [1.841834, 1.841834, 10.739911481764], "abc": [0.5, 0.5, 0.43624599999999997], "species": [{"occu": 1, "element": "Ir"}], "properties": {"magmom": 0.0}}], "@class": "Structure", "@module": "pymatgen.core.structure"}