{"lattice": {"a": 3.88530005, "c": 23.529845, "b": 3.885299615481982, "matrix": [[3.88530005, 0.0, -0.0], [-1.94265003, 3.36476804, 0.0], [0.0, 0.0, 23.529845]], "volume": 307.6088033675237, "beta": 90.0, "alpha": 90.0, "gamma": 120.00000378466}, "sites": [{"label": "Sr", "xyz": [0.0, 0.0, 0.0], "abc": [0.0, 0.0, 0.0], "species": [{"occu": 1, "element": "Sr"}], "properties": {"magmom": -0.0}}, {"label": "F", "xyz": [1.94265196598336, 1.12158822507732, 0.9843489475207], "abc": [0.666667, 0.333333, 0.04183406], "species": [{"occu": 1, "element": "F"}], "properties": {"magmom": 0.0}}, {"label": "F", "xyz": [-1.945983359968566e-06, 2.24317981492268, 22.5454960524793], "abc": [0.333333, 0.666667, 0.95816594], "species": [{"occu": 1, "element": "F"}], "properties": {"magmom": 0.0}}], "@class": "Structure", "@module": "pymatgen.core.structure"}