{"lattice": {"a": 4.072019389862337, "c": 21.293528, "b": 4.072019288315962, "matrix": [[4.07108565, 0.08719829, 0.0], [-0.11588174, 4.07037007, 0.0], [0.0, 0.0, 21.293528]], "volume": 353.0664944898622, "beta": 90.0, "alpha": 90.0, "gamma": 90.40371993137404}, "sites": [{"label": "Ag", "xyz": [1.369528412072154, 0.677196106128341, 10.044217205348959], "abc": [0.34093155, 0.15906845, 0.47170282], "species": [{"occu": 1, "element": "Ag"}], "properties": {"magmom": -0.0}}, {"label": "Ag", "xyz": [3.347130367072154, 2.755980286128341, 11.24931079465104], "abc": [0.84093155, 0.65906845, 0.52829718], "species": [{"occu": 1, "element": "Ag"}], "properties": {"magmom": 0.0}}, {"label": "N", "xyz": [1.311884398060105, 2.712098734249139, 10.646764], "abc": [0.34100245, 0.65899755, 0.5], "species": [{"occu": 1, "element": "N"}], "properties": {"magmom": -0.0}}, {"label": "N", "xyz": [3.405368093060105, 0.7205128442491391, 10.646764], "abc": [0.8410024500000001, 0.15899755000000002, 0.5], "species": [{"occu": 1, "element": "N"}], "properties": {"magmom": 0.0}}], "@class": "Structure", "@module": "pymatgen.core.structure"}