{"lattice": {"a": 3.9720055800000003, "c": 23.95034, "b": 3.9720050289882813, "matrix": [[3.9720055800000003, -0.0, 0.0], [1.9860027900000001, 3.4398571000000002, 0.0], [0.0, 0.0, 23.95034]], "volume": 327.2366471794252, "beta": 90.0, "alpha": 90.0, "gamma": 59.9999954110528}, "sites": [{"label": "Te", "xyz": [3.97200756600279, 2.2932392132857, 14.0150537487726], "abc": [0.666667, 0.666667, 0.58517139], "species": [{"occu": 1, "element": "Te"}], "properties": {"magmom": -0.0}}, {"label": "Te", "xyz": [3.97200756600279, 2.2932392132857, 9.9352862512274], "abc": [0.666667, 0.666667, 0.41482861], "species": [{"occu": 1, "element": "Te"}], "properties": {"magmom": -0.0}}, {"label": "Pt", "xyz": [1.98600080399721, 1.1466178867143, 12.730344817492401], "abc": [0.333333, 0.333333, 0.53153086], "species": [{"occu": 1, "element": "Pt"}], "properties": {"magmom": 0.0}}, {"label": "Pt", "xyz": [0.0, 0.0, 11.219995182507601], "abc": [-0.0, 0.0, 0.46846914], "species": [{"occu": 1, "element": "Pt"}], "properties": {"magmom": 0.0}}], "@class": "Structure", "@module": "pymatgen.core.structure"}