{"lattice": {"a": 3.00003655, "c": 22.995423, "b": 3.000036990204989, "matrix": [[3.00003655, 0.0, 0.0], [-1.50001828, 2.5981083700000003, -0.0], [0.0, -0.0, 22.995423]], "volume": 179.23598656913688, "beta": 90.0, "alpha": 90.0, "gamma": 119.99999525636977}, "sites": [{"label": "Zr", "xyz": [0.0, 0.0, 0.0], "abc": [-0.0, -0.0, 0.0], "species": [{"occu": 1, "element": "Zr"}], "properties": {"magmom": -0.0}}, {"label": "F", "xyz": [-1.5033516099439468e-06, 1.73207311270279, 1.48327009050132], "abc": [0.333333, 0.666667, 0.06450284], "species": [{"occu": 1, "element": "F"}], "properties": {"magmom": 0.0}}, {"label": "F", "xyz": [1.500019773351609, 0.8660352572972091, 21.51215290949868], "abc": [0.666667, 0.333333, 0.93549716], "species": [{"occu": 1, "element": "F"}], "properties": {"magmom": 0.0}}], "@class": "Structure", "@module": "pymatgen.core.structure"}