{"lattice": {"a": 4.14535264, "c": 28.15382143, "b": 4.145350886520539, "matrix": [[4.14535264, 7e-08, 0.0], [-2.07267521, 3.58997931, 0.0], [-0.0, 0.0, 28.15382143]], "volume": 418.9775789936849, "beta": 90.0, "alpha": 90.0, "gamma": 119.99999530966659}, "sites": [{"label": "Al", "xyz": [0.0, 0.0, 15.930369405809406], "abc": [-0.0, 0.0, 0.56583329], "species": [{"occu": 1, "element": "Al"}], "properties": {"magmom": 0.0}}, {"label": "Al", "xyz": [0.0, 0.0, 21.896739067860008], "abc": [-0.0, 0.0, 0.77775371], "species": [{"occu": 1, "element": "Al"}], "properties": {"magmom": 0.0}}, {"label": "Te", "xyz": [-1.332675950089381e-06, 2.39332075999308, 20.52940002400098], "abc": [0.333333, 0.666667, 0.72918698], "species": [{"occu": 1, "element": "Te"}], "properties": {"magmom": 0.0}}, {"label": "Te", "xyz": [-1.332675950089381e-06, 2.39332075999308, 17.29770844966843], "abc": [0.333333, 0.666667, 0.61440002], "species": [{"occu": 1, "element": "Te"}], "properties": {"magmom": 0.0}}], "@class": "Structure", "@module": "pymatgen.core.structure"}