{"lattice": {"a": 4.174579587677355, "c": 25.965449422534647, "b": 3.4468282718746313, "matrix": [[4.14706001, 0.03827348, -0.47701483], [0.03239916, 3.44667529, -0.00220806], [-0.76676814, -0.02237808, 25.95411585]], "volume": 369.6843192660273, "beta": 98.25391453865278, "alpha": 90.10196966069572, "gamma": 88.93545452186733}, "sites": [{"label": "Rb", "xyz": [0.586584132678939, 0.8654546516430751, 2.954226043315993], "abc": [0.16108905, 0.25006798, 0.11680691], "species": [{"occu": 1, "element": "Rb"}], "properties": {"magmom": -0.001}}, {"label": "Rb", "xyz": [3.2849987066119652, 2.610704060014532, 6.993966689624245], "abc": [0.8389548, 0.74998975, 0.28495737], "species": [{"occu": 1, "element": "Rb"}], "properties": {"magmom": 0.001}}, {"label": "Be", "xyz": [2.3615707658073593, 0.8824423097192431, 0.04319721922595501], "abc": [0.569753, 0.24977924, 0.0121572], "species": [{"occu": 1, "element": "Be"}], "properties": {"magmom": -0.009000000000000001}}, {"label": "Be", "xyz": [1.509621302759154, 2.5933144112602102, 9.905827386602798], "abc": [0.43020315000000003, 0.7501630300000001, 0.38963751], "species": [{"occu": 1, "element": "Be"}], "properties": {"magmom": 0.009000000000000001}}], "@class": "Structure", "@module": "pymatgen.core.structure"}