{"lattice": {"a": 2.693154388529439, "c": 21.993132000000045, "b": 6.216261710998892, "matrix": [[2.6931395, -0.00895511, -1.2e-07], [-0.02013544, 6.2162291, -2.7e-07], [-9.199999999999999e-07, -1.06e-06, 21.993132]], "volume": 368.1868428021576, "beta": 90.00000494050988, "alpha": 90.0000052423105, "gamma": 90.37610700428417}, "sites": [{"label": "C", "xyz": [1.336501481577616, 3.103636456479642, 11.178922298840643], "abc": [0.49999997, 0.5, 0.50829152], "species": [{"occu": 1, "element": "C"}], "properties": {"magmom": -0.007}}, {"label": "C", "xyz": [-3.902438613999999e-07, -6.053806887e-07, 11.265250375429678], "abc": [3.0000000000000004e-08, -1e-08, 0.5122167400000001], "species": [{"occu": 1, "element": "C"}], "properties": {"magmom": -0.007}}, {"label": "S", "xyz": [-0.010068205564887, 3.108114084214173, 12.241892875145393], "abc": [1e-08, 0.50000002, 0.55662345], "species": [{"occu": 1, "element": "S"}], "properties": {"magmom": -0.002}}, {"label": "S", "xyz": [1.3264338566977671, 6.211750929047621, 10.202268092696286], "abc": [0.49999999, 0.99999998, 0.46388429000000003], "species": [{"occu": 1, "element": "S"}], "properties": {"magmom": -0.002}}], "@class": "Structure", "@module": "pymatgen.core.structure"}