{"lattice": {"a": 2.67149725, "c": 22.343883, "b": 2.66230307, "matrix": [[2.67149725, 0.0, 0.0], [0.0, 2.66230307, 0.0], [0.0, 0.0, 22.343883]], "volume": 158.91718847411965, "beta": 90.0, "alpha": 90.0, "gamma": 90.0}, "sites": [{"label": "Ga", "xyz": [0.0, 1.9967273025, 12.48843928789989], "abc": [-0.0, 0.75, 0.55891983], "species": [{"occu": 1, "element": "Ga"}], "properties": {"magmom": 0.001}}, {"label": "Ga", "xyz": [0.0, 0.6655757675, 9.855443712100111], "abc": [0.0, 0.25, 0.44108017], "species": [{"occu": 1, "element": "Ga"}], "properties": {"magmom": -0.001}}], "@class": "Structure", "@module": "pymatgen.core.structure"}