{"lattice": {"a": 3.7673929900000003, "c": 23.17227102664318, "b": 4.923332420058375, "matrix": [[3.7673929900000003, 0.0, 0.0], [0.0, 4.91667149, -0.2560148], [0.0, -0.010691840000000001, 23.17226856]], "volume": 429.21039920204737, "beta": 90.0, "alpha": 93.00717917839553, "gamma": 90.0}, "sites": [{"label": "Eu", "xyz": [1.8836964950000001, 1.163430180793594, 11.001129249908615], "abc": [0.5, 0.23766775, 0.47737992], "species": [{"occu": 1, "element": "Eu"}], "properties": {"magmom": 6.772}}, {"label": "As", "xyz": [0.0, 3.62904865797951, 11.013266088617206], "abc": [-0.0, 0.7391621700000001, 0.48344436], "species": [{"occu": 1, "element": "As"}], "properties": {"magmom": -0.026000000000000002}}, {"label": "As", "xyz": [1.8836964950000001, 3.538357643211354, 9.26538118429906], "abc": [0.5, 0.72055208, 0.40780872], "species": [{"occu": 1, "element": "As"}], "properties": {"magmom": -0.012}}], "@class": "Structure", "@module": "pymatgen.core.structure"}