{"lattice": {"a": 3.480565900000001, "c": 23.407847, "b": 3.480565684932175, "matrix": [[3.4805659, -7e-08, 0.0], [-1.74028257, 3.01425846, 0.0], [-0.0, -0.0, 23.407847]], "volume": 245.5793324834843, "beta": 90.0, "alpha": 90.0, "gamma": 119.99999597321018}, "sites": [{"label": "Li", "xyz": [1.7402848169494902, 1.00475176858049, 18.65956664052082], "abc": [0.666667, 0.333333, 0.79715006], "species": [{"occu": 1, "element": "Li"}], "properties": {"magmom": 0.001}}, {"label": "Li", "xyz": [-1.486949490055399e-06, 2.00950662141951, 21.71489646910118], "abc": [0.333333, 0.666667, 0.92767594], "species": [{"occu": 1, "element": "Li"}], "properties": {"magmom": 0.001}}, {"label": "Cl", "xyz": [0.0, 0.0, 20.187231554811], "abc": [0.0, 0.0, 0.862413], "species": [{"occu": 1, "element": "Cl"}], "properties": {"magmom": 0.0}}], "@class": "Structure", "@module": "pymatgen.core.structure"}