{"lattice": {"a": 3.491454, "c": 23.369992, "b": 3.4914541211181622, "matrix": [[3.491454, 0.0, 0.0], [1.745727, 3.023688, 0.0], [0.0, 0.0, 23.369992]], "volume": 246.71858447562573, "beta": 90.0, "alpha": 90.0, "gamma": 60.000001147532345}, "sites": [{"label": "Nb", "xyz": [1.745725254273, 1.007894992104, 11.685603619792], "abc": [0.333333, 0.333333, 0.500026], "species": [{"occu": 1, "element": "Nb"}], "properties": {"magmom": 0.422}}, {"label": "Se", "xyz": [3.491455745727, 2.015793007896, 13.369691983296], "abc": [0.666667, 0.666667, 0.5720879999999999], "species": [{"occu": 1, "element": "Se"}], "properties": {"magmom": 0.009000000000000001}}, {"label": "Se", "xyz": [3.491455745727, 2.015793007896, 9.999692396912], "abc": [0.666667, 0.666667, 0.427886], "species": [{"occu": 1, "element": "Se"}], "properties": {"magmom": 0.009000000000000001}}], "@class": "Structure", "@module": "pymatgen.core.structure"}