{"lattice": {"a": 3.6318614399999998, "c": 21.950498, "b": 3.631862442404933, "matrix": [[3.6318614399999998, -2e-08, 0.0], [-1.81593127, 3.14528511, -0.0], [-0.0, -0.0, 21.950498]], "volume": 250.74579958465586, "beta": 90.0, "alpha": 90.0, "gamma": 120.00000120443295}, "sites": [{"label": "Ti", "xyz": [0.0, 0.0, 0.0], "abc": [0.0, 0.0, 0.0], "species": [{"occu": 1, "element": "Ti"}], "properties": {"magmom": -0.0}}, {"label": "P", "xyz": [1.81593235259757, 1.04842730823829, 20.6846149753898], "abc": [0.666667, 0.333333, 0.9423301], "species": [{"occu": 1, "element": "P"}], "properties": {"magmom": -0.0}}, {"label": "P", "xyz": [-2.182597569946883e-06, 2.09685778176171, 1.2658830246102], "abc": [0.333333, 0.666667, 0.057669899999999996], "species": [{"occu": 1, "element": "P"}], "properties": {"magmom": -0.0}}], "@class": "Structure", "@module": "pymatgen.core.structure"}