{"lattice": {"a": 3.45263024, "c": 24.904260999999998, "b": 3.547708072218856, "matrix": [[3.45263024, 0.0, 0.0], [-1.72631512, 3.09936585, 0.0], [0.0, 0.0, 24.904260999999998]], "volume": 266.4996068461849, "beta": 90.0, "alpha": 90.0, "gamma": 119.1173602142326}, "sites": [{"label": "La", "xyz": [0.0, 0.0, 12.452130499999999], "abc": [-0.0, 0.0, 0.5], "species": [{"occu": 1, "element": "La"}], "properties": {"magmom": 0.0}}, {"label": "Bi", "xyz": [-0.86315756, 1.549682925, 9.53681230499378], "abc": [0.0, 0.5, 0.38293898], "species": [{"occu": 1, "element": "Bi"}], "properties": {"magmom": 0.0}}, {"label": "Bi", "xyz": [0.86315756, 1.549682925, 15.36744869500622], "abc": [0.5, 0.5, 0.61706102], "species": [{"occu": 1, "element": "Bi"}], "properties": {"magmom": 0.0}}], "@class": "Structure", "@module": "pymatgen.core.structure"}