{"lattice": {"a": 3.758969, "c": 23.240079, "b": 3.758968190514519, "matrix": [[3.758969, 0.0, 0.0], [-1.879484, 3.255362, 0.0], [0.0, 0.0, 23.240079]], "volume": 284.3843112305032, "beta": 90.0, "alpha": 90.0, "gamma": 119.99999832343103}, "sites": [{"label": "Ru", "xyz": [0.0, 0.0, 0.0], "abc": [0.0, 0.0, 0.0], "species": [{"occu": 1, "element": "Ru"}], "properties": {"magmom": 0.0}}, {"label": "Br", "xyz": [1.879486546151, 1.085119581546, 1.34513577252], "abc": [0.666667, 0.333333, 0.05788000000000001], "species": [{"occu": 1, "element": "Br"}], "properties": {"magmom": 0.0}}, {"label": "Br", "xyz": [-1.5461509999938298e-06, 2.170242418454, 21.89494322748], "abc": [0.333333, 0.666667, 0.9421200000000001], "species": [{"occu": 1, "element": "Br"}], "properties": {"magmom": 0.0}}], "@class": "Structure", "@module": "pymatgen.core.structure"}