{"lattice": {"a": 4.28242564, "c": 23.435848, "b": 4.282426366460042, "matrix": [[4.28242564, 1e-08, 0.0], [-2.14121331, 3.70868995, 0.0], [0.0, 0.0, 23.435848]], "volume": 372.21256623562397, "beta": 90.0, "alpha": 90.0, "gamma": 120.00000182468439}, "sites": [{"label": "Cd", "xyz": [0.0, 0.0, 11.717924], "abc": [0.0, -0.0, 0.5], "species": [{"occu": 1, "element": "Cd"}], "properties": {"magmom": 0.0}}, {"label": "I", "xyz": [-2.467879650067231e-06, 2.4724612062299802, 13.44829366634488], "abc": [0.333333, 0.666667, 0.57383431], "species": [{"occu": 1, "element": "I"}], "properties": {"magmom": -0.0}}, {"label": "I", "xyz": [2.141214797879649, 1.23622875377002, 9.987554333655119], "abc": [0.666667, 0.333333, 0.42616569], "species": [{"occu": 1, "element": "I"}], "properties": {"magmom": -0.0}}], "@class": "Structure", "@module": "pymatgen.core.structure"}