{"lattice": {"a": 4.35678399, "c": 22.741369, "b": 4.35678399, "matrix": [[4.35678399, 0.0, 0.0], [0.0, 4.35678399, 0.0], [0.0, 0.0, 22.741369]], "volume": 431.666813330593, "beta": 90.0, "alpha": 90.0, "gamma": 90.0}, "sites": [{"label": "Cd", "xyz": [2.178391995, 2.178391995, 0.0], "abc": [0.5, 0.5, 0.0], "species": [{"occu": 1, "element": "Cd"}], "properties": {"magmom": 0.0}}, {"label": "I", "xyz": [0.0, 2.178391995, 20.942290884103468], "abc": [0.0, 0.5, 0.92088963], "species": [{"occu": 1, "element": "I"}], "properties": {"magmom": -0.0}}, {"label": "I", "xyz": [2.178391995, 0.0, 1.799078115896529], "abc": [0.5, 0.0, 0.07911037], "species": [{"occu": 1, "element": "I"}], "properties": {"magmom": -0.0}}], "@class": "Structure", "@module": "pymatgen.core.structure"}