{"lattice": {"a": 3.5230628257984993, "c": 22.84120799080294, "b": 3.523062707663804, "matrix": [[3.52303011, 0.01294096, -0.00794041], [0.16236799999999998, 3.51931022, -0.00794041], [0.00013827000000000002, 0.00013252, 22.84120799]], "volume": 283.15183422318563, "beta": 90.1287874071249, "alpha": 90.12878742190675, "gamma": 87.14771959350914}, "sites": [{"label": "Te", "xyz": [2.318148594914913, 2.221817795679731, 7.164190722338427], "abc": [0.62899722, 0.62899722, 0.31408933], "species": [{"occu": 1, "element": "Te"}], "properties": {"magmom": -0.0}}, {"label": "Te", "xyz": [0.48125370900040104, 0.46125518171980506, 9.716688479337117], "abc": [0.13056795000000002, 0.13056795000000002, 0.42549247], "species": [{"occu": 1, "element": "Te"}], "properties": {"magmom": -0.0}}, {"label": "C", "xyz": [2.022611618457758, 1.938561874851592, 9.302284414950684], "abc": [0.54880238, 0.54880238, 0.40764043], "species": [{"occu": 1, "element": "C"}], "properties": {"magmom": 0.0}}, {"label": "C", "xyz": [0.176242787792795, 0.16891900724171802, 7.580643338306346], "abc": [0.04780946, 0.04780946, 0.33191776], "species": [{"occu": 1, "element": "C"}], "properties": {"magmom": 0.0}}], "@class": "Structure", "@module": "pymatgen.core.structure"}