{"lattice": {"a": 4.09214168, "c": 20.16693, "b": 4.092141462831027, "matrix": [[4.09214168, 0.0, 0.0], [-2.04607084, 3.5438984, 0.0], [0.0, 0.0, 20.16693]], "volume": 292.4635283339399, "beta": 90.0, "alpha": 90.0, "gamma": 120.0000017555336}, "sites": [{"label": "Zn", "xyz": [0.0, 0.0, 10.0018806930315], "abc": [-0.0, -0.0, 0.49595455], "species": [{"occu": 1, "element": "Zn"}], "properties": {"magmom": 0.0}}, {"label": "Se", "xyz": [2.04607288607084, 1.181298285367199, 10.1650493069685], "abc": [0.666667, 0.333333, 0.50404545], "species": [{"occu": 1, "element": "Se"}], "properties": {"magmom": 0.0}}], "@class": "Structure", "@module": "pymatgen.core.structure"}