{"lattice": {"a": 3.655775018180687, "c": 21.95047012404347, "b": 3.656322923303411, "matrix": [[3.655775, 9.5e-05, -0.000352], [-1.827809, 3.166672, -0.000153], [-0.00198, -0.001235, 21.95047]], "volume": 254.1165041099674, "beta": 90.01068512168197, "alpha": 90.00260585906133, "gamma": 119.99213325067576}, "sites": [{"label": "Zr", "xyz": [-0.001978170054, -0.001231831998, 21.950448049025], "abc": [1e-06, 1e-06, 0.999999], "species": [{"occu": 1, "element": "Zr"}], "properties": {"magmom": 0.0}}, {"label": "P", "xyz": [1.825708106742, 1.054468769134, 20.397934932452], "abc": [0.666566, 0.33333199999999996, 0.929284], "species": [{"occu": 1, "element": "P"}], "properties": {"magmom": -0.0}}, {"label": "P", "xyz": [0.000276061332, 2.111060061629, 1.552073968993], "abc": [0.333433, 0.666667, 0.070718], "species": [{"occu": 1, "element": "P"}], "properties": {"magmom": 0.0}}], "@class": "Structure", "@module": "pymatgen.core.structure"}