{"lattice": {"a": 4.639946, "c": 20.0, "b": 4.639948504382889, "matrix": [[4.639946, 0.0, 0.0], [-2.319973, 4.018314, 0.0], [0.0, 0.0, 20.0]], "volume": 372.89519942088, "beta": 90.0, "alpha": 90.0, "gamma": 119.99998214542434}, "sites": [{"label": "Ga", "xyz": [-2.319972999976405e-06, 2.6788773394380003, 7.70726], "abc": [0.333333, 0.666667, 0.38536299999999996], "species": [{"occu": 1, "element": "Ga"}], "properties": {"magmom": -0.001}}, {"label": "Bi", "xyz": [0.0, 0.0, 7.70726], "abc": [0.0, 0.0, 0.38536299999999996], "species": [{"occu": 1, "element": "Bi"}], "properties": {"magmom": 0.04}}], "@class": "Structure", "@module": "pymatgen.core.structure"}