{"lattice": {"a": 4.56411724, "c": 25.655471, "b": 4.5641178326294085, "matrix": [[4.56411724, -0.0, 0.0], [-2.28205862, 3.95264216, 0.0], [0.0, 0.0, 25.655471]], "volume": 462.8329636999738, "beta": 90.0, "alpha": 90.0, "gamma": 119.99999570475099}, "sites": [{"label": "Na", "xyz": [0.0, 0.0, 15.183904709403059], "abc": [0.0, -0.0, 0.59183886], "species": [{"occu": 1, "element": "Na"}], "properties": {"magmom": 0.005}}, {"label": "Mn", "xyz": [-2.282058620070779e-06, 2.63509609088072, 11.42996925443851], "abc": [0.333333, 0.666667, 0.44551781], "species": [{"occu": 1, "element": "Mn"}], "properties": {"magmom": 3.877}}, {"label": "Te", "xyz": [-2.282058620070779e-06, 2.63509609088072, 13.993408244386439], "abc": [0.333333, 0.666667, 0.54543564], "species": [{"occu": 1, "element": "Te"}], "properties": {"magmom": -0.079}}, {"label": "Te", "xyz": [2.282060902058619, 1.31754606911928, 10.70365979177199], "abc": [0.666667, 0.333333, 0.41720769], "species": [{"occu": 1, "element": "Te"}], "properties": {"magmom": -0.116}}], "@class": "Structure", "@module": "pymatgen.core.structure"}