{"lattice": {"a": 2.97969303, "c": 19.98526138, "b": 6.14176555, "matrix": [[2.97969303, 0.0, 0.0], [0.0, 6.14176555, 0.0], [0.0, 0.0, 19.98526138]], "volume": 365.74179478911907, "beta": 90.0, "alpha": 90.0, "gamma": 90.0}, "sites": [{"label": "Te", "xyz": [1.479482129546029, 1.5354413875000001, 9.99263069], "abc": [0.49652166000000003, 0.25, 0.5], "species": [{"occu": 1, "element": "Te"}], "properties": {"magmom": 0.0}}, {"label": "Te", "xyz": [1.50021090045397, 4.6063241625, 9.99263069], "abc": [0.50347834, 0.75, 0.5], "species": [{"occu": 1, "element": "Te"}], "properties": {"magmom": 0.0}}], "@class": "Structure", "@module": "pymatgen.core.structure"}