{"lattice": {"a": 4.19344506, "c": 23.198713, "b": 3.9220386, "matrix": [[4.19344506, 0.0, 0.0], [0.0, 3.9220386, 0.0], [0.0, 0.0, 23.198713]], "volume": 381.5458316010283, "beta": 90.0, "alpha": 90.0, "gamma": 90.0}, "sites": [{"label": "Y", "xyz": [0.0, 0.0, 10.37898611475083], "abc": [0.0, 0.0, 0.44739491000000003], "species": [{"occu": 1, "element": "Y"}], "properties": {"magmom": -0.0}}, {"label": "Ge", "xyz": [0.0, 1.9610192999999998, 12.79135880303138], "abc": [0.0, 0.5, 0.55138226], "species": [{"occu": 1, "element": "Ge"}], "properties": {"magmom": -0.0}}, {"label": "Ge", "xyz": [2.09672253, 1.9610192999999998, 10.529455055153], "abc": [0.5, 0.5, 0.453881], "species": [{"occu": 1, "element": "Ge"}], "properties": {"magmom": -0.0}}, {"label": "Ge", "xyz": [2.09672253, 0.0, 12.697626027064791], "abc": [0.5, -0.0, 0.54734183], "species": [{"occu": 1, "element": "Ge"}], "properties": {"magmom": -0.0}}], "@class": "Structure", "@module": "pymatgen.core.structure"}