{"lattice": {"a": 3.89348546, "c": 24.44792, "b": 3.89153899, "matrix": [[3.89348546, 0.0, 0.0], [0.0, 3.89153899, 0.0], [0.0, 0.0, 24.44792]], "volume": 370.4263386706915, "beta": 90.0, "alpha": 90.0, "gamma": 90.0}, "sites": [{"label": "La", "xyz": [0.0, 1.945769495, 11.1668468524312], "abc": [0.0, 0.5, 0.45676061], "species": [{"occu": 1, "element": "La"}], "properties": {"magmom": 0.0}}, {"label": "Se", "xyz": [0.0, 1.945769495, 14.126842094551199], "abc": [-0.0, 0.5, 0.5778341100000001], "species": [{"occu": 1, "element": "Se"}], "properties": {"magmom": 0.002}}, {"label": "Se", "xyz": [1.94674273, 0.0, 13.6943327194352], "abc": [0.5, -0.0, 0.56014306], "species": [{"occu": 1, "element": "Se"}], "properties": {"magmom": 0.002}}, {"label": "Se", "xyz": [1.94674273, 0.0, 9.9077941301416], "abc": [0.5, 0.0, 0.40526123000000003], "species": [{"occu": 1, "element": "Se"}], "properties": {"magmom": 0.0}}], "@class": "Structure", "@module": "pymatgen.core.structure"}