{"lattice": {"a": 2.57346458, "c": 22.883476, "b": 2.57346458, "matrix": [[2.57346458, 0.0, 0.0], [0.0, 2.57346458, 0.0], [0.0, 0.0, 22.883476]], "volume": 151.55085290502066, "beta": 90.0, "alpha": 90.0, "gamma": 90.0}, "sites": [{"label": "Be", "xyz": [0.0, 0.0, 11.11369719300148], "abc": [-0.0, -0.0, 0.48566473], "species": [{"occu": 1, "element": "Be"}], "properties": {"magmom": 0.0}}, {"label": "Be", "xyz": [0.0, 0.0, 8.851929665714522], "abc": [-0.0, -0.0, 0.38682627], "species": [{"occu": 1, "element": "Be"}], "properties": {"magmom": 0.0}}, {"label": "Co", "xyz": [1.28673229, 1.28673229, 9.982824871096001], "abc": [0.5, 0.5, 0.43624599999999997], "species": [{"occu": 1, "element": "Co"}], "properties": {"magmom": -0.0}}], "@class": "Structure", "@module": "pymatgen.core.structure"}