{"lattice": {"a": 3.470518, "c": 22.670328, "b": 3.470518214522148, "matrix": [[3.470518, 0.0, 0.0], [-1.735259, 3.005557, 0.0], [0.0, 0.0, 22.670328]], "volume": 236.47055660089575, "beta": 90.0, "alpha": 90.0, "gamma": 119.99999795525193}, "sites": [{"label": "Ru", "xyz": [0.0, 0.0, 0.0], "abc": [0.0, 0.0, 0.0], "species": [{"occu": 1, "element": "Ru"}], "properties": {"magmom": 1.107}}, {"label": "Se", "xyz": [-1.735258999973511e-06, 2.003705668519, 21.134707992264], "abc": [0.333333, 0.666667, 0.932263], "species": [{"occu": 1, "element": "Se"}], "properties": {"magmom": 0.126}}, {"label": "Se", "xyz": [1.7352607352590002, 1.001851331481, 1.535620007736], "abc": [0.666667, 0.333333, 0.06773699999999999], "species": [{"occu": 1, "element": "Se"}], "properties": {"magmom": 0.126}}], "@class": "Structure", "@module": "pymatgen.core.structure"}