{"lattice": {"a": 3.875562001269622, "c": 20.195520003593987, "b": 3.875561150007054, "matrix": [[3.875562, 7.900000000000001e-05, -6.000000000000001e-05], [-1.9377119999999999, 3.3563739999999997, 6.8e-05], [-0.000306, 0.000227, 20.19552]], "volume": 262.70309406697174, "beta": 90.00175515718504, "alpha": 89.99800290649561, "gamma": 119.9976614560043}, "sites": [{"label": "Cu", "xyz": [-5.8009644e-05, 4.3033297999999995e-05, 3.828545508479999], "abc": [0.0, 0.0, 0.189574], "species": [{"occu": 1, "element": "Cu"}], "properties": {"magmom": 0.0}}, {"label": "Cl", "xyz": [1.937749053888, 1.1188850794, 3.754228857023999], "abc": [0.666667, 0.333333, 0.185895], "species": [{"occu": 1, "element": "Cl"}], "properties": {"magmom": 0.0}}], "@class": "Structure", "@module": "pymatgen.core.structure"}