{"lattice": {"a": 4.03789596, "c": 23.942319, "b": 4.03789596, "matrix": [[4.03789596, 0.0, 0.0], [0.0, 4.03789596, 0.0], [-0.0, 0.0, 23.942319]], "volume": 390.3700249599713, "beta": 90.0, "alpha": 90.0, "gamma": 90.0}, "sites": [{"label": "Al", "xyz": [0.0, 0.0, 0.0], "abc": [0.0, 0.0, 0.0], "species": [{"occu": 1, "element": "Al"}], "properties": {"magmom": -0.0}}, {"label": "Al", "xyz": [2.01894798, 2.01894798, 0.0], "abc": [0.5, 0.5, 0.0], "species": [{"occu": 1, "element": "Al"}], "properties": {"magmom": -0.0}}, {"label": "As", "xyz": [2.01894798, 0.0, 22.392543225750362], "abc": [0.5, 0.0, 0.93527044], "species": [{"occu": 1, "element": "As"}], "properties": {"magmom": -0.0}}, {"label": "As", "xyz": [0.0, 2.01894798, 1.54977577424964], "abc": [-0.0, 0.5, 0.06472956], "species": [{"occu": 1, "element": "As"}], "properties": {"magmom": -0.0}}], "@class": "Structure", "@module": "pymatgen.core.structure"}