{"lattice": {"a": 3.376108850271013, "c": 21.581057, "b": 5.387470946855799, "matrix": [[3.37609949, 0.00795, 0.0], [0.02365616, 5.38741901, 0.0], [0.0, 0.0, 21.581057]], "volume": 392.522188837115, "beta": 90.0, "alpha": 90.0, "gamma": 89.61349662680448}, "sites": [{"label": "Li", "xyz": [3.378321526124885, 1.939897869391023, 10.791098887336512], "abc": [0.99814543, 0.35860634, 0.50002643], "species": [{"occu": 1, "element": "Li"}], "properties": {"magmom": -0.0}}, {"label": "Cu", "xyz": [1.709606651609327, 4.633970932159304, 10.790369015988771], "abc": [0.5003633200000001, 0.85940838, 0.49999261], "species": [{"occu": 1, "element": "Cu"}], "properties": {"magmom": -0.0}}, {"label": "S", "xyz": [3.396261499543506, 5.378948179707035, 9.53288182860707], "abc": [0.9989863800000001, 0.9969534999999999, 0.44172451], "species": [{"occu": 1, "element": "S"}], "properties": {"magmom": 0.0}}, {"label": "S", "xyz": [0.023576294316769, 3.8823552837554383, 12.04774268701065], "abc": [0.00193387, 0.72063077, 0.55825545], "species": [{"occu": 1, "element": "S"}], "properties": {"magmom": 0.0}}], "@class": "Structure", "@module": "pymatgen.core.structure"}