{"lattice": {"a": 3.899209255646585, "c": 23.35462700007975, "b": 3.89920825563511, "matrix": [[3.899204, 0.006402, -1e-05], [0.006402, 3.899203, 0.0], [-6.1e-05, 2e-06, 23.354627]], "volume": 355.0778389894203, "beta": 90.00029658475923, "alpha": 89.99999533912519, "gamma": 89.81185529258221}, "sites": [{"label": "Te", "xyz": [1.949596829762, 0.003201169516, 1.979486475266], "abc": [0.5, 0.0, 0.084758], "species": [{"occu": 1, "element": "Te"}], "properties": {"magmom": 0.0}}, {"label": "Te", "xyz": [0.003145170238, 1.949603330484, 21.375135524734002], "abc": [0.0, 0.5, 0.915242], "species": [{"occu": 1, "element": "Te"}], "properties": {"magmom": 0.0}}, {"label": "W", "xyz": [1.9528029999999998, 1.9528025, -4.9999999999999996e-06], "abc": [0.5, 0.5, 0.0], "species": [{"occu": 1, "element": "W"}], "properties": {"magmom": -0.0}}, {"label": "W", "xyz": [0.0, 0.0, 0.0], "abc": [0.0, 0.0, 0.0], "species": [{"occu": 1, "element": "W"}], "properties": {"magmom": -0.0}}], "@class": "Structure", "@module": "pymatgen.core.structure"}