{"lattice": {"a": 4.12455057, "c": 27.090311, "b": 4.124550744800602, "matrix": [[4.12455057, -2e-08, 0.0], [-2.06227583, 3.57196546, 0.0], [0.0, 0.0, 27.090311]], "volume": 399.11483716394736, "beta": 90.0, "alpha": 90.0, "gamma": 120.00000761791311}, "sites": [{"label": "La", "xyz": [2.0622771656088, 1.19065394934484, 15.061121718272922], "abc": [0.666667, 0.333333, 0.55595972], "species": [{"occu": 1, "element": "La"}], "properties": {"magmom": 0.267}}, {"label": "La", "xyz": [-2.425608800022979e-06, 2.3813114906551602, 12.02918928172708], "abc": [0.333333, 0.666667, 0.44404028], "species": [{"occu": 1, "element": "La"}], "properties": {"magmom": 0.267}}, {"label": "I", "xyz": [-2.425608800022979e-06, 2.3813114906551602, 17.300027019372703], "abc": [0.333333, 0.666667, 0.6386056999999999], "species": [{"occu": 1, "element": "I"}], "properties": {"magmom": 0.013000000000000001}}, {"label": "I", "xyz": [2.0622771656088, 1.19065394934484, 9.7902839806273], "abc": [0.666667, 0.333333, 0.3613943], "species": [{"occu": 1, "element": "I"}], "properties": {"magmom": 0.013000000000000001}}], "@class": "Structure", "@module": "pymatgen.core.structure"}