{"lattice": {"a": 5.399091, "c": 22.957399, "b": 5.262899, "matrix": [[5.399091, 0.0, 0.0], [0.0, 5.262899, 0.0], [0.0, 0.0, 22.957399]], "volume": 652.3315224671195, "beta": 90.0, "alpha": 90.0, "gamma": 90.0}, "sites": [{"label": "Ba", "xyz": [2.6995455, 0.0, 10.815620944683], "abc": [0.5, 0.0, 0.47111699999999995], "species": [{"occu": 1, "element": "Ba"}], "properties": {"magmom": 0.055}}, {"label": "Ba", "xyz": [0.0, 2.6314495, 6.8982392515200015], "abc": [0.0, 0.5, 0.30048], "species": [{"occu": 1, "element": "Ba"}], "properties": {"magmom": 0.042}}, {"label": "Bi", "xyz": [0.0, 0.0, 8.894270307575], "abc": [0.0, 0.0, 0.38742499999999996], "species": [{"occu": 1, "element": "Bi"}], "properties": {"magmom": 0.034}}], "@class": "Structure", "@module": "pymatgen.core.structure"}