{"lattice": {"a": 3.556244494075578, "c": 24.630787, "b": 4.8463622105587945, "matrix": [[3.51205431, 0.5588822999999999, 0.0], [-0.79922806, 4.7800063999999995, 0.0], [0.0, 0.0, 24.630787]], "volume": 424.49477868742736, "beta": 90.0, "alpha": 90.0, "gamma": 90.45036764716389}, "sites": [{"label": "Eu", "xyz": [-0.331089138142157, 4.8369989083212985, 12.299477085440602], "abc": [0.13248318, 0.99643306, 0.49935379999999996], "species": [{"occu": 1, "element": "Eu"}], "properties": {"magmom": 6.8469999999999995}}, {"label": "In", "xyz": [2.069510507965595, 2.203616557514936, 15.061812950870241], "abc": [0.676178, 0.38194774000000004, 0.61150352], "species": [{"occu": 1, "element": "In"}], "properties": {"magmom": 0.008}}, {"label": "In", "xyz": [2.134673052952779, 2.255638954695089, 9.57684974327301], "abc": [0.69666359, 0.39043588, 0.38881623], "species": [{"occu": 1, "element": "In"}], "properties": {"magmom": 0.01}}, {"label": "Au", "xyz": [1.808189002203092, 2.7406560865645773, 12.323458851203151], "abc": [0.62860423, 0.49986132, 0.50032745], "species": [{"occu": 1, "element": "Au"}], "properties": {"magmom": 0.011}}], "@class": "Structure", "@module": "pymatgen.core.structure"}