{"lattice": {"a": 3.467017, "c": 21.519401, "b": 3.467017, "matrix": [[3.467017, 0.0, 0.0], [0.0, 3.467017, 0.0], [0.0, 0.0, 21.519401]], "volume": 258.66765191685914, "beta": 90.0, "alpha": 90.0, "gamma": 90.0}, "sites": [{"label": "Sr", "xyz": [1.7335085000000001, 1.7335085000000001, 0.0], "abc": [0.5, 0.5, 0.0], "species": [{"occu": 1, "element": "Sr"}], "properties": {"magmom": 0.0}}, {"label": "O", "xyz": [0.0, 0.0, 20.748511497977], "abc": [0.0, 0.0, 0.964177], "species": [{"occu": 1, "element": "O"}], "properties": {"magmom": 0.0}}, {"label": "O", "xyz": [0.0, 0.0, 0.770889502023], "abc": [0.0, 0.0, 0.035823], "species": [{"occu": 1, "element": "O"}], "properties": {"magmom": 0.0}}], "@class": "Structure", "@module": "pymatgen.core.structure"}