{"lattice": {"a": 2.276554, "c": 23.020983, "b": 2.276553482907441, "matrix": [[2.276554, 0.0, 0.0], [-1.138277, 1.971553, 0.0], [0.0, 0.0, 23.020983]], "volume": 103.32615695466484, "beta": 90.0, "alpha": 90.0, "gamma": 120.0000075136758}, "sites": [{"label": "B", "xyz": [1.138278138277, 0.657183676149, 12.169950579018], "abc": [0.666667, 0.333333, 0.528646], "species": [{"occu": 1, "element": "B"}], "properties": {"magmom": -0.007}}, {"label": "B", "xyz": [0.0, 0.0, 8.426048113728001], "abc": [0.0, 0.0, 0.366016], "species": [{"occu": 1, "element": "B"}], "properties": {"magmom": 0.23900000000000002}}, {"label": "O", "xyz": [-1.138277000004337e-06, 1.314369323851, 9.042273786672], "abc": [0.333333, 0.666667, 0.39278399999999997], "species": [{"occu": 1, "element": "O"}], "properties": {"magmom": 0.074}}], "@class": "Structure", "@module": "pymatgen.core.structure"}