{"lattice": {"a": 2.425045618032604, "c": 20.0, "b": 2.425045653914845, "matrix": [[2.42504561, 0.00019738, 0.0], [0.00055677, 2.42504559, 0.0], [0.0, 0.0, 20.0]], "volume": 117.61692104368194, "beta": 90.0, "alpha": 90.0, "gamma": 89.98218193850902}, "sites": [{"label": "Si", "xyz": [1.21280119, 1.212621484999999, 10.0], "abc": [0.5, 0.5, 0.5], "species": [{"occu": 1, "element": "Si"}], "properties": {"magmom": -0.0}}], "@class": "Structure", "@module": "pymatgen.core.structure"}