{"lattice": {"a": 4.065875983075621, "c": 22.4772846870017, "b": 4.521854686886186, "matrix": [[4.06454333, 0.009279550000000001, -0.10367699], [-0.010813099999999999, 4.5205743, -0.10705552], [-0.08951989, -0.10132677, 22.47687803]], "volume": 412.90791701819836, "beta": 91.68992642864357, "alpha": 91.61434281000848, "gamma": 89.97164777461424}, "sites": [{"label": "Sb", "xyz": [2.565925670145551, 3.77338871385057, 5.844640916719758], "abc": [0.63940805, 0.83938608, 0.2669763], "species": [{"occu": 1, "element": "Sb"}], "properties": {"magmom": 0.0}}, {"label": "Sb", "xyz": [0.454760152282048, 1.4358549409781491, 2.923453161500518], "abc": [0.11564691, 0.32035078, 0.13212415], "species": [{"occu": 1, "element": "Sb"}], "properties": {"magmom": 0.0}}, {"label": "As", "xyz": [2.492536617919945, 4.175962569445301, 3.194530637850786], "abc": [0.61899236, 0.92584604, 0.14939009], "species": [{"occu": 1, "element": "As"}], "properties": {"magmom": 0.0}}, {"label": "As", "xyz": [0.5283283883684661, 1.968796069709316, 5.550787647244454], "abc": [0.13665668, 0.44083509, 0.24968546], "species": [{"occu": 1, "element": "As"}], "properties": {"magmom": 0.0}}], "@class": "Structure", "@module": "pymatgen.core.structure"}