{"lattice": {"a": 3.52267296, "c": 23.77951, "b": 3.52267296, "matrix": [[3.52267296, 0.0, 0.0], [0.0, 3.52267296, 0.0], [0.0, 0.0, 23.77951]], "volume": 295.0852848223348, "beta": 90.0, "alpha": 90.0, "gamma": 90.0}, "sites": [{"label": "Lu", "xyz": [0.0, 0.0, 0.0], "abc": [-0.0, -0.0, 0.0], "species": [{"occu": 1, "element": "Lu"}], "properties": {"magmom": -0.0}}, {"label": "Ge", "xyz": [1.76133648, 1.76133648, 22.242728728477196], "abc": [0.5, 0.5, 0.93537372], "species": [{"occu": 1, "element": "Ge"}], "properties": {"magmom": -0.0}}, {"label": "Ge", "xyz": [1.76133648, 1.76133648, 1.536781271522799], "abc": [0.5, 0.5, 0.06462628000000001], "species": [{"occu": 1, "element": "Ge"}], "properties": {"magmom": -0.0}}], "@class": "Structure", "@module": "pymatgen.core.structure"}