{"lattice": {"a": 3.059413484439297, "c": 23.46528636802641, "b": 3.976745555505029, "matrix": [[2.99672, -0.0029119999999999997, 0.6161749999999999], [1.318451, 3.554942, 1.199408], [-0.007378, -0.017069, 23.465279]], "volume": 250.13326960307296, "beta": 78.39896404153176, "alpha": 72.49128758377806, "gamma": 67.37862908754123}, "sites": [{"label": "B", "xyz": [3.660073592667999, 2.6102051489380003, 6.3694144528629995], "abc": [0.898067, 0.735992, 0.21023799999999998], "species": [{"occu": 1, "element": "B"}], "properties": {"magmom": 0.0}}, {"label": "B", "xyz": [0.65184201977, 0.9342935132610001, 5.799730135028], "abc": [0.101933, 0.26400799999999996, 0.230991], "species": [{"occu": 1, "element": "B"}], "properties": {"magmom": 0.0}}, {"label": "S", "xyz": [1.9871226032699991, 0.035425640302, 6.89710679346], "abc": [0.658574, 0.01183, 0.27603], "species": [{"occu": 1, "element": "S"}], "properties": {"magmom": -0.0}}, {"label": "S", "xyz": [2.324791690717, 3.509069466954999, 5.272036595023], "abc": [0.341426, 0.988169, 0.16519899999999998], "species": [{"occu": 1, "element": "S"}], "properties": {"magmom": -0.0}}], "@class": "Structure", "@module": "pymatgen.core.structure"}