{"lattice": {"a": 4.09078404, "c": 20.0, "b": 4.090784700635404, "matrix": [[4.09078404, -1e-08, 0.0], [-2.04539154, 3.54272394, 0.0], [0.0, 0.0, 20.0]], "volume": 289.85037062848005, "beta": 90.0, "alpha": 90.0, "gamma": 119.99998703495046}, "sites": [{"label": "Al", "xyz": [-1.725391859877386e-06, 2.36181713757465, 7.70726], "abc": [0.333333, 0.666667, 0.38536299999999996], "species": [{"occu": 1, "element": "Al"}], "properties": {"magmom": -0.0}}, {"label": "As", "xyz": [0.0, 0.0, 7.70726], "abc": [0.0, 0.0, 0.38536299999999996], "species": [{"occu": 1, "element": "As"}], "properties": {"magmom": 0.0}}], "@class": "Structure", "@module": "pymatgen.core.structure"}