{"lattice": {"a": 3.89979354, "c": 22.77902, "b": 3.89979354, "matrix": [[3.89979354, 0.0, 0.0], [0.0, 3.89979354, 0.0], [-0.0, 0.0, 22.77902]], "volume": 346.43221211051264, "beta": 90.0, "alpha": 90.0, "gamma": 90.0}, "sites": [{"label": "Ru", "xyz": [0.0, 0.0, 0.0], "abc": [-0.0, -0.0, 0.0], "species": [{"occu": 1, "element": "Ru"}], "properties": {"magmom": -0.0}}, {"label": "Ru", "xyz": [1.94989677, 1.94989677, 0.0], "abc": [0.5, 0.5, -0.0], "species": [{"occu": 1, "element": "Ru"}], "properties": {"magmom": 0.0}}, {"label": "S", "xyz": [1.94989677, 0.0, 21.5189811966448], "abc": [0.5, -0.0, 0.9446842400000001], "species": [{"occu": 1, "element": "S"}], "properties": {"magmom": 0.0}}, {"label": "S", "xyz": [0.0, 1.94989677, 1.2600388033552], "abc": [-0.0, 0.5, 0.05531576], "species": [{"occu": 1, "element": "S"}], "properties": {"magmom": -0.0}}], "@class": "Structure", "@module": "pymatgen.core.structure"}