{"lattice": {"a": 4.692348, "c": 23.722044, "b": 4.692347871181121, "matrix": [[4.692348, 0.0, 0.0], [-2.346173, 4.063693, 0.0], [0.0, 0.0, 23.722044]], "volume": 452.3381435529681, "beta": 90.0, "alpha": 90.0, "gamma": 119.99998680869984}, "sites": [{"label": "Sn", "xyz": [2.346176679507, 1.3545629787690001, 0.41480366138400004], "abc": [0.666667, 0.333333, 0.017485999999999998], "species": [{"occu": 1, "element": "Sn"}], "properties": {"magmom": 0.0}}, {"label": "Sn", "xyz": [-1.679506999907639e-06, 2.709130021231, 23.307240338616], "abc": [0.333333, 0.666667, 0.982514], "species": [{"occu": 1, "element": "Sn"}], "properties": {"magmom": 0.0}}, {"label": "H", "xyz": [2.346176679507, 1.3545629787690001, 2.159844662112], "abc": [0.666667, 0.333333, 0.09104799999999999], "species": [{"occu": 1, "element": "H"}], "properties": {"magmom": 0.0}}, {"label": "H", "xyz": [-1.679506999907639e-06, 2.709130021231, 21.562199337888], "abc": [0.333333, 0.666667, 0.908952], "species": [{"occu": 1, "element": "H"}], "properties": {"magmom": 0.0}}], "@class": "Structure", "@module": "pymatgen.core.structure"}