{"lattice": {"a": 3.63960199, "c": 22.8769613, "b": 3.639601556885424, "matrix": [[3.63960199, 0.0, 0.0], [-1.819801, 3.15198728, 0.0], [0.0, 0.0, 22.8769613]], "volume": 262.4440236607483, "beta": 90.0, "alpha": 90.0, "gamma": 120.00000402739484}, "sites": [{"label": "Hf", "xyz": [0.0, 0.0, 11.43848065], "abc": [0.0, 0.0, 0.5], "species": [{"occu": 1, "element": "Hf"}], "properties": {"magmom": 0.0}}, {"label": "S", "xyz": [1.81980281313433, 1.05066137600424, 12.881966349945529], "abc": [0.666667, 0.333333, 0.56309779], "species": [{"occu": 1, "element": "S"}], "properties": {"magmom": -0.0}}, {"label": "S", "xyz": [-1.8231343300755718e-06, 2.10132590399576, 9.994994950054474], "abc": [0.333333, 0.666667, 0.43690221], "species": [{"occu": 1, "element": "S"}], "properties": {"magmom": -0.0}}], "@class": "Structure", "@module": "pymatgen.core.structure"}