{"lattice": {"a": 3.565227863326529, "c": 23.646143, "b": 3.565227603639486, "matrix": [[3.56522785, -0.00030826000000000003, 0.0], [-1.78215032, 3.08784522, 0.0], [0.0, 0.0, 23.646143]], "volume": 260.30436587747386, "beta": 90.0, "alpha": 90.0, "gamma": 119.99635356068465}, "sites": [{"label": "Te", "xyz": [1.782679586883884, 1.029129616904897, 10.001985551306559], "abc": [0.66665038, 0.33335062, 0.42298592], "species": [{"occu": 1, "element": "Te"}], "properties": {"magmom": 0.0}}, {"label": "Te", "xyz": [1.782679586883884, 1.029129616904897, 13.64415744869344], "abc": [0.66665038, 0.33335062, 0.57701408], "species": [{"occu": 1, "element": "Te"}], "properties": {"magmom": 0.0}}, {"label": "W", "xyz": [0.00013210743176, 2.058562923959165, 11.8230715], "abc": [0.33330024, 0.66669976, 0.5], "species": [{"occu": 1, "element": "W"}], "properties": {"magmom": -0.0}}], "@class": "Structure", "@module": "pymatgen.core.structure"}