{"lattice": {"a": 3.823243205185998, "c": 24.98163803232268, "b": 3.823494684804523, "matrix": [[3.8232432, -0.00011993, -0.00015897], [-1.9117254799999999, 3.31125615, 5.4170000000000005e-05], [-0.00103868, -0.00019094, 24.98163801]], "volume": 316.2552528129467, "beta": 90.00476456690137, "alpha": 89.99837640629629, "gamma": 120.00141900873831}, "sites": [{"label": "Co", "xyz": [-2.1276306908929752e-05, 2.207544296528016, 3.50825323601e-05], "abc": [0.33335799, 0.66669088, 2.08e-06], "species": [{"occu": 1, "element": "Co"}], "properties": {"magmom": 0.0}}, {"label": "Ge", "xyz": [-0.001016875156275, 2.207297115930183, 22.700970955695006], "abc": [0.33333333, 0.66666863, 0.9087069400000001], "species": [{"occu": 1, "element": "Ge"}], "properties": {"magmom": -0.0}}, {"label": "Ge", "xyz": [1.910530938787765, 1.103393498852818, 24.981544592098203], "abc": [0.66664889, 0.33330686, 0.99999978], "species": [{"occu": 1, "element": "Ge"}], "properties": {"magmom": -0.0}}, {"label": "Ge", "xyz": [-0.00019475731408700003, 2.207449882937792, 2.280587086299573], "abc": [0.33332579, 0.6666676300000001, 0.09129121], "species": [{"occu": 1, "element": "Ge"}], "properties": {"magmom": -0.0}}], "@class": "Structure", "@module": "pymatgen.core.structure"}