{"lattice": {"a": 3.94397634, "c": 23.624099, "b": 3.94397634, "matrix": [[3.94397634, 0.0, 0.0], [-0.0, 3.94397634, -0.0], [0.0, 0.0, 23.624099]], "volume": 367.47166386820237, "beta": 90.0, "alpha": 90.0, "gamma": 90.0}, "sites": [{"label": "Au", "xyz": [1.97198817, 1.97198817, 0.0], "abc": [0.5, 0.5, 0.0], "species": [{"occu": 1, "element": "Au"}], "properties": {"magmom": -0.0}}, {"label": "Au", "xyz": [0.0, 0.0, 0.0], "abc": [-0.0, -0.0, 0.0], "species": [{"occu": 1, "element": "Au"}], "properties": {"magmom": -0.0}}, {"label": "Cl", "xyz": [0.0, 1.97198817, 1.96998857406506], "abc": [-0.0, 0.5, 0.08338894000000001], "species": [{"occu": 1, "element": "Cl"}], "properties": {"magmom": 0.0}}, {"label": "Cl", "xyz": [1.97198817, 0.0, 21.654110425934938], "abc": [0.5, -0.0, 0.91661106], "species": [{"occu": 1, "element": "Cl"}], "properties": {"magmom": 0.0}}], "@class": "Structure", "@module": "pymatgen.core.structure"}