{"lattice": {"a": 4.005381681829163, "c": 23.436881, "b": 4.005381592575863, "matrix": [[4.00535917, -0.01342894, 0.0], [0.04693938, 4.00510654, 0.0], [0.0, 0.0, 23.436881]], "volume": 375.98664513915963, "beta": 90.0, "alpha": 90.0, "gamma": 89.52062821574216}, "sites": [{"label": "Bi", "xyz": [1.290046123122616, 1.270747490368247, 13.447270464242159], "abc": [0.31834923, 0.31834923, 0.57376536], "species": [{"occu": 1, "element": "Bi"}], "properties": {"magmom": 0.0}}, {"label": "Bi", "xyz": [3.430444039383983, 3.379125812450952, 9.98961053575784], "abc": [0.84654277, 0.84654277, 0.42623464], "species": [{"occu": 1, "element": "Bi"}], "properties": {"magmom": 0.0}}, {"label": "S", "xyz": [3.436436416387781, 3.385028545618728, 12.96954128484651], "abc": [0.84802153, 0.84802153, 0.55338171], "species": [{"occu": 1, "element": "S"}], "properties": {"magmom": 0.0}}, {"label": "S", "xyz": [1.284057798417368, 1.264848748878072, 10.46733971515349], "abc": [0.31687147, 0.31687147, 0.44661829000000003], "species": [{"occu": 1, "element": "S"}], "properties": {"magmom": 0.0}}], "@class": "Structure", "@module": "pymatgen.core.structure"}