{"lattice": {"a": 3.285553979061217, "c": 23.641631174733334, "b": 3.285662131671332, "matrix": [[3.28297, -0.010893, 0.129824], [0.024961, 3.2830529999999998, 0.128513], [-0.433307, -0.438465, 23.633593]], "volume": 255.1020389412267, "beta": 88.78249258038664, "alpha": 88.82941420365718, "gamma": 89.66632539845213}, "sites": [{"label": "Mo", "xyz": [3.101829469711, 1.436306914959, 5.052716499351], "abc": [0.968444, 0.468207, 0.205928], "species": [{"occu": 1, "element": "Mo"}], "properties": {"magmom": 0.0}}, {"label": "Mo", "xyz": [-0.013585552017999, 1.613550891576, 7.187875785241999], "abc": [0.031556, 0.531793, 0.301073], "species": [{"occu": 1, "element": "Mo"}], "properties": {"magmom": 0.0}}, {"label": "As", "xyz": [1.595068482192, -0.053147462445, 8.351840242306], "abc": [0.531849, 0.032359, 0.35029099999999996], "species": [{"occu": 1, "element": "As"}], "properties": {"magmom": -0.0}}, {"label": "As", "xyz": [1.493175435500999, 3.10300526898, 3.888752042287], "abc": [0.468151, 0.967641, 0.15671000000000002], "species": [{"occu": 1, "element": "As"}], "properties": {"magmom": -0.0}}], "@class": "Structure", "@module": "pymatgen.core.structure"}