{"lattice": {"a": 3.10337468, "c": 25.882754, "b": 3.103374575781288, "matrix": [[3.10337468, 0.0, 0.0], [-1.55168734, 2.68760119, 0.0], [0.0, 0.0, 25.882754]], "volume": 215.87856464423464, "beta": 90.0, "alpha": 90.0, "gamma": 120.00000111089626}, "sites": [{"label": "Ce", "xyz": [1.55168889168734, 0.89586616746627, 12.941377], "abc": [0.666667, 0.333333, 0.5], "species": [{"occu": 1, "element": "Ce"}], "properties": {"magmom": -0.07}}, {"label": "Mg", "xyz": [0.0, 0.0, 9.98644598918092], "abc": [-0.0, 0.0, 0.38583398], "species": [{"occu": 1, "element": "Mg"}], "properties": {"magmom": -0.006}}, {"label": "Mg", "xyz": [0.0, 0.0, 15.896308010819078], "abc": [-0.0, 0.0, 0.61416602], "species": [{"occu": 1, "element": "Mg"}], "properties": {"magmom": -0.006}}], "@class": "Structure", "@module": "pymatgen.core.structure"}