{"lattice": {"a": 3.328565410724621, "c": 22.500902786142706, "b": 3.9077704897123082, "matrix": [[3.32856297, 0.00402163, 0.00027333], [-0.01010367, 3.90775489, -0.00445374], [0.00184131, -0.02559809, 22.50088815]], "volume": 292.67427023683786, "beta": 89.99068516521045, "alpha": 90.1304951096578, "gamma": 90.07891994349502}, "sites": [{"label": "Sb", "xyz": [1.961309616180467, 2.963664963150613, 12.493076468975163], "abc": [0.59124022, 0.76143558, 0.55536946], "species": [{"occu": 1, "element": "Sb"}], "properties": {"magmom": 0.0}}, {"label": "Sb", "xyz": [0.302356877234118, 1.004784872407545, 10.003664633919009], "abc": [0.09138014, 0.25994448, 0.44464011000000003], "species": [{"occu": 1, "element": "Sb"}], "properties": {"magmom": 0.0}}, {"label": "N", "xyz": [1.957377710503974, 3.70070302281985, 10.511000562913654], "abc": [0.59067843, 0.94946845, 0.46731789999999995], "species": [{"occu": 1, "element": "N"}], "properties": {"magmom": -0.0}}, {"label": "N", "xyz": [0.29792097856071, 1.7471900179839142, 11.983600844818154], "abc": [0.0905772, 0.45050449000000004, 0.53267153], "species": [{"occu": 1, "element": "N"}], "properties": {"magmom": -0.0}}], "@class": "Structure", "@module": "pymatgen.core.structure"}