{"lattice": {"a": 3.33123055, "c": 23.345233, "b": 3.331230497518119, "matrix": [[3.33123055, -0.0, 0.0], [-1.66561578, 2.88492993, 0.0], [0.0, 0.0, 23.345233]], "volume": 224.35625023374024, "beta": 90.0, "alpha": 90.0, "gamma": 120.00001055064175}, "sites": [{"label": "Mo", "xyz": [0.0, 0.0, 11.6726165], "abc": [0.0, -0.0, 0.5], "species": [{"occu": 1, "element": "Mo"}], "properties": {"magmom": -0.0}}, {"label": "Se", "xyz": [1.66561677228211, 0.96164234835669, 9.99727176696363], "abc": [0.666667, 0.333333, 0.42823611], "species": [{"occu": 1, "element": "Se"}], "properties": {"magmom": -0.0}}, {"label": "Se", "xyz": [1.66561677228211, 0.96164234835669, 13.347961233036372], "abc": [0.666667, 0.333333, 0.57176389], "species": [{"occu": 1, "element": "Se"}], "properties": {"magmom": -0.0}}], "@class": "Structure", "@module": "pymatgen.core.structure"}