{"lattice": {"a": 3.1901460999999998, "c": 22.696945, "b": 3.1901460999999998, "matrix": [[3.1901460999999998, 0.0, 0.0], [0.0, 3.1901460999999998, 0.0], [0.0, 0.0, 22.696945]], "volume": 230.9875387299506, "beta": 90.0, "alpha": 90.0, "gamma": 90.0}, "sites": [{"label": "In", "xyz": [0.0, 0.0, 9.96517109883245], "abc": [0.0, 0.0, 0.43905341000000003], "species": [{"occu": 1, "element": "In"}], "properties": {"magmom": 0.052000000000000005}}, {"label": "In", "xyz": [0.0, 0.0, 6.70632512423755], "abc": [0.0, 0.0, 0.29547259], "species": [{"occu": 1, "element": "In"}], "properties": {"magmom": 0.052000000000000005}}, {"label": "Ru", "xyz": [1.5950730499999999, 1.5950730499999999, 8.335748111535], "abc": [0.5, 0.5, 0.367263], "species": [{"occu": 1, "element": "Ru"}], "properties": {"magmom": 0.216}}], "@class": "Structure", "@module": "pymatgen.core.structure"}