{"lattice": {"a": 3.118800323161135, "c": 23.71538783726804, "b": 3.11784391560931, "matrix": [[3.11833, -0.006375, 0.053785], [0.027662, 3.117277, 0.052627], [-1.050479, -1.048514, 23.668898]], "volume": 230.42938106757393, "beta": 91.54640543223078, "alpha": 91.59022749787796, "gamma": 89.59215226692203}, "sites": [{"label": "Cr", "xyz": [2.850513855528999, 1.270867792404, 5.112609039974], "abc": [0.981501, 0.48123699999999997, 0.21270499999999998], "species": [{"occu": 1, "element": "Cr"}], "properties": {"magmom": -0.0}}, {"label": "Cr", "xyz": [-0.237115759008, 1.308436561082, 6.993957914924], "abc": [0.018498999999999998, 0.518763, 0.294296], "species": [{"occu": 1, "element": "Cr"}], "properties": {"magmom": -0.0}}, {"label": "As", "xyz": [1.295632524697, -0.265402257838, 8.135944993142], "abc": [0.53058, 0.031135999999999997, 0.34246499999999996], "species": [{"occu": 1, "element": "As"}], "properties": {"magmom": 0.0}}, {"label": "As", "xyz": [1.317765571823999, 2.844706611324, 3.9706219617559992], "abc": [0.46942000000000006, 0.968864, 0.164536], "species": [{"occu": 1, "element": "As"}], "properties": {"magmom": 0.0}}], "@class": "Structure", "@module": "pymatgen.core.structure"}