{"lattice": {"a": 3.49801855, "c": 22.855457, "b": 3.49801855, "matrix": [[3.49801855, 0.0, 0.0], [0.0, 3.49801855, 0.0], [0.0, 0.0, 22.855457]], "volume": 279.6624293669091, "beta": 90.0, "alpha": 90.0, "gamma": 90.0}, "sites": [{"label": "Ge", "xyz": [0.0, 0.0, 11.4277285], "abc": [0.0, 0.0, 0.5], "species": [{"occu": 1, "element": "Ge"}], "properties": {"magmom": 0.0}}, {"label": "S", "xyz": [1.7490092750000001, 0.0, 12.858352803304511], "abc": [0.5, 0.0, 0.56259443], "species": [{"occu": 1, "element": "S"}], "properties": {"magmom": -0.0}}, {"label": "S", "xyz": [0.0, 1.7490092750000001, 9.99710419669549], "abc": [-0.0, 0.5, 0.43740557], "species": [{"occu": 1, "element": "S"}], "properties": {"magmom": -0.0}}], "@class": "Structure", "@module": "pymatgen.core.structure"}