{"lattice": {"a": 3.84659505, "c": 22.797818, "b": 3.84659505, "matrix": [[3.84659505, 0.0, -0.0], [0.0, 3.84659505, 0.0], [0.0, 0.0, 22.797818]], "volume": 337.32320580163616, "beta": 90.0, "alpha": 90.0, "gamma": 90.0}, "sites": [{"label": "Rh", "xyz": [0.0, 0.0, 0.0], "abc": [0.0, 0.0, 0.0], "species": [{"occu": 1, "element": "Rh"}], "properties": {"magmom": -0.001}}, {"label": "Rh", "xyz": [1.9232975250000002, 1.9232975250000002, 0.0], "abc": [0.5, 0.5, 0.0], "species": [{"occu": 1, "element": "Rh"}], "properties": {"magmom": 0.001}}, {"label": "S", "xyz": [0.0, 1.9232975250000002, 1.38232882404468], "abc": [-0.0, 0.5, 0.06063426], "species": [{"occu": 1, "element": "S"}], "properties": {"magmom": -0.001}}, {"label": "S", "xyz": [1.9232975250000002, 0.0, 21.41548917595532], "abc": [0.5, -0.0, 0.9393657400000001], "species": [{"occu": 1, "element": "S"}], "properties": {"magmom": 0.001}}], "@class": "Structure", "@module": "pymatgen.core.structure"}