{"lattice": {"a": 3.54553861, "c": 23.610757, "b": 3.545538581012557, "matrix": [[3.54553861, -0.0, 0.0], [-1.7727693100000002, 3.07052647, 0.0], [0.0, 0.0, 23.610757]], "volume": 257.04252350775283, "beta": 90.0, "alpha": 90.0, "gamma": 120.0000003637513}, "sites": [{"label": "W", "xyz": [0.0, 0.0, 11.8053785], "abc": [-0.0, 0.0, 0.5], "species": [{"occu": 1, "element": "W"}], "properties": {"magmom": -0.053}}, {"label": "O", "xyz": [0.0, 0.0, 10.00072357987237], "abc": [0.0, -0.0, 0.42356641], "species": [{"occu": 1, "element": "O"}], "properties": {"magmom": 0.13}}, {"label": "O", "xyz": [0.0, 0.0, 13.61003342012763], "abc": [0.0, -0.0, 0.57643359], "species": [{"occu": 1, "element": "O"}], "properties": {"magmom": 0.13}}, {"label": "O", "xyz": [-1.7761026400837968e-06, 2.047018670175489, 11.8053785], "abc": [0.333333, 0.666667, 0.5], "species": [{"occu": 1, "element": "O"}], "properties": {"magmom": 0.004}}], "@class": "Structure", "@module": "pymatgen.core.structure"}