{"lattice": {"a": 4.22499164, "c": 23.73272, "b": 4.224992756292178, "matrix": [[4.22499164, -0.0, 0.0], [-2.11249582, 3.65895138, -0.0], [-0.0, 0.0, 23.73272]], "volume": 366.8850438583025, "beta": 90.0, "alpha": 90.0, "gamma": 119.99999125995039}, "sites": [{"label": "Sn", "xyz": [0.0, 0.0, 8.3567057972728], "abc": [0.0, 0.0, 0.35211749000000003], "species": [{"occu": 1, "element": "Sn"}], "properties": {"magmom": -0.0}}, {"label": "Cl", "xyz": [2.11249793249582, 1.21964924034954, 6.8352825213024015], "abc": [0.666667, 0.333333, 0.28801092], "species": [{"occu": 1, "element": "Cl"}], "properties": {"magmom": -0.0}}, {"label": "Cl", "xyz": [-2.112495820127758e-06, 2.43930213965046, 9.883932435264802], "abc": [0.333333, 0.666667, 0.41646859], "species": [{"occu": 1, "element": "Cl"}], "properties": {"magmom": -0.0}}], "@class": "Structure", "@module": "pymatgen.core.structure"}