{"lattice": {"a": 3.63352723, "c": 22.665532, "b": 3.633527313453887, "matrix": [[3.63352723, 0.0, 0.0], [-1.8167636200000001, 3.14672698, 0.0], [0.0, 0.0, 22.665532]], "volume": 259.1513049977813, "beta": 90.0, "alpha": 90.0, "gamma": 119.99999933127377}, "sites": [{"label": "V", "xyz": [0.0, 0.0, 11.332766], "abc": [0.0, 0.0, 0.5], "species": [{"occu": 1, "element": "V"}], "properties": {"magmom": 2.646}}, {"label": "Cl", "xyz": [1.81676543009695, 1.048907944424339, 12.677012465234721], "abc": [0.666667, 0.333333, 0.55930796], "species": [{"occu": 1, "element": "Cl"}], "properties": {"magmom": -0.02}}, {"label": "Cl", "xyz": [-1.820096949992082e-06, 2.09781903557566, 9.98851953476528], "abc": [0.333333, 0.666667, 0.44069204], "species": [{"occu": 1, "element": "Cl"}], "properties": {"magmom": -0.02}}], "@class": "Structure", "@module": "pymatgen.core.structure"}