{"lattice": {"a": 3.934443599993651, "c": 25.828624901088947, "b": 3.942684740531634, "matrix": [[3.765761, 0.45103099999999996, -1.046643], [-1.515775, 3.62605, 0.314564], [-5.465008, -1.383312, 25.205912]], "volume": 339.34293898595456, "beta": 117.92156614727847, "alpha": 83.68758116390192, "gamma": 106.48497197714265}, "sites": [{"label": "Br", "xyz": [0.618760115382999, 1.184453145445, 6.032850403823001], "abc": [0.684379, 0.34204399999999996, 0.263492], "species": [{"occu": 1, "element": "Br"}], "properties": {"magmom": -0.0}}, {"label": "Br", "xyz": [-0.15623711944500002, 3.28117557396, 8.976290119486], "abc": [0.8901700000000001, 0.939649, 0.381355], "species": [{"occu": 1, "element": "Br"}], "properties": {"magmom": 0.0}}, {"label": "Br", "xyz": [-2.109985931626, 3.206871828257, 4.714851675089], "abc": [0.078273, 0.942773, 0.178538], "species": [{"occu": 1, "element": "Br"}], "properties": {"magmom": -0.0}}, {"label": "N", "xyz": [-1.852261802088, -0.039273300567, 8.042191714365], "abc": [0.013845, 0.10886699999999999, 0.318276], "species": [{"occu": 1, "element": "N"}], "properties": {"magmom": 0.0}}], "@class": "Structure", "@module": "pymatgen.core.structure"}