{"lattice": {"a": 3.5875032, "c": 22.855457, "b": 3.5875032, "matrix": [[3.5875032, 0.0, 0.0], [0.0, 3.5875032, 0.0], [0.0, 0.0, 22.855457]], "volume": 294.15382751668307, "beta": 90.0, "alpha": 90.0, "gamma": 90.0}, "sites": [{"label": "Si", "xyz": [0.0, 0.0, 11.4277285], "abc": [-0.0, 0.0, 0.5], "species": [{"occu": 1, "element": "Si"}], "properties": {"magmom": -0.0}}, {"label": "Se", "xyz": [1.7937516, 0.0, 12.90300596675455], "abc": [0.5, -0.0, 0.56454815], "species": [{"occu": 1, "element": "Se"}], "properties": {"magmom": 0.0}}, {"label": "Se", "xyz": [0.0, 1.7937516, 9.95245103324545], "abc": [0.0, 0.5, 0.43545185000000003], "species": [{"occu": 1, "element": "Se"}], "properties": {"magmom": 0.0}}], "@class": "Structure", "@module": "pymatgen.core.structure"}