{"lattice": {"a": 4.571176356795473, "c": 22.849215, "b": 4.899147085277532, "matrix": [[4.57115409, -0.01426781, 0.0], [-0.07425776, 4.89858428, 0.0], [0.0, 0.0, 22.849215]], "volume": 511.61960799271907, "beta": 90.0, "alpha": 90.0, "gamma": 91.04731668077757}, "sites": [{"label": "Sb", "xyz": [2.567394627244743, 2.9696712925659963, 12.2004996647079], "abc": [0.57152647, 0.60789517, 0.53395706], "species": [{"occu": 1, "element": "Sb"}], "properties": {"magmom": -0.0}}, {"label": "Sb", "xyz": [0.230228676824376, 1.310339303285043, 10.648715335292101], "abc": [0.05471353, 0.26765283, 0.46604294], "species": [{"occu": 1, "element": "Sb"}], "properties": {"magmom": -0.0}}, {"label": "Te", "xyz": [0.305430905068863, 0.09057914363557601, 13.148975606185202], "abc": [0.06712058, 0.01868638, 0.57546728], "species": [{"occu": 1, "element": "Te"}], "properties": {"magmom": 0.0}}, {"label": "Te", "xyz": [2.492192399000257, 4.189431452215463, 9.7002393938148], "abc": [0.55911942, 0.85686162, 0.42453272000000003], "species": [{"occu": 1, "element": "Te"}], "properties": {"magmom": 0.0}}], "@class": "Structure", "@module": "pymatgen.core.structure"}