{"lattice": {"a": 3.5363189999999998, "c": 22.613401, "b": 3.536318672156823, "matrix": [[3.5363189999999998, 0.0, 0.0], [-1.7681589999999998, 3.062542, 0.0], [0.0, 0.0, 22.613401]], "volume": 244.90596997282313, "beta": 90.0, "alpha": 90.0, "gamma": 119.99999371245352}, "sites": [{"label": "Pd", "xyz": [0.0, 0.0, 0.0], "abc": [0.0, 0.0, 0.0], "species": [{"occu": 1, "element": "Pd"}], "properties": {"magmom": 0.0}}, {"label": "S", "xyz": [-1.434826000069298e-06, 2.041695687514, 21.340922312329], "abc": [0.333333, 0.666667, 0.9437289999999999], "species": [{"occu": 1, "element": "S"}], "properties": {"magmom": 0.0}}, {"label": "S", "xyz": [1.7681614348260002, 1.020846312486, 1.272478687671], "abc": [0.666667, 0.333333, 0.056270999999999995], "species": [{"occu": 1, "element": "S"}], "properties": {"magmom": 0.0}}], "@class": "Structure", "@module": "pymatgen.core.structure"}