{"lattice": {"a": 4.33545643, "c": 23.942319, "b": 4.33545643, "matrix": [[4.33545643, 0.0, -0.0], [0.0, 4.33545643, 0.0], [-0.0, 0.0, 23.942319]], "volume": 450.02419635401105, "beta": 90.0, "alpha": 90.0, "gamma": 90.0}, "sites": [{"label": "Al", "xyz": [0.0, 0.0, 0.0], "abc": [0.0, -0.0, 0.0], "species": [{"occu": 1, "element": "Al"}], "properties": {"magmom": 0.02}}, {"label": "Al", "xyz": [2.167728215, 2.167728215, 0.0], "abc": [0.5, 0.5, -0.0], "species": [{"occu": 1, "element": "Al"}], "properties": {"magmom": 0.02}}, {"label": "Bi", "xyz": [2.167728215, 0.0, 22.05277155181842], "abc": [0.5, -0.0, 0.92107918], "species": [{"occu": 1, "element": "Bi"}], "properties": {"magmom": -0.045}}, {"label": "Bi", "xyz": [0.0, 2.167728215, 1.8895474481815802], "abc": [0.0, 0.5, 0.07892082], "species": [{"occu": 1, "element": "Bi"}], "properties": {"magmom": -0.045}}], "@class": "Structure", "@module": "pymatgen.core.structure"}