{"lattice": {"a": 3.406118623363255, "c": 23.264973259428196, "b": 3.406119069395401, "matrix": [[3.404186, 0.11309899999999999, 0.019244999999999998], [0.11344299999999999, 3.404175, 0.019244999999999998], [0.104268, 0.10425699999999999, 23.264506]], "volume": 269.28774837656397, "beta": 89.41110199467765, "alpha": 89.4111031423754, "gamma": 86.18676537533388}, "sites": [{"label": "Te", "xyz": [0.265022408769, 0.264995244215, 20.399031967964], "abc": [0.049353, 0.049353, 0.876749], "species": [{"occu": 1, "element": "Te"}], "properties": {"magmom": -0.0}}, {"label": "Te", "xyz": [1.688903025651, 1.688732223147, 17.468539555744], "abc": [0.457891, 0.457891, 0.7501089999999999], "species": [{"occu": 1, "element": "Te"}], "properties": {"magmom": 0.0}}, {"label": "N", "xyz": [0.262614515178, 0.26258764266400003, 18.008811173884002], "abc": [0.051713999999999996, 0.051713999999999996, 0.7740039999999999], "species": [{"occu": 1, "element": "N"}], "properties": {"magmom": -0.0}}, {"label": "N", "xyz": [1.6705882637910001, 1.670419250988, 20.326220293818], "abc": [0.44904299999999997, 0.44904299999999997, 0.872958], "species": [{"occu": 1, "element": "N"}], "properties": {"magmom": 0.0}}], "@class": "Structure", "@module": "pymatgen.core.structure"}