{"lattice": {"a": 5.09801855, "c": 22.300729, "b": 5.098019571583036, "matrix": [[5.09801855, 0.0, 0.0], [-2.54900928, 4.41501475, 0.0], [0.0, 0.0, 22.300729]], "volume": 501.9409524026781, "beta": 90.0, "alpha": 90.0, "gamma": 119.99999343609889}, "sites": [{"label": "Li", "xyz": [0.0, 0.0, 11.1503645], "abc": [0.0, -0.0, 0.5], "species": [{"occu": 1, "element": "Li"}], "properties": {"magmom": -0.0}}, {"label": "Bi", "xyz": [2.54901182234261, 1.471670111661749, 12.71203593628078], "abc": [0.666667, 0.333333, 0.57002782], "species": [{"occu": 1, "element": "Bi"}], "properties": {"magmom": -0.0}}, {"label": "Bi", "xyz": [2.54901182234261, 1.471670111661749, 9.58869306371922], "abc": [0.666667, 0.333333, 0.42997218], "species": [{"occu": 1, "element": "Bi"}], "properties": {"magmom": -0.0}}, {"label": "Bi", "xyz": [-2.55234261014422e-06, 2.94334463833825, 11.1503645], "abc": [0.333333, 0.666667, 0.5], "species": [{"occu": 1, "element": "Bi"}], "properties": {"magmom": 0.0}}], "@class": "Structure", "@module": "pymatgen.core.structure"}