{"lattice": {"a": 2.7615793046420603, "c": 23.801584012516084, "b": 2.761585489905921, "matrix": [[2.76157928, -0.00035394, 0.00010406], [0.00056792, 2.7615854300000002, 9.131e-05], [0.00092625, 0.00083062, 23.80158398]], "volume": 181.51890733600706, "beta": 89.99561158211577, "alpha": 89.99610560477637, "gamma": 89.99556041164655}, "sites": [{"label": "Sc", "xyz": [2.762130404692366, 2.7612154735111822, 0.000153954081592], "abc": [0.99999392, 0.9999941999999999, -1.7399999999999999e-06], "species": [{"occu": 1, "element": "Sc"}], "properties": {"magmom": -0.0}}, {"label": "F", "xyz": [1.382027198982981, 1.381470645544297, 22.621452518439956], "abc": [0.50002653, 0.50002371, 0.9504138400000001], "species": [{"occu": 1, "element": "F"}], "properties": {"magmom": -0.0}}, {"label": "F", "xyz": [1.381063046324651, 1.380607480944519, 1.180368247478453], "abc": [0.49997955, 0.49998209, 0.0495879], "species": [{"occu": 1, "element": "F"}], "properties": {"magmom": -0.0}}], "@class": "Structure", "@module": "pymatgen.core.structure"}