{"lattice": {"a": 3.25212512, "c": 22.810979, "b": 3.252124630443946, "matrix": [[3.25212512, 6.000000000000001e-08, 0.0], [-1.6260614599999998, 2.81642304, -0.0], [0.0, -0.0, 22.810979]], "volume": 208.93397350626844, "beta": 90.0, "alpha": 90.0, "gamma": 119.99998154475047}, "sites": [{"label": "Ru", "xyz": [0.0, 0.0, 0.0], "abc": [0.0, 0.0, 0.0], "species": [{"occu": 1, "element": "Ru"}], "properties": {"magmom": 0.0}}, {"label": "F", "xyz": [1.62606455272886, 0.93880678119234, 21.796678097604868], "abc": [0.666667, 0.333333, 0.95553453], "species": [{"occu": 1, "element": "F"}], "properties": {"magmom": 0.0}}, {"label": "F", "xyz": [-8.92728860135554e-07, 1.87761631880766, 1.01430090239513], "abc": [0.333333, 0.666667, 0.04446547], "species": [{"occu": 1, "element": "F"}], "properties": {"magmom": 0.0}}], "@class": "Structure", "@module": "pymatgen.core.structure"}