{"lattice": {"a": 4.22657488, "c": 24.44792, "b": 4.22247917, "matrix": [[4.22657488, 0.0, 0.0], [0.0, 4.22247917, 0.0], [0.0, 0.0, 24.44792]], "volume": 436.3128453872126, "beta": 90.0, "alpha": 90.0, "gamma": 90.0}, "sites": [{"label": "Y", "xyz": [0.0, 2.111239585, 11.1105154220424], "abc": [-0.0, 0.5, 0.45445647], "species": [{"occu": 1, "element": "Y"}], "properties": {"magmom": 0.0}}, {"label": "Te", "xyz": [0.0, 2.111239585, 14.183107515556001], "abc": [0.0, 0.5, 0.58013555], "species": [{"occu": 1, "element": "Te"}], "properties": {"magmom": 0.0}}, {"label": "Te", "xyz": [2.11328744, 0.0, 13.717137250252799], "abc": [0.5, -0.0, 0.56107584], "species": [{"occu": 1, "element": "Te"}], "properties": {"magmom": 0.0}}, {"label": "Te", "xyz": [2.11328744, 0.0, 9.885055608707999], "abc": [0.5, 0.0, 0.40433115000000003], "species": [{"occu": 1, "element": "Te"}], "properties": {"magmom": -0.0}}], "@class": "Structure", "@module": "pymatgen.core.structure"}