{"lattice": {"a": 4.27906288, "c": 20.19552, "b": 4.2790628332153045, "matrix": [[4.27906288, -0.0, -0.0], [-2.13953195, 3.70577681, 0.0], [-0.0, 0.0, 20.19552]], "volume": 320.2454496936516, "beta": 90.0, "alpha": 90.0, "gamma": 120.00000824688875}, "sites": [{"label": "Au", "xyz": [0.0, 0.0, 3.833144028383999], "abc": [0.0, 0.0, 0.1898017], "species": [{"occu": 1, "element": "Au"}], "properties": {"magmom": -0.0}}, {"label": "Cl", "xyz": [2.13953340953161, 1.23525770140773, 3.749647670496], "abc": [0.666667, 0.333333, 0.18566729999999998], "species": [{"occu": 1, "element": "Cl"}], "properties": {"magmom": -0.0}}], "@class": "Structure", "@module": "pymatgen.core.structure"}