{"lattice": {"a": 3.7058261200000002, "c": 19.74255854, "b": 3.7058261200000002, "matrix": [[3.7058261200000002, -0.0, 0.0], [-0.0, 3.7058261200000002, 0.0], [0.0, 0.0, 19.74255854]], "volume": 271.1274631597679, "beta": 90.0, "alpha": 90.0, "gamma": 90.0}, "sites": [{"label": "Al", "xyz": [1.8529130600000001, 0.0, 3.99115089623235], "abc": [0.5, -0.0, 0.20215976], "species": [{"occu": 1, "element": "Al"}], "properties": {"magmom": 0.0}}, {"label": "Al", "xyz": [0.0, 1.8529130600000001, 6.799183958921731], "abc": [-0.0, 0.5, 0.34439224], "species": [{"occu": 1, "element": "Al"}], "properties": {"magmom": 0.0}}, {"label": "F", "xyz": [0.0, 1.8529130600000001, 4.995870035168247], "abc": [0.0, 0.5, 0.25305079], "species": [{"occu": 1, "element": "F"}], "properties": {"magmom": 0.0}}, {"label": "F", "xyz": [1.8529130600000001, 0.0, 5.7944648199858335], "abc": [0.5, 0.0, 0.29350121], "species": [{"occu": 1, "element": "F"}], "properties": {"magmom": 0.0}}], "@class": "Structure", "@module": "pymatgen.core.structure"}