{"lattice": {"a": 4.31332183, "c": 28.784137, "b": 4.313321316997101, "matrix": [[4.31332183, 0.0, 0.0], [-2.15666091, 3.73544569, 0.0], [0.0, 0.0, 28.784137]], "volume": 463.7751803538966, "beta": 90.0, "alpha": 90.0, "gamma": 120.00000385763107}, "sites": [{"label": "Ba", "xyz": [-2.1533275801654953e-06, 2.4902983718152303, 9.20748787756631], "abc": [0.333333, 0.666667, 0.31988063], "species": [{"occu": 1, "element": "Ba"}], "properties": {"magmom": 0.022}}, {"label": "Ba", "xyz": [2.15666307332758, 1.24514731818477, 19.57664912243369], "abc": [0.666667, 0.333333, 0.68011937], "species": [{"occu": 1, "element": "Ba"}], "properties": {"magmom": 0.022}}, {"label": "Sr", "xyz": [2.15666307332758, 1.24514731818477, 12.68393059448489], "abc": [0.666667, 0.333333, 0.44065697000000004], "species": [{"occu": 1, "element": "Sr"}], "properties": {"magmom": 0.016}}, {"label": "Sr", "xyz": [-2.1533275801654953e-06, 2.4902983718152303, 16.10020640551511], "abc": [0.333333, 0.666667, 0.55934303], "species": [{"occu": 1, "element": "Sr"}], "properties": {"magmom": 0.016}}], "@class": "Structure", "@module": "pymatgen.core.structure"}