{"lattice": {"a": 4.08084714, "c": 26.854569, "b": 4.080847216036103, "matrix": [[4.08084714, 0.0, 0.0], [2.04042357, 3.53411738, 0.0], [0.0, 0.0, 26.854569]], "volume": 387.3017717486524, "beta": 90.0, "alpha": 90.0, "gamma": 60.00000061635584}, "sites": [{"label": "La", "xyz": [2.04042152957643, 1.17803794862754, 11.950648695684091], "abc": [0.333333, 0.333333, 0.44501361], "species": [{"occu": 1, "element": "La"}], "properties": {"magmom": 0.31}}, {"label": "La", "xyz": [4.08084918042357, 2.35607943137246, 14.903920304315912], "abc": [0.666667, 0.666667, 0.55498639], "species": [{"occu": 1, "element": "La"}], "properties": {"magmom": 0.31}}, {"label": "Br", "xyz": [0.0, 0.0, 9.99414161571924], "abc": [-0.0, -0.0, 0.37215796], "species": [{"occu": 1, "element": "Br"}], "properties": {"magmom": 0.015}}, {"label": "Br", "xyz": [0.0, 0.0, 16.86042738428076], "abc": [-0.0, -0.0, 0.62784204], "species": [{"occu": 1, "element": "Br"}], "properties": {"magmom": 0.015}}], "@class": "Structure", "@module": "pymatgen.core.structure"}