{"lattice": {"a": 4.22797099, "c": 23.942319, "b": 4.22797099, "matrix": [[4.22797099, 0.0, 0.0], [0.0, 4.22797099, 0.0], [0.0, 0.0, 23.942319]], "volume": 427.9866381312485, "beta": 90.0, "alpha": 90.0, "gamma": 90.0}, "sites": [{"label": "Al", "xyz": [0.0, 0.0, 0.0], "abc": [0.0, 0.0, 0.0], "species": [{"occu": 1, "element": "Al"}], "properties": {"magmom": 0.0}}, {"label": "Al", "xyz": [2.113985495, 2.113985495, 0.0], "abc": [0.5, 0.5, 0.0], "species": [{"occu": 1, "element": "Al"}], "properties": {"magmom": 0.0}}, {"label": "Sb", "xyz": [2.113985495, 0.0, 22.14482450106324], "abc": [0.5, 0.0, 0.92492396], "species": [{"occu": 1, "element": "Sb"}], "properties": {"magmom": -0.0}}, {"label": "Sb", "xyz": [0.0, 2.113985495, 1.79749449893676], "abc": [0.0, 0.5, 0.07507604], "species": [{"occu": 1, "element": "Sb"}], "properties": {"magmom": -0.0}}], "@class": "Structure", "@module": "pymatgen.core.structure"}