{"lattice": {"a": 4.12605245, "c": 24.728211, "b": 4.12605246083823, "matrix": [[4.12605245, -0.0, 0.0], [-2.06302673, 3.57326596, 0.0], [0.0, 0.0, 24.728211]], "volume": 364.57995278075174, "beta": 90.0, "alpha": 90.0, "gamma": 120.00000801056385}, "sites": [{"label": "Pu", "xyz": [0.0, 0.0, 12.3641055], "abc": [0.0, 0.0, 0.5], "species": [{"occu": 1, "element": "Pu"}], "properties": {"magmom": 4.88}}, {"label": "F", "xyz": [0.0, 0.0, 14.410293001155992], "abc": [0.0, 0.0, 0.58274709], "species": [{"occu": 1, "element": "F"}], "properties": {"magmom": -0.056}}, {"label": "F", "xyz": [0.0, 0.0, 10.31791799884401], "abc": [0.0, 0.0, 0.41725291000000003], "species": [{"occu": 1, "element": "F"}], "properties": {"magmom": -0.056}}, {"label": "F", "xyz": [-2.399693059873571e-06, 2.38217849775532, 12.3641055], "abc": [0.333333, 0.666667, 0.5], "species": [{"occu": 1, "element": "F"}], "properties": {"magmom": -0.02}}], "@class": "Structure", "@module": "pymatgen.core.structure"}