{"lattice": {"a": 3.70069353, "c": 23.983674, "b": 3.70069353, "matrix": [[3.70069353, 0.0, 0.0], [0.0, 3.70069353, 0.0], [0.0, 0.0, 23.983674]], "volume": 328.4595957367364, "beta": 90.0, "alpha": 90.0, "gamma": 90.0}, "sites": [{"label": "Ca", "xyz": [1.850346765, 1.850346765, 17.09806456423494], "abc": [0.5, 0.5, 0.71290431], "species": [{"occu": 1, "element": "Ca"}], "properties": {"magmom": -0.0}}, {"label": "Ca", "xyz": [1.850346765, 1.850346765, 13.427228470287062], "abc": [0.5, 0.5, 0.55984869], "species": [{"occu": 1, "element": "Ca"}], "properties": {"magmom": -0.0}}, {"label": "Hg", "xyz": [0.0, 0.0, 15.262658509098], "abc": [0.0, 0.0, 0.636377], "species": [{"occu": 1, "element": "Hg"}], "properties": {"magmom": 0.0}}], "@class": "Structure", "@module": "pymatgen.core.structure"}