{"lattice": {"a": 3.17997, "c": 24.827437, "b": 3.179970170371099, "matrix": [[3.17997, 0.0, 0.0], [-1.589985, 2.753935, 0.0], [0.0, 0.0, 24.827437]], "volume": 217.42455853798066, "beta": 90.0, "alpha": 90.0, "gamma": 119.99999822770964}, "sites": [{"label": "Ta", "xyz": [0.0, 0.0, 4.446072590522999], "abc": [0.0, 0.0, 0.179079], "species": [{"occu": 1, "element": "Ta"}], "properties": {"magmom": -0.0}}, {"label": "Te", "xyz": [0.0, 0.0, 1.6413666875069999], "abc": [0.0, 0.0, 0.066111], "species": [{"occu": 1, "element": "Te"}], "properties": {"magmom": -0.0}}, {"label": "Te", "xyz": [0.0, 0.0, 7.250803320975999], "abc": [0.0, 0.0, 0.292048], "species": [{"occu": 1, "element": "Te"}], "properties": {"magmom": -0.0}}], "@class": "Structure", "@module": "pymatgen.core.structure"}