{"lattice": {"a": 3.692894808007367, "c": 23.682192, "b": 3.692895034530406, "matrix": [[3.6928937299999998, -0.00282169, 0.0], [1.84160597, 3.2009313, 0.0], [0.0, 0.0, 23.682192]], "volume": 280.06312943890754, "beta": 90.0, "alpha": 90.0, "gamma": 60.13047904158722}, "sites": [{"label": "Ta", "xyz": [0.0, 0.0, 11.841096], "abc": [-0.0, 0.0, 0.5], "species": [{"occu": 1, "element": "Ta"}], "properties": {"magmom": 0.056}}, {"label": "Te", "xyz": [1.846744886426378, 1.067141185046691, 10.00562570750592], "abc": [0.33367874000000003, 0.33367874000000003, 0.42249576], "species": [{"occu": 1, "element": "Te"}], "properties": {"magmom": -0.0}}, {"label": "Te", "xyz": [3.687754813573622, 2.130968424953308, 13.67656629249408], "abc": [0.66632126, 0.66632126, 0.57750424], "species": [{"occu": 1, "element": "Te"}], "properties": {"magmom": -0.0}}], "@class": "Structure", "@module": "pymatgen.core.structure"}