{"lattice": {"a": 2.95716675, "c": 20.0, "b": 2.95716675, "matrix": [[2.95716675, 0.0, 0.0], [0.0, 2.95716675, 0.0], [0.0, 0.0, 20.0]], "volume": 174.89670374611123, "beta": 90.0, "alpha": 90.0, "gamma": 90.0}, "sites": [{"label": "Sb", "xyz": [0.0, 0.0, 10.0], "abc": [0.0, 0.0, 0.5], "species": [{"occu": 1, "element": "Sb"}], "properties": {"magmom": 0.0}}], "@class": "Structure", "@module": "pymatgen.core.structure"}