{"lattice": {"a": 3.746878995642202, "c": 23.66238, "b": 3.746879236125196, "matrix": [[3.74585147, 0.08774379, 0.0], [-0.6713419700000001, 3.68624524, 0.0], [0.0, 0.0, 23.66238]], "volume": 328.1270099943965, "beta": 90.0, "alpha": 90.0, "gamma": 98.97976433647526}, "sites": [{"label": "Ru", "xyz": [-0.33567098500000003, 1.84312262, 11.83119], "abc": [-0.0, 0.5, 0.5], "species": [{"occu": 1, "element": "Ru"}], "properties": {"magmom": 0.002}}, {"label": "Ru", "xyz": [1.872925735, 0.043871895, 11.83119], "abc": [0.5, 0.0, 0.5], "species": [{"occu": 1, "element": "Ru"}], "properties": {"magmom": 0.002}}, {"label": "Se", "xyz": [2.305882125, 2.8304917725000003, 9.877092686769], "abc": [0.75, 0.75, 0.41741755], "species": [{"occu": 1, "element": "Se"}], "properties": {"magmom": -0.001}}, {"label": "Se", "xyz": [0.768627375, 0.9434972575, 13.785287313230999], "abc": [0.25, 0.25, 0.58258245], "species": [{"occu": 1, "element": "Se"}], "properties": {"magmom": -0.001}}], "@class": "Structure", "@module": "pymatgen.core.structure"}