{"lattice": {"a": 3.90525336, "c": 23.42224158654151, "b": 3.905843103451438, "matrix": [[3.90525336, 0.0, 0.0], [-1.95262668, 3.32430119, -0.6260039900000001], [0.0, 0.07595518, 23.42211843]], "volume": 304.2572130480056, "beta": 90.0, "alpha": 99.0625618834809, "gamma": 119.99500541497967}, "sites": [{"label": "Ce", "xyz": [-1.972152946775173e-06, 1.126504089358084, 6.269669313068152], "abc": [0.16627462, 0.33255025, 0.27656965], "species": [{"occu": 1, "element": "Ce"}], "properties": {"magmom": -0.0}}, {"label": "S", "xyz": [1.952626699526267, 2.52341641025668, 7.623868904894897], "abc": [0.87559295, 0.75118589, 0.34557567], "species": [{"occu": 1, "element": "S"}], "properties": {"magmom": 0.0}}, {"label": "S", "xyz": [1.952624727373319, 1.946065426449895, 4.497567914912361], "abc": [0.7903314300000001, 0.58066386, 0.20754168], "species": [{"occu": 1, "element": "S"}], "properties": {"magmom": 0.0}}], "@class": "Structure", "@module": "pymatgen.core.structure"}