{"lattice": {"a": 4.14031436, "c": 28.784137, "b": 4.140313896318307, "matrix": [[4.14031436, 0.0, 0.0], [-2.07015718, 3.58561688, 0.0], [0.0, 0.0, 28.784137]], "volume": 427.3172390100863, "beta": 90.0, "alpha": 90.0, "gamma": 120.00000370466287}, "sites": [{"label": "Ba", "xyz": [-2.070157180101798e-06, 2.39041244853896, 9.53374685953747], "abc": [0.333333, 0.666667, 0.33121531], "species": [{"occu": 1, "element": "Ba"}], "properties": {"magmom": 0.0}}, {"label": "Ba", "xyz": [2.070159250157179, 1.19520443146104, 19.250390140462528], "abc": [0.666667, 0.333333, 0.66878469], "species": [{"occu": 1, "element": "Ba"}], "properties": {"magmom": 0.0}}, {"label": "Ca", "xyz": [2.070159250157179, 1.19520443146104, 12.85464700830093], "abc": [0.666667, 0.333333, 0.44658789], "species": [{"occu": 1, "element": "Ca"}], "properties": {"magmom": 0.0}}, {"label": "Ca", "xyz": [-2.070157180101798e-06, 2.39041244853896, 15.929489991699072], "abc": [0.333333, 0.666667, 0.55341211], "species": [{"occu": 1, "element": "Ca"}], "properties": {"magmom": 0.0}}], "@class": "Structure", "@module": "pymatgen.core.structure"}