{"lattice": {"a": 3.3025312, "c": 24.871778, "b": 4.91320181, "matrix": [[3.3025312, -0.0, 0.0], [0.0, 4.91320181, 0.0], [0.0, 0.0, 24.871778]], "volume": 403.569526272547, "beta": 90.0, "alpha": 90.0, "gamma": 90.0}, "sites": [{"label": "Na", "xyz": [0.0, 0.0, 12.435889], "abc": [-0.0, 0.0, 0.5], "species": [{"occu": 1, "element": "Na"}], "properties": {"magmom": -0.0}}, {"label": "Li", "xyz": [1.6512656, 2.456600905, 14.83175703117084], "abc": [0.5, 0.5, 0.59632878], "species": [{"occu": 1, "element": "Li"}], "properties": {"magmom": 0.003}}, {"label": "Li", "xyz": [1.6512656, 2.456600905, 10.04002096882916], "abc": [0.5, 0.5, 0.40367122], "species": [{"occu": 1, "element": "Li"}], "properties": {"magmom": 0.003}}, {"label": "As", "xyz": [1.6512656, 2.456600905, 12.435889], "abc": [0.5, 0.5, 0.5], "species": [{"occu": 1, "element": "As"}], "properties": {"magmom": 0.0}}], "@class": "Structure", "@module": "pymatgen.core.structure"}