{"lattice": {"a": 4.12031259, "c": 23.013137, "b": 4.120312424081567, "matrix": [[4.12031259, 0.0, 0.0], [-2.0601563, 3.56829518, 0.0], [0.0, 0.0, 23.013137]], "volume": 338.3504523963352, "beta": 90.0, "alpha": 90.0, "gamma": 120.00000141235286}, "sites": [{"label": "Mg", "xyz": [-2.063489630075431e-06, 2.37886464276506, 1.21593890612201], "abc": [0.333333, 0.666667, 0.05283673], "species": [{"occu": 1, "element": "Mg"}], "properties": {"magmom": 0.038}}, {"label": "Mg", "xyz": [2.06015835348963, 1.189430537234939, 21.79719809387799], "abc": [0.666667, 0.333333, 0.94716327], "species": [{"occu": 1, "element": "Mg"}], "properties": {"magmom": 0.038}}, {"label": "As", "xyz": [0.0, 0.0, 0.0], "abc": [0.0, 0.0, 0.0], "species": [{"occu": 1, "element": "As"}], "properties": {"magmom": 0.007}}], "@class": "Structure", "@module": "pymatgen.core.structure"}