{"lattice": {"a": 3.00152282, "c": 23.692024, "b": 3.00152212511781, "matrix": [[3.00152282, 1e-08, 0.0], [-1.50076089, 2.5993945099999998, 0.0], [0.0, 0.0, 23.692024]], "volume": 184.84853444820854, "beta": 90.0, "alpha": 90.0, "gamma": 119.99999600557247}, "sites": [{"label": "Li", "xyz": [-1.154094570071323e-06, 1.7329305431314999, 10.28627792575072], "abc": [0.333333, 0.666667, 0.43416628], "species": [{"occu": 1, "element": "Li"}], "properties": {"magmom": 0.009000000000000001}}, {"label": "Cr", "xyz": [-1.154094570071323e-06, 1.7329305431314999, 12.54505085420576], "abc": [0.333333, 0.666667, 0.52950524], "species": [{"occu": 1, "element": "Cr"}], "properties": {"magmom": 2.992}}, {"label": "O", "xyz": [0.0, 0.0, 13.40586382360856], "abc": [0.0, 0.0, 0.56583869], "species": [{"occu": 1, "element": "O"}], "properties": {"magmom": -0.06}}, {"label": "O", "xyz": [1.50076308409457, 0.8664639768685001, 11.1468556333552], "abc": [0.666667, 0.333333, 0.47048979999999996], "species": [{"occu": 1, "element": "O"}], "properties": {"magmom": -0.014}}], "@class": "Structure", "@module": "pymatgen.core.structure"}