{"lattice": {"a": 3.54304773, "c": 23.17276892652544, "b": 4.823522069265719, "matrix": [[3.54304773, 0.0, 0.0], [0.0, 4.81662351, -0.25788198], [0.0, -0.01258335, 23.17276551]], "volume": 395.44395806398495, "beta": 90.0, "alpha": 93.0958023561952, "gamma": 90.0}, "sites": [{"label": "Eu", "xyz": [1.771523865, 1.140673518218261, 11.01740116394965], "abc": [0.5, 0.23806917, 0.47809549999999995], "species": [{"occu": 1, "element": "Eu"}], "properties": {"magmom": 6.759}}, {"label": "P", "xyz": [0.0, 3.548913150176491, 10.882732186789623], "abc": [-0.0, 0.7380535500000001, 0.47784814000000003], "species": [{"occu": 1, "element": "P"}], "properties": {"magmom": -0.033}}, {"label": "P", "xyz": [1.771523865, 3.468836586155357, 9.377131081648669], "abc": [0.5, 0.72125828, 0.41268836000000003], "species": [{"occu": 1, "element": "P"}], "properties": {"magmom": -0.02}}], "@class": "Structure", "@module": "pymatgen.core.structure"}