{"lattice": {"a": 6.438898610039315, "c": 20.0, "b": 8.734271031855394, "matrix": [[6.32447599, -1.20847787, 0.0], [-2.5608117200000002, 8.35043315, 0.0], [0.0, 0.0, 20.0]], "volume": 994.3485934083687, "beta": 90.0, "alpha": 90.0, "gamma": 117.8667600426061}, "sites": [{"label": "Na", "xyz": [0.0, 0.0, 10.0], "abc": [-0.0, -0.0, 0.5], "species": [{"occu": 1, "element": "Na"}], "properties": {"magmom": -0.0}}, {"label": "Bi", "xyz": [3.162237995, -0.604238935, 10.0], "abc": [0.5, -0.0, 0.5], "species": [{"occu": 1, "element": "Bi"}], "properties": {"magmom": -0.0}}, {"label": "Bi", "xyz": [2.489432970947535, 2.266347489600217, 10.0], "abc": [0.53485333, 0.34880896, 0.5], "species": [{"occu": 1, "element": "Bi"}], "properties": {"magmom": 0.0}}, {"label": "Bi", "xyz": [1.274231299052464, 4.875607790399784, 10.0], "abc": [0.46514667, 0.65119104, 0.5], "species": [{"occu": 1, "element": "Bi"}], "properties": {"magmom": 0.0}}], "@class": "Structure", "@module": "pymatgen.core.structure"}