{"lattice": {"a": 4.287360000199889, "c": 20.0000002045405, "b": 4.29160169606337, "matrix": [[4.28736, -3.3e-05, 2.5e-05], [-2.143709, 3.7178430000000002, 0.000518], [0.000116, 0.002858, 20.0]], "volume": 318.7932059305119, "beta": 89.99933365041852, "alpha": 89.98615740265527, "gamma": 119.96819820176242}, "sites": [{"label": "Ni", "xyz": [3.897359299983297e-05, 2.48063355883, 8.945553781469], "abc": [0.333443, 0.666883, 0.44726000000000005], "species": [{"occu": 1, "element": "Ni"}], "properties": {"magmom": 0.001}}, {"label": "Bi", "xyz": [2.143717952358, 1.239752014294, 8.948509221196], "abc": [0.66656, 0.333122, 0.447416], "species": [{"occu": 1, "element": "Bi"}], "properties": {"magmom": 0.001}}], "@class": "Structure", "@module": "pymatgen.core.structure"}