{"lattice": {"a": 4.184542232087634, "c": 20.412192385182284, "b": 4.184542408768265, "matrix": [[4.1841153, -0.00063647, 0.059769920000000004], [0.00045837, 4.1841155, 0.059769920000000004], [0.03540243, 0.03539317, 20.412131]], "volume": 357.3338382502379, "beta": 89.08223158391444, "alpha": 89.08223161175037, "gamma": 89.99074894490296}, "sites": [{"label": "Ho", "xyz": [2.137569599242873, 2.137010434614072, 19.601507466617445], "abc": [0.50272202, 0.50272202, 0.9573430700000001], "species": [{"occu": 1, "element": "Ho"}], "properties": {"magmom": 0.371}}, {"label": "Te", "xyz": [0.038714211940666, 0.038704085595787, 20.005573441093432], "abc": [0.00095998, 0.00095998, 0.9800769300000001], "species": [{"occu": 1, "element": "Te"}], "properties": {"magmom": -0.004}}], "@class": "Structure", "@module": "pymatgen.core.structure"}