{"lattice": {"a": 3.654720918564904, "c": 23.418116, "b": 3.65518822000538, "matrix": [[3.65472066, -0.00137476, 0.0], [-1.82369258, 3.1677352, 0.0], [0.0, 0.0, 23.418116]], "volume": 271.05720221040673, "beta": 90.0, "alpha": 90.0, "gamma": 119.95095918239518}, "sites": [{"label": "V", "xyz": [0.0, 0.0, 11.709058], "abc": [0.0, 0.0, 0.5], "species": [{"occu": 1, "element": "V"}], "properties": {"magmom": 1.229}}, {"label": "Te", "xyz": [0.003176764509404, 2.110951110373344, 9.99826252321424], "abc": [0.33346831, 0.666536, 0.42694564], "species": [{"occu": 1, "element": "Te"}], "properties": {"magmom": -0.101}}, {"label": "Te", "xyz": [1.827851315490595, 1.055409329626655, 13.419853476785761], "abc": [0.66653169, 0.333464, 0.57305436], "species": [{"occu": 1, "element": "Te"}], "properties": {"magmom": -0.101}}], "@class": "Structure", "@module": "pymatgen.core.structure"}