{"lattice": {"a": 3.892605, "c": 22.656191, "b": 3.892605, "matrix": [[3.892605, 0.0, 0.0], [0.0, 3.892605, 0.0], [0.0, 0.0, 22.656191]], "volume": 343.29507233395645, "beta": 90.0, "alpha": 90.0, "gamma": 90.0}, "sites": [{"label": "Ca", "xyz": [0.0, 0.0, 0.0], "abc": [0.0, 0.0, 0.0], "species": [{"occu": 1, "element": "Ca"}], "properties": {"magmom": 0.0}}, {"label": "F", "xyz": [0.0, 1.9463024999999998, 21.703996604652], "abc": [0.0, 0.5, 0.9579719999999999], "species": [{"occu": 1, "element": "F"}], "properties": {"magmom": -0.0}}, {"label": "F", "xyz": [1.9463024999999998, 0.0, 0.9521943953480001], "abc": [0.5, 0.0, 0.042027999999999996], "species": [{"occu": 1, "element": "F"}], "properties": {"magmom": -0.0}}], "@class": "Structure", "@module": "pymatgen.core.structure"}