{"lattice": {"a": 3.26293296, "c": 23.530469, "b": 3.26293296, "matrix": [[3.26293296, 0.0, 0.0], [0.0, 3.26293296, 0.0], [0.0, 0.0, 23.530469]], "volume": 250.52258554629532, "beta": 90.0, "alpha": 90.0, "gamma": 90.0}, "sites": [{"label": "Ni", "xyz": [1.63146648, 1.63146648, 12.994183834932], "abc": [0.5, 0.5, 0.5522279999999999], "species": [{"occu": 1, "element": "Ni"}], "properties": {"magmom": 0.0}}, {"label": "Bi", "xyz": [0.0, 0.0, 14.731329415130531], "abc": [-0.0, 0.0, 0.62605337], "species": [{"occu": 1, "element": "Bi"}], "properties": {"magmom": 0.0}}, {"label": "Bi", "xyz": [0.0, 0.0, 11.25703825473347], "abc": [0.0, -0.0, 0.47840263], "species": [{"occu": 1, "element": "Bi"}], "properties": {"magmom": 0.0}}], "@class": "Structure", "@module": "pymatgen.core.structure"}