{"lattice": {"a": 3.927800252214041, "c": 22.4793507180624, "b": 4.396156075265145, "matrix": [[3.9264242300000003, 0.008703230000000001, -0.1035946], [-0.01026822, 4.39497967, -0.10117559999999999], [-0.08705931, -0.06403041, 22.47909094]], "volume": 387.84860471041134, "beta": 91.73358895580381, "alpha": 91.48142691274717, "gamma": 89.97207956917201}, "sites": [{"label": "Sb", "xyz": [2.477241475962049, 3.65852402693759, 5.799259455970731], "abc": [0.63896794, 0.83502343, 0.26468762], "species": [{"occu": 1, "element": "Sb"}], "properties": {"magmom": -0.0}}, {"label": "Sb", "xyz": [0.441619135830065, 1.389092741795269, 2.977336074024539], "abc": [0.11628504, 0.31779154, 0.13441537], "species": [{"occu": 1, "element": "Sb"}], "properties": {"magmom": -0.0}}, {"label": "P", "xyz": [2.409593371481633, 4.085246703878332, 3.260117830606573], "abc": [0.6194917400000001, 0.9305145100000001, 0.15207195], "species": [{"occu": 1, "element": "P"}], "properties": {"magmom": -0.0}}, {"label": "P", "xyz": [0.507780339132333, 1.932732699202831, 5.493444896936152], "abc": [0.13595928000000002, 0.44308851, 0.24700106], "species": [{"occu": 1, "element": "P"}], "properties": {"magmom": -0.0}}], "@class": "Structure", "@module": "pymatgen.core.structure"}