{"lattice": {"a": 4.024013, "c": 22.704176386951367, "b": 4.93150792233258, "matrix": [[4.024013, 0.0, 0.0], [0.0, 4.904805, 0.512502], [0.0, -0.01703, 22.70417]], "volume": 448.1473036776496, "beta": 90.0, "alpha": 84.07779974781891, "gamma": 90.0}, "sites": [{"label": "Ag", "xyz": [2.0120065, 2.4524025, 0.256251], "abc": [0.5, 0.5, 0.0], "species": [{"occu": 1, "element": "Ag"}], "properties": {"magmom": 0.0}}, {"label": "Ag", "xyz": [0.0, 0.0, 0.0], "abc": [0.0, 0.0, 0.0], "species": [{"occu": 1, "element": "Ag"}], "properties": {"magmom": -0.0}}, {"label": "Te", "xyz": [0.0, 3.083449073449999, 21.216975614488], "abc": [0.0, 0.631854, 0.920234], "species": [{"occu": 1, "element": "Te"}], "properties": {"magmom": 0.0}}, {"label": "Te", "xyz": [0.0, 1.804325926549999, 1.9996963855120002], "abc": [0.0, 0.368146, 0.07976599999999999], "species": [{"occu": 1, "element": "Te"}], "properties": {"magmom": 0.0}}], "@class": "Structure", "@module": "pymatgen.core.structure"}