{"lattice": {"a": 3.6813201700000002, "c": 23.407847, "b": 3.681319894749936, "matrix": [[3.6813201700000002, -4e-08, 0.0], [-1.84065965, 3.18811672, 0.0], [0.0, 0.0, 23.407847]], "volume": 274.72568864667267, "beta": 90.0, "alpha": 90.0, "gamma": 119.99999527823215}, "sites": [{"label": "Li", "xyz": [1.8406620706599401, 1.06270448396108, 18.53833225118148], "abc": [0.666667, 0.333333, 0.7919708400000001], "species": [{"occu": 1, "element": "Li"}], "properties": {"magmom": 0.0}}, {"label": "Li", "xyz": [-1.550659940163366e-06, 2.12541219603892, 21.83613085844052], "abc": [0.333333, 0.666667, 0.93285516], "species": [{"occu": 1, "element": "Li"}], "properties": {"magmom": 0.0}}, {"label": "Br", "xyz": [0.0, 0.0, 20.187231554811], "abc": [0.0, 0.0, 0.862413], "species": [{"occu": 1, "element": "Br"}], "properties": {"magmom": 0.0}}], "@class": "Structure", "@module": "pymatgen.core.structure"}