{"lattice": {"a": 3.706250007577605, "c": 23.289565, "b": 3.706250017776593, "matrix": [[3.70625, 0.000237, 0.0], [-0.000363, 3.70625, 0.0], [0.0, 0.0, 23.289565]], "volume": 319.9121989835073, "beta": 90.0, "alpha": 90.0, "gamma": 90.00194786325011}, "sites": [{"label": "Sc", "xyz": [0.038504254393, 1.8918170177929992, 1.034266292084999], "abc": [0.010439, 0.510439, 0.044409], "species": [{"occu": 1, "element": "Sc"}], "properties": {"magmom": -0.0}}, {"label": "Sc", "xyz": [1.8918107543929992, 0.038810517793, 22.255298707915], "abc": [0.510439, 0.010439, 0.955591], "species": [{"occu": 1, "element": "Sc"}], "properties": {"magmom": -0.0}}, {"label": "Se", "xyz": [0.038960078493999004, 1.892272915693999, 21.588565041095], "abc": [0.010562, 0.510562, 0.926963], "species": [{"occu": 1, "element": "Se"}], "properties": {"magmom": 0.0}}, {"label": "Se", "xyz": [1.8922665784939992, 0.039266415694, 1.700999958905], "abc": [0.510562, 0.010562, 0.07303699999999999], "species": [{"occu": 1, "element": "Se"}], "properties": {"magmom": 0.0}}], "@class": "Structure", "@module": "pymatgen.core.structure"}