{"lattice": {"a": 7.14976946, "c": 24.320905, "b": 7.14976946, "matrix": [[7.14976946, 0.0, 0.0], [0.0, 7.14976946, 0.0], [0.0, 0.0, 24.320905]], "volume": 1243.2652878925508, "beta": 90.0, "alpha": 90.0, "gamma": 90.0}, "sites": [{"label": "Rb", "xyz": [0.0, 0.0, 14.29159150055805], "abc": [0.0, -0.0, 0.58762581], "species": [{"occu": 1, "element": "Rb"}], "properties": {"magmom": 0.014}}, {"label": "C", "xyz": [0.0, 0.0, 11.71985085046615], "abc": [-0.0, 0.0, 0.48188383], "species": [{"occu": 1, "element": "C"}], "properties": {"magmom": 0.148}}, {"label": "C", "xyz": [0.0, 0.0, 10.469915148975801], "abc": [0.0, -0.0, 0.43049036], "species": [{"occu": 1, "element": "C"}], "properties": {"magmom": 0.456}}], "@class": "Structure", "@module": "pymatgen.core.structure"}