{"lattice": {"a": 4.43555619, "c": 22.485034, "b": 4.43555619, "matrix": [[4.43555619, 0.0, 0.0], [0.0, 4.43555619, 0.0], [0.0, 0.0, 22.485034]], "volume": 442.37412762024115, "beta": 90.0, "alpha": 90.0, "gamma": 90.0}, "sites": [{"label": "Tl", "xyz": [0.0, 0.0, 7.864885795526759], "abc": [-0.0, 0.0, 0.34978314], "species": [{"occu": 1, "element": "Tl"}], "properties": {"magmom": 0.0}}, {"label": "Cl", "xyz": [0.0, 0.0, 5.4004748032492405], "abc": [0.0, -0.0, 0.24018086], "species": [{"occu": 1, "element": "Cl"}], "properties": {"magmom": 0.0}}], "@class": "Structure", "@module": "pymatgen.core.structure"}