{"lattice": {"a": 4.10800664, "c": 22.77902, "b": 4.10800664, "matrix": [[4.10800664, 0.0, 0.0], [0.0, 4.10800664, 0.0], [0.0, 0.0, 22.77902]], "volume": 384.4123304624084, "beta": 90.0, "alpha": 90.0, "gamma": 90.0}, "sites": [{"label": "Te", "xyz": [2.05400332, 0.0, 21.1975334613834], "abc": [0.5, -0.0, 0.93057267], "species": [{"occu": 1, "element": "Te"}], "properties": {"magmom": 0.0}}, {"label": "Te", "xyz": [0.0, 2.05400332, 1.5814865386166002], "abc": [-0.0, 0.5, 0.06942733], "species": [{"occu": 1, "element": "Te"}], "properties": {"magmom": 0.0}}, {"label": "Ru", "xyz": [0.0, 0.0, 0.0], "abc": [0.0, -0.0, -0.0], "species": [{"occu": 1, "element": "Ru"}], "properties": {"magmom": -0.0}}, {"label": "Ru", "xyz": [2.05400332, 2.05400332, 0.0], "abc": [0.5, 0.5, 0.0], "species": [{"occu": 1, "element": "Ru"}], "properties": {"magmom": -0.0}}], "@class": "Structure", "@module": "pymatgen.core.structure"}