{"lattice": {"a": 1.6329377446959201, "c": 20.0, "b": 1.632937574319971, "matrix": [[1.63293507, 0.00295554, 0.0], [-0.00271336, 1.63293532, 0.0], [0.0, 0.0, 20.0]], "volume": 53.329707410273734, "beta": 90.0, "alpha": 90.0, "gamma": 89.99150249504392}, "sites": [{"label": "C", "xyz": [0.815110855, 0.8179454300000001, 10.0], "abc": [0.5, 0.5, 0.5], "species": [{"occu": 1, "element": "C"}], "properties": {"magmom": 0.0}}], "@class": "Structure", "@module": "pymatgen.core.structure"}