{"lattice": {"a": 3.4985717100000002, "c": 23.73272, "b": 3.498572633905635, "matrix": [[3.4985717100000002, -3.0000000000000004e-08, -0.0], [-1.7492864, 3.02985273, 0.0], [-0.0, 0.0, 23.73272]], "volume": 251.57055789857563, "beta": 90.0, "alpha": 90.0, "gamma": 120.00000206176404}, "sites": [{"label": "Si", "xyz": [0.0, 0.0, 8.359973555489601], "abc": [0.0, -0.0, 0.35225518], "species": [{"occu": 1, "element": "Si"}], "properties": {"magmom": -0.0}}, {"label": "F", "xyz": [1.749287422619369, 1.00994988004908, 7.3901722637512], "abc": [0.666667, 0.333333, 0.31139171], "species": [{"occu": 1, "element": "F"}], "properties": {"magmom": 0.0}}, {"label": "F", "xyz": [-2.112619370141201e-06, 2.01990281995092, 9.3257749345992], "abc": [0.333333, 0.666667, 0.39295011], "species": [{"occu": 1, "element": "F"}], "properties": {"magmom": 0.0}}], "@class": "Structure", "@module": "pymatgen.core.structure"}