{"lattice": {"a": 2.2935704900852922, "c": 21.522725, "b": 2.2934651916384032, "matrix": [[2.29357049, -1.978e-05, 0.0], [1.14676784, 1.98617877, 0.0], [0.0, 0.0, 21.522725]], "volume": 98.04599241532662, "beta": 90.0, "alpha": 90.0, "gamma": 59.999477432797825}, "sites": [{"label": "N", "xyz": [1.14678716138676, 0.662031459694403, 11.103281333667251], "abc": [0.33334212, 0.33332249, 0.51588641], "species": [{"occu": 1, "element": "N"}], "properties": {"magmom": 0.0}}, {"label": "N", "xyz": [2.293551168613239, 1.3241275303055962, 10.41944366633275], "abc": [0.66665788, 0.66667751, 0.48411359], "species": [{"occu": 1, "element": "N"}], "properties": {"magmom": 0.0}}], "@class": "Structure", "@module": "pymatgen.core.structure"}