{"lattice": {"a": 3.463271721072997, "c": 25.901874854711227, "b": 3.472828984163062, "matrix": [[3.45135277, 0.00544869, 0.28702854], [1.69324854, 3.01896679, 0.28158489999999997], [0.0331153, 0.02243479, 25.90184397]], "volume": 269.60625124713084, "beta": 85.17266698491031, "alpha": 85.27010615769616, "gamma": 60.39748825204276}, "sites": [{"label": "Hf", "xyz": [2.690148507715487, 0.569563158185953, 9.030892866333662], "abc": [0.68547928, 0.18490486, 0.33905209000000003], "species": [{"occu": 1, "element": "Hf"}], "properties": {"magmom": -0.0}}, {"label": "Hf", "xyz": [2.479783655598213, 2.472013343293956, 11.350792179794468], "abc": [0.31452072000000003, 0.81509514, 0.42587691], "species": [{"occu": 1, "element": "Hf"}], "properties": {"magmom": -0.0}}, {"label": "Br", "xyz": [1.1149347202541051, 1.666667483420667, 7.043988658932554], "abc": [0.05066302, 0.55000176, 0.2654087], "species": [{"occu": 1, "element": "Br"}], "properties": {"magmom": 0.0}}, {"label": "Br", "xyz": [4.054997443059594, 1.374909018059242, 13.337696387195576], "abc": [0.94933698, 0.44999824, 0.4995203], "species": [{"occu": 1, "element": "Br"}], "properties": {"magmom": 0.0}}], "@class": "Structure", "@module": "pymatgen.core.structure"}