{"lattice": {"a": 3.081902050000012, "c": 22.85226371, "b": 3.0819015670135492, "matrix": [[3.08190205, -2.7e-07, 0.0], [-1.5409504699999999, 2.66900523, -0.0], [0.0, 0.0, 22.85226371]], "volume": 187.97386085574416, "beta": 90.0, "alpha": 90.0, "gamma": 119.99999828950328}, "sites": [{"label": "B", "xyz": [0.0, 0.0, 13.216726005495065], "abc": [-0.0, -0.0, 0.5783552200000001], "species": [{"occu": 1, "element": "B"}], "properties": {"magmom": -0.0}}, {"label": "B", "xyz": [0.0, 0.0, 17.487278435832703], "abc": [-0.0, -0.0, 0.76523178], "species": [{"occu": 1, "element": "B"}], "properties": {"magmom": -0.0}}, {"label": "S", "xyz": [-1.170950840119048e-06, 1.7793376196684991, 17.0366699587519], "abc": [0.333333, 0.666667, 0.74551345], "species": [{"occu": 1, "element": "S"}], "properties": {"magmom": 0.0}}, {"label": "S", "xyz": [-1.170950840119048e-06, 1.7793376196684991, 13.66733448257587], "abc": [0.333333, 0.666667, 0.5980735500000001], "species": [{"occu": 1, "element": "S"}], "properties": {"magmom": 0.0}}], "@class": "Structure", "@module": "pymatgen.core.structure"}