{"lattice": {"a": 3.62156211, "c": 21.231711, "b": 3.621561334252211, "matrix": [[3.62156211, 0.0, 0.0], [-1.81078106, 3.13636389, 0.0], [0.0, 0.0, 21.231711]], "volume": 241.16116705154465, "beta": 90.0, "alpha": 90.0, "gamma": 120.00000717710573}, "sites": [{"label": "Pd", "xyz": [-1.814114390138088e-06, 2.09091030545463, 14.63996283315768], "abc": [0.333333, 0.666667, 0.68953288], "species": [{"occu": 1, "element": "Pd"}], "properties": {"magmom": -0.0}}, {"label": "S", "xyz": [1.81078286411439, 1.04545358454537, 15.54246426824532], "abc": [0.666667, 0.333333, 0.73204012], "species": [{"occu": 1, "element": "S"}], "properties": {"magmom": -0.0}}], "@class": "Structure", "@module": "pymatgen.core.structure"}