{"lattice": {"a": 2.89839577, "c": 23.446938, "b": 3.40556089, "matrix": [[2.89839577, 0.0, 0.0], [0.0, 3.40556089, 0.0], [0.0, 0.0, 23.446938]], "volume": 231.43682989939563, "beta": 90.0, "alpha": 90.0, "gamma": 90.0}, "sites": [{"label": "V", "xyz": [0.0, 0.0, 11.723469], "abc": [0.0, -0.0, 0.5], "species": [{"occu": 1, "element": "V"}], "properties": {"magmom": 0.155}}, {"label": "S", "xyz": [1.4491830162297, 0.0, 13.44520086980862], "abc": [0.49999487000000004, 0.0, 0.57343099], "species": [{"occu": 1, "element": "S"}], "properties": {"magmom": -0.016}}, {"label": "S", "xyz": [1.4492127537703001, 0.0, 10.00173713019138], "abc": [0.50000513, 0.0, 0.42656901], "species": [{"occu": 1, "element": "S"}], "properties": {"magmom": -0.016}}], "@class": "Structure", "@module": "pymatgen.core.structure"}