{"lattice": {"a": 4.930778, "c": 24.623946, "b": 4.930777126681452, "matrix": [[4.930778, 0.0, 0.0], [-2.465389, 4.270178, 0.0], [0.0, 0.0, 24.623946]], "volume": 518.4645637742441, "beta": 90.0, "alpha": 90.0, "gamma": 120.00000585894377}, "sites": [{"label": "P", "xyz": [0.0, 0.0, 7.028043547589999], "abc": [0.0, 0.0, 0.285415], "species": [{"occu": 1, "element": "P"}], "properties": {"magmom": -0.0}}, {"label": "I", "xyz": [2.465391465389, 1.4233912432740001, 7.028043547589999], "abc": [0.666667, 0.333333, 0.285415], "species": [{"occu": 1, "element": "I"}], "properties": {"magmom": -0.0}}, {"label": "I", "xyz": [0.0, 0.0, 9.695137010688], "abc": [0.0, 0.0, 0.39372799999999997], "species": [{"occu": 1, "element": "I"}], "properties": {"magmom": 0.0}}, {"label": "I", "xyz": [0.0, 0.0, 4.360950084492], "abc": [0.0, 0.0, 0.17710199999999998], "species": [{"occu": 1, "element": "I"}], "properties": {"magmom": 0.0}}], "@class": "Structure", "@module": "pymatgen.core.structure"}