{"lattice": {"a": 3.2667763011397453, "c": 23.454364657055088, "b": 4.13048267195298, "matrix": [[3.20239633, -0.00346922, 0.64534728], [1.43938324, 3.67494161, 1.21814086], [-0.02222395, 0.00638101, 23.45435326]], "volume": 276.1763156473044, "beta": 78.66065952607887, "alpha": 72.85285958600294, "gamma": 66.48895907181658}, "sites": [{"label": "B", "xyz": [3.9284593110286963, 2.666397248692203, 6.391503659553726], "abc": [0.90184462, 0.72604855, 0.20998538], "species": [{"occu": 1, "element": "B"}], "properties": {"magmom": -0.0}}, {"label": "B", "xyz": [0.703437176590886, 1.007847952638302, 5.820422865958186], "abc": [0.0981364, 0.27393984, 0.23123185000000002], "species": [{"occu": 1, "element": "B"}], "properties": {"magmom": -0.0}}, {"label": "Se", "xyz": [2.125654341603881, 0.044424307391754, 7.029051599349056], "abc": [0.66022491, 0.01222398, 0.28088972], "species": [{"occu": 1, "element": "Se"}], "properties": {"magmom": 0.0}}, {"label": "Se", "xyz": [2.506395168924197, 3.629902569658709, 5.183478606111254], "abc": [0.33979407, 0.98778663, 0.16035105], "species": [{"occu": 1, "element": "Se"}], "properties": {"magmom": 0.0}}], "@class": "Structure", "@module": "pymatgen.core.structure"}