{"lattice": {"a": 2.96179817, "c": 24.320905, "b": 2.96179817, "matrix": [[2.96179817, 0.0, 0.0], [0.0, 2.96179817, 0.0], [0.0, 0.0, 24.320905]], "volume": 213.3490199683111, "beta": 90.0, "alpha": 90.0, "gamma": 90.0}, "sites": [{"label": "Li", "xyz": [0.0, 0.0, 14.626082500831199], "abc": [-0.0, -0.0, 0.60137904], "species": [{"occu": 1, "element": "Li"}], "properties": {"magmom": 0.0}}, {"label": "Sn", "xyz": [0.0, 0.0, 17.45246375590025], "abc": [-0.0, -0.0, 0.71759105], "species": [{"occu": 1, "element": "Sn"}], "properties": {"magmom": 0.0}}, {"label": "Sn", "xyz": [0.0, 0.0, 4.40281124326855], "abc": [0.0, 0.0, 0.18102991000000002], "species": [{"occu": 1, "element": "Sn"}], "properties": {"magmom": -0.0}}], "@class": "Structure", "@module": "pymatgen.core.structure"}