{"lattice": {"a": 3.190132923051595, "c": 22.452984, "b": 4.238092571861261, "matrix": [[3.19013291, 0.00028857, 0.0], [-0.01274105, 4.23807342, 0.0], [0.0, 0.0, 22.452984]], "volume": 303.5648189832453, "beta": 90.0, "alpha": 90.0, "gamma": 90.16706673191176}, "sites": [{"label": "V", "xyz": [1.619165786644237, 1.686641071317801, 11.472171203748962], "abc": [0.50914366, 0.39793887, 0.51094194], "species": [{"occu": 1, "element": "V"}], "properties": {"magmom": 0.0}}, {"label": "O", "xyz": [1.616199944986065, 0.063047869001371, 11.46674768546376], "abc": [0.5066839200000001, 0.01484204, 0.51070039], "species": [{"occu": 1, "element": "O"}], "properties": {"magmom": -0.0}}, {"label": "O", "xyz": [0.022481941441564002, 2.130018391134963, 12.20877053274816], "abc": [0.009054630000000001, 0.50259058, 0.54374824], "species": [{"occu": 1, "element": "O"}], "properties": {"magmom": 0.0}}, {"label": "F", "xyz": [1.628401852013373, 2.082374832361564, 9.758278578039121], "abc": [0.51241179, 0.49131451000000004, 0.43460943], "species": [{"occu": 1, "element": "F"}], "properties": {"magmom": -0.0}}], "@class": "Structure", "@module": "pymatgen.core.structure"}