{"lattice": {"a": 2.8030123700000003, "c": 26.60755, "b": 2.8030123700000003, "matrix": [[2.8030123700000003, 0.0, 0.0], [0.0, 2.8030123700000003, 0.0], [0.0, 0.0, 26.60755]], "volume": 209.05228344503732, "beta": 90.0, "alpha": 90.0, "gamma": 90.0}, "sites": [{"label": "Ti", "xyz": [0.0, 1.4015061850000001, 9.7547479632145], "abc": [0.0, 0.5, 0.36661579], "species": [{"occu": 1, "element": "Ti"}], "properties": {"magmom": 0.013000000000000001}}, {"label": "Ti", "xyz": [1.4015061850000001, 0.0, 7.654518786685499], "abc": [0.5, 0.0, 0.28768221], "species": [{"occu": 1, "element": "Ti"}], "properties": {"magmom": 0.015}}, {"label": "Zn", "xyz": [0.0, 1.4015061850000001, 5.7280810801895], "abc": [0.0, 0.5, 0.21528029], "species": [{"occu": 1, "element": "Zn"}], "properties": {"magmom": 0.001}}, {"label": "Zn", "xyz": [1.4015061850000001, 0.0, 11.6811856697105], "abc": [0.5, 0.0, 0.43901771], "species": [{"occu": 1, "element": "Zn"}], "properties": {"magmom": 0.0}}], "@class": "Structure", "@module": "pymatgen.core.structure"}