{"lattice": {"a": 3.004945183097398, "c": 25.88572552913893, "b": 2.9457203, "matrix": [[2.9924527100000002, 0.0, -0.27371944], [0.0, 2.9457203, 0.0], [-1.61787448, 0.0, 25.83511696]], "volume": 226.43022015304106, "beta": 98.80965620584796, "alpha": 90.0, "gamma": 90.0}, "sites": [{"label": "Li", "xyz": [0.30114746218481103, 0.736430075, 3.9762597662185764], "abc": [0.18490604, 0.25, 0.15586816], "species": [{"occu": 1, "element": "Li"}], "properties": {"magmom": 0.0}}, {"label": "Li", "xyz": [2.041277257115268, 2.209290225, 6.130028250853264], "abc": [0.81509396, 0.75, 0.24591084], "species": [{"occu": 1, "element": "Li"}], "properties": {"magmom": 0.0}}, {"label": "Mg", "xyz": [1.573610211701949, 0.736430075, 1.204435954389527], "abc": [0.55423967, 0.25, 0.052492199999999996], "species": [{"occu": 1, "element": "Mg"}], "properties": {"magmom": 0.0}}, {"label": "Mg", "xyz": [0.76881288972365, 2.209290225, 8.901877897799272], "abc": [0.44576033, 0.75, 0.3492878], "species": [{"occu": 1, "element": "Mg"}], "properties": {"magmom": 0.0}}], "@class": "Structure", "@module": "pymatgen.core.structure"}