{"lattice": {"a": 3.585811263871398, "c": 23.4221647852498, "b": 4.402656108913459, "matrix": [[3.509295, -0.013861, 0.7366809999999999], [1.626642, 3.8648949999999997, 1.341642], [-0.105556, -0.047875999999999995, 23.421878]], "volume": 318.6708911881114, "beta": 78.4023227906622, "alpha": 72.46601168893311, "gamma": 65.11510130378454}, "sites": [{"label": "B", "xyz": [4.318358233579, 2.73073943094, 6.539667850712999], "abc": [0.906647, 0.712401, 0.209888], "species": [{"occu": 1, "element": "B"}], "properties": {"magmom": -0.0}}, {"label": "B", "xyz": [0.771004398096999, 1.099170289456, 5.873066957349], "abc": [0.09335299999999999, 0.287599, 0.231341], "species": [{"occu": 1, "element": "B"}], "properties": {"magmom": -0.0}}, {"label": "Te", "xyz": [2.316457366316, 0.033827674083000005, 7.231980082948], "abc": [0.661922, 0.014683, 0.28711000000000003], "species": [{"occu": 1, "element": "Te"}], "properties": {"magmom": -0.0}}, {"label": "Te", "xyz": [2.772903638717999, 3.7960781814180002, 5.180753383472], "abc": [0.338078, 0.985316, 0.154119], "species": [{"occu": 1, "element": "Te"}], "properties": {"magmom": -0.0}}], "@class": "Structure", "@module": "pymatgen.core.structure"}