{"lattice": {"a": 2.98759007, "c": 22.803662, "b": 2.98759007, "matrix": [[2.98759007, 0.0, 0.0], [0.0, 2.98759007, -0.0], [0.0, -0.0, 22.803662]], "volume": 203.53851881405674, "beta": 90.0, "alpha": 90.0, "gamma": 90.0}, "sites": [{"label": "Ge", "xyz": [1.493795035, 1.493795035, 1.58116920918418], "abc": [0.5, 0.5, 0.06933839], "species": [{"occu": 1, "element": "Ge"}], "properties": {"magmom": 0.0}}, {"label": "Ge", "xyz": [1.493795035, 1.493795035, 21.22249279081582], "abc": [0.5, 0.5, 0.93066161], "species": [{"occu": 1, "element": "Ge"}], "properties": {"magmom": 0.0}}, {"label": "Ru", "xyz": [0.0, 0.0, 0.0], "abc": [-0.0, -0.0, -0.0], "species": [{"occu": 1, "element": "Ru"}], "properties": {"magmom": 0.0}}], "@class": "Structure", "@module": "pymatgen.core.structure"}