{"lattice": {"a": 3.9668416455760243, "c": 22.750599, "b": 3.951616123614055, "matrix": [[3.96683715, 0.00597214, 0.0], [0.01995274, 3.95156575, 0.0], [0.0, 0.0, 22.750599]], "volume": 356.61788383564476, "beta": 90.0, "alpha": 90.0, "gamma": 89.62443774898674}, "sites": [{"label": "Cd", "xyz": [3.3459608350355072, 0.643995666745754, 11.378143324875001], "abc": [0.84266996, 0.16169872, 0.5001249999999999], "species": [{"occu": 1, "element": "Cd"}], "properties": {"magmom": -0.0}}, {"label": "Cl", "xyz": [3.302406397490187, 2.629854661483523, 9.8476786793064], "abc": [0.82916245, 0.66426904, 0.4328536], "species": [{"occu": 1, "element": "Cl"}], "properties": {"magmom": -0.0}}, {"label": "Cl", "xyz": [1.357764982469926, 0.7478974517859021, 12.900099246417602], "abc": [0.34132959, 0.18875024, 0.5670223999999999], "species": [{"occu": 1, "element": "Cl"}], "properties": {"magmom": -0.0}}], "@class": "Structure", "@module": "pymatgen.core.structure"}