{"lattice": {"a": 3.539298529833054, "c": 26.18731540656486, "b": 3.3834591, "matrix": [[3.52020349, 0.0, -0.36715319999999996], [0.0, 3.3834591, 0.0], [-1.93604991, 0.0, 26.11565046]], "volume": 308.6444747259718, "beta": 100.19414829571276, "alpha": 90.0, "gamma": 90.0}, "sites": [{"label": "Li", "xyz": [0.39355400921055306, 0.845864775, 4.273971113955456], "abc": [0.20337886, 0.25, 0.1665148], "species": [{"occu": 1, "element": "Li"}], "properties": {"magmom": -0.0}}, {"label": "Li", "xyz": [2.348785283999556, 2.537594325, 5.8515956122128845], "abc": [0.7966211400000001, 0.75, 0.23526419999999998], "species": [{"occu": 1, "element": "Li"}], "properties": {"magmom": -0.0}}, {"label": "Ca", "xyz": [1.852714244350314, 0.845864775, 1.289223052549673], "abc": [0.5577719600000001, 0.25, 0.05720749], "species": [{"occu": 1, "element": "Ca"}], "properties": {"magmom": -0.0}}, {"label": "Ca", "xyz": [0.889623112809885, 2.537594325, 8.836369789269128], "abc": [0.44222804, 0.75, 0.34457251], "species": [{"occu": 1, "element": "Ca"}], "properties": {"magmom": -0.0}}], "@class": "Structure", "@module": "pymatgen.core.structure"}