{"lattice": {"a": 3.63108102, "c": 21.810792, "b": 5.87734901, "matrix": [[3.63108102, 0.0, 0.0], [0.0, 5.87734901, 0.0], [0.0, 0.0, 21.810792]], "volume": 465.46695703085226, "beta": 90.0, "alpha": 90.0, "gamma": 90.0}, "sites": [{"label": "Ge", "xyz": [0.0, 0.0, 11.072210171806079], "abc": [-0.0, 0.0, 0.50764824], "species": [{"occu": 1, "element": "Ge"}], "properties": {"magmom": -0.0}}, {"label": "Ge", "xyz": [1.81554051, 2.938674505, 12.68956502447904], "abc": [0.5, 0.5, 0.58180212], "species": [{"occu": 1, "element": "Ge"}], "properties": {"magmom": -0.0}}, {"label": "Se", "xyz": [1.81554051, 0.0, 12.8419511392692], "abc": [0.5, -0.0, 0.58878885], "species": [{"occu": 1, "element": "Se"}], "properties": {"magmom": 0.0}}, {"label": "Se", "xyz": [0.0, 2.938674505, 10.919961028789679], "abc": [0.0, 0.5, 0.5006677900000001], "species": [{"occu": 1, "element": "Se"}], "properties": {"magmom": 0.0}}], "@class": "Structure", "@module": "pymatgen.core.structure"}