{"lattice": {"a": 4.37207095, "c": 23.624085, "b": 4.37207095, "matrix": [[4.37207095, 0.0, 0.0], [0.0, 4.37207095, 0.0], [0.0, 0.0, 23.624085]], "volume": 451.57448852805754, "beta": 90.0, "alpha": 90.0, "gamma": 90.0}, "sites": [{"label": "Ag", "xyz": [2.186035475, 2.186035475, 11.8120425], "abc": [0.5, 0.5, 0.5], "species": [{"occu": 1, "element": "Ag"}], "properties": {"magmom": -0.0}}, {"label": "Ag", "xyz": [0.0, 0.0, 11.8120425], "abc": [-0.0, 0.0, 0.5], "species": [{"occu": 1, "element": "Ag"}], "properties": {"magmom": -0.0}}, {"label": "I", "xyz": [0.0, 2.186035475, 13.751716898193001], "abc": [0.0, 0.5, 0.5821058], "species": [{"occu": 1, "element": "I"}], "properties": {"magmom": -0.0}}, {"label": "I", "xyz": [2.186035475, 0.0, 9.872368101807], "abc": [0.5, -0.0, 0.4178942], "species": [{"occu": 1, "element": "I"}], "properties": {"magmom": -0.0}}], "@class": "Structure", "@module": "pymatgen.core.structure"}