{"lattice": {"a": 4.22659292, "c": 24.664279, "b": 4.22659288520704, "matrix": [[4.22659292, 0.0, 0.0], [-2.11329646, 3.6603368, 0.0], [0.0, 0.0, 24.664279]], "volume": 381.57498322180015, "beta": 90.0, "alpha": 90.0, "gamma": 120.00000027230962}, "sites": [{"label": "Sr", "xyz": [0.0, 0.0, 0.0], "abc": [0.0, 0.0, -0.0], "species": [{"occu": 1, "element": "Sr"}], "properties": {"magmom": 0.23900000000000002}}, {"label": "C", "xyz": [-2.113296460126928e-06, 2.4402257534456, 23.32569259075667], "abc": [0.333333, 0.666667, 0.94572773], "species": [{"occu": 1, "element": "C"}], "properties": {"magmom": 1.224}}, {"label": "C", "xyz": [2.11329857329646, 1.2201110465544, 1.33858640924333], "abc": [0.666667, 0.333333, 0.054272270000000004], "species": [{"occu": 1, "element": "C"}], "properties": {"magmom": 1.224}}], "@class": "Structure", "@module": "pymatgen.core.structure"}