{"lattice": {"a": 3.87654598, "c": 24.981638, "b": 3.8765462030432642, "matrix": [[3.87654598, 6.000000000000001e-08, -0.0], [-1.93827338, 3.35718733, -0.0], [0.0, 0.0, 24.981638]], "volume": 325.11831069850814, "beta": 90.0, "alpha": 90.0, "gamma": 120.00000386587266}, "sites": [{"label": "Si", "xyz": [-2.198273120065831e-06, 2.23812602572909, 22.6167287552558], "abc": [0.333333, 0.666667, 0.9053340999999999], "species": [{"occu": 1, "element": "Si"}], "properties": {"magmom": -0.0}}, {"label": "Si", "xyz": [1.9382747982731199, 1.11906136427091, 0.0], "abc": [0.666667, 0.333333, 0.0], "species": [{"occu": 1, "element": "Si"}], "properties": {"magmom": -0.0}}, {"label": "Si", "xyz": [-2.198273120065831e-06, 2.23812602572909, 2.3649092447442], "abc": [0.333333, 0.666667, 0.0946659], "species": [{"occu": 1, "element": "Si"}], "properties": {"magmom": -0.0}}, {"label": "Rh", "xyz": [-2.198273120065831e-06, 2.23812602572909, 0.0], "abc": [0.333333, 0.666667, 0.0], "species": [{"occu": 1, "element": "Rh"}], "properties": {"magmom": 0.0}}], "@class": "Structure", "@module": "pymatgen.core.structure"}