{"lattice": {"a": 2.17794719, "c": 22.423865, "b": 3.2717692, "matrix": [[2.17794719, 0.0, 0.0], [0.0, 3.2717692, 0.0], [0.0, 0.0, 22.423865]], "volume": 159.7866437923744, "beta": 90.0, "alpha": 90.0, "gamma": 90.0}, "sites": [{"label": "N", "xyz": [0.0, 2.805035193797844, 12.6480850791078], "abc": [0.0, 0.85734507, 0.56404572], "species": [{"occu": 1, "element": "N"}], "properties": {"magmom": 0.0}}, {"label": "N", "xyz": [0.0, 0.46673400620215605, 9.7757799208922], "abc": [-0.0, 0.14265493, 0.43595428], "species": [{"occu": 1, "element": "N"}], "properties": {"magmom": -0.0}}, {"label": "N", "xyz": [1.088973595, 1.169150593797844, 9.7757799208922], "abc": [0.5, 0.35734507, 0.43595428], "species": [{"occu": 1, "element": "N"}], "properties": {"magmom": -0.0}}, {"label": "N", "xyz": [1.088973595, 2.102618606202155, 12.6480850791078], "abc": [0.5, 0.6426549300000001, 0.56404572], "species": [{"occu": 1, "element": "N"}], "properties": {"magmom": 0.0}}], "@class": "Structure", "@module": "pymatgen.core.structure"}