{"lattice": {"a": 3.77226576, "c": 23.05612705, "b": 3.7722656639683443, "matrix": [[3.77226576, 1e-08, 0.0], [1.88613239, 3.26687815, -0.0], [-0.0, -0.0, 23.05612705]], "volume": 284.13293260359137, "beta": 90.0, "alpha": 90.0, "gamma": 60.0000075998037}, "sites": [{"label": "Zn", "xyz": [0.0, 0.0, 11.528063525], "abc": [0.0, -0.0, 0.5], "species": [{"occu": 1, "element": "Zn"}], "properties": {"magmom": -0.0}}, {"label": "Br", "xyz": [3.7722673194660503, 2.17791986229272, 10.034967873827453], "abc": [0.666667, 0.666667, 0.43524083], "species": [{"occu": 1, "element": "Br"}], "properties": {"magmom": -0.0}}, {"label": "Br", "xyz": [1.8861308305339501, 1.08895829770728, 13.021159176172548], "abc": [0.333333, 0.333333, 0.56475917], "species": [{"occu": 1, "element": "Br"}], "properties": {"magmom": -0.0}}], "@class": "Structure", "@module": "pymatgen.core.structure"}