{"lattice": {"a": 4.207552006409949, "c": 20.274504, "b": 4.207552084736565, "matrix": [[4.20627746, -0.10355586, 0.0], [-2.18675176, 3.59466428, 0.0], [0.0, 0.0, 20.274504]], "volume": 301.96246898896715, "beta": 90.0, "alpha": 90.0, "gamma": 122.72381655196618}, "sites": [{"label": "Zn", "xyz": [-0.02169692315337, 2.342229929038184, 10.14007056154608], "abc": [0.33865868, 0.66134132, 0.50013902], "species": [{"occu": 1, "element": "Zn"}], "properties": {"magmom": 0.032}}, {"label": "As", "xyz": [2.04065364355279, 1.149207632554275, 10.13443343845392], "abc": [0.66125232, 0.33874768, 0.49986098], "species": [{"occu": 1, "element": "As"}], "properties": {"magmom": 0.329}}], "@class": "Structure", "@module": "pymatgen.core.structure"}