{"lattice": {"a": 5.381489322841269, "c": 20.000000000002345, "b": 5.38147011315749, "matrix": [[5.38148932, -0.00017486000000000002, -2.12e-06], [-2.6908955900000002, 4.66039714, 2.3799999999999997e-06], [-7.86e-06, 5.66e-06, 20.0]], "volume": 501.5881381171957, "beta": 90.00004508903895, "alpha": 89.99994935910401, "gamma": 120.00383531175133}, "sites": [{"label": "Cd", "xyz": [-1.345849937177101, 3.883838562587813, 5.778636630194856], "abc": [0.16662336, 0.8333766300000001, 0.28893175], "species": [{"occu": 1, "element": "Cd"}], "properties": {"magmom": 0.001}}, {"label": "Cd", "xyz": [-5.574309838991548e-05, 1.5530371702749601, 5.77864603988766], "abc": [0.16662305, 0.33324728000000003, 0.28893228], "species": [{"occu": 1, "element": "Cd"}], "properties": {"magmom": -0.001}}, {"label": "Cd", "xyz": [1.34559009191078, 3.883752647898935, 5.778647769921356], "abc": [0.6667527400000001, 0.83337696, 0.28893236], "species": [{"occu": 1, "element": "Cd"}], "properties": {"magmom": 0.0}}, {"label": "N", "xyz": [2.690693639787328, 1.5533497810122951, 5.778311779999103], "abc": [0.66666685, 0.33333312, 0.28891562], "species": [{"occu": 1, "element": "N"}], "properties": {"magmom": 0.0}}], "@class": "Structure", "@module": "pymatgen.core.structure"}