{"lattice": {"a": 5.6108290499999995, "c": 22.300729, "b": 5.610830291466117, "matrix": [[5.6108290499999995, 0.0, 0.0], [-2.8054145200000002, 4.85912193, 0.0], [0.0, 0.0, 22.300729]], "volume": 608.0004405952039, "beta": 90.0, "alpha": 90.0, "gamma": 119.99999262174006}, "sites": [{"label": "K", "xyz": [0.0, 0.0, 11.1503645], "abc": [0.0, 0.0, 0.5], "species": [{"occu": 1, "element": "K"}], "properties": {"magmom": 0.008}}, {"label": "Bi", "xyz": [2.8054173320811913, 1.619705690292689, 12.691032663694], "abc": [0.666667, 0.333333, 0.569086], "species": [{"occu": 1, "element": "Bi"}], "properties": {"magmom": 0.03}}, {"label": "Bi", "xyz": [2.8054173320811913, 1.619705690292689, 9.609696336306001], "abc": [0.666667, 0.333333, 0.43091399999999996], "species": [{"occu": 1, "element": "Bi"}], "properties": {"magmom": 0.03}}, {"label": "Bi", "xyz": [-2.802081189764444e-06, 3.23941623970731, 11.1503645], "abc": [0.333333, 0.666667, 0.5], "species": [{"occu": 1, "element": "Bi"}], "properties": {"magmom": 0.095}}], "@class": "Structure", "@module": "pymatgen.core.structure"}