{"lattice": {"a": 2.825409540790371, "c": 22.780419, "b": 2.8254101345053613, "matrix": [[2.82540954, -6.683000000000001e-05, 0.0], [-1.41180768, 2.44739484, 0.0], [0.0, 0.0, 22.780419]], "volume": 157.5220043508027, "beta": 90.0, "alpha": 90.0, "gamma": 119.98034433962921}, "sites": [{"label": "B", "xyz": [1.4132489795124061, 0.8156121083762341, 11.3902095], "abc": [0.66672453, 0.33327547, 0.5], "species": [{"occu": 1, "element": "B"}], "properties": {"magmom": 0.0}}, {"label": "Pt", "xyz": [0.000417582794542, 1.631678528884064, 9.89620560900261], "abc": [0.33329074000000003, 0.66670926, 0.43441719], "species": [{"occu": 1, "element": "Pt"}], "properties": {"magmom": -0.0}}, {"label": "Pt", "xyz": [0.000417582794542, 1.631678528884064, 12.884213390997388], "abc": [0.33329074000000003, 0.66670926, 0.56558281], "species": [{"occu": 1, "element": "Pt"}], "properties": {"magmom": -0.0}}], "@class": "Structure", "@module": "pymatgen.core.structure"}