{"lattice": {"a": 4.275826470405877, "c": 22.849215, "b": 4.8009919202635025, "matrix": [[4.27581697, -0.00901355, 0.0], [-0.06535331, 4.80054709, 0.0], [0.0, 0.0, 22.849215]], "volume": 468.99548449036166, "beta": 90.0, "alpha": 90.0, "gamma": 90.90074162723432}, "sites": [{"label": "Sb", "xyz": [2.394909424531797, 2.980733476220521, 12.2462904055365], "abc": [0.56961236, 0.62198488, 0.5359611], "species": [{"occu": 1, "element": "Sb"}], "properties": {"magmom": 0.0}}, {"label": "Sb", "xyz": [0.225558234897123, 1.216731281782798, 10.6029245944635], "abc": [0.05662764, 0.25356312000000003, 0.4640389], "species": [{"occu": 1, "element": "Sb"}], "properties": {"magmom": 0.0}}, {"label": "Se", "xyz": [0.27860978396886105, 0.15014951933662102, 12.951206282182051], "abc": [0.06563937, 0.03140083, 0.56681187], "species": [{"occu": 1, "element": "Se"}], "properties": {"magmom": -0.0}}, {"label": "Se", "xyz": [2.341857875460058, 4.047315238666699, 9.89800871781795], "abc": [0.56060063, 0.8441471700000001, 0.43318813], "species": [{"occu": 1, "element": "Se"}], "properties": {"magmom": -0.0}}], "@class": "Structure", "@module": "pymatgen.core.structure"}