{"lattice": {"a": 3.7905086199999998, "c": 24.623155, "b": 3.790508518797147, "matrix": [[3.7905086199999998, -0.0, -0.0], [-1.89525381, 3.28267693, 0.0], [-0.0, 0.0, 24.623155]], "volume": 306.3862919330197, "beta": 90.0, "alpha": 90.0, "gamma": 119.9999921562057}, "sites": [{"label": "Al", "xyz": [0.0, 0.0, 0.18586148349720003], "abc": [-0.0, 0.0, 0.00754824], "species": [{"occu": 1, "element": "Al"}], "properties": {"magmom": 0.0}}, {"label": "Al", "xyz": [0.0, 0.0, 2.7655929905778], "abc": [0.0, -0.0, 0.11231676], "species": [{"occu": 1, "element": "Al"}], "properties": {"magmom": 0.0}}, {"label": "Se", "xyz": [1.89525637192081, 1.09422454910769, 23.6645381486544], "abc": [0.666667, 0.333333, 0.96106848], "species": [{"occu": 1, "element": "Se"}], "properties": {"magmom": -0.0}}, {"label": "Se", "xyz": [-1.561920809928893e-06, 2.18845238089231, 3.9100467022656], "abc": [0.333333, 0.666667, 0.15879552], "species": [{"occu": 1, "element": "Se"}], "properties": {"magmom": -0.0}}], "@class": "Structure", "@module": "pymatgen.core.structure"}