{"lattice": {"a": 3.741411000206339, "c": 22.641327000872433, "b": 3.7413965977674692, "matrix": [[3.741411, -3.8e-05, -1e-05], [-1.870739, 3.240121, 3.2000000000000005e-05], [-5.5e-05, 0.00019099999999999998, 22.641327]], "volume": 274.47069247347645, "beta": 90.00029232652435, "alpha": 89.9990217761349, "gamma": 120.00130165575098}, "sites": [{"label": "Mn", "xyz": [7.482766999999999e-06, 1.1499999999999999e-10, 2.2641307000000002e-05], "abc": [2e-06, 0.0, 1e-06], "species": [{"occu": 1, "element": "Mn"}], "properties": {"magmom": 2.89}}, {"label": "Te", "xyz": [1.870855126694999, 1.079933254857, 1.5765422391050001], "abc": [0.666696, 0.333304, 0.069631], "species": [{"occu": 1, "element": "Te"}], "properties": {"magmom": -0.107}}, {"label": "Te", "xyz": [-0.000245609461999, 2.160340745027999, 21.064784119588], "abc": [0.333302, 0.666696, 0.930368], "species": [{"occu": 1, "element": "Te"}], "properties": {"magmom": -0.107}}], "@class": "Structure", "@module": "pymatgen.core.structure"}