{"lattice": {"a": 2.7141868000000002, "c": 22.656191, "b": 2.7141868000000002, "matrix": [[2.7141868000000002, 0.0, 0.0], [0.0, 2.7141868000000002, 0.0], [-0.0, 0.0, 22.656191]], "volume": 166.90385408753346, "beta": 90.0, "alpha": 90.0, "gamma": 90.0}, "sites": [{"label": "Be", "xyz": [0.0, 0.0, 0.0], "abc": [0.0, 0.0, 0.0], "species": [{"occu": 1, "element": "Be"}], "properties": {"magmom": 0.0}}, {"label": "F", "xyz": [0.0, 1.3570934000000001, 21.83370443093655], "abc": [0.0, 0.5, 0.96369705], "species": [{"occu": 1, "element": "F"}], "properties": {"magmom": -0.0}}, {"label": "F", "xyz": [1.3570934000000001, 0.0, 0.82248656906345], "abc": [0.5, -0.0, 0.03630295], "species": [{"occu": 1, "element": "F"}], "properties": {"magmom": -0.0}}], "@class": "Structure", "@module": "pymatgen.core.structure"}