{"lattice": {"a": 4.38037609, "c": 20.0, "b": 4.380377228860953, "matrix": [[4.38037609, 0.0, 0.0], [-2.19018804, 3.79351829, 0.0], [0.0, 0.0, 20.0]], "volume": 332.34073628987375, "beta": 90.0, "alpha": 90.0, "gamma": 119.999991324032}, "sites": [{"label": "Tl", "xyz": [-2.186854709843881e-06, 2.52901345783943, 7.70726], "abc": [0.333333, 0.666667, 0.38536299999999996], "species": [{"occu": 1, "element": "Tl"}], "properties": {"magmom": -0.0}}, {"label": "P", "xyz": [0.0, 0.0, 7.70726], "abc": [0.0, -0.0, 0.38536299999999996], "species": [{"occu": 1, "element": "P"}], "properties": {"magmom": 0.0}}], "@class": "Structure", "@module": "pymatgen.core.structure"}