{"lattice": {"a": 3.740028, "c": 20.0, "b": 3.740029507867151, "matrix": [[3.740028, 0.0, 0.0], [-1.8700139999999998, 3.2389609999999998, 0.0], [0.0, 0.0, 20.0]], "volume": 242.27609661816004, "beta": 90.0, "alpha": 90.0, "gamma": 119.99998666324947}, "sites": [{"label": "Tl", "xyz": [-1.870014000154465e-06, 2.159308412987, 7.70726], "abc": [0.333333, 0.666667, 0.38536299999999996], "species": [{"occu": 1, "element": "Tl"}], "properties": {"magmom": 0.0}}, {"label": "N", "xyz": [0.0, 0.0, 7.70726], "abc": [0.0, 0.0, 0.38536299999999996], "species": [{"occu": 1, "element": "N"}], "properties": {"magmom": -0.0}}], "@class": "Structure", "@module": "pymatgen.core.structure"}