{"lattice": {"a": 4.42546687, "c": 23.013137, "b": 4.42546745262897, "matrix": [[4.42546687, 0.0, -0.0], [-2.21273393, 3.83256712, 0.0], [-0.0, -0.0, 23.013137]], "volume": 390.3234881098141, "beta": 90.0, "alpha": 90.0, "gamma": 120.00000304503999}, "sites": [{"label": "Sr", "xyz": [-2.5427336001863165e-06, 2.55504602418904, 1.5895139206194502], "abc": [0.333333, 0.666667, 0.06906985], "species": [{"occu": 1, "element": "Sr"}], "properties": {"magmom": 0.022}}, {"label": "Sr", "xyz": [2.2127354827336, 1.27752109581096, 21.42362307938055], "abc": [0.666667, 0.333333, 0.93093015], "species": [{"occu": 1, "element": "Sr"}], "properties": {"magmom": 0.022}}, {"label": "P", "xyz": [0.0, 0.0, 0.0], "abc": [-0.0, -0.0, -0.0], "species": [{"occu": 1, "element": "P"}], "properties": {"magmom": 0.018000000000000002}}], "@class": "Structure", "@module": "pymatgen.core.structure"}