{"lattice": {"a": 2.77978109, "c": 23.942319, "b": 2.77978109, "matrix": [[2.77978109, 0.0, 0.0], [0.0, 2.77978109, 0.0], [0.0, 0.0, 23.942319]], "volume": 185.00667816238325, "beta": 90.0, "alpha": 90.0, "gamma": 90.0}, "sites": [{"label": "B", "xyz": [0.0, 0.0, 0.0], "abc": [0.0, 0.0, 0.0], "species": [{"occu": 1, "element": "B"}], "properties": {"magmom": 0.0}}, {"label": "B", "xyz": [1.389890545, 1.389890545, 0.0], "abc": [0.5, 0.5, 0.0], "species": [{"occu": 1, "element": "B"}], "properties": {"magmom": 0.0}}, {"label": "N", "xyz": [1.389890545, 0.0, 23.20666754582919], "abc": [0.5, 0.0, 0.96927401], "species": [{"occu": 1, "element": "N"}], "properties": {"magmom": -0.0}}, {"label": "N", "xyz": [0.0, 1.389890545, 0.73565145417081], "abc": [0.0, 0.5, 0.03072599], "species": [{"occu": 1, "element": "N"}], "properties": {"magmom": -0.0}}], "@class": "Structure", "@module": "pymatgen.core.structure"}