{"lattice": {"a": 2.975864105658892, "c": 22.780419, "b": 2.975864740313772, "matrix": [[2.97586369, 0.00157286, 0.0], [-1.48556357, 2.57854064, 0.0], [0.0, 0.0, 22.780419]], "volume": 174.8561643646234, "beta": 90.0, "alpha": 90.0, "gamma": 119.91706770877686}, "sites": [{"label": "Tl", "xyz": [1.489080340537309, 0.860354717043172, 11.3902095], "abc": [0.6667471500000001, 0.33325285, 0.5], "species": [{"occu": 1, "element": "Tl"}], "properties": {"magmom": 0.0}}, {"label": "Ni", "xyz": [0.001338319584989, 1.719690312922912, 9.31942111841172], "abc": [0.33327942, 0.66672058, 0.40909788], "species": [{"occu": 1, "element": "Ni"}], "properties": {"magmom": 0.0}}, {"label": "Ni", "xyz": [0.001338319584989, 1.719690312922912, 13.460997881588279], "abc": [0.33327942, 0.66672058, 0.59090212], "species": [{"occu": 1, "element": "Ni"}], "properties": {"magmom": 0.0}}], "@class": "Structure", "@module": "pymatgen.core.structure"}