{"lattice": {"a": 3.20471, "c": 24.42588, "b": 3.20471, "matrix": [[3.20471, 0.0, 0.0], [0.0, 3.20471, 0.0], [0.0, 0.0, 24.42588]], "volume": 250.8578467928845, "beta": 90.0, "alpha": 90.0, "gamma": 90.0}, "sites": [{"label": "Hf", "xyz": [0.0, 1.602355, 7.21181434764], "abc": [0.0, 0.5, 0.295253], "species": [{"occu": 1, "element": "Hf"}], "properties": {"magmom": 0.0}}, {"label": "Hf", "xyz": [1.602355, 0.0, 5.11812561756], "abc": [0.5, 0.0, 0.209537], "species": [{"occu": 1, "element": "Hf"}], "properties": {"magmom": -0.0}}, {"label": "Au", "xyz": [0.0, 1.602355, 3.3686952402], "abc": [0.0, 0.5, 0.13791499999999998], "species": [{"occu": 1, "element": "Au"}], "properties": {"magmom": -0.0}}, {"label": "Au", "xyz": [1.602355, 0.0, 8.961244725], "abc": [0.5, 0.0, 0.366875], "species": [{"occu": 1, "element": "Au"}], "properties": {"magmom": 0.0}}], "@class": "Structure", "@module": "pymatgen.core.structure"}