{"lattice": {"a": 4.7745211, "c": 21.297207, "b": 4.7745211, "matrix": [[4.7745211, 0.0, 0.0], [0.0, 4.7745211, 0.0], [0.0, 0.0, 21.297207]], "volume": 485.492232569059, "beta": 90.0, "alpha": 90.0, "gamma": 90.0}, "sites": [{"label": "As", "xyz": [0.0, 0.0, 10.6486035], "abc": [0.0, -0.0, 0.5], "species": [{"occu": 1, "element": "As"}], "properties": {"magmom": 0.0}}, {"label": "As", "xyz": [2.38726055, 2.38726055, 10.6486035], "abc": [0.5, 0.5, 0.5], "species": [{"occu": 1, "element": "As"}], "properties": {"magmom": 0.0}}, {"label": "S", "xyz": [0.0, 2.38726055, 9.723186186888361], "abc": [-0.0, 0.5, 0.45654748], "species": [{"occu": 1, "element": "S"}], "properties": {"magmom": -0.0}}, {"label": "S", "xyz": [2.38726055, 0.0, 11.57402081311164], "abc": [0.5, 0.0, 0.54345252], "species": [{"occu": 1, "element": "S"}], "properties": {"magmom": -0.0}}], "@class": "Structure", "@module": "pymatgen.core.structure"}