{"lattice": {"a": 3.8714579799999997, "c": 23.72943249, "b": 3.8714576530822553, "matrix": [[3.8714579799999997, 1e-08, 0.0], [1.9357285100000001, 3.35278086, 0.0], [0.0, 0.0, 23.72943249]], "volume": 308.0115977927098, "beta": 90.0, "alpha": 90.0, "gamma": 60.000005261386264}, "sites": [{"label": "Na", "xyz": [3.87145959572883, 2.23518836426029, 10.129546105501833], "abc": [0.666667, 0.666667, 0.42687688], "species": [{"occu": 1, "element": "Na"}], "properties": {"magmom": -0.0}}, {"label": "Na", "xyz": [1.9357268942711698, 1.11759250573971, 13.599886384498168], "abc": [0.333333, 0.333333, 0.57312312], "species": [{"occu": 1, "element": "Na"}], "properties": {"magmom": -0.0}}, {"label": "Cl", "xyz": [0.0, 0.0, 11.864716245], "abc": [-0.0, 0.0, 0.5], "species": [{"occu": 1, "element": "Cl"}], "properties": {"magmom": -0.0}}], "@class": "Structure", "@module": "pymatgen.core.structure"}