{"lattice": {"a": 4.33272852, "c": 24.981638, "b": 4.332728837727658, "matrix": [[4.33272852, 0.0, -0.0], [-2.16636475, 3.75225305, -0.0], [0.0, 0.0, 24.981638]], "volume": 406.1388249985708, "beta": 90.0, "alpha": 90.0, "gamma": 120.00000505634996}, "sites": [{"label": "Sn", "xyz": [-2.493031090243357e-06, 2.5015032840843503, 22.374944721321942], "abc": [0.333333, 0.666667, 0.89565563], "species": [{"occu": 1, "element": "Sn"}], "properties": {"magmom": -0.0}}, {"label": "Sn", "xyz": [2.16636626303109, 1.25074976591565, 0.0], "abc": [0.666667, 0.333333, 0.0], "species": [{"occu": 1, "element": "Sn"}], "properties": {"magmom": -0.0}}, {"label": "Sn", "xyz": [-2.493031090243357e-06, 2.5015032840843503, 2.60669327867806], "abc": [0.333333, 0.666667, 0.10434437], "species": [{"occu": 1, "element": "Sn"}], "properties": {"magmom": -0.0}}, {"label": "Rh", "xyz": [-2.493031090243357e-06, 2.5015032840843503, 0.0], "abc": [0.333333, 0.666667, -0.0], "species": [{"occu": 1, "element": "Rh"}], "properties": {"magmom": -0.0}}], "@class": "Structure", "@module": "pymatgen.core.structure"}