{"lattice": {"a": 4.802456740537872, "c": 20.274504, "b": 4.802456870351613, "matrix": [[4.802436, -0.014114199999999999, 0.0], [-2.4064243100000002, 4.15604548, 0.0], [0.0, 0.0, 20.274504]], "volume": 403.973094508852, "beta": 90.0, "alpha": 90.0, "gamma": 120.23999502150852}, "sites": [{"label": "Cd", "xyz": [-4.077745016322756e-05, 2.764008021854928, 10.24551724312488], "abc": [0.33380915, 0.66619085, 0.50533997], "species": [{"occu": 1, "element": "Cd"}], "properties": {"magmom": 0.015}}, {"label": "Sb", "xyz": [2.395410878882573, 1.378294402356592, 10.028986756875119], "abc": [0.66610185, 0.33389815, 0.49466003000000003], "species": [{"occu": 1, "element": "Sb"}], "properties": {"magmom": 0.279}}], "@class": "Structure", "@module": "pymatgen.core.structure"}