{"lattice": {"a": 3.916455, "c": 24.623946, "b": 3.916454797260527, "matrix": [[3.916455, 0.0, 0.0], [-1.958228, 3.391749, 0.0], [0.0, 0.0, 24.623946]], "volume": 327.0954451727263, "beta": 90.0, "alpha": 90.0, "gamma": 120.00001015875469}, "sites": [{"label": "As", "xyz": [0.0, 0.0, 7.028043547589999], "abc": [0.0, 0.0, 0.285415], "species": [{"occu": 1, "element": "As"}], "properties": {"magmom": 0.0}}, {"label": "F", "xyz": [1.958229291561, 1.130581869417, 7.028043547589999], "abc": [0.666667, 0.333333, 0.285415], "species": [{"occu": 1, "element": "F"}], "properties": {"magmom": -0.0}}, {"label": "F", "xyz": [0.0, 0.0, 8.860089753936], "abc": [0.0, 0.0, 0.35981599999999997], "species": [{"occu": 1, "element": "F"}], "properties": {"magmom": 0.0}}, {"label": "F", "xyz": [0.0, 0.0, 5.195997341244], "abc": [0.0, 0.0, 0.21101399999999998], "species": [{"occu": 1, "element": "F"}], "properties": {"magmom": 0.0}}], "@class": "Structure", "@module": "pymatgen.core.structure"}