{"lattice": {"a": 3.104147, "c": 21.950498, "b": 3.104147112231635, "matrix": [[3.104147, 0.0, 0.0], [-1.552074, 2.68827, 0.0], [0.0, 0.0, 21.950498]], "volume": 183.17219206545283, "beta": 90.0, "alpha": 90.0, "gamma": 120.00000946061559}, "sites": [{"label": "Zr", "xyz": [0.0, 0.0, 0.0], "abc": [0.0, 0.0, 0.0], "species": [{"occu": 1, "element": "Zr"}], "properties": {"magmom": 0.0}}, {"label": "As", "xyz": [1.552074885407, 0.8960891039100001, 19.667119396048], "abc": [0.666667, 0.333333, 0.895976], "species": [{"occu": 1, "element": "As"}], "properties": {"magmom": 0.0}}, {"label": "As", "xyz": [-1.8854069998761921e-06, 1.79218089609, 2.283378603952], "abc": [0.333333, 0.666667, 0.10402399999999999], "species": [{"occu": 1, "element": "As"}], "properties": {"magmom": 0.0}}], "@class": "Structure", "@module": "pymatgen.core.structure"}