{"lattice": {"a": 4.7547299800000005, "c": 23.407847, "b": 4.754729443768213, "matrix": [[4.7547299800000005, 1e-07, 0.0], [-2.3773643, 4.11771673, 0.0], [0.0, 0.0, 23.407847]], "volume": 458.29360881932723, "beta": 90.0, "alpha": 90.0, "gamma": 119.9999929246859}, "sites": [{"label": "Rb", "xyz": [2.377367597364759, 1.3725709374277901, 18.06195845464907], "abc": [0.666667, 0.333333, 0.77161981], "species": [{"occu": 1, "element": "Rb"}], "properties": {"magmom": -0.0}}, {"label": "Rb", "xyz": [-1.917364760214927e-06, 2.74514589257221, 22.31250465497293], "abc": [0.333333, 0.666667, 0.9532061900000001], "species": [{"occu": 1, "element": "Rb"}], "properties": {"magmom": -0.0}}, {"label": "Br", "xyz": [0.0, 0.0, 20.187231554811], "abc": [0.0, 0.0, 0.862413], "species": [{"occu": 1, "element": "Br"}], "properties": {"magmom": -0.0}}], "@class": "Structure", "@module": "pymatgen.core.structure"}