{"lattice": {"a": 3.5978472200000002, "c": 22.585765, "b": 3.5978472200000002, "matrix": [[3.5978472200000002, 0.0, 0.0], [0.0, 3.5978472200000002, 0.0], [0.0, 0.0, 22.585765]], "volume": 292.3615393539912, "beta": 90.0, "alpha": 90.0, "gamma": 90.0}, "sites": [{"label": "Ce", "xyz": [0.0, 0.0, 16.20153715051], "abc": [0.0, 0.0, 0.7173339999999999], "species": [{"occu": 1, "element": "Ce"}], "properties": {"magmom": 0.708}}, {"label": "C", "xyz": [1.7989236100000001, 1.7989236100000001, 15.5430749197071], "abc": [0.5, 0.5, 0.68818014], "species": [{"occu": 1, "element": "C"}], "properties": {"magmom": 0.018000000000000002}}, {"label": "C", "xyz": [1.7989236100000001, 1.7989236100000001, 16.8599993813129], "abc": [0.5, 0.5, 0.74648786], "species": [{"occu": 1, "element": "C"}], "properties": {"magmom": 0.018000000000000002}}], "@class": "Structure", "@module": "pymatgen.core.structure"}