{"lattice": {"a": 4.30766, "c": 22.957399, "b": 4.323245, "matrix": [[4.30766, 0.0, 0.0], [0.0, 4.323245, 0.0], [0.0, 0.0, 22.957399]], "volume": 427.53723841791503, "beta": 90.0, "alpha": 90.0, "gamma": 90.0}, "sites": [{"label": "Mg", "xyz": [2.15383, 0.0, 10.069941667764], "abc": [0.5, 0.0, 0.43863599999999997], "species": [{"occu": 1, "element": "Mg"}], "properties": {"magmom": 0.005}}, {"label": "Mg", "xyz": [0.0, 2.1616225, 7.676449162822], "abc": [0.0, 0.5, 0.334378], "species": [{"occu": 1, "element": "Mg"}], "properties": {"magmom": 0.005}}, {"label": "P", "xyz": [0.0, 0.0, 8.861762630590999], "abc": [0.0, 0.0, 0.386009], "species": [{"occu": 1, "element": "P"}], "properties": {"magmom": 0.002}}], "@class": "Structure", "@module": "pymatgen.core.structure"}