{"lattice": {"a": 3.208368, "c": 20.0, "b": 3.208368699151798, "matrix": [[3.208368, 0.0, 0.0], [-1.604184, 2.778529, 0.0], [0.0, 0.0, 20.0]], "volume": 178.29087061343998, "beta": 90.0, "alpha": 90.0, "gamma": 119.99999279142872}, "sites": [{"label": "B", "xyz": [-1.6041840000695982e-06, 1.852353592843, 7.70726], "abc": [0.333333, 0.666667, 0.38536299999999996], "species": [{"occu": 1, "element": "B"}], "properties": {"magmom": -0.0}}, {"label": "P", "xyz": [0.0, 0.0, 7.70726], "abc": [0.0, 0.0, 0.38536299999999996], "species": [{"occu": 1, "element": "P"}], "properties": {"magmom": 0.0}}], "@class": "Structure", "@module": "pymatgen.core.structure"}