{"lattice": {"a": 2.973904779161137, "c": 23.682696986879463, "b": 2.121693686231613, "matrix": [[2.94323524, -0.00913663, -0.42590196], [-0.25567581, 2.10622638, -0.00494111], [-0.0220402, -0.0076361, 23.6826855]], "volume": 146.73576460187346, "beta": 98.28707830027844, "alpha": 90.14534727563205, "gamma": 97.00633659586386}, "sites": [{"label": "B", "xyz": [2.010448291203461, 0.520103622795559, 16.083699016018556], "abc": [0.7101926, 0.25252568000000003, 0.69195781], "species": [{"occu": 1, "element": "B"}], "properties": {"magmom": 0.0}}, {"label": "B", "xyz": [0.7338810667250111, 1.576457448897105, 10.272451338536865], "abc": [0.31791464, 0.7514477900000001, 0.43962771], "species": [{"occu": 1, "element": "B"}], "properties": {"magmom": 0.0}}, {"label": "F", "xyz": [0.33297257229228305, 1.537261570764824, 11.528961232556695], "abc": [0.18042739, 0.73242523, 0.49020727000000003], "species": [{"occu": 1, "element": "F"}], "properties": {"magmom": -0.0}}, {"label": "F", "xyz": [2.247986309134281, 0.5430946275478561, 14.797006996187799], "abc": [0.79146536, 0.2636023, 0.63909121], "species": [{"occu": 1, "element": "F"}], "properties": {"magmom": -0.0}}], "@class": "Structure", "@module": "pymatgen.core.structure"}