{"lattice": {"a": 4.12818266, "c": 22.955696, "b": 4.128182984740116, "matrix": [[4.12818266, -0.0, 0.0], [-2.06409133, 3.5751114299999998, 0.0], [-0.0, 0.0, 22.955696]], "volume": 338.79652927523426, "beta": 90.0, "alpha": 90.0, "gamma": 119.99999739781}, "sites": [{"label": "Sn", "xyz": [0.0, 0.0, 0.0], "abc": [0.0, 0.0, 0.0], "species": [{"occu": 1, "element": "Sn"}], "properties": {"magmom": -0.0}}, {"label": "Te", "xyz": [2.06409339409133, 1.19170261829619, 1.7874278227110398], "abc": [0.666667, 0.333333, 0.07786424], "species": [{"occu": 1, "element": "Te"}], "properties": {"magmom": 0.0}}, {"label": "Te", "xyz": [-2.064091330072088e-06, 2.38340881170381, 21.168268177288958], "abc": [0.333333, 0.666667, 0.92213576], "species": [{"occu": 1, "element": "Te"}], "properties": {"magmom": 0.0}}], "@class": "Structure", "@module": "pymatgen.core.structure"}