{"lattice": {"a": 4.14500289, "c": 21.250951, "b": 4.145002908521543, "matrix": [[4.14500289, 0.0, 0.0], [-2.07250145, 3.58967782, 0.0], [0.0, 0.0, 21.250951]], "volume": 316.1976800768802, "beta": 90.0, "alpha": 90.0, "gamma": 119.99999993199272}, "sites": [{"label": "Al", "xyz": [0.0, 0.0, 1.58578145270817], "abc": [0.0, 0.0, 0.07462167], "species": [{"occu": 1, "element": "Al"}], "properties": {"magmom": 0.159}}, {"label": "Te", "xyz": [2.07250351583478, 1.19655807677406, 2.87498442075083], "abc": [0.666667, 0.333333, 0.13528733], "species": [{"occu": 1, "element": "Te"}], "properties": {"magmom": 0.17400000000000002}}], "@class": "Structure", "@module": "pymatgen.core.structure"}