{"lattice": {"a": 3.676273, "c": 23.838, "b": 3.676273415197107, "matrix": [[3.676273, 0.0, 0.0], [-1.838137, 3.183746, 0.0], [0.0, 0.0, 23.838]], "volume": 279.00756725548945, "beta": 90.0, "alpha": 90.0, "gamma": 120.0000052621561}, "sites": [{"label": "C", "xyz": [0.0, 0.0, 0.0], "abc": [0.0, 0.0, 0.0], "species": [{"occu": 1, "element": "C"}], "properties": {"magmom": 0.0}}, {"label": "I", "xyz": [1.8381381714699998, 1.061247605418, 1.72217631], "abc": [0.666667, 0.333333, 0.072245], "species": [{"occu": 1, "element": "I"}], "properties": {"magmom": -0.0}}, {"label": "I", "xyz": [1.8381381714699998, 1.061247605418, 22.11582369], "abc": [0.666667, 0.333333, 0.927755], "species": [{"occu": 1, "element": "I"}], "properties": {"magmom": -0.0}}], "@class": "Structure", "@module": "pymatgen.core.structure"}