{"lattice": {"a": 2.87385455, "c": 28.784137, "b": 2.873854485745466, "matrix": [[2.87385455, -0.0, 0.0], [-1.43692728, 2.48883097, 0.0], [0.0, 0.0, 28.784137]], "volume": 205.87963965710128, "beta": 90.0, "alpha": 90.0, "gamma": 120.00000085471281}, "sites": [{"label": "Mg", "xyz": [-1.440260610067751e-06, 1.65922147627699, 11.47279686889398], "abc": [0.333333, 0.666667, 0.39858054], "species": [{"occu": 1, "element": "Mg"}], "properties": {"magmom": -0.0}}, {"label": "Mg", "xyz": [1.436928710260609, 0.82960949372301, 17.31134013110602], "abc": [0.666667, 0.333333, 0.60141946], "species": [{"occu": 1, "element": "Mg"}], "properties": {"magmom": -0.0}}, {"label": "Be", "xyz": [1.436928710260609, 0.82960949372301, 13.654312646842321], "abc": [0.666667, 0.333333, 0.47436936], "species": [{"occu": 1, "element": "Be"}], "properties": {"magmom": -0.0}}, {"label": "Be", "xyz": [-1.440260610067751e-06, 1.65922147627699, 15.129824353157682], "abc": [0.333333, 0.666667, 0.52563064], "species": [{"occu": 1, "element": "Be"}], "properties": {"magmom": -0.0}}], "@class": "Structure", "@module": "pymatgen.core.structure"}