{"lattice": {"a": 3.30508225, "c": 22.696945, "b": 3.30508225, "matrix": [[3.30508225, 0.0, 0.0], [0.0, 3.30508225, 0.0], [0.0, 0.0, 22.696945]], "volume": 247.93163751700175, "beta": 90.0, "alpha": 90.0, "gamma": 90.0}, "sites": [{"label": "Tl", "xyz": [0.0, 0.0, 10.01970141707275], "abc": [0.0, -0.0, 0.44145595], "species": [{"occu": 1, "element": "Tl"}], "properties": {"magmom": -0.0}}, {"label": "Tl", "xyz": [0.0, 0.0, 6.65179480599725], "abc": [-0.0, 0.0, 0.29307005], "species": [{"occu": 1, "element": "Tl"}], "properties": {"magmom": -0.0}}, {"label": "Ru", "xyz": [1.652541125, 1.652541125, 8.335748111535], "abc": [0.5, 0.5, 0.367263], "species": [{"occu": 1, "element": "Ru"}], "properties": {"magmom": 0.0}}], "@class": "Structure", "@module": "pymatgen.core.structure"}