{"lattice": {"a": 4.59794526, "c": 23.013137, "b": 4.59794609106377, "matrix": [[4.59794526, -0.0, -0.0], [-2.29897263, 3.98193836, 0.0], [-0.0, 0.0, 23.013137]], "volume": 421.34141782995096, "beta": 90.0, "alpha": 90.0, "gamma": 119.99999402094613}, "sites": [{"label": "Ca", "xyz": [-2.298972629977187e-06, 2.65462690064612, 1.561091085504859], "abc": [0.333333, 0.666667, 0.06783478], "species": [{"occu": 1, "element": "Ca"}], "properties": {"magmom": 0.027}}, {"label": "Ca", "xyz": [2.29897492897263, 1.32731145935388, 21.45204591449514], "abc": [0.666667, 0.333333, 0.93216522], "species": [{"occu": 1, "element": "Ca"}], "properties": {"magmom": 0.027}}, {"label": "Sb", "xyz": [0.0, 0.0, 0.0], "abc": [0.0, 0.0, 0.0], "species": [{"occu": 1, "element": "Sb"}], "properties": {"magmom": -0.003}}], "@class": "Structure", "@module": "pymatgen.core.structure"}