{"lattice": {"a": 3.8181076, "c": 23.240079, "b": 3.818107802665158, "matrix": [[3.8181076, 0.0, 0.0], [-1.9090538, 3.30657841, 0.0], [0.0, 0.0, 23.240079]], "volume": 293.40302629862157, "beta": 90.0, "alpha": 90.0, "gamma": 119.9999982441278}, "sites": [{"label": "Os", "xyz": [0.0, 0.0, 0.0], "abc": [0.0, 0.0, 0.0], "species": [{"occu": 1, "element": "Os"}], "properties": {"magmom": 0.0}}, {"label": "Br", "xyz": [1.9090557090538, 1.10219170114053, 1.2915511223697], "abc": [0.666667, 0.333333, 0.0555743], "species": [{"occu": 1, "element": "Br"}], "properties": {"magmom": 0.0}}, {"label": "Br", "xyz": [-1.90905380004639e-06, 2.20438670885947, 21.9485278776303], "abc": [0.333333, 0.666667, 0.9444256999999999], "species": [{"occu": 1, "element": "Br"}], "properties": {"magmom": 0.0}}], "@class": "Structure", "@module": "pymatgen.core.structure"}