{"lattice": {"a": 3.94314652, "c": 26.638503, "b": 3.9431457776740473, "matrix": [[3.94314652, 0.0, 0.0], [-1.97157326, 3.4148642, 0.0], [-0.0, -0.0, 26.638503]], "volume": 358.6956978075287, "beta": 90.0, "alpha": 90.0, "gamma": 120.00000622750134}, "sites": [{"label": "Tb", "xyz": [1.9715752315732602, 1.1382869283786001, 7.06168547070954], "abc": [0.666667, 0.333333, 0.26509318], "species": [{"occu": 1, "element": "Tb"}], "properties": {"magmom": 0.436}}, {"label": "Tb", "xyz": [-1.9715732601566192e-06, 2.2765772716214, 4.32374390400546], "abc": [0.333333, 0.666667, 0.16231182], "species": [{"occu": 1, "element": "Tb"}], "properties": {"magmom": 0.436}}, {"label": "I", "xyz": [0.0, 0.0, 9.197063034013501], "abc": [-0.0, -0.0, 0.34525449999999996], "species": [{"occu": 1, "element": "I"}], "properties": {"magmom": 0.004}}, {"label": "I", "xyz": [0.0, 0.0, 2.1883663407015], "abc": [-0.0, -0.0, 0.0821505], "species": [{"occu": 1, "element": "I"}], "properties": {"magmom": 0.004}}], "@class": "Structure", "@module": "pymatgen.core.structure"}