{"lattice": {"a": 3.63950338, "c": 23.942319, "b": 3.63950338, "matrix": [[3.63950338, 0.0, 0.0], [0.0, 3.63950338, 0.0], [0.0, 0.0, 23.942319]], "volume": 317.13959482044646, "beta": 90.0, "alpha": 90.0, "gamma": 90.0}, "sites": [{"label": "Al", "xyz": [0.0, 0.0, 0.0], "abc": [0.0, -0.0, -0.0], "species": [{"occu": 1, "element": "Al"}], "properties": {"magmom": 0.0}}, {"label": "Al", "xyz": [1.81975169, 1.81975169, 0.0], "abc": [0.5, 0.5, 0.0], "species": [{"occu": 1, "element": "Al"}], "properties": {"magmom": 0.0}}, {"label": "N", "xyz": [1.81975169, 0.0, 23.389322539787432], "abc": [0.5, 0.0, 0.97690297], "species": [{"occu": 1, "element": "N"}], "properties": {"magmom": -0.0}}, {"label": "N", "xyz": [0.0, 1.81975169, 0.5529964602125701], "abc": [-0.0, 0.5, 0.02309703], "species": [{"occu": 1, "element": "N"}], "properties": {"magmom": -0.0}}], "@class": "Structure", "@module": "pymatgen.core.structure"}