{"lattice": {"a": 4.164892, "c": 25.130912, "b": 4.164891760960901, "matrix": [[4.164892, 0.0, 0.0], [-2.082446, 3.606902, 0.0], [0.0, 0.0, 25.130912]], "volume": 377.5255389514394, "beta": 90.0, "alpha": 90.0, "gamma": 120.0000018985727}, "sites": [{"label": "Ga", "xyz": [0.0, 0.0, 7.795709426047999], "abc": [0.0, 0.0, 0.310204], "species": [{"occu": 1, "element": "Ga"}], "properties": {"magmom": 0.0}}, {"label": "Ga", "xyz": [-2.082446000076333e-06, 2.404602535634, 5.37474814944], "abc": [0.333333, 0.666667, 0.21387], "species": [{"occu": 1, "element": "Ga"}], "properties": {"magmom": 0.0}}, {"label": "Ga", "xyz": [-2.082446000076333e-06, 2.404602535634, 10.216645571744], "abc": [0.333333, 0.666667, 0.406537], "species": [{"occu": 1, "element": "Ga"}], "properties": {"magmom": 0.0}}, {"label": "Ir", "xyz": [-2.082446000076333e-06, 2.404602535634, 7.795709426047999], "abc": [0.333333, 0.666667, 0.310204], "species": [{"occu": 1, "element": "Ir"}], "properties": {"magmom": -0.0}}], "@class": "Structure", "@module": "pymatgen.core.structure"}