{"lattice": {"a": 4.38325526, "c": 24.53210634, "b": 4.3832550639043415, "matrix": [[4.38325526, -0.0, 0.0], [-2.19162763, 3.79601018, -0.0], [0.0, 0.0, 24.53210634]], "volume": 408.1868125077145, "beta": 90.0, "alpha": 90.0, "gamma": 120.00000147990298}, "sites": [{"label": "Ba", "xyz": [0.0, 0.0, 14.415973373318579], "abc": [0.0, -0.0, 0.587637], "species": [{"occu": 1, "element": "Ba"}], "properties": {"magmom": -0.0}}, {"label": "Ba", "xyz": [0.0, 0.0, 10.11613296668142], "abc": [0.0, -0.0, 0.412363], "species": [{"occu": 1, "element": "Ba"}], "properties": {"magmom": -0.0}}, {"label": "Cu", "xyz": [2.19162982162763, 1.26533546132994, 12.26605317], "abc": [0.666667, 0.333333, 0.5], "species": [{"occu": 1, "element": "Cu"}], "properties": {"magmom": -0.0}}, {"label": "Cu", "xyz": [-2.191627630124201e-06, 2.5306747186700598, 12.26605317], "abc": [0.333333, 0.666667, 0.5], "species": [{"occu": 1, "element": "Cu"}], "properties": {"magmom": -0.0}}], "@class": "Structure", "@module": "pymatgen.core.structure"}