{"lattice": {"a": 4.50843995, "c": 19.94809781, "b": 9.88024994, "matrix": [[4.50843995, 0.0, 0.0], [0.0, 9.88024994, 0.0], [0.0, 0.0, 19.94809781]], "volume": 888.5783131041269, "beta": 90.0, "alpha": 90.0, "gamma": 90.0}, "sites": [{"label": "I", "xyz": [1.513601547594888, 3.7371492104053363, 9.974048905], "abc": [0.33572623, 0.3782444, 0.5], "species": [{"occu": 1, "element": "I"}], "properties": {"magmom": -0.0}}, {"label": "I", "xyz": [0.7406184274051111, 8.677274180405337, 9.974048905], "abc": [0.16427377, 0.8782443999999999, 0.5], "species": [{"occu": 1, "element": "I"}], "properties": {"magmom": -0.0}}, {"label": "I", "xyz": [3.767821522594888, 1.202975759594664, 9.974048905], "abc": [0.83572623, 0.12175559999999999, 0.5], "species": [{"occu": 1, "element": "I"}], "properties": {"magmom": -0.0}}, {"label": "I", "xyz": [2.994838402405111, 6.143100729594664, 9.974048905], "abc": [0.66427377, 0.6217556, 0.5], "species": [{"occu": 1, "element": "I"}], "properties": {"magmom": -0.0}}], "@class": "Structure", "@module": "pymatgen.core.structure"}