{"lattice": {"a": 3.57713935, "c": 26.638503, "b": 3.577138594077883, "matrix": [[3.57713935, -0.0, -0.0], [-1.78856967, 3.09789268, 0.0], [-0.0, -0.0, 26.638503]], "volume": 295.19706989133, "beta": 90.0, "alpha": 90.0, "gamma": 120.00000689794516}, "sites": [{"label": "Tb", "xyz": [1.78857146523634, 1.03262986070244, 7.11715482550644], "abc": [0.666667, 0.333333, 0.26717548], "species": [{"occu": 1, "element": "Tb"}], "properties": {"magmom": 0.529}}, {"label": "Tb", "xyz": [-1.785236339984678e-06, 2.06526281929756, 4.268274549208559], "abc": [0.333333, 0.666667, 0.16022952000000001], "species": [{"occu": 1, "element": "Tb"}], "properties": {"magmom": 0.529}}, {"label": "F", "xyz": [0.0, 0.0, 8.31710963502408], "abc": [-0.0, 0.0, 0.31222136], "species": [{"occu": 1, "element": "F"}], "properties": {"magmom": 0.017}}, {"label": "F", "xyz": [0.0, 0.0, 3.06831973969092], "abc": [0.0, -0.0, 0.11518364], "species": [{"occu": 1, "element": "F"}], "properties": {"magmom": 0.017}}], "@class": "Structure", "@module": "pymatgen.core.structure"}