{"lattice": {"a": 3.140943, "c": 24.927071, "b": 3.38054433397064, "matrix": [[3.140943, 0.0, 0.0], [-1.570471, 2.9936100000000003, 0.0], [0.0, 0.0, 24.927071]], "volume": 234.3832255902758, "beta": 90.0, "alpha": 90.0, "gamma": 117.681851625064}, "sites": [{"label": "Ho", "xyz": [0.0, 0.0, 0.0], "abc": [0.0, 0.0, 0.0], "species": [{"occu": 1, "element": "Ho"}], "properties": {"magmom": -0.0}}, {"label": "As", "xyz": [0.7852359999999999, 1.496805, 2.331703148411], "abc": [0.5, 0.5, 0.093541], "species": [{"occu": 1, "element": "As"}], "properties": {"magmom": 0.0}}, {"label": "As", "xyz": [-0.7852355, 1.496805, 22.595367851589003], "abc": [0.0, 0.5, 0.9064589999999999], "species": [{"occu": 1, "element": "As"}], "properties": {"magmom": 0.0}}], "@class": "Structure", "@module": "pymatgen.core.structure"}