{"lattice": {"a": 3.815350961925362, "c": 23.289586, "b": 3.815351011541793, "matrix": [[3.81535096, -0.00012121, 0.0], [-0.00073886, 3.81535094, 0.0], [0.0, 0.0, 23.289586]], "volume": 339.0242392375594, "beta": 90.0, "alpha": 90.0, "gamma": 90.01291581856893}, "sites": [{"label": "Y", "xyz": [3.775069281743821, 1.8676355494873071, 12.7904939068082], "abc": [0.98953701, 0.48953701, 0.5491937], "species": [{"occu": 1, "element": "Y"}], "properties": {"magmom": 0.0}}, {"label": "Y", "xyz": [1.867024371743821, 3.775371624487307, 10.4990920931918], "abc": [0.48953701, 0.98953701, 0.4508063], "species": [{"occu": 1, "element": "Y"}], "properties": {"magmom": 0.0}}, {"label": "S", "xyz": [3.774783109544079, 1.867349330952962, 10.0007368740466], "abc": [0.98946199, 0.48946199, 0.42940809999999996], "species": [{"occu": 1, "element": "S"}], "properties": {"magmom": 0.0}}, {"label": "S", "xyz": [1.866738199544079, 3.775085405952963, 13.288849125953401], "abc": [0.48946199, 0.98946199, 0.5705918999999999], "species": [{"occu": 1, "element": "S"}], "properties": {"magmom": 0.0}}], "@class": "Structure", "@module": "pymatgen.core.structure"}