{"lattice": {"a": 3.599155, "c": 23.00811611975498, "b": 3.59944040054534, "matrix": [[3.599155, 0.0, 0.0], [-1.799577, 3.11701, -0.041742999999999995], [0.0, 0.06546, 23.008023]], "volume": 258.12769043495956, "beta": 90.0, "alpha": 90.52330538419928, "gamma": 119.99736794415456}, "sites": [{"label": "Ag", "xyz": [0.0, 0.014772227280000001, 5.192174534364001], "abc": [0.0, 0.0, 0.22566799999999998], "species": [{"occu": 1, "element": "Ag"}], "properties": {"magmom": 0.0}}, {"label": "S", "xyz": [1.799581270692, 1.08809725326, 6.569700939744001], "abc": [0.671538, 0.343074, 0.28616199999999997], "species": [{"occu": 1, "element": "S"}], "properties": {"magmom": 0.0}}, {"label": "S", "xyz": [-3.270691999950634e-06, 2.0584572013, 3.772905128984], "abc": [0.328462, 0.656926, 0.165174], "species": [{"occu": 1, "element": "S"}], "properties": {"magmom": 0.0}}], "@class": "Structure", "@module": "pymatgen.core.structure"}