{"lattice": {"a": 3.9928499560481012, "c": 20.274504, "b": 3.9928500114607193, "matrix": [[3.99283194, -0.0119946, 0.0], [-2.0009698, 3.45528162, 0.0], [0.0, 0.0, 20.274504]], "volume": 279.22772698875696, "beta": 90.0, "alpha": 90.0, "gamma": 120.24745142466008}, "sites": [{"label": "Zn", "xyz": [-0.0007475930177080001, 2.298199154842315, 10.14122012592288], "abc": [0.33371511, 0.66628489, 0.50019572], "species": [{"occu": 1, "element": "Zn"}], "properties": {"magmom": 0.027}}, {"label": "P", "xyz": [1.992076284662848, 1.145396452741264, 10.13328387407712], "abc": [0.66619589, 0.33380411, 0.49980428], "species": [{"occu": 1, "element": "P"}], "properties": {"magmom": 0.299}}], "@class": "Structure", "@module": "pymatgen.core.structure"}