{"lattice": {"a": 5.40675745, "c": 24.79164, "b": 5.40675916298375, "matrix": [[5.40675745, -1e-08, 0.0], [-2.70337975, 4.68239069, 0.0], [0.0, 0.0, 24.79164]], "volume": 627.6388114903531, "beta": 90.0, "alpha": 90.0, "gamma": 120.00000216790976}, "sites": [{"label": "Np", "xyz": [-3.386712400084223e-06, 3.1215953507969, 7.282345916880001], "abc": [0.333333, 0.666667, 0.293742], "species": [{"occu": 1, "element": "Np"}], "properties": {"magmom": 4.013}}, {"label": "I", "xyz": [-3.386712400084223e-06, 3.1215953507969, 4.3656501291696], "abc": [0.333333, 0.666667, 0.17609364], "species": [{"occu": 1, "element": "I"}], "properties": {"magmom": -0.075}}, {"label": "I", "xyz": [-3.386712400084223e-06, 3.1215953507969, 10.199041704590401], "abc": [0.333333, 0.666667, 0.41139036], "species": [{"occu": 1, "element": "I"}], "properties": {"magmom": -0.075}}, {"label": "I", "xyz": [2.7033810867124, 1.5607953292031, 7.282345916880001], "abc": [0.666667, 0.333333, 0.293742], "species": [{"occu": 1, "element": "I"}], "properties": {"magmom": -0.04}}], "@class": "Structure", "@module": "pymatgen.core.structure"}