{"lattice": {"a": 4.27878157, "c": 21.52928781537426, "b": 4.278785226777364, "matrix": [[4.27878157, 0.0, 0.0], [-2.13939078, 3.70553776, 0.00012866], [0.0, 0.00081363, 21.5292878]], "volume": 341.3508765885557, "beta": 90.0, "alpha": 89.99640194372877, "gamma": 119.99997165176678}, "sites": [{"label": "Te", "xyz": [-1.806055623371471e-08, 2.4707467202740743, 9.915288178967037], "abc": [0.33333515, 0.66667031, 0.46054484], "species": [{"occu": 1, "element": "Te"}], "properties": {"magmom": 0.0}}, {"label": "Pb", "xyz": [2.139390811393706, 3.705828060909735, 11.634171699439362], "abc": [0.99997985, 0.9999596900000001, 0.5403821600000001], "species": [{"occu": 1, "element": "Pb"}], "properties": {"magmom": 0.0}}], "@class": "Structure", "@module": "pymatgen.core.structure"}