{"lattice": {"a": 2.91066022, "c": 23.530469, "b": 2.91066022, "matrix": [[2.91066022, 0.0, 0.0], [0.0, 2.91066022, 0.0], [0.0, 0.0, 23.530469]], "volume": 199.34879016154198, "beta": 90.0, "alpha": 90.0, "gamma": 90.0}, "sites": [{"label": "As", "xyz": [0.0, 0.0, 14.79009723206741], "abc": [0.0, 0.0, 0.62855089], "species": [{"occu": 1, "element": "As"}], "properties": {"magmom": -0.0}}, {"label": "As", "xyz": [0.0, 0.0, 11.198270437796591], "abc": [0.0, 0.0, 0.47590511], "species": [{"occu": 1, "element": "As"}], "properties": {"magmom": -0.0}}, {"label": "Pd", "xyz": [1.45533011, 1.45533011, 12.994183834932], "abc": [0.5, 0.5, 0.5522279999999999], "species": [{"occu": 1, "element": "Pd"}], "properties": {"magmom": -0.0}}], "@class": "Structure", "@module": "pymatgen.core.structure"}