{"lattice": {"a": 3.38461439, "c": 25.052195, "b": 3.38461467869726, "matrix": [[3.38461439, 0.0, 0.0], [1.69230719, 2.93116238, 0.0], [0.0, 0.0, 25.052195]], "volume": 248.53917826324877, "beta": 90.0, "alpha": 90.0, "gamma": 60.00000291933548}, "sites": [{"label": "Ni", "xyz": [0.0, 0.0, 11.533489951631902], "abc": [0.0, -0.0, 0.46037842], "species": [{"occu": 1, "element": "Ni"}], "properties": {"magmom": -0.0}}, {"label": "Ag", "xyz": [1.692305501026139, 0.97705314961254, 15.549305453132149], "abc": [0.333333, 0.333333, 0.62067637], "species": [{"occu": 1, "element": "Ag"}], "properties": {"magmom": 0.0}}, {"label": "Se", "xyz": [1.692305501026139, 0.97705314961254, 12.8712761625441], "abc": [0.333333, 0.333333, 0.51377838], "species": [{"occu": 1, "element": "Se"}], "properties": {"magmom": -0.0}}, {"label": "Se", "xyz": [3.384616078973859, 1.95410923038746, 10.15031843269185], "abc": [0.666667, 0.666667, 0.40516683000000003], "species": [{"occu": 1, "element": "Se"}], "properties": {"magmom": 0.0}}], "@class": "Structure", "@module": "pymatgen.core.structure"}