{"lattice": {"a": 3.44444796, "c": 24.915313, "b": 3.553915687491978, "matrix": [[3.44444796, -1e-08, 0.0], [-1.72222351, 3.10873976, 0.0], [0.0, 0.0, 24.915313]], "volume": 266.79048840618975, "beta": 90.0, "alpha": 90.0, "gamma": 118.98619467460966}, "sites": [{"label": "Dy", "xyz": [0.0, 0.0, 12.4576565], "abc": [-0.0, 0.0, 0.5], "species": [{"occu": 1, "element": "Dy"}], "properties": {"magmom": -0.0}}, {"label": "Bi", "xyz": [-0.861111755, 1.5543698799999999, 9.764753411505751], "abc": [0.0, 0.5, 0.39191775], "species": [{"occu": 1, "element": "Bi"}], "properties": {"magmom": -0.0}}, {"label": "Bi", "xyz": [0.8611122250000001, 1.554369875, 15.150559588494252], "abc": [0.5, 0.5, 0.60808225], "species": [{"occu": 1, "element": "Bi"}], "properties": {"magmom": 0.0}}], "@class": "Structure", "@module": "pymatgen.core.structure"}