{"lattice": {"a": 4.398225, "c": 22.485034, "b": 4.398225, "matrix": [[4.398225, 0.0, 0.0], [0.0, 4.398225, 0.0], [0.0, 0.0, 22.485034]], "volume": 434.9591128508302, "beta": 90.0, "alpha": 90.0, "gamma": 90.0}, "sites": [{"label": "B", "xyz": [0.0, 0.0, 7.710298038872], "abc": [0.0, 0.0, 0.342908], "species": [{"occu": 1, "element": "B"}], "properties": {"magmom": 0.0}}, {"label": "I", "xyz": [0.0, 0.0, 5.555062559904], "abc": [0.0, 0.0, 0.247056], "species": [{"occu": 1, "element": "I"}], "properties": {"magmom": 0.0}}], "@class": "Structure", "@module": "pymatgen.core.structure"}