{"lattice": {"a": 3.78968781, "c": 26.270831, "b": 3.789688416145188, "matrix": [[3.78968781, 0.0, 0.0], [-1.8948444, 3.28196633, -0.0], [0.0, 0.0, 26.270831]], "volume": 326.7468178073944, "beta": 90.0, "alpha": 90.0, "gamma": 120.00000335062246}, "sites": [{"label": "Sc", "xyz": [1.89484563484407, 1.09398768267789, 0.7974142958416001], "abc": [0.666667, 0.333333, 0.030353599999999998], "species": [{"occu": 1, "element": "Sc"}], "properties": {"magmom": 0.446}}, {"label": "Sc", "xyz": [-2.2248440700134766e-06, 2.18797864732211, 3.2548088442464], "abc": [0.333333, 0.666667, 0.12389439999999999], "species": [{"occu": 1, "element": "Sc"}], "properties": {"magmom": 0.446}}, {"label": "I", "xyz": [0.0, 0.0, 5.223972345806771], "abc": [0.0, 0.0, 0.19885067], "species": [{"occu": 1, "element": "I"}], "properties": {"magmom": -0.007}}, {"label": "I", "xyz": [0.0, 0.0, 25.09910806511223], "abc": [-0.0, -0.0, 0.9553983300000001], "species": [{"occu": 1, "element": "I"}], "properties": {"magmom": -0.007}}], "@class": "Structure", "@module": "pymatgen.core.structure"}