{"lattice": {"a": 4.40570873, "c": 24.159589, "b": 4.405708333669325, "matrix": [[4.40570873, 0.0, 0.0], [-2.20285387, 3.81545551, -0.0], [-0.0, 0.0, 24.159589]], "volume": 406.11751246599795, "beta": 90.0, "alpha": 90.0, "gamma": 119.99999554250503}, "sites": [{"label": "Be", "xyz": [0.0, 0.0, 17.22560938402085], "abc": [0.0, -0.0, 0.71299265], "species": [{"occu": 1, "element": "Be"}], "properties": {"magmom": -0.001}}, {"label": "Be", "xyz": [0.0, 0.0, 15.26002629428215], "abc": [0.0, -0.0, 0.63163435], "species": [{"occu": 1, "element": "Be"}], "properties": {"magmom": -0.001}}, {"label": "Ag", "xyz": [-1.872854200344252e-06, 2.54363827848517, 16.242805759357], "abc": [0.333333, 0.666667, 0.6723129999999999], "species": [{"occu": 1, "element": "Ag"}], "properties": {"magmom": -0.0}}, {"label": "Ag", "xyz": [2.2028567328541993, 1.27181723151483, 16.242805759357], "abc": [0.666667, 0.333333, 0.6723129999999999], "species": [{"occu": 1, "element": "Ag"}], "properties": {"magmom": -0.0}}], "@class": "Structure", "@module": "pymatgen.core.structure"}