{"lattice": {"a": 3.96009277, "c": 23.942319, "b": 3.96009277, "matrix": [[3.96009277, 0.0, 0.0], [0.0, 3.96009277, 0.0], [0.0, 0.0, 23.942319]], "volume": 375.47146117760855, "beta": 90.0, "alpha": 90.0, "gamma": 90.0}, "sites": [{"label": "Al", "xyz": [0.0, 0.0, 0.0], "abc": [0.0, 0.0, 0.0], "species": [{"occu": 1, "element": "Al"}], "properties": {"magmom": -0.0}}, {"label": "Al", "xyz": [1.980046385, 1.980046385, 0.0], "abc": [0.5, 0.5, 0.0], "species": [{"occu": 1, "element": "Al"}], "properties": {"magmom": -0.0}}, {"label": "P", "xyz": [1.980046385, 0.0, 22.534379438891882], "abc": [0.5, 0.0, 0.94119452], "species": [{"occu": 1, "element": "P"}], "properties": {"magmom": 0.0}}, {"label": "P", "xyz": [0.0, 1.980046385, 1.40793956110812], "abc": [0.0, 0.5, 0.05880548], "species": [{"occu": 1, "element": "P"}], "properties": {"magmom": 0.0}}], "@class": "Structure", "@module": "pymatgen.core.structure"}