{"lattice": {"a": 3.60614826, "c": 21.287882, "b": 3.6061478936945983, "matrix": [[3.60614826, 0.0, 0.0], [1.8030741300000002, 3.12301558, 0.0], [0.0, 0.0, 21.287882]], "volume": 239.74534474595188, "beta": 90.0, "alpha": 90.0, "gamma": 59.999996639825746}, "sites": [{"label": "As", "xyz": [1.8030723269258702, 1.04100415232814, 9.94174254328794], "abc": [0.333333, 0.333333, 0.46701417], "species": [{"occu": 1, "element": "As"}], "properties": {"magmom": 0.0}}, {"label": "As", "xyz": [0.0, 0.0, 11.34613945671206], "abc": [0.0, 0.0, 0.53298583], "species": [{"occu": 1, "element": "As"}], "properties": {"magmom": 0.0}}], "@class": "Structure", "@module": "pymatgen.core.structure"}