{"lattice": {"a": 2.53688891, "c": 22.681159, "b": 2.536889363060662, "matrix": [[2.53688891, 0.0, 0.0], [-1.2684449500000001, 2.19701048, 0.0], [0.0, 0.0, 22.681159]], "volume": 126.41506188530967, "beta": 90.0, "alpha": 90.0, "gamma": 120.0000070014133}, "sites": [{"label": "H", "xyz": [1.2684455584446201, 0.732336094329839, 12.683614844678301], "abc": [0.666667, 0.333333, 0.5592136999999999], "species": [{"occu": 1, "element": "H"}], "properties": {"magmom": -0.0}}, {"label": "H", "xyz": [-1.5984446199120059e-06, 1.464674385670159, 9.997544155321702], "abc": [0.333333, 0.666667, 0.44078629999999996], "species": [{"occu": 1, "element": "H"}], "properties": {"magmom": -0.0}}, {"label": "C", "xyz": [1.2684455584446201, 0.732336094329839, 11.570699817474921], "abc": [0.666667, 0.333333, 0.51014588], "species": [{"occu": 1, "element": "C"}], "properties": {"magmom": -0.0}}, {"label": "C", "xyz": [-1.5984446199120059e-06, 1.464674385670159, 11.11045918252508], "abc": [0.333333, 0.666667, 0.48985412], "species": [{"occu": 1, "element": "C"}], "properties": {"magmom": -0.0}}], "@class": "Structure", "@module": "pymatgen.core.structure"}