{"lattice": {"a": 3.6188955524234183, "c": 23.274146718671965, "b": 3.618895761241404, "matrix": [[3.6031050000000002, 0.337518, 0.010999], [0.337883, 3.603071, 0.010999], [0.072323, 0.07231599999999999, 23.273922]], "volume": 299.4883240930144, "beta": 89.63198868473718, "alpha": 89.63198797125162, "gamma": 79.29071723015336}, "sites": [{"label": "S", "xyz": [0.534899735689, 0.534845860868, 20.252878356006], "abc": [0.11976, 0.11976, 0.8700829999999999], "species": [{"occu": 1, "element": "S"}], "properties": {"magmom": -0.0}}, {"label": "S", "xyz": [2.489110437484, 2.488858678129999, 17.8722229977], "abc": [0.617514, 0.617514, 0.767324], "species": [{"occu": 1, "element": "S"}], "properties": {"magmom": -0.0}}, {"label": "N", "xyz": [3.538825418233999, 3.5384673797699993, 17.723778921879997], "abc": [0.883994, 0.883994, 0.760694], "species": [{"occu": 1, "element": "N"}], "properties": {"magmom": -0.0}}, {"label": "N", "xyz": [1.587448678428999, 1.58728824153, 20.38992307445], "abc": [0.38673399999999997, 0.38673399999999997, 0.8757189999999999], "species": [{"occu": 1, "element": "N"}], "properties": {"magmom": -0.0}}], "@class": "Structure", "@module": "pymatgen.core.structure"}