{"lattice": {"a": 5.66854731, "c": 20.0, "b": 5.668547050082229, "matrix": [[5.66854731, 0.0, 0.0], [-2.83427366, 4.90910567, -0.0], [0.0, 0.0, 20.0]], "volume": 556.549954803685, "beta": 90.0, "alpha": 90.0, "gamma": 120.00000157514933}, "sites": [{"label": "Cd", "xyz": [-1.417549360197394, 4.09115956511009, 5.778560000000001], "abc": [0.16661815, 0.83338185, 0.28892799999999996], "species": [{"occu": 1, "element": "Cd"}], "properties": {"magmom": 0.0}}, {"label": "Cd", "xyz": [-2.835939841593327e-06, 1.6358971188854912, 5.778560000000001], "abc": [0.16661815, 0.33323729999999996, 0.28892799999999996], "species": [{"occu": 1, "element": "Cd"}], "properties": {"magmom": 0.0}}, {"label": "Cd", "xyz": [1.417543683316266, 4.09115956511009, 5.778560000000001], "abc": [0.6667626999999999, 0.83338185, 0.28892799999999996], "species": [{"occu": 1, "element": "Cd"}], "properties": {"magmom": 0.0}}, {"label": "P", "xyz": [2.83427648760699, 1.63636692029811, 5.778560000000001], "abc": [0.666667, 0.333333, 0.28892799999999996], "species": [{"occu": 1, "element": "P"}], "properties": {"magmom": -0.0}}], "@class": "Structure", "@module": "pymatgen.core.structure"}