{"lattice": {"a": 2.943360588417378, "c": 22.780419, "b": 2.943361179835187, "matrix": [[2.9433605800000002, 0.0002226, 0.0], [-1.47049262, 2.54971106, 0.0], [0.0, 0.0, 22.780419]], "volume": 170.9681006052701, "beta": 90.0, "alpha": 90.0, "gamma": 119.9689678138948}, "sites": [{"label": "Ga", "xyz": [1.4726063867592272, 0.849745833614556, 11.3902095], "abc": [0.66678679, 0.33321321, 0.5], "species": [{"occu": 1, "element": "Ga"}], "properties": {"magmom": -0.0}}, {"label": "Pd", "xyz": [0.000466376029251, 1.700069530120899, 9.51547191017181], "abc": [0.33325961, 0.66674039, 0.41770399], "species": [{"occu": 1, "element": "Pd"}], "properties": {"magmom": 0.0}}, {"label": "Pd", "xyz": [0.000466376029251, 1.700069530120899, 13.264947089828189], "abc": [0.33325961, 0.66674039, 0.58229601], "species": [{"occu": 1, "element": "Pd"}], "properties": {"magmom": 0.0}}], "@class": "Structure", "@module": "pymatgen.core.structure"}