{"lattice": {"a": 4.65887029, "c": 20.688228, "b": 4.65785296632106, "matrix": [[4.65887029, 0.0, 0.0], [-2.32943514, 4.03352528, 0.0], [0.0, 0.0, 20.688228]], "volume": 388.7663760307051, "beta": 90.0, "alpha": 90.0, "gamma": 120.00722515095097}, "sites": [{"label": "Sn", "xyz": [2.329435148333086, 2.688817166941805, 9.905373576747], "abc": [0.83330858, 0.66661716, 0.47879275], "species": [{"occu": 1, "element": "Sn"}], "properties": {"magmom": -0.0}}, {"label": "Sn", "xyz": [4.660537204202074e-06, 1.344708113058195, 10.782854423253], "abc": [0.16669242, 0.33338284, 0.52120725], "species": [{"occu": 1, "element": "Sn"}], "properties": {"magmom": -0.0}}], "@class": "Structure", "@module": "pymatgen.core.structure"}