{"lattice": {"a": 3.91395705, "c": 22.485034, "b": 3.91395705, "matrix": [[3.91395705, 0.0, -0.0], [0.0, 3.91395705, 0.0], [0.0, 0.0, 22.485034]], "volume": 344.44958020919995, "beta": 90.0, "alpha": 90.0, "gamma": 90.0}, "sites": [{"label": "In", "xyz": [0.0, 0.0, 7.623675119938019], "abc": [-0.0, 0.0, 0.33905553], "species": [{"occu": 1, "element": "In"}], "properties": {"magmom": 0.0}}, {"label": "F", "xyz": [0.0, 0.0, 5.64168547883798], "abc": [0.0, -0.0, 0.25090847], "species": [{"occu": 1, "element": "F"}], "properties": {"magmom": -0.0}}], "@class": "Structure", "@module": "pymatgen.core.structure"}