{"lattice": {"a": 3.84766428, "c": 23.10733087, "b": 3.8476640508361983, "matrix": [[3.84766428, -1e-08, 0.0], [-1.92383165, 3.33217503, -0.0], [0.0, -0.0, 23.10733087]], "volume": 296.26118765510205, "beta": 90.0, "alpha": 90.0, "gamma": 119.99999369370543}, "sites": [{"label": "Mn", "xyz": [0.0, 0.0, 11.553665435], "abc": [-0.0, -0.0, 0.5], "species": [{"occu": 1, "element": "Mn"}], "properties": {"magmom": 4.407}}, {"label": "Br", "xyz": [-1.5971653098828681e-06, 2.22145112739168, 10.033823495587859], "abc": [0.333333, 0.666667, 0.43422685], "species": [{"occu": 1, "element": "Br"}], "properties": {"magmom": 0.111}}, {"label": "Br", "xyz": [1.92383422716531, 1.11072389260832, 13.073507374412138], "abc": [0.666667, 0.333333, 0.5657731500000001], "species": [{"occu": 1, "element": "Br"}], "properties": {"magmom": 0.111}}], "@class": "Structure", "@module": "pymatgen.core.structure"}