{"lattice": {"a": 3.159119, "c": 22.668984000000002, "b": 3.159118983629612, "matrix": [[3.159119, 0.0, 0.0], [-1.57956, 2.735877, 0.0], [0.0, 0.0, 22.668984000000002]], "volume": 195.9271449018806, "beta": 90.0, "alpha": 90.0, "gamma": 120.00001064260756}, "sites": [{"label": "Co", "xyz": [0.0, 0.0, 0.0], "abc": [0.0, 0.0, 0.0], "species": [{"occu": 1, "element": "Co"}], "properties": {"magmom": 2.781}}, {"label": "F", "xyz": [-1.91289300004552e-06, 1.823918911959, 0.9678976098479991], "abc": [0.333333, 0.666667, 0.042697], "species": [{"occu": 1, "element": "F"}], "properties": {"magmom": 0.096}}, {"label": "F", "xyz": [1.5795609128930002, 0.911958088041, 21.701086390152], "abc": [0.666667, 0.333333, 0.9573029999999999], "species": [{"occu": 1, "element": "F"}], "properties": {"magmom": 0.096}}], "@class": "Structure", "@module": "pymatgen.core.structure"}