{"lattice": {"a": 2.92407439, "c": 23.19661, "b": 2.9240752461451898, "matrix": [[2.92407439, 0.0, 0.0], [-1.4620372, 2.53232369, 0.0], [0.0, -0.0, 23.19661]], "volume": 171.76400415690924, "beta": 90.0, "alpha": 90.0, "gamma": 119.9999904276553}, "sites": [{"label": "Hf", "xyz": [0.0, 0.0, 0.0], "abc": [0.0, 0.0, 0.0], "species": [{"occu": 1, "element": "Hf"}], "properties": {"magmom": 0.0}}, {"label": "F", "xyz": [1.46203865537053, 0.8441070525587699, 21.6957700798137], "abc": [0.666667, 0.333333, 0.9352991700000001], "species": [{"occu": 1, "element": "F"}], "properties": {"magmom": 0.0}}, {"label": "F", "xyz": [-1.465370530052404e-06, 1.6882166374412302, 1.5008399201863], "abc": [0.333333, 0.666667, 0.06470083], "species": [{"occu": 1, "element": "F"}], "properties": {"magmom": 0.0}}], "@class": "Structure", "@module": "pymatgen.core.structure"}