{"lattice": {"a": 4.03451975, "c": 26.453515, "b": 4.034519288682747, "matrix": [[4.03451975, 0.0, 0.0], [2.01725988, 3.49399606, 0.0], [0.0, 0.0, 26.453515]], "volume": 372.90451665784667, "beta": 90.0, "alpha": 90.0, "gamma": 59.999996135586805}, "sites": [{"label": "La", "xyz": [2.01725785940679, 1.16466418866798, 14.707108368016899], "abc": [0.333333, 0.333333, 0.55596046], "species": [{"occu": 1, "element": "La"}], "properties": {"magmom": 0.324}}, {"label": "La", "xyz": [4.03452177059321, 2.32933187133202, 11.746406631983099], "abc": [0.666667, 0.666667, 0.44403954], "species": [{"occu": 1, "element": "La"}], "properties": {"magmom": 0.324}}, {"label": "Cl", "xyz": [0.0, 0.0, 9.9839946312084], "abc": [0.0, 0.0, 0.37741656], "species": [{"occu": 1, "element": "Cl"}], "properties": {"magmom": 0.013000000000000001}}, {"label": "Cl", "xyz": [0.0, 0.0, 16.4695203687916], "abc": [0.0, 0.0, 0.62258344], "species": [{"occu": 1, "element": "Cl"}], "properties": {"magmom": 0.013000000000000001}}], "@class": "Structure", "@module": "pymatgen.core.structure"}