{"lattice": {"a": 3.41065078, "c": 21.903194, "b": 3.410650434527567, "matrix": [[3.41065078, 0.0, 0.0], [1.70532539, 2.9537098200000003, 0.0], [0.0, 0.0, 21.903194]], "volume": 220.65436875054735, "beta": 90.0, "alpha": 90.0, "gamma": 59.999996649279524}, "sites": [{"label": "Sb", "xyz": [3.41065248532539, 1.96914086456994, 10.951597], "abc": [0.666667, 0.666667, 0.5], "species": [{"occu": 1, "element": "Sb"}], "properties": {"magmom": -0.0}}, {"label": "O", "xyz": [0.0, 0.0, 11.90324456356066], "abc": [0.0, 0.0, 0.54344789], "species": [{"occu": 1, "element": "O"}], "properties": {"magmom": -0.0}}, {"label": "O", "xyz": [1.70532368467461, 0.98456895543006, 9.99994943643934], "abc": [0.333333, 0.333333, 0.45655211], "species": [{"occu": 1, "element": "O"}], "properties": {"magmom": -0.0}}], "@class": "Structure", "@module": "pymatgen.core.structure"}