{"lattice": {"a": 4.234726404058827, "c": 23.27407687559743, "b": 4.234726028874832, "matrix": [[4.234722, -0.003918, -0.004685], [-0.003489, 4.234722, -0.004685], [-0.022564999999999998, -0.022563, 23.274055]], "volume": 417.36939813793265, "beta": 90.11888673554299, "alpha": 90.11888744548195, "gamma": 90.10014641747422}, "sites": [{"label": "Te", "xyz": [-0.013937301227000001, -0.013936141002, 20.44582535084], "abc": [0.0013909999999999999, 0.0013909999999999999, 0.878482], "species": [{"occu": 1, "element": "Te"}], "properties": {"magmom": 0.001}}, {"label": "Te", "xyz": [2.10958912472, 2.109375017532, 17.64624066638], "abc": [0.5026200000000001, 0.5026200000000001, 0.758396], "species": [{"occu": 1, "element": "Te"}], "properties": {"magmom": -0.001}}, {"label": "As", "xyz": [-0.015165536049, -0.015164217629999999, 17.723793538440002], "abc": [0.000477, 0.000477, 0.7615259999999999], "species": [{"occu": 1, "element": "As"}], "properties": {"magmom": 0.002}}, {"label": "As", "xyz": [2.110727059488999, 2.110512803243999, 20.36976221507], "abc": [0.503513, 0.503513, 0.875416], "species": [{"occu": 1, "element": "As"}], "properties": {"magmom": -0.002}}], "@class": "Structure", "@module": "pymatgen.core.structure"}