{"lattice": {"a": 3.17206675, "c": 24.320905, "b": 3.17206675, "matrix": [[3.17206675, 0.0, 0.0], [0.0, 3.17206675, 0.0], [0.0, 0.0, 24.320905]], "volume": 244.7171277009564, "beta": 90.0, "alpha": 90.0, "gamma": 90.0}, "sites": [{"label": "Rb", "xyz": [0.0, 0.0, 14.74727332723715], "abc": [0.0, 0.0, 0.60636203], "species": [{"occu": 1, "element": "Rb"}], "properties": {"magmom": 0.001}}, {"label": "Sn", "xyz": [0.0, 0.0, 18.3273112728643], "abc": [-0.0, -0.0, 0.75356206], "species": [{"occu": 1, "element": "Sn"}], "properties": {"magmom": 0.051000000000000004}}, {"label": "Sn", "xyz": [0.0, 0.0, 3.4067731431076], "abc": [-0.0, 0.0, 0.14007592], "species": [{"occu": 1, "element": "Sn"}], "properties": {"magmom": -0.024}}], "@class": "Structure", "@module": "pymatgen.core.structure"}