{"lattice": {"a": 4.62854518, "c": 22.485034, "b": 4.62854518, "matrix": [[4.62854518, 0.0, 0.0], [0.0, 4.62854518, -0.0], [0.0, -0.0, 22.485034]], "volume": 481.7065628136645, "beta": 90.0, "alpha": 90.0, "gamma": 90.0}, "sites": [{"label": "Tl", "xyz": [0.0, 0.0, 7.933669313335479], "abc": [0.0, -0.0, 0.35284222], "species": [{"occu": 1, "element": "Tl"}], "properties": {"magmom": 0.0}}, {"label": "Br", "xyz": [0.0, 0.0, 5.331691285440519], "abc": [-0.0, 0.0, 0.23712178], "species": [{"occu": 1, "element": "Br"}], "properties": {"magmom": 0.0}}], "@class": "Structure", "@module": "pymatgen.core.structure"}