{"lattice": {"a": 5.78639848, "c": 20.0, "b": 5.786398366157266, "matrix": [[5.78639848, -2e-08, -0.0], [-2.89319877, 5.01116822, 0.0], [0.0, 0.0, 20.0]], "volume": 579.9323222673665, "beta": 90.0, "alpha": 90.0, "gamma": 119.99999547505297}, "sites": [{"label": "Cd", "xyz": [1.4455190715504291, 2.506208090669244, 6.237019999999999], "abc": [0.49987548, 0.50012452, 0.311851], "species": [{"occu": 1, "element": "Cd"}], "properties": {"magmom": -0.0}}, {"label": "Cd", "xyz": [-1.445512815034901, 2.506208100661753, 6.237019999999999], "abc": [0.00025004, 0.50012452, 0.311851], "species": [{"occu": 1, "element": "Cd"}], "properties": {"magmom": -0.0}}, {"label": "Cd", "xyz": [3.3630817205888876e-06, 5.009915217500762, 6.237019999999999], "abc": [0.49987548, 0.99974996, 0.311851], "species": [{"occu": 1, "element": "Cd"}], "properties": {"magmom": -0.0}}, {"label": "Ag", "xyz": [0.0, 0.0, 6.237019999999999], "abc": [-0.0, -0.0, 0.311851], "species": [{"occu": 1, "element": "Ag"}], "properties": {"magmom": -0.0}}], "@class": "Structure", "@module": "pymatgen.core.structure"}