{"lattice": {"a": 4.22005928, "c": 22.91151, "b": 4.22521503, "matrix": [[4.22005928, 0.0, 0.0], [0.0, 4.22521503, 0.0], [0.0, 0.0, 22.91151]], "volume": 408.52729672164435, "beta": 90.0, "alpha": 90.0, "gamma": 90.0}, "sites": [{"label": "Pb", "xyz": [2.467978697380581, 0.0, 12.9024569341602], "abc": [0.58482086, -0.0, 0.56314302], "species": [{"occu": 1, "element": "Pb"}], "properties": {"magmom": 0.0}}, {"label": "Pb", "xyz": [0.35794905738058, 2.112607515, 10.009053065839801], "abc": [0.08482086, 0.5, 0.43685698], "species": [{"occu": 1, "element": "Pb"}], "properties": {"magmom": 0.0}}, {"label": "S", "xyz": [2.425205358135099, 0.0, 10.2107437757151], "abc": [0.57468514, 0.0, 0.44566001], "species": [{"occu": 1, "element": "S"}], "properties": {"magmom": -0.0}}, {"label": "S", "xyz": [0.31517571813509904, 2.112607515, 12.7007662242849], "abc": [0.07468514, 0.5, 0.55433999], "species": [{"occu": 1, "element": "S"}], "properties": {"magmom": -0.0}}], "@class": "Structure", "@module": "pymatgen.core.structure"}