{"lattice": {"a": 3.92116562, "c": 25.282452, "b": 3.9211656378694313, "matrix": [[3.92116562, 0.0, 0.0], [-1.96058281, 3.39582906, 0.0], [0.0, 0.0, 25.282452]], "volume": 336.65122419314616, "beta": 90.0, "alpha": 90.0, "gamma": 119.99999984924992}, "sites": [{"label": "Ga", "xyz": [0.0, 0.0, 15.277250798525039], "abc": [0.0, -0.0, 0.60426302], "species": [{"occu": 1, "element": "Ga"}], "properties": {"magmom": -0.0}}, {"label": "Ga", "xyz": [0.0, 0.0, 10.00520120147496], "abc": [0.0, -0.0, 0.39573698], "species": [{"occu": 1, "element": "Ga"}], "properties": {"magmom": -0.0}}, {"label": "Se", "xyz": [1.96058477058281, 1.13194188805698, 11.28191142867672], "abc": [0.666667, 0.333333, 0.44623486], "species": [{"occu": 1, "element": "Se"}], "properties": {"magmom": -0.0}}, {"label": "Se", "xyz": [1.96058477058281, 1.13194188805698, 14.00054057132328], "abc": [0.666667, 0.333333, 0.55376514], "species": [{"occu": 1, "element": "Se"}], "properties": {"magmom": -0.0}}], "@class": "Structure", "@module": "pymatgen.core.structure"}