{"lattice": {"a": 3.97907913, "c": 20.327869, "b": 3.97907913, "matrix": [[3.97907913, 0.0, 0.0], [0.0, 3.97907913, 0.0], [0.0, 0.0, 20.327869]], "volume": 321.85258752084536, "beta": 90.0, "alpha": 90.0, "gamma": 90.0}, "sites": [{"label": "Os", "xyz": [1.989539565, 1.989539565, 0.0], "abc": [0.5, 0.5, 0.0], "species": [{"occu": 1, "element": "Os"}], "properties": {"magmom": 0.0}}, {"label": "Os", "xyz": [0.0, 0.0, 0.0], "abc": [0.0, 0.0, 0.0], "species": [{"occu": 1, "element": "Os"}], "properties": {"magmom": -0.0}}, {"label": "Se", "xyz": [0.0, 1.989539565, 1.457487472873619], "abc": [0.0, 0.5, 0.07169898], "species": [{"occu": 1, "element": "Se"}], "properties": {"magmom": -0.0}}, {"label": "Se", "xyz": [1.989539565, 0.0, 18.87038152712638], "abc": [0.5, 0.0, 0.92830102], "species": [{"occu": 1, "element": "Se"}], "properties": {"magmom": 0.0}}], "@class": "Structure", "@module": "pymatgen.core.structure"}