{"lattice": {"a": 4.294120000359562, "c": 23.942319000514946, "b": 4.294294000268379, "matrix": [[4.29412, -4.8e-05, 2.8e-05], [-4.8e-05, 4.294294, 1e-06], [0.000157, 3e-06, 23.942319]], "volume": 441.5014799872788, "beta": 89.99925068753775, "alpha": 89.99997948266797, "gamma": 90.00128088712574}, "sites": [{"label": "In", "xyz": [0.0, 0.0, 0.0], "abc": [0.0, 0.0, 0.0], "species": [{"occu": 1, "element": "In"}], "properties": {"magmom": 0.0}}, {"label": "In", "xyz": [2.147036, 2.147123, 1.45e-05], "abc": [0.5, 0.5, 0.0], "species": [{"occu": 1, "element": "In"}], "properties": {"magmom": 0.0}}, {"label": "N", "xyz": [2.147165676201, 4.294268642193, 23.43545116445], "abc": [0.5, 0.999999, 0.978829], "species": [{"occu": 1, "element": "N"}], "properties": {"magmom": -0.0}}, {"label": "N", "xyz": [-2.0676201000000003e-05, 2.147151357807, 0.50688333555], "abc": [0.0, 0.500001, 0.021171], "species": [{"occu": 1, "element": "N"}], "properties": {"magmom": 0.0}}], "@class": "Structure", "@module": "pymatgen.core.structure"}