{"lattice": {"a": 3.39881571133431, "c": 22.789061, "b": 3.398816371252072, "matrix": [[3.37697306, 0.38470923, 0.0], [-0.32433465, 3.38330604, 0.0], [0.0, 0.0, 22.789061]], "volume": 263.2161131314174, "beta": 90.0, "alpha": 90.0, "gamma": 88.97663378878234}, "sites": [{"label": "Si", "xyz": [-0.09235322758266301, 3.19536739567694, 10.24496024636905], "abc": [0.06267553000000001, 0.93732447, 0.44955605], "species": [{"occu": 1, "element": "Si"}], "properties": {"magmom": 0.0}}, {"label": "Si", "xyz": [0.9367393803971841, 2.361652921426176, 12.5443821985343], "abc": [0.34071039999999997, 0.6592895999999999, 0.5504563], "species": [{"occu": 1, "element": "Si"}], "properties": {"magmom": -0.0}}, {"label": "O", "xyz": [1.209077826365119, 2.1410192267151222, 10.79096039629012], "abc": [0.41428938, 0.58571062, 0.47351492], "species": [{"occu": 1, "element": "O"}], "properties": {"magmom": -0.0}}, {"label": "O", "xyz": [3.336598085107007, 0.417418823582523, 11.997819158806532], "abc": [0.9890916999999999, 0.0109083, 0.52647273], "species": [{"occu": 1, "element": "O"}], "properties": {"magmom": -0.0}}], "@class": "Structure", "@module": "pymatgen.core.structure"}