{"lattice": {"a": 3.33068613, "c": 23.108247, "b": 3.330686447398982, "matrix": [[3.33068613, 0.0, 0.0], [1.66534306, 2.88445917, 0.0], [0.0, 0.0, 23.108247]], "volume": 222.00620107717785, "beta": 90.0, "alpha": 90.0, "gamma": 60.00000325166334}, "sites": [{"label": "Ba", "xyz": [0.0, 0.0, 13.107251889117], "abc": [-0.0, 0.0, 0.567211], "species": [{"occu": 1, "element": "Ba"}], "properties": {"magmom": -0.04}}, {"label": "U", "xyz": [3.33068779200973, 1.9229737414863899, 10.000995110882998], "abc": [0.666667, 0.666667, 0.432789], "species": [{"occu": 1, "element": "U"}], "properties": {"magmom": 2.766}}], "@class": "Structure", "@module": "pymatgen.core.structure"}