{"lattice": {"a": 2.447546544315243, "c": 26.11440164478429, "b": 2.83104874, "matrix": [[2.43316002, 0.0, -0.26498378], [0.0, 2.83104874, 0.0], [-1.62860065, 0.0, 26.06356908]], "volume": 178.31440185068362, "beta": 99.79083254996847, "alpha": 90.0, "gamma": 90.0}, "sites": [{"label": "Na", "xyz": [0.32683748612102304, 0.7077621850000001, 3.483290858258299], "abc": [0.22531361, 0.25, 0.13593669], "species": [{"occu": 1, "element": "Na"}], "properties": {"magmom": -0.0}}, {"label": "Na", "xyz": [1.451984993322625, 2.123286555, 6.723520083135021], "abc": [0.7746863900000001, 0.75, 0.26584231], "species": [{"occu": 1, "element": "Na"}], "properties": {"magmom": -0.0}}, {"label": "Be", "xyz": [1.277913301889122, 0.7077621850000001, 0.681518140141653], "abc": [0.5464277, 0.25, 0.03170374], "species": [{"occu": 1, "element": "Be"}], "properties": {"magmom": 0.0}}, {"label": "Be", "xyz": [0.500907548953876, 2.123286555, 9.525318864820747], "abc": [0.4535723, 0.75, 0.37007626], "species": [{"occu": 1, "element": "Be"}], "properties": {"magmom": 0.0}}], "@class": "Structure", "@module": "pymatgen.core.structure"}