{"lattice": {"a": 2.4091796600026, "c": 22.024152, "b": 4.174796761775887, "matrix": [[2.40917966, -3.54e-06, 0.0], [0.00012177000000000001, 4.1747967599999996, 0.0], [0.0, 0.0, 22.024152]], "volume": 221.51529650518222, "beta": 90.0, "alpha": 90.0, "gamma": 89.99841299244281}, "sites": [{"label": "Ni", "xyz": [1.8065394027956012, 2.438730172234325, 10.002097943622001], "abc": [0.74982713, 0.58415606, 0.45414225], "species": [{"occu": 1, "element": "Ni"}], "properties": {"magmom": 0.666}}, {"label": "Ni", "xyz": [0.6027620272043981, 1.7360630477656742, 12.022054056378002], "abc": [0.25017287, 0.41584394, 0.54585775], "species": [{"occu": 1, "element": "Ni"}], "properties": {"magmom": 0.666}}, {"label": "Ni", "xyz": [1.8075801928990831, 3.8247213228485197, 12.03056551015992], "abc": [0.75024236, 0.91614615, 0.54624421], "species": [{"occu": 1, "element": "Ni"}], "properties": {"magmom": 0.67}}, {"label": "Ni", "xyz": [0.6017212371009171, 0.35007189715148, 9.99358648984008], "abc": [0.24975764, 0.08385385000000001, 0.45375579], "species": [{"occu": 1, "element": "Ni"}], "properties": {"magmom": 0.67}}], "@class": "Structure", "@module": "pymatgen.core.structure"}