{"lattice": {"a": 4.49475291, "c": 24.623155, "b": 4.4947518214645, "matrix": [[4.49475291, -0.0, 0.0], [-2.24737496, 3.89256981, 0.0], [0.0, 0.0, 24.623155]], "volume": 430.81015433922056, "beta": 90.0, "alpha": 90.0, "gamma": 119.99998600591591}, "sites": [{"label": "Tl", "xyz": [0.0, 0.0, 0.02725660142725], "abc": [0.0, 0.0, 0.00110695], "species": [{"occu": 1, "element": "Tl"}], "properties": {"magmom": -0.0}}, {"label": "Tl", "xyz": [0.0, 0.0, 2.92419787264775], "abc": [0.0, 0.0, 0.11875805], "species": [{"occu": 1, "element": "Tl"}], "properties": {"magmom": -0.0}}, {"label": "Te", "xyz": [2.247379200709289, 1.29752197247673, 23.2414458632359], "abc": [0.666667, 0.333333, 0.94388578], "species": [{"occu": 1, "element": "Te"}], "properties": {"magmom": 0.0}}, {"label": "Te", "xyz": [-1.2507092901132699e-06, 2.59504783752327, 4.3331389876841], "abc": [0.333333, 0.666667, 0.17597822], "species": [{"occu": 1, "element": "Te"}], "properties": {"magmom": 0.0}}], "@class": "Structure", "@module": "pymatgen.core.structure"}