{"lattice": {"a": 3.56604245, "c": 23.73272, "b": 3.566041462915595, "matrix": [[3.56604245, -0.0, -0.0], [-1.7830212300000001, 3.08828221, 0.0], [-0.0, 0.0, 23.73272]], "volume": 261.36715094042376, "beta": 90.0, "alpha": 90.0, "gamma": 120.00000924927218}, "sites": [{"label": "Ge", "xyz": [0.0, 0.0, 8.3591649817192], "abc": [-0.0, 0.0, 0.35222111], "species": [{"occu": 1, "element": "Ge"}], "properties": {"magmom": -0.0}}, {"label": "F", "xyz": [1.7830230063545591, 1.02942637390593, 7.361061709399201], "abc": [0.666667, 0.333333, 0.31016511], "species": [{"occu": 1, "element": "F"}], "properties": {"magmom": 0.0}}, {"label": "F", "xyz": [-1.7863545599222708e-06, 2.05885583609407, 9.3556940627216], "abc": [0.333333, 0.666667, 0.39421078], "species": [{"occu": 1, "element": "F"}], "properties": {"magmom": 0.0}}], "@class": "Structure", "@module": "pymatgen.core.structure"}