{"lattice": {"a": 2.524400341426721, "c": 22.780419, "b": 2.524400731973694, "matrix": [[2.5244003299999997, -0.00024019000000000002, 0.0], [-1.26155498, 2.18656765, 0.0], [0.0, 0.0, 22.780419]], "volume": 125.73581839873587, "beta": 90.0, "alpha": 90.0, "gamma": 119.98853871341097}, "sites": [{"label": "Ni", "xyz": [0.00030343264880900003, 1.457704881213019, 9.996970008561119], "abc": [0.33329987, 0.6667001300000001, 0.43884048000000003], "species": [{"occu": 1, "element": "Ni"}], "properties": {"magmom": -0.0}}, {"label": "Ni", "xyz": [0.00030343264880900003, 1.457704881213019, 12.78344899143888], "abc": [0.33329987, 0.6667001300000001, 0.56115952], "species": [{"occu": 1, "element": "Ni"}], "properties": {"magmom": -0.0}}, {"label": "B", "xyz": [1.26256512525724, 0.7286091736549211, 11.3902095], "abc": [0.66670626, 0.33329374, 0.5], "species": [{"occu": 1, "element": "B"}], "properties": {"magmom": 0.0}}], "@class": "Structure", "@module": "pymatgen.core.structure"}