{"lattice": {"a": 5.20467606, "c": 24.623946, "b": 5.204675127785427, "matrix": [[5.20467606, -0.0, -0.0], [-2.60233803, 4.50738061, 0.0], [-0.0, 0.0, 24.623946]], "volume": 577.6643766049885, "beta": 90.0, "alpha": 90.0, "gamma": 120.0000059249444}, "sites": [{"label": "Bi", "xyz": [0.0, 0.0, 7.028043547589999], "abc": [-0.0, -0.0, 0.285415], "species": [{"occu": 1, "element": "Bi"}], "properties": {"magmom": 0.0}}, {"label": "Br", "xyz": [2.60234063233803, 1.50245870087313, 7.028043547589999], "abc": [0.666667, 0.333333, 0.285415], "species": [{"occu": 1, "element": "Br"}], "properties": {"magmom": -0.0}}, {"label": "Br", "xyz": [0.0, 0.0, 9.74047609749996], "abc": [-0.0, -0.0, 0.39556926000000003], "species": [{"occu": 1, "element": "Br"}], "properties": {"magmom": -0.0}}, {"label": "Br", "xyz": [0.0, 0.0, 4.31561099768004], "abc": [-0.0, -0.0, 0.17526074], "species": [{"occu": 1, "element": "Br"}], "properties": {"magmom": -0.0}}], "@class": "Structure", "@module": "pymatgen.core.structure"}