{"lattice": {"a": 4.69838272, "c": 14.94356944, "b": 4.69838272, "matrix": [[4.69838272, -0.0, -0.0], [0.0, 4.69838272, -0.0], [0.0, 0.0, 14.94356944]], "volume": 329.8763094176706, "beta": 90.0, "alpha": 90.0, "gamma": 90.0}, "sites": [{"label": "B", "xyz": [2.34919136, 0.0, 2.997574528063753], "abc": [0.5, -0.0, 0.20059294], "species": [{"occu": 1, "element": "B"}], "properties": {"magmom": -0.0}}, {"label": "B", "xyz": [0.0, 2.34919136, 5.169863236507126], "abc": [0.0, 0.5, 0.34595906], "species": [{"occu": 1, "element": "B"}], "properties": {"magmom": -0.0}}, {"label": "F", "xyz": [0.0, 2.34919136, 3.8929528612710653], "abc": [-0.0, 0.5, 0.26051024], "species": [{"occu": 1, "element": "F"}], "properties": {"magmom": 0.0}}, {"label": "F", "xyz": [2.34919136, 0.0, 4.274484903299814], "abc": [0.5, -0.0, 0.28604176], "species": [{"occu": 1, "element": "F"}], "properties": {"magmom": 0.0}}], "@class": "Structure", "@module": "pymatgen.core.structure"}