{"lattice": {"a": 3.14924059, "c": 22.803662, "b": 3.14924059, "matrix": [[3.14924059, 0.0, 0.0], [0.0, 3.14924059, 0.0], [0.0, 0.0, 22.803662]], "volume": 226.16025017350842, "beta": 90.0, "alpha": 90.0, "gamma": 90.0}, "sites": [{"label": "Sn", "xyz": [1.574620295, 1.574620295, 1.7738854651490001], "abc": [0.5, 0.5, 0.0777895], "species": [{"occu": 1, "element": "Sn"}], "properties": {"magmom": 0.0}}, {"label": "Sn", "xyz": [1.574620295, 1.574620295, 21.029776534851], "abc": [0.5, 0.5, 0.9222104999999999], "species": [{"occu": 1, "element": "Sn"}], "properties": {"magmom": 0.0}}, {"label": "Os", "xyz": [0.0, 0.0, 0.0], "abc": [0.0, 0.0, 0.0], "species": [{"occu": 1, "element": "Os"}], "properties": {"magmom": 0.0}}], "@class": "Structure", "@module": "pymatgen.core.structure"}