{"lattice": {"a": 3.748185844590153, "c": 23.426857937895, "b": 2.983739, "matrix": [[3.747925, 0.0, -0.044219], [0.0, 2.983739, 0.0], [-0.032783, 0.0, 23.426835]], "volume": 261.97398772370536, "beta": 90.75613764526194, "alpha": 90.0, "gamma": 90.0}, "sites": [{"label": "Ta", "xyz": [0.0, 0.0, 0.0], "abc": [0.0, 0.0, 0.0], "species": [{"occu": 1, "element": "Ta"}], "properties": {"magmom": -0.0}}, {"label": "Te", "xyz": [1.819689686303, 0.0, 21.288610284021], "abc": [0.49347599999999997, 0.0, 0.909659], "species": [{"occu": 1, "element": "Te"}], "properties": {"magmom": 0.0}}, {"label": "Te", "xyz": [1.8954523136969992, 0.0, 2.094005715979], "abc": [0.506524, 0.0, 0.09034099999999999], "species": [{"occu": 1, "element": "Te"}], "properties": {"magmom": 0.0}}], "@class": "Structure", "@module": "pymatgen.core.structure"}