{"lattice": {"a": 3.18940384, "c": 24.32586016, "b": 4.20000051, "matrix": [[3.18940384, 0.0, 0.0], [0.0, 4.20000051, 0.0], [0.0, 0.0, 24.32586016]], "volume": 325.8570051518953, "beta": 90.0, "alpha": 90.0, "gamma": 90.0}, "sites": [{"label": "Cu", "xyz": [1.5947019199999999, 0.0, 12.659567570802366], "abc": [0.5, -0.0, 0.52041603], "species": [{"occu": 1, "element": "Cu"}], "properties": {"magmom": -0.0}}, {"label": "Ag", "xyz": [0.0, 2.100000255, 11.754364122648314], "abc": [0.0, 0.5, 0.48320446], "species": [{"occu": 1, "element": "Ag"}], "properties": {"magmom": 0.0}}, {"label": "Te", "xyz": [0.0, 0.0, 9.980385688447015], "abc": [-0.0, -0.0, 0.41027884000000003], "species": [{"occu": 1, "element": "Te"}], "properties": {"magmom": -0.0}}, {"label": "Te", "xyz": [1.5947019199999999, 2.100000255, 14.25737885550075], "abc": [0.5, 0.5, 0.58609968], "species": [{"occu": 1, "element": "Te"}], "properties": {"magmom": 0.0}}], "@class": "Structure", "@module": "pymatgen.core.structure"}