{"lattice": {"a": 3.687324, "c": 22.656793, "b": 3.687325144336745, "matrix": [[3.687324, 0.0, 0.0], [-1.8436629999999998, 3.193317, 0.0], [0.0, 0.0, 22.656793]], "volume": 266.77907964893853, "beta": 90.0, "alpha": 90.0, "gamma": 120.00000767632706}, "sites": [{"label": "Ir", "xyz": [0.0, 0.0, 0.0], "abc": [0.0, 0.0, 0.0], "species": [{"occu": 1, "element": "Ir"}], "properties": {"magmom": 0.056}}, {"label": "Se", "xyz": [-2.5103290002297036e-06, 2.128879064439, 21.317821847286], "abc": [0.333333, 0.666667, 0.9409019999999999], "species": [{"occu": 1, "element": "Se"}], "properties": {"magmom": 0.049}}, {"label": "Se", "xyz": [1.843663510329, 1.064437935560999, 1.338971152714], "abc": [0.666667, 0.333333, 0.059098], "species": [{"occu": 1, "element": "Se"}], "properties": {"magmom": 0.049}}], "@class": "Structure", "@module": "pymatgen.core.structure"}