{"lattice": {"a": 3.08539351, "c": 24.445951, "b": 3.085393247405176, "matrix": [[3.08539351, 0.0, 0.0], [-1.5426967500000002, 2.67202886, 0.0], [-0.0, -0.0, 24.445951]], "volume": 201.53878829189293, "beta": 90.0, "alpha": 90.0, "gamma": 120.00000270817006}, "sites": [{"label": "Ca", "xyz": [0.0, 0.0, 5.608365632469001], "abc": [0.0, 0.0, 0.22941899999999998], "species": [{"occu": 1, "element": "Ca"}], "properties": {"magmom": -0.0}}, {"label": "Si", "xyz": [-1.539363420040422e-06, 1.78135346400962, 3.12983392991227], "abc": [0.333333, 0.666667, 0.12803077000000002], "species": [{"occu": 1, "element": "Si"}], "properties": {"magmom": -0.0}}, {"label": "Si", "xyz": [1.54269829936342, 0.89067539599038, 8.08689733502573], "abc": [0.666667, 0.333333, 0.33080723], "species": [{"occu": 1, "element": "Si"}], "properties": {"magmom": -0.0}}], "@class": "Structure", "@module": "pymatgen.core.structure"}