{"lattice": {"a": 3.63360929, "c": 23.775734, "b": 3.63360929, "matrix": [[3.63360929, 0.0, 0.0], [0.0, 3.63360929, 0.0], [0.0, 0.0, 23.775734]], "volume": 313.9137852181898, "beta": 90.0, "alpha": 90.0, "gamma": 90.0}, "sites": [{"label": "Nd", "xyz": [0.0, 0.0, 0.0], "abc": [0.0, 0.0, 0.0], "species": [{"occu": 1, "element": "Nd"}], "properties": {"magmom": -0.0}}, {"label": "Br", "xyz": [1.816804645, 1.816804645, 22.03220664365052], "abc": [0.5, 0.5, 0.92666778], "species": [{"occu": 1, "element": "Br"}], "properties": {"magmom": 0.0}}, {"label": "Br", "xyz": [1.816804645, 1.816804645, 1.74352735634948], "abc": [0.5, 0.5, 0.07333222], "species": [{"occu": 1, "element": "Br"}], "properties": {"magmom": 0.0}}], "@class": "Structure", "@module": "pymatgen.core.structure"}