{"lattice": {"a": 3.4930366, "c": 22.61712, "b": 3.4930366, "matrix": [[3.4930366, 0.0, 0.0], [0.0, 3.4930366, 0.0], [0.0, 0.0, 22.61712]], "volume": 275.9583723063087, "beta": 90.0, "alpha": 90.0, "gamma": 90.0}, "sites": [{"label": "Hf", "xyz": [1.7465183, 1.7465183, 0.0], "abc": [0.5, 0.5, 0.0], "species": [{"occu": 1, "element": "Hf"}], "properties": {"magmom": -0.0}}, {"label": "Te", "xyz": [0.0, 0.0, 20.8224087816432], "abc": [0.0, 0.0, 0.92064811], "species": [{"occu": 1, "element": "Te"}], "properties": {"magmom": 0.0}}, {"label": "Te", "xyz": [0.0, 0.0, 1.7947112183568001], "abc": [0.0, -0.0, 0.07935189000000001], "species": [{"occu": 1, "element": "Te"}], "properties": {"magmom": 0.0}}], "@class": "Structure", "@module": "pymatgen.core.structure"}