{"lattice": {"a": 4.24498006, "c": 20.16693, "b": 4.244979808403696, "matrix": [[4.24498006, 0.0, 0.0], [-2.12249003, 3.67626028, 0.0], [0.0, 0.0, 20.16693]], "volume": 314.71808309831243, "beta": 90.0, "alpha": 90.0, "gamma": 120.0000019606074}, "sites": [{"label": "Cd", "xyz": [0.0, 0.0, 10.0019496639321], "abc": [-0.0, 0.0, 0.49595797], "species": [{"occu": 1, "element": "Cd"}], "properties": {"magmom": 0.0}}, {"label": "S", "xyz": [2.122492152490029, 1.22541886791324, 10.1649803360679], "abc": [0.666667, 0.333333, 0.50404203], "species": [{"occu": 1, "element": "S"}], "properties": {"magmom": -0.0}}], "@class": "Structure", "@module": "pymatgen.core.structure"}