{"lattice": {"a": 4.05020732372741, "c": 23.407106935803938, "b": 6.063495801456196, "matrix": [[3.97003425, -0.0007948100000000001, 0.80187704], [1.77224389, 5.60721221, 1.47793916], [-0.015689230000000002, -0.026795970000000002, 23.40708634]], "volume": 521.2837187350643, "beta": 78.61929347231587, "alpha": 75.9665109982575, "gamma": 70.45353667374845}, "sites": [{"label": "Tl", "xyz": [4.87069239338948, 4.2238871554140385, 6.622642267660284], "abc": [0.89090514, 0.75440029, 0.20477936], "species": [{"occu": 1, "element": "Tl"}], "properties": {"magmom": -0.0}}, {"label": "Tl", "xyz": [0.8646632033468491, 1.370707085538831, 5.985059231051575], "abc": [0.10909486, 0.24559971, 0.23644964000000002], "species": [{"occu": 1, "element": "Tl"}], "properties": {"magmom": -0.0}}, {"label": "S", "xyz": [2.64532969770384, 0.04286999906688, 7.398722875473969], "abc": [0.66340164, 0.00913872, 0.29278526], "species": [{"occu": 1, "element": "S"}], "properties": {"magmom": -0.0}}, {"label": "S", "xyz": [3.090024126788599, 5.5517186346737795, 5.20897714529873], "abc": [0.33659836, 0.99086028, 0.14844374], "species": [{"occu": 1, "element": "S"}], "properties": {"magmom": -0.0}}], "@class": "Structure", "@module": "pymatgen.core.structure"}