{"lattice": {"a": 3.9217519999999997, "c": 20.0, "b": 3.921752987838474, "matrix": [[3.9217519999999997, 0.0, 0.0], [-1.9608759999999998, 3.396338, 0.0], [0.0, 0.0, 20.0]], "volume": 266.39190688352005, "beta": 90.0, "alpha": 90.0, "gamma": 119.99999166764647}, "sites": [{"label": "Ga", "xyz": [-1.96087600010469e-06, 2.264226465446, 7.70726], "abc": [0.333333, 0.666667, 0.38536299999999996], "species": [{"occu": 1, "element": "Ga"}], "properties": {"magmom": -0.0}}, {"label": "P", "xyz": [0.0, 0.0, 7.70726], "abc": [0.0, 0.0, 0.38536299999999996], "species": [{"occu": 1, "element": "P"}], "properties": {"magmom": 0.0}}], "@class": "Structure", "@module": "pymatgen.core.structure"}