{"lattice": {"a": 3.97366958, "c": 23.407847, "b": 3.973669227550128, "matrix": [[3.97366958, 0.0, 0.0], [-1.98683428, 3.44129869, 0.0], [0.0, 0.0, 23.407847]], "volume": 320.0925681914577, "beta": 90.0, "alpha": 90.0, "gamma": 119.99999444282385}, "sites": [{"label": "K", "xyz": [1.98683694683462, 1.14709841623377, 18.641849241126522], "abc": [0.666667, 0.333333, 0.79639316], "species": [{"occu": 1, "element": "K"}], "properties": {"magmom": -0.0}}, {"label": "K", "xyz": [-1.6468346199551268e-06, 2.29420027376623, 21.73261386849548], "abc": [0.333333, 0.666667, 0.92843284], "species": [{"occu": 1, "element": "K"}], "properties": {"magmom": -0.0}}, {"label": "F", "xyz": [0.0, 0.0, 20.187231554811], "abc": [0.0, 0.0, 0.862413], "species": [{"occu": 1, "element": "F"}], "properties": {"magmom": 0.0}}], "@class": "Structure", "@module": "pymatgen.core.structure"}