{"lattice": {"a": 4.113517294204144, "c": 23.42541992161484, "b": 5.444212897857339, "matrix": [[4.0412959, -0.0041327, 0.76742094], [1.8449820799999999, 4.94390972, 1.33912355], [-0.00092878, -0.02014642, 23.42541124]], "volume": 468.2977257310991, "beta": 79.25008320671648, "alpha": 75.80768159824437, "gamma": 67.79539831837162}, "sites": [{"label": "Ga", "xyz": [4.9808053185428225, 3.681667473710036, 6.521565806883583], "abc": [0.8918263200000001, 0.7462745, 0.20651957], "species": [{"occu": 1, "element": "Ga"}], "properties": {"magmom": 0.0}}, {"label": "Ga", "xyz": [0.9050628567865561, 1.249220361539783, 5.920949459130377], "abc": [0.10817368000000001, 0.2537255, 0.23470943], "species": [{"occu": 1, "element": "Ga"}], "properties": {"magmom": 0.0}}, {"label": "Te", "xyz": [2.685016871271536, 0.043455474786785006, 7.5596490906566345], "abc": [0.65964053, 0.01056563, 0.30049754], "species": [{"occu": 1, "element": "Te"}], "properties": {"magmom": 0.0}}, {"label": "Te", "xyz": [3.200849459075764, 4.887427416553314, 4.882864836233775], "abc": [0.34035947, 0.98943337, 0.14073146], "species": [{"occu": 1, "element": "Te"}], "properties": {"magmom": 0.0}}], "@class": "Structure", "@module": "pymatgen.core.structure"}