{"lattice": {"a": 3.959095, "c": 23.942319, "b": 3.959095, "matrix": [[3.959095, 0.0, 0.0], [0.0, 3.959095, 0.0], [0.0, 0.0, 23.942319]], "volume": 375.2822802740934, "beta": 90.0, "alpha": 90.0, "gamma": 90.0}, "sites": [{"label": "Ga", "xyz": [0.0, 0.0, 0.0], "abc": [0.0, 0.0, 0.0], "species": [{"occu": 1, "element": "Ga"}], "properties": {"magmom": 0.0}}, {"label": "Ga", "xyz": [1.9795474999999998, 1.9795474999999998, 0.0], "abc": [0.5, 0.5, 0.0], "species": [{"occu": 1, "element": "Ga"}], "properties": {"magmom": 0.0}}, {"label": "P", "xyz": [1.9795474999999998, 0.0, 22.439148386223], "abc": [0.5, 0.0, 0.937217], "species": [{"occu": 1, "element": "P"}], "properties": {"magmom": 0.0}}, {"label": "P", "xyz": [0.0, 1.9795474999999998, 1.503170613777], "abc": [0.0, 0.5, 0.06278299999999999], "species": [{"occu": 1, "element": "P"}], "properties": {"magmom": 0.0}}], "@class": "Structure", "@module": "pymatgen.core.structure"}