{"lattice": {"a": 2.78170132, "c": 22.485215, "b": 2.781702152371086, "matrix": [[2.78170132, 0.0, 0.0], [1.39085066, 2.40902497, 0.0], [0.0, 0.0, 22.485215]], "volume": 150.67765156296653, "beta": 90.0, "alpha": 90.0, "gamma": 60.00000989847619}, "sites": [{"label": "Si", "xyz": [2.7817027108506602, 1.6060174496749902, 12.290378945021601], "abc": [0.666667, 0.666667, 0.54659824], "species": [{"occu": 1, "element": "Si"}], "properties": {"magmom": -0.0}}, {"label": "Si", "xyz": [1.39084926914934, 0.80300752032501, 10.1948135697634], "abc": [0.333333, 0.333333, 0.45340076], "species": [{"occu": 1, "element": "Si"}], "properties": {"magmom": -0.0}}], "@class": "Structure", "@module": "pymatgen.core.structure"}