{"lattice": {"a": 3.817159552139397, "c": 22.903114, "b": 3.817158845699437, "matrix": [[3.81715955, 0.0001278, 0.0], [-1.90860608, 3.30574114, 0.0], [0.0, 0.0, 22.903114]], "volume": 289.0094778605712, "beta": 90.0, "alpha": 90.0, "gamma": 119.99854374090236}, "sites": [{"label": "V", "xyz": [0.0, 0.0, 11.451557], "abc": [-0.0, -0.0, 0.5], "species": [{"occu": 1, "element": "V"}], "properties": {"magmom": 2.659}}, {"label": "Br", "xyz": [1.9085422824090892, 1.102015496493588, 12.907126391100759], "abc": [0.66666165, 0.33333835, 0.56355334], "species": [{"occu": 1, "element": "Br"}], "properties": {"magmom": -0.024}}, {"label": "Br", "xyz": [1.1187590910636741e-05, 2.20385344350641, 9.99598760889924], "abc": [0.33333835, 0.66666165, 0.43644666], "species": [{"occu": 1, "element": "Br"}], "properties": {"magmom": -0.024}}], "@class": "Structure", "@module": "pymatgen.core.structure"}