{"lattice": {"a": 3.743562, "c": 21.478674, "b": 3.743562179577227, "matrix": [[3.743562, 0.0, 0.0], [-1.871781, 3.24202, 0.0], [0.0, 0.0, 21.478674]], "volume": 260.6802844921426, "beta": 90.0, "alpha": 90.0, "gamma": 119.999998413178}, "sites": [{"label": "Sn", "xyz": [-1.871781000074315e-06, 2.16134774734, 3.572268623658], "abc": [0.333333, 0.666667, 0.166317], "species": [{"occu": 1, "element": "Sn"}], "properties": {"magmom": 0.0}}, {"label": "S", "xyz": [1.871782871780999, 1.0806722526599999, 2.101194241398], "abc": [0.666667, 0.333333, 0.097827], "species": [{"occu": 1, "element": "S"}], "properties": {"magmom": 0.0}}], "@class": "Structure", "@module": "pymatgen.core.structure"}