{"lattice": {"a": 3.55135747, "c": 21.490856, "b": 3.5565420999999997, "matrix": [[3.55135747, 0.0, 0.0], [0.0, 3.5565420999999997, 0.0], [0.0, 0.0, 21.490856]], "volume": 271.44138184466965, "beta": 90.0, "alpha": 90.0, "gamma": 90.0}, "sites": [{"label": "Y", "xyz": [1.775678735, 0.0, 10.972507906295599], "abc": [0.5, 0.0, 0.5105663500000001], "species": [{"occu": 1, "element": "Y"}], "properties": {"magmom": 0.0}}, {"label": "B", "xyz": [0.0, 1.7782710499999999, 9.933473802938721], "abc": [0.0, 0.5, 0.46221862], "species": [{"occu": 1, "element": "B"}], "properties": {"magmom": 0.0}}, {"label": "C", "xyz": [0.0, 1.7782710499999999, 11.330302290765681], "abc": [0.0, 0.5, 0.52721503], "species": [{"occu": 1, "element": "C"}], "properties": {"magmom": 0.0}}], "@class": "Structure", "@module": "pymatgen.core.structure"}