{"lattice": {"a": 4.59837065, "c": 23.788442, "b": 4.6006517, "matrix": [[4.59837065, 0.0, 0.0], [0.0, 4.6006517, 0.0], [0.0, 0.0, 23.788442]], "volume": 503.2564263168269, "beta": 90.0, "alpha": 90.0, "gamma": 90.0}, "sites": [{"label": "Bi", "xyz": [1.1495926625, 3.40964694959842, 10.0749796778743], "abc": [0.25, 0.7411226, 0.42352415], "species": [{"occu": 1, "element": "Bi"}], "properties": {"magmom": -0.0}}, {"label": "Bi", "xyz": [3.448777987499999, 1.19100475040158, 13.7134623221257], "abc": [0.75, 0.2588774, 0.57647585], "species": [{"occu": 1, "element": "Bi"}], "properties": {"magmom": -0.0}}, {"label": "Bi", "xyz": [1.1495926625, 3.485054207326372, 13.11773526776788], "abc": [0.25, 0.75751316, 0.55143314], "species": [{"occu": 1, "element": "Bi"}], "properties": {"magmom": 0.0}}, {"label": "Bi", "xyz": [3.448777987499999, 1.115597492673628, 10.67070673223212], "abc": [0.75, 0.24248684, 0.44856686], "species": [{"occu": 1, "element": "Bi"}], "properties": {"magmom": 0.0}}], "@class": "Structure", "@module": "pymatgen.core.structure"}