{"lattice": {"a": 2.16223747, "c": 22.120631, "b": 4.97348112, "matrix": [[2.16223747, 0.0, 0.0], [0.0, 4.97348112, 0.0], [0.0, 0.0, 22.120631]], "volume": 237.88188649371926, "beta": 90.0, "alpha": 90.0, "gamma": 90.0}, "sites": [{"label": "N", "xyz": [1.081118735, 1.606680240931761, 12.14969286933272], "abc": [0.5, 0.32304943, 0.54924712], "species": [{"occu": 1, "element": "N"}], "properties": {"magmom": -0.001}}, {"label": "N", "xyz": [1.081118735, 3.366800879068238, 9.97093813066728], "abc": [0.5, 0.67695057, 0.45075288], "species": [{"occu": 1, "element": "N"}], "properties": {"magmom": -0.001}}, {"label": "N", "xyz": [0.0, 4.093420800931761, 9.97093813066728], "abc": [0.0, 0.82304943, 0.45075288], "species": [{"occu": 1, "element": "N"}], "properties": {"magmom": 0.001}}, {"label": "N", "xyz": [0.0, 0.8800603190682381, 12.14969286933272], "abc": [-0.0, 0.17695057, 0.54924712], "species": [{"occu": 1, "element": "N"}], "properties": {"magmom": 0.001}}], "@class": "Structure", "@module": "pymatgen.core.structure"}