{"lattice": {"a": 2.975029560046946, "c": 20.0, "b": 2.975029646647852, "matrix": [[2.9750277499999997, -0.00328175, 0.0], [-0.00284115, 2.97502829, 0.0], [0.0, 0.0, 20.0]], "volume": 177.0156479168207, "beta": 90.0, "alpha": 90.0, "gamma": 90.1179203027865}, "sites": [{"label": "Sn", "xyz": [1.4860932999999998, 1.48587327, 10.0], "abc": [0.5, 0.5, 0.5], "species": [{"occu": 1, "element": "Sn"}], "properties": {"magmom": -0.0}}], "@class": "Structure", "@module": "pymatgen.core.structure"}