{"lattice": {"a": 3.79312563, "c": 26.638438999999998, "b": 3.793124969708388, "matrix": [[3.79312563, 0.0, 0.0], [1.89656282, 3.28494239, 0.0], [0.0, 0.0, 26.638438999999998]], "volume": 331.92025558668826, "beta": 90.0, "alpha": 90.0, "gamma": 59.99999415440596}, "sites": [{"label": "Tb", "xyz": [1.89656092010385, 1.09497970168587, 11.933112833998882], "abc": [0.333333, 0.333333, 0.44796592], "species": [{"occu": 1, "element": "Tb"}], "properties": {"magmom": 0.47000000000000003}}, {"label": "Tb", "xyz": [3.79312752989615, 2.18996268831413, 14.70532616600112], "abc": [0.666667, 0.666667, 0.55203408], "species": [{"occu": 1, "element": "Tb"}], "properties": {"magmom": 0.47000000000000003}}, {"label": "Br", "xyz": [0.0, 0.0, 9.99867041701494], "abc": [0.0, 0.0, 0.37534746], "species": [{"occu": 1, "element": "Br"}], "properties": {"magmom": 0.009000000000000001}}, {"label": "Br", "xyz": [0.0, 0.0, 16.639768582985063], "abc": [0.0, 0.0, 0.62465254], "species": [{"occu": 1, "element": "Br"}], "properties": {"magmom": 0.009000000000000001}}], "@class": "Structure", "@module": "pymatgen.core.structure"}