{"lattice": {"a": 3.03579094, "c": 24.904260999999998, "b": 3.279664357631924, "matrix": [[3.03579094, 0.0, 0.0], [-1.51789547, 2.90726532, 0.0], [0.0, 0.0, 24.904260999999998]], "volume": 219.8012649395929, "beta": 90.0, "alpha": 90.0, "gamma": 117.56925107403828}, "sites": [{"label": "Sc", "xyz": [0.0, 0.0, 12.452130499999999], "abc": [0.0, -0.0, 0.5], "species": [{"occu": 1, "element": "Sc"}], "properties": {"magmom": -0.0}}, {"label": "As", "xyz": [-0.758947735, 1.45363266, 10.29999964769963], "abc": [0.0, 0.5, 0.41358383], "species": [{"occu": 1, "element": "As"}], "properties": {"magmom": -0.0}}, {"label": "As", "xyz": [0.758947735, 1.45363266, 14.604261352300371], "abc": [0.5, 0.5, 0.58641617], "species": [{"occu": 1, "element": "As"}], "properties": {"magmom": -0.0}}], "@class": "Structure", "@module": "pymatgen.core.structure"}