{"lattice": {"a": 3.784602411431972, "c": 22.965645, "b": 3.7853837287863352, "matrix": [[3.7846024099999998, 0.00010411, 0.0], [1.8867364800000002, 3.28166961, 0.0], [0.0, 0.0, 22.965645]], "volume": 285.2245446077416, "beta": 90.0, "alpha": 90.0, "gamma": 60.102455286287}, "sites": [{"label": "Fe", "xyz": [1.891939373704266, 1.093916629136385, 12.3034543520979], "abc": [0.33372906, 0.3333309, 0.53573302], "species": [{"occu": 1, "element": "Fe"}], "properties": {"magmom": 2.903}}, {"label": "Cu", "xyz": [3.783985964243084, 2.18970857447764, 10.59407661174015], "abc": [0.66720156, 0.66723326, 0.46130107000000004], "species": [{"occu": 1, "element": "Cu"}], "properties": {"magmom": 0.136}}, {"label": "S", "xyz": [1.8910326361597072, 1.093862916927388, 10.03438179607095], "abc": [0.33349763, 0.33331454, 0.43693011], "species": [{"occu": 1, "element": "S"}], "properties": {"magmom": 0.149}}, {"label": "S", "xyz": [3.7843015930718322, 2.189288667358295, 12.999377240090999], "abc": [0.66734875, 0.6671053, 0.5660358], "species": [{"occu": 1, "element": "S"}], "properties": {"magmom": 0.12}}], "@class": "Structure", "@module": "pymatgen.core.structure"}