{"lattice": {"a": 3.188080321350632, "c": 21.025149, "b": 3.6331258278911003, "matrix": [[3.18799659, -0.02310579, 0.0], [-0.04465652, 3.63285137, 0.0], [0.0, 0.0, 21.025149]], "volume": 243.48144270392652, "beta": 90.0, "alpha": 90.0, "gamma": 91.11952607509542}, "sites": [{"label": "S", "xyz": [-0.033492390000000004, 2.7246385275, 11.057644549525829], "abc": [-0.0, 0.75, 0.52592467], "species": [{"occu": 1, "element": "S"}], "properties": {"magmom": 0.0}}, {"label": "S", "xyz": [-0.01116413, 0.9082128425, 9.96750445047417], "abc": [0.0, 0.25, 0.47407533], "species": [{"occu": 1, "element": "S"}], "properties": {"magmom": 0.0}}], "@class": "Structure", "@module": "pymatgen.core.structure"}