{"lattice": {"a": 2.696529229786, "c": 22.024152, "b": 4.663903130925597, "matrix": [[2.69652914, 0.00069586, 0.0], [0.0013345100000000001, 4.66390294, 0.0], [0.0, 0.0, 22.024152]], "volume": 276.98342760182175, "beta": 90.0, "alpha": 90.0, "gamma": 89.96882000735081}, "sites": [{"label": "Pd", "xyz": [2.023014657515711, 2.724327499107488, 9.83123611409664], "abc": [0.74994008, 0.58401851, 0.44638432], "species": [{"occu": 1, "element": "Pd"}], "properties": {"magmom": 0.156}}, {"label": "Pd", "xyz": [0.6748489924842881, 1.940271300892511, 12.192915885903362], "abc": [0.25005992, 0.41598149, 0.55361568], "species": [{"occu": 1, "element": "Pd"}], "properties": {"magmom": 0.156}}, {"label": "Pd", "xyz": [2.023924533677861, 4.273482344380916, 12.19669082555616], "abc": [0.75011312, 0.91617695, 0.55378708], "species": [{"occu": 1, "element": "Pd"}], "properties": {"magmom": 0.155}}, {"label": "Pd", "xyz": [0.6739391163221381, 0.39111645561908304, 9.82746117444384], "abc": [0.24988688, 0.08382305, 0.44621292], "species": [{"occu": 1, "element": "Pd"}], "properties": {"magmom": 0.155}}], "@class": "Structure", "@module": "pymatgen.core.structure"}