{"lattice": {"a": 2.802438, "c": 22.883476, "b": 2.802438, "matrix": [[2.802438, 0.0, 0.0], [0.0, 2.802438, 0.0], [0.0, 0.0, 22.883476]], "volume": 179.71901137694434, "beta": 90.0, "alpha": 90.0, "gamma": 90.0}, "sites": [{"label": "Be", "xyz": [0.0, 0.0, 11.125694312964], "abc": [0.0, 0.0, 0.486189], "species": [{"occu": 1, "element": "Be"}], "properties": {"magmom": -0.0}}, {"label": "Be", "xyz": [0.0, 0.0, 8.839932545752001], "abc": [0.0, 0.0, 0.386302], "species": [{"occu": 1, "element": "Be"}], "properties": {"magmom": -0.0}}, {"label": "Rh", "xyz": [1.401219, 1.401219, 9.982824871096001], "abc": [0.5, 0.5, 0.43624599999999997], "species": [{"occu": 1, "element": "Rh"}], "properties": {"magmom": 0.0}}], "@class": "Structure", "@module": "pymatgen.core.structure"}