{"lattice": {"a": 4.24160854, "c": 22.8738, "b": 4.241608379198894, "matrix": [[4.24160854, 1e-08, 0.0], [2.12080379, 3.67334084, 0.0], [0.0, 0.0, 22.8738]], "volume": 356.39379240889923, "beta": 90.0, "alpha": 90.0, "gamma": 60.00000609776426}, "sites": [{"label": "Ce", "xyz": [0.0, 0.0, 11.4369], "abc": [0.0, -0.0, 0.5], "species": [{"occu": 1, "element": "Ce"}], "properties": {"magmom": -0.0}}, {"label": "Se", "xyz": [4.24161034080411, 2.44889512444695, 9.970589461493999], "abc": [0.666667, 0.666667, 0.43589563000000003], "species": [{"occu": 1, "element": "Se"}], "properties": {"magmom": -0.0}}, {"label": "Se", "xyz": [2.12080198919589, 1.224445725553049, 12.903210538506], "abc": [0.333333, 0.333333, 0.56410437], "species": [{"occu": 1, "element": "Se"}], "properties": {"magmom": -0.0}}], "@class": "Structure", "@module": "pymatgen.core.structure"}