{"lattice": {"a": 3.127136335057387, "c": 23.141234610731573, "b": 3.520472808634523, "matrix": [[3.12713633, -0.00016618, -6.336e-05], [-1.56372766, 3.13435983, -0.35252384000000003], [-0.00046996, 0.026318460000000002, 23.14121964]], "volume": 226.8432978708483, "beta": 90.00232793385067, "alpha": 95.68813683921914, "gamma": 116.37385679920916}, "sites": [{"label": "Cr", "xyz": [3.752231213999999e-07, 3.76882821e-07, 6.519223236e-07], "abc": [1.8e-07, 1.2e-07, 3.0000000000000004e-08], "species": [{"occu": 1, "element": "Cr"}], "properties": {"magmom": 3.813}}, {"label": "F", "xyz": [1.5631118297229531, 0.828062898193692, 22.10195617272241], "abc": [0.62809611, 0.2561697, 0.95899448], "species": [{"occu": 1, "element": "F"}], "properties": {"magmom": 0.011}}, {"label": "F", "xyz": [-0.00017349494607400001, 2.332448834923487, 0.686675615355266], "abc": [0.37190371, 0.74383018, 0.04100549], "species": [{"occu": 1, "element": "F"}], "properties": {"magmom": 0.011}}], "@class": "Structure", "@module": "pymatgen.core.structure"}