{"lattice": {"a": 3.7043972, "c": 23.013137, "b": 3.704397303136746, "matrix": [[3.7043972, 0.0, 0.0], [-1.8521986, 3.2081022, 0.0], [0.0, 0.0, 23.013137]], "volume": 273.4900717829678, "beta": 90.0, "alpha": 90.0, "gamma": 119.99999907900374}, "sites": [{"label": "Be", "xyz": [-1.852198600124904e-06, 2.1387358693674, 22.95080476777865], "abc": [0.333333, 0.666667, 0.99729145], "species": [{"occu": 1, "element": "Be"}], "properties": {"magmom": -0.0}}, {"label": "Be", "xyz": [1.852200452198599, 1.0693663306326, 0.06233223222135], "abc": [0.666667, 0.333333, 0.00270855], "species": [{"occu": 1, "element": "Be"}], "properties": {"magmom": -0.0}}, {"label": "P", "xyz": [0.0, 0.0, 0.0], "abc": [0.0, 0.0, 0.0], "species": [{"occu": 1, "element": "P"}], "properties": {"magmom": 0.0}}], "@class": "Structure", "@module": "pymatgen.core.structure"}