{"lattice": {"a": 3.73579098, "c": 22.613389, "b": 3.735790577462404, "matrix": [[3.73579098, -0.0, 0.0], [-1.8678949999999999, 3.23528971, 0.0], [0.0, 0.0, 22.613389]], "volume": 273.3136985844201, "beta": 90.0, "alpha": 90.0, "gamma": 119.9999948866775}, "sites": [{"label": "Pt", "xyz": [0.0, 0.0, 11.3066945], "abc": [0.0, -0.0, 0.5], "species": [{"occu": 1, "element": "Pt"}], "properties": {"magmom": -0.0}}, {"label": "Se", "xyz": [1.86789752122866, 1.07842882490343, 12.634576898406232], "abc": [0.666667, 0.333333, 0.55872107], "species": [{"occu": 1, "element": "Se"}], "properties": {"magmom": 0.0}}, {"label": "Se", "xyz": [-1.541228660044625e-06, 2.15686088509657, 9.978812101593771], "abc": [0.333333, 0.666667, 0.44127893], "species": [{"occu": 1, "element": "Se"}], "properties": {"magmom": 0.0}}], "@class": "Structure", "@module": "pymatgen.core.structure"}