{"lattice": {"a": 5.551660386215993, "c": 20.0, "b": 7.5512859607145835, "matrix": [[5.49485439, -0.7921541999999999, 0.0], [-2.4062333, 7.15765052, 0.0], [0.0, 0.0, 20.0]], "volume": 748.4827913426584, "beta": 90.0, "alpha": 90.0, "gamma": 116.78483812029188}, "sites": [{"label": "Li", "xyz": [0.0, 0.0, 10.0], "abc": [0.0, 0.0, 0.5], "species": [{"occu": 1, "element": "Li"}], "properties": {"magmom": -0.0}}, {"label": "P", "xyz": [2.747427195, -0.39607709999999996, 10.0], "abc": [0.5, 0.0, 0.5], "species": [{"occu": 1, "element": "P"}], "properties": {"magmom": 0.0}}, {"label": "P", "xyz": [2.036748450644611, 1.443521128906203, 10.0], "abc": [0.48235664, 0.25505883, 0.5], "species": [{"occu": 1, "element": "P"}], "properties": {"magmom": -0.0}}, {"label": "P", "xyz": [1.051872639355389, 4.9219751910937966, 10.0], "abc": [0.51764336, 0.74494117, 0.5], "species": [{"occu": 1, "element": "P"}], "properties": {"magmom": -0.0}}], "@class": "Structure", "@module": "pymatgen.core.structure"}