{"lattice": {"a": 3.6330823, "c": 22.566862003811053, "b": 3.84111812303913, "matrix": [[3.6330823, 0.0, 0.0], [0.0, 3.84109351, -0.013750730000000001], [0.0, -0.07946295, 22.5667221]], "volume": 314.9148367086523, "beta": 90.0, "alpha": 90.40686389966655, "gamma": 90.0}, "sites": [{"label": "Mo", "xyz": [1.81654115, 1.6808894079580452, 11.086479346645138], "abc": [0.5, 0.44777595000000003, 0.49154842], "species": [{"occu": 1, "element": "Mo"}], "properties": {"magmom": -0.0}}, {"label": "O", "xyz": [1.81654115, 1.741637881469786, 12.790961713494564], "abc": [0.5, 0.46515413, 0.5670898], "species": [{"occu": 1, "element": "O"}], "properties": {"magmom": 0.0}}, {"label": "O", "xyz": [0.0, 1.863597047039852, 10.470003887824017], "abc": [-0.0, 0.49477797, 0.46425916], "species": [{"occu": 1, "element": "O"}], "properties": {"magmom": 0.0}}, {"label": "O", "xyz": [1.81654115, 3.71412554222603, 10.753232886669082], "abc": [0.5, 0.97681496, 0.47710362], "species": [{"occu": 1, "element": "O"}], "properties": {"magmom": 0.0}}], "@class": "Structure", "@module": "pymatgen.core.structure"}