{"lattice": {"a": 3.85589495, "c": 22.621078, "b": 3.85589495, "matrix": [[3.85589495, 0.0, 0.0], [0.0, 3.85589495, 0.0], [0.0, 0.0, 22.621078]], "volume": 336.32851070023406, "beta": 90.0, "alpha": 90.0, "gamma": 90.0}, "sites": [{"label": "Tb", "xyz": [0.0, 0.0, 11.310539], "abc": [0.0, -0.0, 0.5], "species": [{"occu": 1, "element": "Tb"}], "properties": {"magmom": 0.01}}, {"label": "Ge", "xyz": [1.927947475, 1.927947475, 12.576489626858962], "abc": [0.5, 0.5, 0.55596332], "species": [{"occu": 1, "element": "Ge"}], "properties": {"magmom": 0.031}}, {"label": "Ge", "xyz": [1.927947475, 1.927947475, 10.04458837314104], "abc": [0.5, 0.5, 0.44403668], "species": [{"occu": 1, "element": "Ge"}], "properties": {"magmom": 0.031}}], "@class": "Structure", "@module": "pymatgen.core.structure"}