{"lattice": {"a": 3.34494875, "c": 23.127452, "b": 3.344948544193089, "matrix": [[3.34494875, 0.0, 0.0], [-1.67247388, 2.89681064, 0.0], [0.0, 0.0, 23.127452]], "volume": 224.0976814670479, "beta": 90.0, "alpha": 90.0, "gamma": 119.99999224475437}, "sites": [{"label": "Ta", "xyz": [1.6724762124742099, 0.96560258106312, 11.563725999999999], "abc": [0.666667, 0.333333, 0.5], "species": [{"occu": 1, "element": "Ta"}], "properties": {"magmom": 0.095}}, {"label": "S", "xyz": [0.0, 0.0, 13.128963042045001], "abc": [0.0, 0.0, 0.56767875], "species": [{"occu": 1, "element": "S"}], "properties": {"magmom": 0.004}}, {"label": "S", "xyz": [0.0, 0.0, 9.998488957955], "abc": [0.0, 0.0, 0.43232125], "species": [{"occu": 1, "element": "S"}], "properties": {"magmom": 0.004}}], "@class": "Structure", "@module": "pymatgen.core.structure"}