{"lattice": {"a": 5.484648670000001, "c": 20.0, "b": 5.484648931262823, "matrix": [[5.48464867, 8e-08, -0.0], [-2.7423247, 4.74984517, -0.0], [0.0, 0.0, 20.0]], "volume": 521.024644274648, "beta": 90.0, "alpha": 90.0, "gamma": 120.00000199138337}, "sites": [{"label": "Sc", "xyz": [2.74232695565779, 1.58328019338497, 5.74646], "abc": [0.666667, 0.333333, 0.287323], "species": [{"occu": 1, "element": "Sc"}], "properties": {"magmom": -0.0}}, {"label": "Ge", "xyz": [-1.221098813334411e-07, 1.5890494103739, 5.74646], "abc": [0.16727381, 0.33454762, 0.287323], "species": [{"occu": 1, "element": "Ge"}], "properties": {"magmom": -0.0}}, {"label": "Ge", "xyz": [-1.36616751963156, 3.955320484885907, 5.74646], "abc": [0.16727381, 0.83272619, 0.287323], "species": [{"occu": 1, "element": "Ge"}], "properties": {"magmom": -0.0}}, {"label": "Ge", "xyz": [1.366166911741441, 3.955320524740193, 5.74646], "abc": [0.6654523800000001, 0.83272619, 0.287323], "species": [{"occu": 1, "element": "Ge"}], "properties": {"magmom": -0.0}}], "@class": "Structure", "@module": "pymatgen.core.structure"}