{"lattice": {"a": 3.00334689, "c": 23.801584, "b": 3.00334689, "matrix": [[3.00334689, 0.0, 0.0], [0.0, 3.00334689, 0.0], [0.0, 0.0, 23.801584]], "volume": 214.69249031839556, "beta": 90.0, "alpha": 90.0, "gamma": 90.0}, "sites": [{"label": "Y", "xyz": [0.0, 0.0, 0.0], "abc": [0.0, 0.0, 0.0], "species": [{"occu": 1, "element": "Y"}], "properties": {"magmom": 0.0}}, {"label": "F", "xyz": [1.501673445, 1.501673445, 22.57157121641232], "abc": [0.5, 0.5, 0.94832223], "species": [{"occu": 1, "element": "F"}], "properties": {"magmom": -0.0}}, {"label": "F", "xyz": [1.501673445, 1.501673445, 1.23001278358768], "abc": [0.5, 0.5, 0.05167777], "species": [{"occu": 1, "element": "F"}], "properties": {"magmom": -0.0}}], "@class": "Structure", "@module": "pymatgen.core.structure"}