{"lattice": {"a": 3.298760196929143, "c": 23.758322751598058, "b": 3.304063445508424, "matrix": [[3.16791, 0.002062, 0.9198700000000001], [-0.26801, 3.1628629999999998, 0.917226], [-0.018283, -0.011361999999999999, 23.758313]], "volume": 238.1524486563613, "beta": 73.85233619403841, "alpha": 73.90624345435145, "gamma": 89.993592219463}, "sites": [{"label": "Bi", "xyz": [1.59412126693, 0.018751387565999002, 9.40848893981], "abc": [0.505968, 0.0069500000000000004, 0.37615000000000004], "species": [{"occu": 1, "element": "Bi"}], "properties": {"magmom": -0.0}}, {"label": "Bi", "xyz": [1.29647958243, 3.140349684872, 4.47428087123], "abc": [0.494021, 0.9930300000000001, 0.13086], "species": [{"occu": 1, "element": "Bi"}], "properties": {"magmom": -0.0}}, {"label": "W", "xyz": [2.491201364426, 0.9921061999440001, 6.336903976338], "abc": [0.814234, 0.313944, 0.223078], "species": [{"occu": 1, "element": "W"}], "properties": {"magmom": 0.0}}, {"label": "W", "xyz": [0.39945880593099903, 2.167121648256, 7.545471352935001], "abc": [0.185777, 0.686076, 0.28391299999999997], "species": [{"occu": 1, "element": "W"}], "properties": {"magmom": 0.0}}], "@class": "Structure", "@module": "pymatgen.core.structure"}