{"lattice": {"a": 3.467062420084072, "c": 24.98163800060261, "b": 3.467064950821189, "matrix": [[3.46706242, 7.47e-06, 2.296e-05], [-1.73352474, 3.00257079, -7.709999999999999e-06], [0.00017064, 3.147e-05, 24.981638]], "volume": 260.0616819581448, "beta": 89.99922920328233, "alpha": 90.00026058811068, "gamma": 119.99972894387604}, "sites": [{"label": "Rh", "xyz": [1.1023611048123361e-05, 2.001710835566937, 0.00022559939817600003], "abc": [0.33333435, 0.66666483, 8.93e-06], "species": [{"occu": 1, "element": "Rh"}], "properties": {"magmom": -0.094}}, {"label": "C", "xyz": [0.000153905725958, 2.001743667874352, 23.060091390041215], "abc": [0.33333076, 0.66666609, 0.92308154], "species": [{"occu": 1, "element": "C"}], "properties": {"magmom": 0.481}}, {"label": "C", "xyz": [1.733695459507305, 1.000898594293755, 24.981524579344722], "abc": [0.66666507, 0.33333507, 0.99999495], "species": [{"occu": 1, "element": "C"}], "properties": {"magmom": -0.063}}, {"label": "C", "xyz": [2.3765433165978693e-05, 2.001722803973595, 1.9214544580459592], "abc": [0.33333583, 0.66666801, 0.07691457], "species": [{"occu": 1, "element": "C"}], "properties": {"magmom": 0.47700000000000004}}], "@class": "Structure", "@module": "pymatgen.core.structure"}