{"lattice": {"a": 4.10436822, "c": 20.0, "b": 4.10436984379296, "matrix": [[4.10436822, 0.0, 0.0], [-2.05218411, 3.55448902, 0.0], [0.0, 0.0, 20.0]], "volume": 291.77863544053884, "beta": 90.0, "alpha": 90.0, "gamma": 119.99998691281797}, "sites": [{"label": "Ga", "xyz": [-2.0521841100801176e-06, 2.36966053149634, 7.70726], "abc": [0.333333, 0.666667, 0.38536299999999996], "species": [{"occu": 1, "element": "Ga"}], "properties": {"magmom": 0.001}}, {"label": "As", "xyz": [0.0, 0.0, 7.70726], "abc": [0.0, 0.0, 0.38536299999999996], "species": [{"occu": 1, "element": "As"}], "properties": {"magmom": -0.006}}], "@class": "Structure", "@module": "pymatgen.core.structure"}