{"lattice": {"a": 3.72691, "c": 22.641327, "b": 3.726910227229253, "matrix": [[3.72691, 0.0, 0.0], [-1.863455, 3.227599, 0.0], [0.0, 0.0, 22.641327]], "volume": 272.3518656375001, "beta": 90.0, "alpha": 90.0, "gamma": 119.99999798313276}, "sites": [{"label": "Re", "xyz": [0.0, 0.0, 0.0], "abc": [0.0, 0.0, 0.0], "species": [{"occu": 1, "element": "Re"}], "properties": {"magmom": 0.926}}, {"label": "Te", "xyz": [1.8634568634550002, 1.075865257467, 1.673352554589], "abc": [0.666667, 0.333333, 0.073907], "species": [{"occu": 1, "element": "Te"}], "properties": {"magmom": -0.01}}, {"label": "Te", "xyz": [-1.8634550000738632e-06, 2.151733742533, 20.967974445411002], "abc": [0.333333, 0.666667, 0.9260929999999999], "species": [{"occu": 1, "element": "Te"}], "properties": {"magmom": -0.01}}], "@class": "Structure", "@module": "pymatgen.core.structure"}