{"lattice": {"a": 3.359218, "c": 22.670328, "b": 3.359217891876768, "matrix": [[3.359218, 0.0, 0.0], [-1.6796090000000001, 2.909168, 0.0], [0.0, 0.0, 22.670328]], "volume": 221.5464493955256, "beta": 90.0, "alpha": 90.0, "gamma": 120.00000106473823}, "sites": [{"label": "Ru", "xyz": [0.0, 0.0, 0.0], "abc": [0.0, 0.0, 0.0], "species": [{"occu": 1, "element": "Ru"}], "properties": {"magmom": 1.345}}, {"label": "S", "xyz": [-1.679609000011935e-06, 1.939446303056, 21.24980524752], "abc": [0.333333, 0.666667, 0.9373400000000001], "species": [{"occu": 1, "element": "S"}], "properties": {"magmom": 0.203}}, {"label": "S", "xyz": [1.679610679609, 0.969721696944, 1.42052275248], "abc": [0.666667, 0.333333, 0.06266000000000001], "species": [{"occu": 1, "element": "S"}], "properties": {"magmom": 0.203}}], "@class": "Structure", "@module": "pymatgen.core.structure"}