{"lattice": {"a": 4.61872442, "c": 22.990012, "b": 4.61872442, "matrix": [[4.61872442, 0.0, 0.0], [0.0, 4.61872442, 0.0], [0.0, 0.0, 22.990012]], "volume": 490.437081000504, "beta": 90.0, "alpha": 90.0, "gamma": 90.0}, "sites": [{"label": "Cd", "xyz": [2.30936221, 2.30936221, 0.0], "abc": [0.5, 0.5, 0.0], "species": [{"occu": 1, "element": "Cd"}], "properties": {"magmom": -0.0}}, {"label": "Cd", "xyz": [0.0, 0.0, 0.0], "abc": [0.0, 0.0, 0.0], "species": [{"occu": 1, "element": "Cd"}], "properties": {"magmom": -0.0}}, {"label": "Te", "xyz": [0.0, 2.30936221, 1.80011931900072], "abc": [0.0, 0.5, 0.07830006], "species": [{"occu": 1, "element": "Te"}], "properties": {"magmom": 0.0}}, {"label": "Te", "xyz": [2.30936221, 0.0, 21.18989268099928], "abc": [0.5, 0.0, 0.92169994], "species": [{"occu": 1, "element": "Te"}], "properties": {"magmom": 0.0}}], "@class": "Structure", "@module": "pymatgen.core.structure"}