{"lattice": {"a": 4.97631941, "c": 25.699372, "b": 4.97631941, "matrix": [[4.97631941, 0.0, 0.0], [0.0, 4.97631941, 0.0], [0.0, 0.0, 25.699372]], "volume": 636.4129485297501, "beta": 90.0, "alpha": 90.0, "gamma": 90.0}, "sites": [{"label": "Rb", "xyz": [0.0, 0.0, 12.849686], "abc": [-0.0, -0.0, 0.5], "species": [{"occu": 1, "element": "Rb"}], "properties": {"magmom": -0.005}}, {"label": "O", "xyz": [0.0, 0.0, 15.5313653544246], "abc": [0.0, 0.0, 0.60434805], "species": [{"occu": 1, "element": "O"}], "properties": {"magmom": 1.148}}, {"label": "O", "xyz": [0.0, 0.0, 10.1680066455754], "abc": [-0.0, 0.0, 0.39565195000000003], "species": [{"occu": 1, "element": "O"}], "properties": {"magmom": 1.148}}], "@class": "Structure", "@module": "pymatgen.core.structure"}