{"lattice": {"a": 4.3644742700099854, "c": 25.130912000000922, "b": 4.364474396191831, "matrix": [[4.36447427, -9.27e-06, 1.11e-06], [-2.18224567, 3.77974081, -9.199999999999999e-07], [6.37e-06, -2.4e-06, 25.130912]], "volume": 414.573629908077, "beta": 89.99997090525689, "alpha": 90.00002407768831, "gamma": 120.00025011692782}, "sites": [{"label": "Tl", "xyz": [-2.182234092240319, 3.779734395921911, 7.7953297832071495], "abc": [1.4499999999999999e-06, 0.9999984999999999, 0.31018893000000003], "species": [{"occu": 1, "element": "Tl"}], "properties": {"magmom": 0.0}}, {"label": "Tl", "xyz": [-4.148213379819106e-06, 2.519823290415724, 5.221714725337473], "abc": [0.33333334000000003, 0.66666658, 0.20778056], "species": [{"occu": 1, "element": "Tl"}], "properties": {"magmom": 0.0}}, {"label": "Tl", "xyz": [-6.4875897767460545e-06, 2.519825104396035, 10.370059493804805], "abc": [0.33333281, 0.66666719, 0.4126416], "species": [{"occu": 1, "element": "Tl"}], "properties": {"magmom": 0.0}}, {"label": "Co", "xyz": [-1.6676507371190252e-05, 2.519831208857817, 7.795706920928533], "abc": [0.3333314, 0.66666874, 0.31020391], "species": [{"occu": 1, "element": "Co"}], "properties": {"magmom": -0.0}}], "@class": "Structure", "@module": "pymatgen.core.structure"}