{"lattice": {"a": 3.09080071, "c": 23.335725, "b": 3.09080071, "matrix": [[3.09080071, 0.0, 0.0], [0.0, 3.09080071, 0.0], [0.0, 0.0, 23.335725]], "volume": 222.92732505077927, "beta": 90.0, "alpha": 90.0, "gamma": 90.0}, "sites": [{"label": "Ga", "xyz": [1.545400355, 1.545400355, 1.42244428559625], "abc": [0.5, 0.5, 0.06095565], "species": [{"occu": 1, "element": "Ga"}], "properties": {"magmom": -0.001}}, {"label": "Ga", "xyz": [1.545400355, 1.545400355, 21.91328071440375], "abc": [0.5, 0.5, 0.93904435], "species": [{"occu": 1, "element": "Ga"}], "properties": {"magmom": -0.001}}, {"label": "Os", "xyz": [0.0, 0.0, 0.0], "abc": [0.0, 0.0, 0.0], "species": [{"occu": 1, "element": "Os"}], "properties": {"magmom": -0.001}}], "@class": "Structure", "@module": "pymatgen.core.structure"}