{"lattice": {"a": 4.46393907, "c": 22.300729, "b": 4.463939803801418, "matrix": [[4.46393907, 0.0, 0.0], [-2.23196954, 3.86588548, 0.0], [0.0, 0.0, 22.300729]], "volume": 384.8454027345887, "beta": 90.0, "alpha": 90.0, "gamma": 119.99999463631714}, "sites": [{"label": "Li", "xyz": [0.0, 0.0, 11.1503645], "abc": [0.0, 0.0, 0.5], "species": [{"occu": 1, "element": "Li"}], "properties": {"magmom": -0.0}}, {"label": "As", "xyz": [2.23197176530287, 1.28862720470484, 12.39827805968818], "abc": [0.666667, 0.333333, 0.5559584200000001], "species": [{"occu": 1, "element": "As"}], "properties": {"magmom": -0.0}}, {"label": "As", "xyz": [2.23197176530287, 1.28862720470484, 9.90245094031182], "abc": [0.666667, 0.333333, 0.44404158], "species": [{"occu": 1, "element": "As"}], "properties": {"magmom": -0.0}}, {"label": "As", "xyz": [-2.235302870056158e-06, 2.57725827529516, 11.1503645], "abc": [0.333333, 0.666667, 0.5], "species": [{"occu": 1, "element": "As"}], "properties": {"magmom": -0.0}}], "@class": "Structure", "@module": "pymatgen.core.structure"}