{"lattice": {"a": 2.83427921906685, "c": 21.025149, "b": 4.645104630194481, "matrix": [[2.8342632500000002, 0.00951427, 0.0], [-0.0142247, 4.64508285, 0.0], [0.0, 0.0, 21.025149]], "volume": 276.8070817412662, "beta": 90.0, "alpha": 90.0, "gamma": 89.9831229926051}, "sites": [{"label": "Se", "xyz": [-0.010668525, 3.483812137499999, 11.03090791879998], "abc": [-0.0, 0.75, 0.52465302], "species": [{"occu": 1, "element": "Se"}], "properties": {"magmom": 0.0}}, {"label": "Se", "xyz": [-0.0035561750000000004, 1.1612707125, 9.99424108120002], "abc": [0.0, 0.25, 0.47534698000000003], "species": [{"occu": 1, "element": "Se"}], "properties": {"magmom": 0.0}}], "@class": "Structure", "@module": "pymatgen.core.structure"}