{"lattice": {"a": 4.10007472, "c": 23.241441, "b": 6.007362606741232, "matrix": [[4.10007472, 1e-08, 0.0], [2.05003688, 5.64674723, 0.0], [0.0, 0.0, 23.241441]], "volume": 538.0878302780736, "beta": 90.0, "alpha": 90.0, "gamma": 70.04670324992568}, "sites": [{"label": "In", "xyz": [2.050036975777212, 4.278851117882292, 11.341328165306699], "abc": [0.12112248, 0.75775503, 0.4879787], "species": [{"occu": 1, "element": "In"}], "properties": {"magmom": 0.0}}, {"label": "In", "xyz": [4.100074624222788, 1.367896122117708, 11.9001128346933], "abc": [0.87887752, 0.24224497, 0.5120213], "species": [{"occu": 1, "element": "In"}], "properties": {"magmom": 0.0}}, {"label": "Se", "xyz": [2.050035126883671, 2.394918935759421, 13.299099302499718], "abc": [0.28793769, 0.42412363000000003, 0.57221492], "species": [{"occu": 1, "element": "Se"}], "properties": {"magmom": -0.0}}, {"label": "Se", "xyz": [4.100076473116329, 3.2518283042405782, 9.942341697500279], "abc": [0.71206231, 0.57587637, 0.42778508], "species": [{"occu": 1, "element": "Se"}], "properties": {"magmom": -0.0}}], "@class": "Structure", "@module": "pymatgen.core.structure"}