{"lattice": {"a": 3.4985041, "c": 22.803068, "b": 3.498503160419884, "matrix": [[3.4985041, 4e-08, 0.0], [-1.7492514799999999, 3.02979267, -0.0], [-0.0, -0.0, 22.803068]], "volume": 241.70664098593258, "beta": 90.0, "alpha": 90.0, "gamma": 119.99999744986171}, "sites": [{"label": "Pt", "xyz": [0.0, 0.0, 0.0], "abc": [-0.0, 0.0, -0.0], "species": [{"occu": 1, "element": "Pt"}], "properties": {"magmom": 1.536}}, {"label": "F", "xyz": [-1.36925186024534e-06, 2.01986280326421, 1.01221154228036], "abc": [0.333333, 0.666667, 0.04438927], "species": [{"occu": 1, "element": "F"}], "properties": {"magmom": 0.203}}, {"label": "F", "xyz": [1.74925398925186, 1.009929906735789, 21.790856457719638], "abc": [0.666667, 0.333333, 0.9556107300000001], "species": [{"occu": 1, "element": "F"}], "properties": {"magmom": 0.203}}], "@class": "Structure", "@module": "pymatgen.core.structure"}