{"lattice": {"a": 3.91877142, "c": 22.785332, "b": 4.45319417, "matrix": [[3.91877142, 0.0, 0.0], [0.0, 4.45319417, 0.0], [0.0, 0.0, 22.785332]], "volume": 397.62796893522807, "beta": 90.0, "alpha": 90.0, "gamma": 90.0}, "sites": [{"label": "Ge", "xyz": [0.0, 0.48531716092804705, 10.12287886626436], "abc": [-0.0, 0.10898181, 0.44427173000000003], "species": [{"occu": 1, "element": "Ge"}], "properties": {"magmom": -0.0}}, {"label": "Ge", "xyz": [1.95938571, 2.711914245928047, 12.66245313373564], "abc": [0.5, 0.6089818100000001, 0.55572827], "species": [{"occu": 1, "element": "Ge"}], "properties": {"magmom": -0.0}}, {"label": "Se", "xyz": [1.95938571, 2.244477505699441, 10.143387260037601], "abc": [0.5, 0.5040151900000001, 0.4451718], "species": [{"occu": 1, "element": "Se"}], "properties": {"magmom": -0.0}}, {"label": "Se", "xyz": [0.0, 0.017880420699442002, 12.6419447399624], "abc": [0.0, 0.00401519, 0.5548282], "species": [{"occu": 1, "element": "Se"}], "properties": {"magmom": -0.0}}], "@class": "Structure", "@module": "pymatgen.core.structure"}