{"lattice": {"a": 3.56785055, "c": 23.619353, "b": 3.567850182139995, "matrix": [[3.56785055, 0.0, 0.0], [-1.78392477, 3.08984908, 0.0], [0.0, 0.0, 23.619353]], "volume": 260.3825756414003, "beta": 90.0, "alpha": 90.0, "gamma": 119.99999404632528}, "sites": [{"label": "Te", "xyz": [1.78392722725844, 1.029948663383639, 13.622404211528682], "abc": [0.666667, 0.333333, 0.57674756], "species": [{"occu": 1, "element": "Te"}], "properties": {"magmom": -0.0}}, {"label": "Te", "xyz": [1.78392722725844, 1.029948663383639, 9.99694878847132], "abc": [0.666667, 0.333333, 0.42325244], "species": [{"occu": 1, "element": "Te"}], "properties": {"magmom": -0.0}}, {"label": "Mo", "xyz": [0.0, 0.0, 11.8096765], "abc": [-0.0, 0.0, 0.5], "species": [{"occu": 1, "element": "Mo"}], "properties": {"magmom": 0.0}}], "@class": "Structure", "@module": "pymatgen.core.structure"}