{"lattice": {"a": 3.26702302438575, "c": 20.0, "b": 5.908069518256933, "matrix": [[3.26701134, 0.00873763, 0.0], [-0.028347670000000002, 5.90800151, 0.0], [0.0, 0.0, 20.0]], "volume": 386.0351124271789, "beta": 90.0, "alpha": 90.0, "gamma": 90.12167616189753}, "sites": [{"label": "Bi", "xyz": [2.01091517079593, 4.436580053772446, 10.0], "abc": [0.62202925, 0.75002435, 0.5], "species": [{"occu": 1, "element": "Bi"}], "properties": {"magmom": -0.0}}, {"label": "Bi", "xyz": [1.227748499204069, 1.480159086227554, 10.0], "abc": [0.37797075, 0.24997565, 0.5], "species": [{"occu": 1, "element": "Bi"}], "properties": {"magmom": -0.0}}], "@class": "Structure", "@module": "pymatgen.core.structure"}