{"lattice": {"a": 3.80757587, "c": 23.185148, "b": 3.807574863835646, "matrix": [[3.80757587, 0.0, 0.0], [-1.90378743, 3.29745656, 0.0], [0.0, 0.0, 23.185148]], "volume": 291.09686034763666, "beta": 90.0, "alpha": 90.0, "gamma": 119.9999999666764}, "sites": [{"label": "Zr", "xyz": [0.0, 0.0, 11.592573999999999], "abc": [0.0, 0.0, 0.5], "species": [{"occu": 1, "element": "Zr"}], "properties": {"magmom": -0.0}}, {"label": "Se", "xyz": [1.9037900071211, 1.09915108751448, 13.179502089641721], "abc": [0.666667, 0.333333, 0.56844589], "species": [{"occu": 1, "element": "Se"}], "properties": {"magmom": 0.0}}, {"label": "Se", "xyz": [-1.567121100116488e-06, 2.19830547248552, 10.00564591035828], "abc": [0.333333, 0.666667, 0.43155411], "species": [{"occu": 1, "element": "Se"}], "properties": {"magmom": 0.0}}], "@class": "Structure", "@module": "pymatgen.core.structure"}