{"lattice": {"a": 5.09756312, "c": 25.767308, "b": 5.096999175250335, "matrix": [[5.09756312, 0.0, 0.0], [-2.54878156, 4.41396796, 0.0], [0.0, 0.0, 25.767308]], "volume": 579.776805671045, "beta": 90.0, "alpha": 90.0, "gamma": 120.00366009205558}, "sites": [{"label": "Li", "xyz": [-2.5487815352074522e-08, 2.942413146665197, 10.20989150593748], "abc": [0.33330703, 0.6666140700000001, 0.39623431000000003], "species": [{"occu": 1, "element": "Li"}], "properties": {"magmom": -0.0}}, {"label": "Li", "xyz": [-2.5487815352074522e-08, 2.942413146665197, 15.55741649406252], "abc": [0.33330703, 0.6666140700000001, 0.60376569], "species": [{"occu": 1, "element": "Li"}], "properties": {"magmom": -0.0}}, {"label": "Tl", "xyz": [-2.5487815599980773e-08, -0.00040489328097, 12.883654], "abc": [-4.587e-05, -9.173e-05, 0.5], "species": [{"occu": 1, "element": "Tl"}], "properties": {"magmom": -0.0}}, {"label": "Tl", "xyz": [-3.525670679232462e-17, 2.941590074059696, 12.883654], "abc": [0.3332138, 0.6664276, 0.5], "species": [{"occu": 1, "element": "Tl"}], "properties": {"magmom": -0.0}}], "@class": "Structure", "@module": "pymatgen.core.structure"}