{"lattice": {"a": 3.47322664, "c": 23.356406, "b": 3.473226603613118, "matrix": [[3.47322664, -0.0, 0.0], [-1.73661282, 3.00790275, 0.0], [0.0, 0.0, 23.356406]], "volume": 244.0073622104367, "beta": 90.0, "alpha": 90.0, "gamma": 119.99999082234835}, "sites": [{"label": "Ta", "xyz": [0.0, 0.0, 11.678203], "abc": [0.0, 0.0, 0.5], "species": [{"occu": 1, "element": "Ta"}], "properties": {"magmom": 0.08}}, {"label": "Se", "xyz": [-1.4032798199199239e-06, 2.00526950263425, 10.00106730522656], "abc": [0.333333, 0.666667, 0.42819376000000003], "species": [{"occu": 1, "element": "Se"}], "properties": {"magmom": 0.003}}, {"label": "Se", "xyz": [-1.4032798199199239e-06, 2.00526950263425, 13.35533869477344], "abc": [0.333333, 0.666667, 0.57180624], "species": [{"occu": 1, "element": "Se"}], "properties": {"magmom": 0.003}}], "@class": "Structure", "@module": "pymatgen.core.structure"}