{"lattice": {"a": 2.907802979005318, "c": 22.780419, "b": 2.907803562039124, "matrix": [[2.90780283, 0.00093089, 0.0], [-1.45211222, 2.51926411, 0.0], [0.0, 0.0, 22.780419]], "volume": 166.90928394863985, "beta": 90.0, "alpha": 90.0, "gamma": 119.9409491694728}, "sites": [{"label": "Al", "xyz": [1.455016090968377, 0.840075934002361, 11.3902095], "abc": [0.66678554, 0.33321446, 0.5], "species": [{"occu": 1, "element": "Al"}], "properties": {"magmom": -0.0}}, {"label": "Pt", "xyz": [0.000874072343461, 1.680003801886159, 9.53907925838151], "abc": [0.33326023, 0.6667397700000001, 0.41874029], "species": [{"occu": 1, "element": "Pt"}], "properties": {"magmom": 0.0}}, {"label": "Pt", "xyz": [0.000874072343461, 1.680003801886159, 13.24133974161849], "abc": [0.33326023, 0.6667397700000001, 0.58125971], "species": [{"occu": 1, "element": "Pt"}], "properties": {"magmom": 0.0}}], "@class": "Structure", "@module": "pymatgen.core.structure"}