{"lattice": {"a": 3.10401737, "c": 21.878644, "b": 3.10437712221004, "matrix": [[3.10401737, -1e-08, 0.0], [-1.55200819, 2.68857358, 0.0], [0.0, 0.0, 21.878644]], "volume": 182.5855778777985, "beta": 90.0, "alpha": 90.0, "gamma": 119.99615624917352}, "sites": [{"label": "Zn", "xyz": [0.0, 0.0, 10.939322], "abc": [-0.0, 0.0, 0.5], "species": [{"occu": 1, "element": "Zn"}], "properties": {"magmom": 0.163}}, {"label": "O", "xyz": [3.144439085511547e-07, 1.792186825453399, 9.996383073701601], "abc": [0.33329696000000003, 0.66659393, 0.45690139999999996], "species": [{"occu": 1, "element": "O"}], "properties": {"magmom": 0.779}}, {"label": "O", "xyz": [1.552008865556092, 0.8963867445466001, 11.8822609262984], "abc": [0.66670304, 0.33340607, 0.5430986], "species": [{"occu": 1, "element": "O"}], "properties": {"magmom": 0.779}}], "@class": "Structure", "@module": "pymatgen.core.structure"}