{"lattice": {"a": 2.80814738, "c": 20.906348242523862, "b": 6.087122810848051, "matrix": [[2.80814738, 0.0, 0.0], [0.0, 6.0871228, 0.00036341], [0.0, 0.009150460000000001, 20.90634624]], "volume": 357.363413355575, "beta": 90.0, "alpha": 89.97150167731766, "gamma": 90.0}, "sites": [{"label": "Cu", "xyz": [1.40407369, 0.0045752300000000004, 10.45317312], "abc": [0.5, 0.0, 0.5], "species": [{"occu": 1, "element": "Cu"}], "properties": {"magmom": 0.08}}, {"label": "Au", "xyz": [0.0, 3.04813663, 10.453354825], "abc": [0.0, 0.5, 0.5], "species": [{"occu": 1, "element": "Au"}], "properties": {"magmom": 0.025}}, {"label": "O", "xyz": [0.0, 1.114882066062701, 9.92293364144712], "abc": [-0.0, 0.18244069999999998, 0.47463422], "species": [{"occu": 1, "element": "O"}], "properties": {"magmom": 0.041}}, {"label": "O", "xyz": [0.0, 4.9813911939372995, 10.983776008552882], "abc": [-0.0, 0.8175593, 0.52536578], "species": [{"occu": 1, "element": "O"}], "properties": {"magmom": 0.041}}], "@class": "Structure", "@module": "pymatgen.core.structure"}