{"lattice": {"a": 3.899270013378017, "c": 22.999467000000084, "b": 3.899158013378401, "matrix": [[3.89927, -0.000323, 0.0], [-0.000323, 3.899158, 0.0], [0.0, -2e-06, 22.999467]], "volume": 349.68089967505733, "beta": 89.9999999995873, "alpha": 90.00000498235714, "gamma": 90.00949244475642}, "sites": [{"label": "Pt", "xyz": [1.9494734999999999, 1.949417499992, 9.199786800000001e-05], "abc": [0.5, 0.5, 4e-06], "species": [{"occu": 1, "element": "Pt"}], "properties": {"magmom": -0.004}}, {"label": "Pt", "xyz": [0.0, -1.999992e-06, 22.999375002132], "abc": [0.0, 0.0, 0.999996], "species": [{"occu": 1, "element": "Pt"}], "properties": {"magmom": -0.004}}, {"label": "Se", "xyz": [1.949635, -0.000161648614, 1.7090213943689991], "abc": [0.5, 0.0, 0.074307], "species": [{"occu": 1, "element": "Se"}], "properties": {"magmom": -0.001}}, {"label": "Se", "xyz": [-0.0001615, 1.949577148613999, 21.290445605631], "abc": [0.0, 0.5, 0.925693], "species": [{"occu": 1, "element": "Se"}], "properties": {"magmom": -0.001}}], "@class": "Structure", "@module": "pymatgen.core.structure"}