{"lattice": {"a": 5.75066607, "c": 20.0, "b": 5.750665954152583, "matrix": [[5.75066607, -2e-08, -0.0], [-2.87533257, 4.98022304, 0.0], [0.0, 0.0, 20.0]], "volume": 572.7919919930721, "beta": 90.0, "alpha": 90.0, "gamma": 119.99999551599161}, "sites": [{"label": "Cd", "xyz": [1.437199824693617, 2.490381089474238, 6.237019999999999], "abc": [0.49994587, 0.50005413, 0.311851], "species": [{"occu": 1, "element": "Cd"}], "properties": {"magmom": 0.0}}, {"label": "Cd", "xyz": [-1.437193608977205, 2.49038109947097, 6.237019999999999], "abc": [0.00010926000000000001, 0.50005413, 0.311851], "species": [{"occu": 1, "element": "Cd"}], "properties": {"magmom": 0.0}}, {"label": "Cd", "xyz": [3.3402822296581787e-06, 4.9796788908317335, 6.237019999999999], "abc": [0.49994587, 0.99989074, 0.311851], "species": [{"occu": 1, "element": "Cd"}], "properties": {"magmom": 0.0}}, {"label": "Au", "xyz": [0.0, 0.0, 6.237019999999999], "abc": [-0.0, 0.0, 0.311851], "species": [{"occu": 1, "element": "Au"}], "properties": {"magmom": 0.0}}], "@class": "Structure", "@module": "pymatgen.core.structure"}