{"lattice": {"a": 4.0536824, "c": 23.003991, "b": 4.053682644848011, "matrix": [[4.0536824, 0.0, 0.0], [-2.0268412, 3.51059222, 0.0], [-0.0, -0.0, 23.003991]], "volume": 327.3657908293414, "beta": 90.0, "alpha": 90.0, "gamma": 119.99999800193858}, "sites": [{"label": "Re", "xyz": [0.0, 0.0, 0.0], "abc": [0.0, 0.0, 0.0], "species": [{"occu": 1, "element": "Re"}], "properties": {"magmom": 0.8240000000000001}}, {"label": "I", "xyz": [-2.026841200084683e-06, 2.34039598353074, 21.55849450845093], "abc": [0.333333, 0.666667, 0.93716323], "species": [{"occu": 1, "element": "I"}], "properties": {"magmom": 0.016}}, {"label": "I", "xyz": [2.026843226841199, 1.17019623646926, 1.44549649154907], "abc": [0.666667, 0.333333, 0.06283677], "species": [{"occu": 1, "element": "I"}], "properties": {"magmom": 0.016}}], "@class": "Structure", "@module": "pymatgen.core.structure"}