{"lattice": {"a": 3.493018, "c": 23.825805, "b": 3.493018585540306, "matrix": [[3.493018, 0.0, 0.0], [-1.746509, 3.025043, 0.0], [0.0, 0.0, 23.825805]], "volume": 251.75607496223364, "beta": 90.0, "alpha": 90.0, "gamma": 119.99999445479135}, "sites": [{"label": "Sc", "xyz": [0.0, 0.0, 15.293426842425001], "abc": [0.0, 0.0, 0.6418849999999999], "species": [{"occu": 1, "element": "Sc"}], "properties": {"magmom": 0.648}}, {"label": "Cl", "xyz": [-1.746509000076068e-06, 2.016696341681, 13.661263896705], "abc": [0.333333, 0.666667, 0.573381], "species": [{"occu": 1, "element": "Cl"}], "properties": {"magmom": -0.001}}, {"label": "Cl", "xyz": [-1.746509000076068e-06, 2.016696341681, 16.925589788145], "abc": [0.333333, 0.666667, 0.7103889999999999], "species": [{"occu": 1, "element": "Cl"}], "properties": {"magmom": -0.001}}], "@class": "Structure", "@module": "pymatgen.core.structure"}