{"lattice": {"a": 4.0034427, "c": 22.37917, "b": 4.0034427, "matrix": [[4.0034427, 0.0, 0.0], [0.0, 4.0034427, 0.0], [0.0, 0.0, 22.37917]], "volume": 358.6833433904967, "beta": 90.0, "alpha": 90.0, "gamma": 90.0}, "sites": [{"label": "Pb", "xyz": [0.0, 2.00172135, 9.9740641859089], "abc": [-0.0, 0.5, 0.44568517], "species": [{"occu": 1, "element": "Pb"}], "properties": {"magmom": 0.0}}, {"label": "Pb", "xyz": [2.00172135, 0.0, 12.4051058140911], "abc": [0.5, 0.0, 0.55431483], "species": [{"occu": 1, "element": "Pb"}], "properties": {"magmom": 0.0}}, {"label": "O", "xyz": [2.00172135, 2.00172135, 11.189585], "abc": [0.5, 0.5, 0.5], "species": [{"occu": 1, "element": "O"}], "properties": {"magmom": -0.0}}, {"label": "O", "xyz": [0.0, 0.0, 11.189585], "abc": [-0.0, 0.0, 0.5], "species": [{"occu": 1, "element": "O"}], "properties": {"magmom": -0.0}}], "@class": "Structure", "@module": "pymatgen.core.structure"}