{"lattice": {"a": 3.78048427, "c": 23.447106, "b": 3.780483817747818, "matrix": [[3.78048427, 0.0, 0.0], [-1.8902416400000002, 3.27399518, 0.0], [0.0, 0.0, 23.447106]], "volume": 290.2115668007918, "beta": 90.0, "alpha": 90.0, "gamma": 119.99999529463554}, "sites": [{"label": "Ti", "xyz": [0.0, 0.0, 11.723553], "abc": [-0.0, -0.0, 0.5], "species": [{"occu": 1, "element": "Ti"}], "properties": {"magmom": -0.0}}, {"label": "Te", "xyz": [1.89024419024197, 1.09133063533494, 13.44656663253378], "abc": [0.666667, 0.333333, 0.57348513], "species": [{"occu": 1, "element": "Te"}], "properties": {"magmom": 0.0}}, {"label": "Te", "xyz": [-1.560241970051037e-06, 2.18266454466506, 10.00053936746622], "abc": [0.333333, 0.666667, 0.42651487], "species": [{"occu": 1, "element": "Te"}], "properties": {"magmom": 0.0}}], "@class": "Structure", "@module": "pymatgen.core.structure"}