{"lattice": {"a": 4.3724966, "c": 20.0, "b": 4.372496591127676, "matrix": [[4.3724966, -3.0000000000000004e-08, 0.0], [-2.18624886, 3.7866928, 0.0], [0.0, 0.0, 20.0]], "volume": 331.1460265531403, "beta": 90.0, "alpha": 90.0, "gamma": 120.00000893349375}, "sites": [{"label": "Cu", "xyz": [0.0, 0.0, 6.61966], "abc": [0.0, 0.0, 0.33098299999999997], "species": [{"occu": 1, "element": "Cu"}], "properties": {"magmom": 0.0}}, {"label": "I", "xyz": [-2.559581820162049e-06, 2.52446311889761, 6.61966], "abc": [0.333333, 0.666667, 0.33098299999999997], "species": [{"occu": 1, "element": "I"}], "properties": {"magmom": 0.0}}], "@class": "Structure", "@module": "pymatgen.core.structure"}