{"lattice": {"a": 4.19334162, "c": 23.73272, "b": 4.193342018660432, "matrix": [[4.19334162, -0.0, -0.0], [-2.09667081, 3.63154083, -0.0], [-0.0, 0.0, 23.73272]], "volume": 361.4087736714603, "beta": 90.0, "alpha": 90.0, "gamma": 119.99999685511445}, "sites": [{"label": "Si", "xyz": [0.0, 0.0, 8.3588412674184], "abc": [0.0, -0.0, 0.35220747], "species": [{"occu": 1, "element": "Si"}], "properties": {"magmom": 0.0}}, {"label": "I", "xyz": [2.09667290667081, 1.21051239948639, 6.6170350042192], "abc": [0.666667, 0.333333, 0.27881486], "species": [{"occu": 1, "element": "I"}], "properties": {"magmom": 0.0}}, {"label": "I", "xyz": [-2.096670810148202e-06, 2.4210284305136103, 10.1000444822024], "abc": [0.333333, 0.666667, 0.42557467], "species": [{"occu": 1, "element": "I"}], "properties": {"magmom": 0.0}}], "@class": "Structure", "@module": "pymatgen.core.structure"}