{"lattice": {"a": 3.783414870784985, "c": 23.439415375227238, "b": 5.3693230627376884, "matrix": [[3.7048977499999998, -0.00228842, 0.76678257], [1.62827938, 4.89636391, 1.48457296], [-0.39876612, -0.9652946800000001, 23.41613514]], "volume": 430.47090000928864, "beta": 79.29026959377384, "alpha": 76.4966103793182, "gamma": 69.36292046213377}, "sites": [{"label": "Al", "xyz": [4.434810889229342, 3.51553589588279, 6.659054822035255], "abc": [0.885629, 0.75925967, 0.20724144], "species": [{"occu": 1, "element": "Al"}], "properties": {"magmom": -0.0}}, {"label": "Al", "xyz": [0.722419064409178, 0.952623587755489, 5.924178599651806], "abc": [0.114371, 0.24074033, 0.23398756], "species": [{"occu": 1, "element": "Al"}], "properties": {"magmom": -0.0}}, {"label": "Se", "xyz": [2.358780417251097, -0.22693447990290602, 7.347703355284548], "abc": [0.66301369, 0.01140141, 0.29135422], "species": [{"occu": 1, "element": "Se"}], "properties": {"magmom": -0.0}}, {"label": "Se", "xyz": [2.7984479081080433, 4.6950890671772765, 5.235528581829553], "abc": [0.33698631, 0.98859759, 0.14987478], "species": [{"occu": 1, "element": "Se"}], "properties": {"magmom": -0.0}}], "@class": "Structure", "@module": "pymatgen.core.structure"}