{"lattice": {"a": 6.441450540000001, "c": 20.0, "b": 6.441450052585193, "matrix": [[6.44145054, 7e-08, 0.0], [-3.22072465, 5.5784596, -0.0], [0.0, 0.0, 20.0]], "volume": 718.6674365647782, "beta": 90.0, "alpha": 90.0, "gamma": 119.99999551249776}, "sites": [{"label": "Nd", "xyz": [-2.80739173034691e-06, 3.71897494948651, 5.66366], "abc": [0.333333, 0.666667, 0.28318299999999996], "species": [{"occu": 1, "element": "Nd"}], "properties": {"magmom": 0.0}}, {"label": "Te", "xyz": [1.6110923292755581, 0.9301644823052361, 5.66366], "abc": [0.33348435, 0.16674217, 0.28318299999999996], "species": [{"occu": 1, "element": "Te"}], "properties": {"magmom": 0.0}}, {"label": "Te", "xyz": [3.220725715446955, 3.718130684620788, 5.66366], "abc": [0.83325783, 0.66651565, 0.28318299999999996], "species": [{"occu": 1, "element": "Te"}], "properties": {"magmom": 0.0}}, {"label": "Te", "xyz": [4.830358449691991, 0.930164573073976, 5.66366], "abc": [0.83325783, 0.16674218, 0.28318299999999996], "species": [{"occu": 1, "element": "Te"}], "properties": {"magmom": -0.0}}], "@class": "Structure", "@module": "pymatgen.core.structure"}