{"lattice": {"a": 4.009258, "c": 23.554212, "b": 4.009258624988042, "matrix": [[4.009258, 0.0, 0.0], [-2.004629, 3.47212, 0.0], [0.0, 0.0, 23.554212]], "volume": 327.88934975993186, "beta": 90.0, "alpha": 90.0, "gamma": 119.99999484332656}, "sites": [{"label": "Yb", "xyz": [0.0, 0.0, 0.0], "abc": [0.0, 0.0, 0.0], "species": [{"occu": 1, "element": "Yb"}], "properties": {"magmom": -0.0}}, {"label": "Cl", "xyz": [2.004631004629, 1.15737217596, 1.421402477352], "abc": [0.666667, 0.333333, 0.060346], "species": [{"occu": 1, "element": "Cl"}], "properties": {"magmom": 0.0}}, {"label": "Cl", "xyz": [-2.004629000031636e-06, 2.31474782404, 22.132809522648], "abc": [0.333333, 0.666667, 0.939654], "species": [{"occu": 1, "element": "Cl"}], "properties": {"magmom": 0.0}}], "@class": "Structure", "@module": "pymatgen.core.structure"}