{"lattice": {"a": 2.909524000131465, "c": 23.40784700059008, "b": 2.909523736326102, "matrix": [[2.909524, -2.1000000000000002e-05, -1.8e-05], [-1.45478, 2.519711, 1.8e-05], [-0.000144, 8.300000000000001e-05, 23.407847]], "volume": 171.60594776726984, "beta": 90.00070693754513, "alpha": 89.99929335588389, "gamma": 120.00082584373678}, "sites": [{"label": "Li", "xyz": [1.4546493707200001, 0.839951116808999, 18.988416078469], "abc": [0.666669, 0.333331, 0.811199], "species": [{"occu": 1, "element": "Li"}], "properties": {"magmom": 0.0}}, {"label": "Li", "xyz": [-0.000153758479999, 1.679882051136, 21.388130329536], "abc": [0.333331, 0.666669, 0.913716], "species": [{"occu": 1, "element": "Li"}], "properties": {"magmom": 0.0}}, {"label": "F", "xyz": [-0.000124174656, 7.157289200000001e-05, 20.185148256428], "abc": [0.0, 0.0, 0.862324], "species": [{"occu": 1, "element": "F"}], "properties": {"magmom": -0.0}}], "@class": "Structure", "@module": "pymatgen.core.structure"}