{"lattice": {"a": 3.07087506, "c": 21.529291033726, "b": 3.070919420565538, "matrix": [[3.07087506, 0.0, 0.0], [-1.53543753, 2.65950058, 0.00586038], [0.0, -0.00120507, 21.529291]], "volume": 175.82961217670007, "beta": 90.0, "alpha": 89.89343709711184, "gamma": 119.99952215217593}, "sites": [{"label": "C", "xyz": [1.53543599456247, 2.657707396187107, 11.30248370613064], "abc": [0.9997812500000001, 0.9995634999999999, 0.52470961], "species": [{"occu": 1, "element": "C"}], "properties": {"magmom": 0.0}}, {"label": "Se", "xyz": [1.535437530115096e-06, 1.7734898683584022, 10.256532031745762], "abc": [0.33353375, 0.6670665, 0.47621739], "species": [{"occu": 1, "element": "Se"}], "properties": {"magmom": 0.0}}], "@class": "Structure", "@module": "pymatgen.core.structure"}