{"lattice": {"a": 3.24475342, "c": 24.796553, "b": 5.87634999, "matrix": [[3.24475342, 0.0, 0.0], [0.0, 5.87634999, 0.0], [0.0, 0.0, 24.796553]], "volume": 472.80348182751413, "beta": 90.0, "alpha": 90.0, "gamma": 90.0}, "sites": [{"label": "Mg", "xyz": [0.0, 4.196265094489061, 12.3982765], "abc": [-0.0, 0.7140938, 0.5], "species": [{"occu": 1, "element": "Mg"}], "properties": {"magmom": 0.0}}, {"label": "Sb", "xyz": [1.6223767100000002, 0.9231165250910981, 12.3982765], "abc": [0.5, 0.15709012, 0.5], "species": [{"occu": 1, "element": "Sb"}], "properties": {"magmom": -0.0}}, {"label": "Sb", "xyz": [1.6223767100000002, 2.826962368318254, 10.24227473651508], "abc": [0.5, 0.48107454, 0.41305236], "species": [{"occu": 1, "element": "Sb"}], "properties": {"magmom": -0.0}}, {"label": "Sb", "xyz": [1.6223767100000002, 2.826962368318254, 14.55427826348492], "abc": [0.5, 0.48107454, 0.58694764], "species": [{"occu": 1, "element": "Sb"}], "properties": {"magmom": -0.0}}], "@class": "Structure", "@module": "pymatgen.core.structure"}