{"lattice": {"a": 4.753831220001014, "c": 20.000000000000096, "b": 4.753827994276486, "matrix": [[4.75383122, -3.07e-06, 4.5999999999999994e-07], [-2.37691777, 4.11693363, -2.2999999999999997e-07], [1.96e-06, -0.0, 20.0]], "volume": 391.42400647648384, "beta": 89.99998884084147, "alpha": 90.0000055795856, "gamma": 120.00008950860561}, "sites": [{"label": "Zn", "xyz": [-1.188274471102721, 3.430670953288415, 5.779022885017859], "abc": [0.16669255, 0.8333074500000001, 0.28895115], "species": [{"occu": 1, "element": "Zn"}], "properties": {"magmom": 0.0}}, {"label": "Zn", "xyz": [-2.6019842958723018e-06, 1.3725279762877811, 5.779109999999763], "abc": [0.16669254, 0.33338611, 0.2889555], "species": [{"occu": 1, "element": "Zn"}], "properties": {"magmom": 0.0}}, {"label": "Zn", "xyz": [1.188266774696708, 3.430669665546103, 5.779106114981635], "abc": [0.66661383, 0.83330751, 0.28895529999999997], "species": [{"occu": 1, "element": "Zn"}], "properties": {"magmom": 0.0}}, {"label": "N", "xyz": [2.376918403522347, 1.3723074616661641, 5.777001230000286], "abc": [0.66666708, 0.33333292000000003, 0.28885005], "species": [{"occu": 1, "element": "N"}], "properties": {"magmom": 0.0}}], "@class": "Structure", "@module": "pymatgen.core.structure"}