{"lattice": {"a": 5.58461173, "c": 19.95712964, "b": 5.584611412237591, "matrix": [[5.58461173, -2e-08, 0.0], [-2.7923054, 4.83641553, -0.0], [-0.0, -0.0, 19.95712964]], "volume": 539.0321497725716, "beta": 90.0, "alpha": 90.0, "gamma": 119.99999657868037}, "sites": [{"label": "Nd", "xyz": [0.0, 0.0, 9.97856482], "abc": [-0.0, -0.0, 0.5], "species": [{"occu": 1, "element": "Nd"}], "properties": {"magmom": -0.0}}, {"label": "S", "xyz": [3.2572148553393e-06, 4.835468936754416, 9.97856482], "abc": [0.49990264, 0.99980428, 0.5], "species": [{"occu": 1, "element": "S"}], "properties": {"magmom": 0.0}}, {"label": "S", "xyz": [-1.395334330951348, 2.418683474827616, 9.97856482], "abc": [0.00019572, 0.50009836, 0.5], "species": [{"occu": 1, "element": "S"}], "properties": {"magmom": 0.0}}, {"label": "S", "xyz": [1.395334796042823, 2.418683464833477, 9.97856482], "abc": [0.49990264, 0.50009836, 0.5], "species": [{"occu": 1, "element": "S"}], "properties": {"magmom": 0.0}}], "@class": "Structure", "@module": "pymatgen.core.structure"}