{"lattice": {"a": 3.16239137, "c": 23.942319, "b": 3.16239137, "matrix": [[3.16239137, 0.0, 0.0], [0.0, 3.16239137, 0.0], [0.0, 0.0, 23.942319]], "volume": 239.44040876635998, "beta": 90.0, "alpha": 90.0, "gamma": 90.0}, "sites": [{"label": "B", "xyz": [0.0, 0.0, 0.0], "abc": [0.0, 0.0, 0.0], "species": [{"occu": 1, "element": "B"}], "properties": {"magmom": -0.0}}, {"label": "B", "xyz": [1.581195685, 1.581195685, 0.0], "abc": [0.5, 0.5, 0.0], "species": [{"occu": 1, "element": "B"}], "properties": {"magmom": -0.0}}, {"label": "P", "xyz": [1.581195685, 0.0, 22.64261595924156], "abc": [0.5, 0.0, 0.9457152400000001], "species": [{"occu": 1, "element": "P"}], "properties": {"magmom": 0.0}}, {"label": "P", "xyz": [0.0, 1.581195685, 1.29970304075844], "abc": [0.0, 0.5, 0.05428476], "species": [{"occu": 1, "element": "P"}], "properties": {"magmom": 0.0}}], "@class": "Structure", "@module": "pymatgen.core.structure"}