{"lattice": {"a": 3.37889078, "c": 22.665532, "b": 3.378891332443667, "matrix": [[3.37889078, 0.0, 0.0], [-1.68944539, 2.92620589, 0.0], [0.0, 0.0, 22.665532]], "volume": 224.10159682377184, "beta": 90.0, "alpha": 90.0, "gamma": 119.99999459151327}, "sites": [{"label": "Nb", "xyz": [0.0, 0.0, 0.0], "abc": [0.0, 0.0, 0.0], "species": [{"occu": 1, "element": "Nb"}], "properties": {"magmom": 0.0}}, {"label": "Br", "xyz": [-1.6894453901099247e-06, 1.95080490206863, 20.79384001938904], "abc": [0.333333, 0.666667, 0.91742122], "species": [{"occu": 1, "element": "Br"}], "properties": {"magmom": 0.0}}, {"label": "Br", "xyz": [1.689447079445389, 0.97540098793137, 1.87169198061096], "abc": [0.666667, 0.333333, 0.08257878], "species": [{"occu": 1, "element": "Br"}], "properties": {"magmom": 0.0}}], "@class": "Structure", "@module": "pymatgen.core.structure"}