{"lattice": {"a": 4.185914, "c": 23.013137, "b": 4.1859141194622, "matrix": [[4.185914, 0.0, 0.0], [-2.092957, 3.625108, 0.0], [0.0, 0.0, 23.013137]], "volume": 349.2103235261243, "beta": 90.0, "alpha": 90.0, "gamma": 119.99999905593437}, "sites": [{"label": "Ca", "xyz": [-2.092956999975287e-06, 2.416739875036, 1.465361498474999], "abc": [0.333333, 0.666667, 0.063675], "species": [{"occu": 1, "element": "Ca"}], "properties": {"magmom": 0.026000000000000002}}, {"label": "Ca", "xyz": [2.092959092957, 1.208368124964, 21.547775501525], "abc": [0.666667, 0.333333, 0.936325], "species": [{"occu": 1, "element": "Ca"}], "properties": {"magmom": 0.026000000000000002}}, {"label": "P", "xyz": [0.0, 0.0, 0.0], "abc": [0.0, 0.0, 0.0], "species": [{"occu": 1, "element": "P"}], "properties": {"magmom": 0.01}}], "@class": "Structure", "@module": "pymatgen.core.structure"}