{"lattice": {"a": 3.0309404, "c": 23.17472703650534, "b": 4.011824963098156, "matrix": [[3.0309404, 0.0, 0.0], [0.0, 4.00350256, -0.25827657], [0.0, 0.00130077, 23.174727]], "volume": 281.21190763765804, "beta": 90.0, "alpha": 93.68797168518499, "gamma": 90.0}, "sites": [{"label": "Eu", "xyz": [1.5154702, 0.9563318560651991, 10.901065833209284], "abc": [0.5, 0.2387201, 0.47304642], "species": [{"occu": 1, "element": "Eu"}], "properties": {"magmom": 6.522}}, {"label": "N", "xyz": [0.0, 2.950394430877994, 10.655829471020503], "abc": [0.0, 0.73680124, 0.46801535], "species": [{"occu": 1, "element": "N"}], "properties": {"magmom": -0.093}}, {"label": "N", "xyz": [1.5154702, 2.890527212137162, 9.72240683043871], "abc": [0.5, 0.72186067, 0.42757123], "species": [{"occu": 1, "element": "N"}], "properties": {"magmom": -0.114}}], "@class": "Structure", "@module": "pymatgen.core.structure"}