{"lattice": {"a": 4.174113656526831, "c": 26.06998598671579, "b": 4.046235567324316, "matrix": [[4.14716482, 0.00294773, -0.47353995], [0.00286902, 4.04623453, -0.00040403], [-0.21266899, -0.00266365, 26.0691184]], "volume": 437.04256714156946, "beta": 96.98145479852847, "alpha": 90.01190647794529, "gamma": 89.91852525114304}, "sites": [{"label": "K", "xyz": [0.596337967572105, 1.011856208180789, 3.264575290198258], "abc": [0.15018299000000002, 0.25004837, 0.1279596], "species": [{"occu": 1, "element": "K"}], "properties": {"magmom": 0.0}}, {"label": "K", "xyz": [3.468363269614072, 3.03644717868142, 6.736962598578497], "abc": [0.8498471999999999, 0.7499989300000001, 0.27387586], "species": [{"occu": 1, "element": "K"}], "properties": {"magmom": -0.0}}, {"label": "Ba", "xyz": [2.058992999059377, 1.010466977249708, 25.27356662620735], "abc": [0.54653408, 0.2499768, 0.97941453], "species": [{"occu": 1, "element": "Ba"}], "properties": {"magmom": 0.016}}, {"label": "Ba", "xyz": [1.792812331347388, 3.034790105928256, 10.794200642136893], "abc": [0.45343572, 0.7499758999999999, 0.42230901], "species": [{"occu": 1, "element": "Ba"}], "properties": {"magmom": -0.012}}], "@class": "Structure", "@module": "pymatgen.core.structure"}