{"lattice": {"a": 3.8179198899999998, "c": 23.271594, "b": 3.817920039613994, "matrix": [[3.8179198899999998, 0.0, 0.0], [-1.90895994, 3.30641579, 0.0], [0.0, 0.0, 23.271594]], "volume": 293.7720063444634, "beta": 90.0, "alpha": 90.0, "gamma": 119.99999861705108}, "sites": [{"label": "Si", "xyz": [0.0, 0.0, 11.635797], "abc": [0.0, -0.0, 0.5], "species": [{"occu": 1, "element": "Si"}], "properties": {"magmom": -0.0}}, {"label": "Te", "xyz": [-1.905626609969396e-06, 2.20427829547193, 13.27098904993452], "abc": [0.333333, 0.666667, 0.57026558], "species": [{"occu": 1, "element": "Te"}], "properties": {"magmom": -0.0}}, {"label": "Te", "xyz": [1.9089618556266101, 1.10213749452807, 10.00060495006548], "abc": [0.666667, 0.333333, 0.42973442], "species": [{"occu": 1, "element": "Te"}], "properties": {"magmom": -0.0}}], "@class": "Structure", "@module": "pymatgen.core.structure"}