{"lattice": {"a": 4.50815946276409, "c": 20.000000000406363, "b": 4.507959028108903, "matrix": [[4.50815945, -6.052e-05, -0.0003338], [-2.25404504, 3.90396895, -0.00141216], [-4.337e-05, -0.00011989, 20.0]], "volume": 351.99156108289, "beta": 90.00436662254634, "alpha": 90.01818375198854, "gamma": 120.0017292176267}, "sites": [{"label": "Sc", "xyz": [2.254110648601678, 1.301281018300006, 5.737568731052867], "abc": [0.66667792, 0.33334173, 0.2869131], "species": [{"occu": 1, "element": "Sc"}], "properties": {"magmom": 0.0}}, {"label": "C", "xyz": [-7.484089739718538e-05, 0.8317418768280951, 5.7488653693629175], "abc": [0.10651493000000001, 0.21306081000000002, 0.28746009], "species": [{"occu": 1, "element": "C"}], "properties": {"magmom": -0.0}}, {"label": "C", "xyz": [-1.534022077852487, 3.487951954857823, 5.747848177926784], "abc": [0.10644304, 0.8934479, 0.28745727], "species": [{"occu": 1, "element": "C"}], "properties": {"magmom": -0.0}}, {"label": "C", "xyz": [1.5340970820873272, 3.488049980808544, 5.747686347271392], "abc": [0.78703111, 0.8934835600000001, 0.28746054], "species": [{"occu": 1, "element": "C"}], "properties": {"magmom": -0.0}}], "@class": "Structure", "@module": "pymatgen.core.structure"}