{"lattice": {"a": 3.59779411, "c": 22.56042472, "b": 3.59779411, "matrix": [[3.59779411, 0.0, -0.0], [0.0, 3.59779411, -0.0], [0.0, -0.0, 22.56042472]], "volume": 292.024900279058, "beta": 90.0, "alpha": 90.0, "gamma": 90.0}, "sites": [{"label": "Fe", "xyz": [1.798897055, 1.798897055, 11.28021236], "abc": [0.5, 0.5, 0.5], "species": [{"occu": 1, "element": "Fe"}], "properties": {"magmom": -0.0}}, {"label": "Fe", "xyz": [0.0, 0.0, 11.28021236], "abc": [-0.0, -0.0, 0.5], "species": [{"occu": 1, "element": "Fe"}], "properties": {"magmom": -0.0}}, {"label": "S", "xyz": [0.0, 1.798897055, 10.056631933013497], "abc": [-0.0, 0.5, 0.4457643], "species": [{"occu": 1, "element": "S"}], "properties": {"magmom": 0.0}}, {"label": "S", "xyz": [1.798897055, 0.0, 12.503792786986503], "abc": [0.5, -0.0, 0.5542357], "species": [{"occu": 1, "element": "S"}], "properties": {"magmom": 0.0}}], "@class": "Structure", "@module": "pymatgen.core.structure"}