{"lattice": {"a": 3.663806759030106, "c": 21.950498097439663, "b": 3.6638077858881593, "matrix": [[3.66380675, 8.679000000000001e-05, 0.00024215], [-1.8318290799999999, 3.1729938, -0.00024241], [0.00137494, -0.00079448, 21.95049804]], "volume": 255.1832106528576, "beta": 89.99262432482772, "alpha": 90.00738122783608, "gamma": 119.9972920365201}, "sites": [{"label": "Hf", "xyz": [1.8319774687957202, 3.173080113856917, 4.788619431199997e-06], "abc": [0.99999987, 0.99999985, 2.2999999999999997e-07], "species": [{"occu": 1, "element": "Hf"}], "properties": {"magmom": -0.0}}, {"label": "As", "xyz": [1.8333591159480591, 1.056895761853641, 20.295562935037452], "abc": [0.66669574, 0.3333043, 0.9246023600000001], "species": [{"occu": 1, "element": "As"}], "properties": {"magmom": 0.0}}, {"label": "As", "xyz": [-6.3230620710544395e-06, 2.115390856019379, 1.6549297963406921], "abc": [0.33330439, 0.66669586, 0.07539741], "species": [{"occu": 1, "element": "As"}], "properties": {"magmom": 0.0}}], "@class": "Structure", "@module": "pymatgen.core.structure"}