{"lattice": {"a": 3.31147326, "c": 22.61712, "b": 3.31147326, "matrix": [[3.31147326, 0.0, 0.0], [0.0, 3.31147326, 0.0], [0.0, 0.0, 22.61712]], "volume": 248.01606186850464, "beta": 90.0, "alpha": 90.0, "gamma": 90.0}, "sites": [{"label": "Hf", "xyz": [1.65573663, 1.65573663, 0.0], "abc": [0.5, 0.5, -0.0], "species": [{"occu": 1, "element": "Hf"}], "properties": {"magmom": -0.0}}, {"label": "Se", "xyz": [0.0, 0.0, 21.016735076683197], "abc": [0.0, 0.0, 0.9292401100000001], "species": [{"occu": 1, "element": "Se"}], "properties": {"magmom": 0.0}}, {"label": "Se", "xyz": [0.0, 0.0, 1.6003849233168], "abc": [-0.0, -0.0, 0.07075989], "species": [{"occu": 1, "element": "Se"}], "properties": {"magmom": 0.0}}], "@class": "Structure", "@module": "pymatgen.core.structure"}