{"lattice": {"a": 3.579507895018939, "c": 21.972984, "b": 3.5792409085964882, "matrix": [[3.57950746, -0.00176474, 0.0], [-1.7893755599999999, 3.0998549300000002, 0.0], [0.0, 0.0, 21.972984]], "volume": 243.74183043452334, "beta": 90.0, "alpha": 90.0, "gamma": 120.02372092620604}, "sites": [{"label": "Bi", "xyz": [1.74642958090326, 3.011391167070151, 10.98501058141872], "abc": [0.9738021, 0.97201635, 0.49993258], "species": [{"occu": 1, "element": "Bi"}], "properties": {"magmom": 0.003}}, {"label": "O", "xyz": [1.746116677204172, 0.945324847098247, 9.996323422008], "abc": [0.64043813, 0.30532237, 0.454937], "species": [{"occu": 1, "element": "O"}], "properties": {"magmom": 0.008}}, {"label": "O", "xyz": [-0.043564039550052, 1.97909141961078, 11.97814199657328], "abc": [0.30707277, 0.63862128, 0.54513042], "species": [{"occu": 1, "element": "O"}], "properties": {"magmom": 0.008}}], "@class": "Structure", "@module": "pymatgen.core.structure"}