{"lattice": {"a": 3.96529523, "c": 22.71677, "b": 3.965295188020632, "matrix": [[3.96529523, -0.0, 0.0], [-1.98264712, 3.43404664, 0.0], [0.0, 0.0, 22.71677]], "volume": 309.3344561159274, "beta": 90.0, "alpha": 90.0, "gamma": 119.99999209131545}, "sites": [{"label": "Tb", "xyz": [1.98264976264745, 1.14468106865112, 16.9990959731231], "abc": [0.666667, 0.333333, 0.7483060300000001], "species": [{"occu": 1, "element": "Tb"}], "properties": {"magmom": 0.042}}, {"label": "Tb", "xyz": [-1.65264745008227e-06, 2.28936557134888, 20.3058612351669], "abc": [0.333333, 0.666667, 0.89387097], "species": [{"occu": 1, "element": "Tb"}], "properties": {"magmom": 0.042}}, {"label": "Ge", "xyz": [0.0, 0.0, 18.65246724576], "abc": [0.0, 0.0, 0.8210879999999999], "species": [{"occu": 1, "element": "Ge"}], "properties": {"magmom": 0.005}}], "@class": "Structure", "@module": "pymatgen.core.structure"}