{"lattice": {"a": 4.61326881, "c": 21.250951, "b": 4.613268830063074, "matrix": [[4.61326881, -0.0, 0.0], [-2.3066344, 3.99520801, -0.0], [-0.0, 0.0, 21.250951]], "volume": 391.6756085184427, "beta": 90.0, "alpha": 90.0, "gamma": 119.99999978443084}, "sites": [{"label": "Tl", "xyz": [0.0, 0.0, 1.51999700879257], "abc": [-0.0, -0.0, 0.07152607], "species": [{"occu": 1, "element": "Tl"}], "properties": {"magmom": -0.0}}, {"label": "Te", "xyz": [2.30663671330107, 1.33173467159733, 2.94076886466643], "abc": [0.666667, 0.333333, 0.13838293000000002], "species": [{"occu": 1, "element": "Te"}], "properties": {"magmom": -0.0}}], "@class": "Structure", "@module": "pymatgen.core.structure"}