{"lattice": {"a": 3.32397454, "c": 24.897091, "b": 3.462274641396502, "matrix": [[3.32397454, 2e-08, 0.0], [-1.66198772, 3.03729197, 0.0], [0.0, 0.0, 24.897091]], "volume": 251.35807326200242, "beta": 90.0, "alpha": 90.0, "gamma": 118.6872105724771}, "sites": [{"label": "Er", "xyz": [1.66198727, 1e-08, 12.4485455], "abc": [0.5, -0.0, 0.5], "species": [{"occu": 1, "element": "Er"}], "properties": {"magmom": 0.0}}, {"label": "Sb", "xyz": [0.83099341, 1.518645995, 9.86400213552645], "abc": [0.5, 0.5, 0.39619095], "species": [{"occu": 1, "element": "Sb"}], "properties": {"magmom": 0.0}}, {"label": "Sb", "xyz": [-0.83099386, 1.518645985, 15.033088864473548], "abc": [-0.0, 0.5, 0.60380905], "species": [{"occu": 1, "element": "Sb"}], "properties": {"magmom": 0.0}}], "@class": "Structure", "@module": "pymatgen.core.structure"}