{"lattice": {"a": 5.487560000754616, "c": 20.00000000000145, "b": 5.491376208431635, "matrix": [[5.48756, 9.1e-05, -1e-06], [-2.7437009999999997, 4.756818, 2e-06], [-3e-06, 7e-06, 20.0]], "volume": 522.0714772173482, "beta": 90.00001903506454, "alpha": 89.99995746733029, "gamma": 119.97511235005362}, "sites": [{"label": "Zn", "xyz": [-1.3772741276590001, 3.967222368846, 5.779301501999001], "abc": [0.166009, 0.834004, 0.28896499999999997], "species": [{"occu": 1, "element": "Zn"}], "properties": {"magmom": 0.004}}, {"label": "Zn", "xyz": [5.5543061999944905e-05, 1.5793044896150001, 5.779420498002], "abc": [0.166008, 0.332005, 0.288971], "species": [{"occu": 1, "element": "Zn"}], "properties": {"magmom": 0.0}}, {"label": "Zn", "xyz": [1.377404165851, 3.967229994706, 5.779421000000999], "abc": [0.667991, 0.833996, 0.288971], "species": [{"occu": 1, "element": "Zn"}], "properties": {"magmom": -0.005}}, {"label": "Sb", "xyz": [2.7437780287, 1.585643317900999, 5.776079999997], "abc": [0.666659, 0.33332799999999996, 0.288804], "species": [{"occu": 1, "element": "Sb"}], "properties": {"magmom": -0.0}}], "@class": "Structure", "@module": "pymatgen.core.structure"}