{"lattice": {"a": 3.086093, "c": 24.42588, "b": 3.086093, "matrix": [[3.086093, 0.0, 0.0], [0.0, 3.086093, 0.0], [0.0, 0.0, 24.42588]], "volume": 232.6313484571559, "beta": 90.0, "alpha": 90.0, "gamma": 90.0}, "sites": [{"label": "Hf", "xyz": [0.0, 1.5430465, 7.22141371848], "abc": [0.0, 0.5, 0.29564599999999996], "species": [{"occu": 1, "element": "Hf"}], "properties": {"magmom": -0.0}}, {"label": "Hf", "xyz": [1.5430465, 0.0, 5.108526246719999], "abc": [0.5, 0.0, 0.209144], "species": [{"occu": 1, "element": "Hf"}], "properties": {"magmom": -0.0}}, {"label": "Ag", "xyz": [0.0, 1.5430465, 3.06344501784], "abc": [0.0, 0.5, 0.125418], "species": [{"occu": 1, "element": "Ag"}], "properties": {"magmom": -0.0}}, {"label": "Ag", "xyz": [1.5430465, 0.0, 9.26649494736], "abc": [0.5, 0.0, 0.379372], "species": [{"occu": 1, "element": "Ag"}], "properties": {"magmom": -0.0}}], "@class": "Structure", "@module": "pymatgen.core.structure"}