{"lattice": {"a": 2.8465420200000002, "c": 22.353476, "b": 2.84697393, "matrix": [[2.8465420200000002, 0.0, 0.0], [0.0, 2.84697393, 0.0], [0.0, 0.0, 22.353476]], "volume": 181.1532607090096, "beta": 90.0, "alpha": 90.0, "gamma": 90.0}, "sites": [{"label": "Be", "xyz": [0.0, 1.423486965, 10.52229260073088], "abc": [-0.0, 0.5, 0.47072288], "species": [{"occu": 1, "element": "Be"}], "properties": {"magmom": 0.0}}, {"label": "Be", "xyz": [0.0, 0.0, 12.05406007293568], "abc": [0.0, -0.0, 0.53924768], "species": [{"occu": 1, "element": "Be"}], "properties": {"magmom": 0.0}}, {"label": "Be", "xyz": [1.4232710100000001, 0.0, 10.520322141821481], "abc": [0.5, 0.0, 0.47063473], "species": [{"occu": 1, "element": "Be"}], "properties": {"magmom": 0.0}}, {"label": "C", "xyz": [1.4232710100000001, 1.423486965, 11.6102769609772], "abc": [0.5, 0.5, 0.5193947], "species": [{"occu": 1, "element": "C"}], "properties": {"magmom": -0.0}}], "@class": "Structure", "@module": "pymatgen.core.structure"}