{"lattice": {"a": 3.467018, "c": 22.485034, "b": 3.467018, "matrix": [[3.467018, 0.0, 0.0], [0.0, 3.467018, 0.0], [0.0, 0.0, 22.485034]], "volume": 270.27491625737474, "beta": 90.0, "alpha": 90.0, "gamma": 90.0}, "sites": [{"label": "Al", "xyz": [0.0, 0.0, 7.683878123922], "abc": [0.0, 0.0, 0.341733], "species": [{"occu": 1, "element": "Al"}], "properties": {"magmom": -0.0}}, {"label": "Cl", "xyz": [0.0, 0.0, 5.581482474854], "abc": [0.0, 0.0, 0.24823099999999998], "species": [{"occu": 1, "element": "Cl"}], "properties": {"magmom": -0.0}}], "@class": "Structure", "@module": "pymatgen.core.structure"}