{"lattice": {"a": 3.916020380645271, "c": 23.996075, "b": 3.915983683236087, "matrix": [[3.91602038, 7.109000000000001e-05, 0.0], [-1.95794932, 3.3913659, 0.0], [0.0, 0.0, 23.996075]], "volume": 318.6870049764044, "beta": 90.0, "alpha": 90.0, "gamma": 119.99824148495613}, "sites": [{"label": "Si", "xyz": [-1.125408059939887e-06, 2.260945939721186, 11.997937916288752], "abc": [0.33332439999999997, 0.6666700999999999, 0.49999585], "species": [{"occu": 1, "element": "Si"}], "properties": {"magmom": 0.0}}, {"label": "Si", "xyz": [1.95807218540806, 1.130491050278814, 11.99813708371125], "abc": [0.6666755999999999, 0.3333299, 0.50000415], "species": [{"occu": 1, "element": "Si"}], "properties": {"magmom": -0.0}}], "@class": "Structure", "@module": "pymatgen.core.structure"}