{"lattice": {"a": 3.54284243, "c": 23.094961, "b": 3.542842482938277, "matrix": [[3.54284243, -0.0, 0.0], [-1.77142121, 3.06819161, 0.0], [0.0, 0.0, 23.094961]], "volume": 251.04498405356836, "beta": 90.0, "alpha": 90.0, "gamma": 119.99999941234152}, "sites": [{"label": "Ti", "xyz": [0.0, 0.0, 11.5474805], "abc": [0.0, 0.0, 0.5], "species": [{"occu": 1, "element": "Ti"}], "properties": {"magmom": -0.0}}, {"label": "Se", "xyz": [-1.76808788014231e-06, 2.04546209606387, 10.0038525681937], "abc": [0.333333, 0.666667, 0.4331617], "species": [{"occu": 1, "element": "Se"}], "properties": {"magmom": 0.0}}, {"label": "Se", "xyz": [1.771422988087879, 1.022729513936129, 13.091108431806301], "abc": [0.666667, 0.333333, 0.5668383], "species": [{"occu": 1, "element": "Se"}], "properties": {"magmom": 0.0}}], "@class": "Structure", "@module": "pymatgen.core.structure"}