{"lattice": {"a": 3.69691895, "c": 22.855457, "b": 3.69691895, "matrix": [[3.69691895, 0.0, 0.0], [0.0, 3.69691895, 0.0], [0.0, 0.0, 22.855457]], "volume": 312.37032413101673, "beta": 90.0, "alpha": 90.0, "gamma": 90.0}, "sites": [{"label": "Ge", "xyz": [0.0, 0.0, 11.4277285], "abc": [0.0, 0.0, 0.5], "species": [{"occu": 1, "element": "Ge"}], "properties": {"magmom": 0.0}}, {"label": "Se", "xyz": [1.848459475, 0.0, 12.968345832889861], "abc": [0.5, 0.0, 0.56740698], "species": [{"occu": 1, "element": "Se"}], "properties": {"magmom": -0.0}}, {"label": "Se", "xyz": [0.0, 1.848459475, 9.88711116711014], "abc": [0.0, 0.5, 0.43259302], "species": [{"occu": 1, "element": "Se"}], "properties": {"magmom": -0.0}}], "@class": "Structure", "@module": "pymatgen.core.structure"}