{"lattice": {"a": 3.15491, "c": 25.031709, "b": 3.396796180040834, "matrix": [[3.15491, 0.0, 0.0], [-1.577456, 3.008298, 0.0], [0.0, 0.0, 25.031709]], "volume": 237.5736833270338, "beta": 90.0, "alpha": 90.0, "gamma": 117.67109047456225}, "sites": [{"label": "Lu", "xyz": [0.0, 0.0, 0.0], "abc": [0.0, 0.0, 0.0], "species": [{"occu": 1, "element": "Lu"}], "properties": {"magmom": -0.0}}, {"label": "As", "xyz": [-0.788728, 1.504149, 22.804187279508], "abc": [0.0, 0.5, 0.9110119999999999], "species": [{"occu": 1, "element": "As"}], "properties": {"magmom": 0.0}}, {"label": "As", "xyz": [0.7887270000000001, 1.504149, 2.227521720491999], "abc": [0.5, 0.5, 0.088988], "species": [{"occu": 1, "element": "As"}], "properties": {"magmom": 0.0}}], "@class": "Structure", "@module": "pymatgen.core.structure"}