{"lattice": {"a": 3.7399633100000003, "c": 22.695846, "b": 3.7399637690858363, "matrix": [[3.7399633100000003, 0.0, -0.0], [-1.86998215, 3.23890348, -0.0], [-0.0, 0.0, 22.695846]], "volume": 274.9234111009039, "beta": 90.0, "alpha": 90.0, "gamma": 120.00000469590098}, "sites": [{"label": "Sc", "xyz": [-2.1999818200629157e-06, 2.15927006630116, 1.4909634313225801], "abc": [0.333333, 0.666667, 0.06569323], "species": [{"occu": 1, "element": "Sc"}], "properties": {"magmom": 0.068}}, {"label": "Sc", "xyz": [1.8699833599818199, 1.07963341369884, 21.20488256867742], "abc": [0.666667, 0.333333, 0.9343067700000001], "species": [{"occu": 1, "element": "Sc"}], "properties": {"magmom": 0.068}}, {"label": "Si", "xyz": [0.0, 0.0, 0.0], "abc": [0.0, -0.0, 0.0], "species": [{"occu": 1, "element": "Si"}], "properties": {"magmom": 0.0}}], "@class": "Structure", "@module": "pymatgen.core.structure"}