{"lattice": {"a": 3.678826834167925, "c": 23.29757368024355, "b": 3.678826684148222, "matrix": [[3.677667, 0.027989, -0.088028], [0.028360999999999997, 3.677664, -0.088028], [-0.586257, -0.586198, 23.282818]], "volume": 314.5101762602869, "beta": 92.82356075955846, "alpha": 92.82356154277552, "gamma": 89.08981190103451}, "sites": [{"label": "As", "xyz": [-0.28854590245399997, -0.28851694521300003, 17.363634219404], "abc": [0.040163, 0.040163, 0.746074], "species": [{"occu": 1, "element": "As"}], "properties": {"magmom": 0.0}}, {"label": "As", "xyz": [1.196739324097999, 1.196617944012, 20.659743468988], "abc": [0.46384000000000003, 0.46384000000000003, 0.8908459999999999], "species": [{"occu": 1, "element": "As"}], "properties": {"magmom": 0.0}}, {"label": "S", "xyz": [-0.35500683272399997, -0.354971191109, 20.303568314888], "abc": [0.042207, 0.042207, 0.87236], "species": [{"occu": 1, "element": "S"}], "properties": {"magmom": 0.0}}, {"label": "S", "xyz": [1.263193449368, 1.2630653856029999, 17.719344597423998], "abc": [0.46179099999999995, 0.46179099999999995, 0.7645400000000001], "species": [{"occu": 1, "element": "S"}], "properties": {"magmom": 0.0}}], "@class": "Structure", "@module": "pymatgen.core.structure"}