{"lattice": {"a": 2.50899515, "c": 20.0, "b": 2.508995128362185, "matrix": [[2.50899515, 0.0, 0.0], [-1.25449758, 2.17285351, 0.0], [0.0, 0.0, 20.0]], "volume": 109.03357836500953, "beta": 90.0, "alpha": 90.0, "gamma": 120.00000041712735}, "sites": [{"label": "B", "xyz": [0.0, 0.0, 10.0], "abc": [0.0, 0.0, 0.5], "species": [{"occu": 1, "element": "B"}], "properties": {"magmom": 0.0}}, {"label": "N", "xyz": [-1.257830910057315e-06, 1.44856973095117, 10.0], "abc": [0.333333, 0.666667, 0.5], "species": [{"occu": 1, "element": "N"}], "properties": {"magmom": 0.0}}], "@class": "Structure", "@module": "pymatgen.core.structure"}