{"lattice": {"a": 3.5766546200000002, "c": 23.451494, "b": 3.576653901061989, "matrix": [[3.5766546200000002, 0.0, 0.0], [-1.78832681, 3.09747322, -0.0], [-0.0, 0.0, 23.451494]], "volume": 259.80953153319354, "beta": 90.0, "alpha": 90.0, "gamma": 119.99999740051571}, "sites": [{"label": "Zn", "xyz": [0.0, 0.0, 6.78974853896658], "abc": [0.0, 0.0, 0.28952307], "species": [{"occu": 1, "element": "Zn"}], "properties": {"magmom": 0.0}}, {"label": "Cl", "xyz": [-1.454993810202588e-06, 2.06498317915774, 8.174260487633019], "abc": [0.333333, 0.666667, 0.34856033000000003], "species": [{"occu": 1, "element": "Cl"}], "properties": {"magmom": -0.0}}, {"label": "Cl", "xyz": [1.7883292649938092, 1.03249004084226, 5.4070374305244], "abc": [0.666667, 0.333333, 0.23056259999999998], "species": [{"occu": 1, "element": "Cl"}], "properties": {"magmom": 0.0}}], "@class": "Structure", "@module": "pymatgen.core.structure"}