{"lattice": {"a": 2.79053389, "c": 21.504629, "b": 6.1359635, "matrix": [[2.79053389, 0.0, 0.0], [0.0, 6.1359635, 0.0], [0.0, 0.0, 21.504629]], "volume": 368.21546361353353, "beta": 90.0, "alpha": 90.0, "gamma": 90.0}, "sites": [{"label": "Cu", "xyz": [0.0, 5.270719014938, 10.7523145], "abc": [-0.0, 0.858988, 0.5], "species": [{"occu": 1, "element": "Cu"}], "properties": {"magmom": 0.0}}, {"label": "Ag", "xyz": [1.395266945, 2.202737264938, 10.7523145], "abc": [0.5, 0.358988, 0.5], "species": [{"occu": 1, "element": "Ag"}], "properties": {"magmom": 0.0}}, {"label": "O", "xyz": [1.395266945, 4.182698373387995, 11.28845049147851], "abc": [0.5, 0.68166937, 0.52493119], "species": [{"occu": 1, "element": "O"}], "properties": {"magmom": -0.0}}, {"label": "O", "xyz": [1.395266945, 0.22277615648800503, 10.216178508521491], "abc": [0.5, 0.03630663, 0.47506881], "species": [{"occu": 1, "element": "O"}], "properties": {"magmom": -0.0}}], "@class": "Structure", "@module": "pymatgen.core.structure"}