{"lattice": {"a": 5.52656029, "c": 24.623946, "b": 5.526559273459808, "matrix": [[5.52656029, -0.0, 0.0], [-2.76328015, 4.78614043, 0.0], [0.0, 0.0, 24.623946]], "volume": 651.325376712088, "beta": 90.0, "alpha": 90.0, "gamma": 120.00000614445183}, "sites": [{"label": "Bi", "xyz": [0.0, 0.0, 7.028043547589999], "abc": [0.0, 0.0, 0.285415], "species": [{"occu": 1, "element": "Bi"}], "properties": {"magmom": -0.0}}, {"label": "I", "xyz": [2.76328290661348, 1.5953785479531901, 7.028043547589999], "abc": [0.666667, 0.333333, 0.285415], "species": [{"occu": 1, "element": "I"}], "properties": {"magmom": 0.0}}, {"label": "I", "xyz": [0.0, 0.0, 9.96890284120302], "abc": [0.0, 0.0, 0.40484587], "species": [{"occu": 1, "element": "I"}], "properties": {"magmom": 0.0}}, {"label": "I", "xyz": [0.0, 0.0, 4.08718425397698], "abc": [0.0, 0.0, 0.16598413], "species": [{"occu": 1, "element": "I"}], "properties": {"magmom": 0.0}}], "@class": "Structure", "@module": "pymatgen.core.structure"}