{"lattice": {"a": 3.90651574, "c": 23.007692, "b": 3.906515643763997, "matrix": [[3.90651574, 0.0, 0.0], [-1.95325787, 3.38314176, 0.0], [0.0, 0.0, 23.007692]], "volume": 304.07648008305557, "beta": 90.0, "alpha": 90.0, "gamma": 120.00000081491069}, "sites": [{"label": "Pt", "xyz": [0.0, 0.0, 0.0], "abc": [0.0, 0.0, 0.0], "species": [{"occu": 1, "element": "Pt"}], "properties": {"magmom": 1.153}}, {"label": "Br", "xyz": [-1.953257870094145e-06, 2.25542896771392, 1.45431206993544], "abc": [0.333333, 0.666667, 0.06320982], "species": [{"occu": 1, "element": "Br"}], "properties": {"magmom": 0.308}}, {"label": "Br", "xyz": [1.95325982325787, 1.1277127922860801, 21.55337993006456], "abc": [0.666667, 0.333333, 0.93679018], "species": [{"occu": 1, "element": "Br"}], "properties": {"magmom": 0.308}}], "@class": "Structure", "@module": "pymatgen.core.structure"}