{"lattice": {"a": 4.13340216, "c": 24.623946, "b": 4.133401627725668, "matrix": [[4.13340216, -0.0, 0.0], [-2.06670108, 3.57963066, 0.0], [0.0, 0.0, 24.623946]], "volume": 364.3372125979188, "beta": 90.0, "alpha": 90.0, "gamma": 120.00000425980711}, "sites": [{"label": "Sb", "xyz": [0.0, 0.0, 7.028043547589999], "abc": [0.0, -0.0, 0.285415], "species": [{"occu": 1, "element": "Sb"}], "properties": {"magmom": 0.0}}, {"label": "F", "xyz": [2.06670314670108, 1.19320902678978, 7.028043547589999], "abc": [0.666667, 0.333333, 0.285415], "species": [{"occu": 1, "element": "F"}], "properties": {"magmom": 0.0}}, {"label": "F", "xyz": [0.0, 0.0, 9.02074450354218], "abc": [0.0, -0.0, 0.36634033], "species": [{"occu": 1, "element": "F"}], "properties": {"magmom": -0.0}}, {"label": "F", "xyz": [0.0, 0.0, 5.03534259163782], "abc": [0.0, -0.0, 0.20448967], "species": [{"occu": 1, "element": "F"}], "properties": {"magmom": -0.0}}], "@class": "Structure", "@module": "pymatgen.core.structure"}