{"lattice": {"a": 4.115322143630644, "c": 23.291164, "b": 4.115321522943012, "matrix": [[4.11159827, -0.17503146, 0.0], [-1.48059048, 3.8397556, 0.0], [0.0, 0.0, 23.291164]], "volume": 361.6741050648091, "beta": 90.0, "alpha": 90.0, "gamma": 113.52400838355186}, "sites": [{"label": "Hg", "xyz": [2.245241791680037, 1.164877504715498, 11.645562202510598], "abc": [0.6662565300000001, 0.33374347, 0.49999915], "species": [{"occu": 1, "element": "Hg"}], "properties": {"magmom": -0.0}}, {"label": "Br", "xyz": [0.708237213869437, 2.268335625680167, 9.97440581334236], "abc": [0.39140805, 0.60859195, 0.42824849], "species": [{"occu": 1, "element": "Br"}], "properties": {"magmom": -0.0}}, {"label": "Br", "xyz": [3.782914132749274, 0.060939978027994, 13.316777984147038], "abc": [0.9412244200000001, 0.05877558, 0.57175236], "species": [{"occu": 1, "element": "Br"}], "properties": {"magmom": -0.0}}], "@class": "Structure", "@module": "pymatgen.core.structure"}