{"lattice": {"a": 3.933409969963027, "c": 23.210179, "b": 3.933409809964088, "matrix": [[3.93340727, 0.004608699999999999, 0.0], [-0.00651167, 3.93340442, 0.0], [0.0, 0.0, 23.210179]], "volume": 359.10119455391646, "beta": 90.0, "alpha": 90.0, "gamma": 90.0277195297583}, "sites": [{"label": "Ce", "xyz": [2.948427535, 0.98680763, 12.83414878526934], "abc": [0.75, 0.25, 0.55295346], "species": [{"occu": 1, "element": "Ce"}], "properties": {"magmom": 0.67}}, {"label": "Ce", "xyz": [0.978468065, 2.95120549, 10.37603021473066], "abc": [0.25, 0.75, 0.44704654], "species": [{"occu": 1, "element": "Ce"}], "properties": {"magmom": 0.671}}, {"label": "S", "xyz": [0.978468065, 2.95120549, 13.21954870132496], "abc": [0.25, 0.75, 0.56955824], "species": [{"occu": 1, "element": "S"}], "properties": {"magmom": -0.019}}, {"label": "S", "xyz": [2.948427535, 0.98680763, 9.99063029867504], "abc": [0.75, 0.25, 0.43044176], "species": [{"occu": 1, "element": "S"}], "properties": {"magmom": -0.019}}], "@class": "Structure", "@module": "pymatgen.core.structure"}