{"lattice": {"a": 3.043591539613684, "c": 23.44697792563029, "b": 3.581063, "matrix": [[3.043482, 0.0, -0.025821999999999998], [0.0, 3.581063, 0.0], [0.011713, 0.0, 23.446975]], "volume": 255.54733725172457, "beta": 90.45748415386392, "alpha": 90.0, "gamma": 90.0}, "sites": [{"label": "V", "xyz": [0.0, 0.0, 0.0], "abc": [0.0, 0.0, 0.0], "species": [{"occu": 1, "element": "V"}], "properties": {"magmom": 0.5630000000000001}}, {"label": "Se", "xyz": [1.519081669520999, 0.0, 21.586157878842997], "abc": [0.495581, 0.0, 0.921183], "species": [{"occu": 1, "element": "Se"}], "properties": {"magmom": -0.063}}, {"label": "Se", "xyz": [1.5361133304789991, 0.0, 1.8349951211570001], "abc": [0.504419, 0.0, 0.078817], "species": [{"occu": 1, "element": "Se"}], "properties": {"magmom": -0.063}}], "@class": "Structure", "@module": "pymatgen.core.structure"}