{"lattice": {"a": 5.083341830084882, "c": 20.000000000313182, "b": 5.083341871184944, "matrix": [[5.08334183, -1.584e-05, -2.4740000000000004e-05], [-2.54168463, 4.40229529, 2.465e-05], [-9.711000000000001e-05, 5.565000000000001e-05, 20.0]], "volume": 447.56663069363844, "beta": 90.00055705167208, "alpha": 89.99944499603092, "gamma": 120.00035677053974}, "sites": [{"label": "Tl", "xyz": [-4.865107829108576e-05, 2.934880895971935, 7.707467986680167], "abc": [0.33333306, 0.66666694, 0.38537299], "species": [{"occu": 1, "element": "Tl"}], "properties": {"magmom": -0.001}}, {"label": "Bi", "xyz": [5.083303950867612, 5.869033674299998e-06, 7.707035460002963], "abc": [0.99999994, 6.000000000000001e-08, 0.38535301], "species": [{"occu": 1, "element": "Bi"}], "properties": {"magmom": 0.09}}], "@class": "Structure", "@module": "pymatgen.core.structure"}