{"lattice": {"a": 3.6830575300714443, "c": 24.981638000000082, "b": 3.683057006148808, "matrix": [[3.68305753, 2.294e-05, -1.3999999999999998e-07], [-1.8415094, 3.18963196, -1.5e-07], [-9.6e-07, -1.7399999999999999e-06, 24.981638]], "volume": 293.4752961404904, "beta": 90.00000437972118, "alpha": 90.00000468868578, "gamma": 119.99929998041426}, "sites": [{"label": "Co", "xyz": [6.943470899502423e-06, 2.126432950982289, 4.350028124399999e-06], "abc": [0.33333234, 0.66666792, 1.8e-07], "species": [{"occu": 1, "element": "Co"}], "properties": {"magmom": 0.002}}, {"label": "Si", "xyz": [1.917936004137649e-05, 2.126422624157486, 22.78905094824767], "abc": [0.33333453, 0.66666518, 0.91223206], "species": [{"occu": 1, "element": "Si"}], "properties": {"magmom": 0.0}}, {"label": "Si", "xyz": [1.8415234342542701, 1.063232283351348, 2.6046468576e-06], "abc": [0.66666446, 0.33333532, 1.1e-07], "species": [{"occu": 1, "element": "Si"}], "properties": {"magmom": -0.0}}, {"label": "Si", "xyz": [1.973145507511675e-05, 2.126425366477875, 2.192579513744007], "abc": [0.33333467, 0.66666559, 0.08776765], "species": [{"occu": 1, "element": "Si"}], "properties": {"magmom": 0.001}}], "@class": "Structure", "@module": "pymatgen.core.structure"}