{"lattice": {"a": 4.12025067, "c": 25.019273, "b": 4.12025012674825, "matrix": [[4.12025067, 0.0, 0.0], [-2.06012534, 3.56824112, 0.0], [0.0, 0.0, 25.019273]], "volume": 367.8345492035486, "beta": 90.0, "alpha": 90.0, "gamma": 120.00000444182281}, "sites": [{"label": "Ga", "xyz": [2.060127393458669, 1.18941251725296, 13.73887666583229], "abc": [0.666667, 0.333333, 0.54913173], "species": [{"occu": 1, "element": "Ga"}], "properties": {"magmom": -0.0}}, {"label": "Ga", "xyz": [2.060127393458669, 1.18941251725296, 11.28039633416771], "abc": [0.666667, 0.333333, 0.45086827], "species": [{"occu": 1, "element": "Ga"}], "properties": {"magmom": -0.0}}, {"label": "Te", "xyz": [0.0, 0.0, 10.000402571513078], "abc": [-0.0, 0.0, 0.39970796000000003], "species": [{"occu": 1, "element": "Te"}], "properties": {"magmom": -0.0}}, {"label": "Te", "xyz": [0.0, 0.0, 15.01887042848692], "abc": [-0.0, -0.0, 0.60029204], "species": [{"occu": 1, "element": "Te"}], "properties": {"magmom": -0.0}}], "@class": "Structure", "@module": "pymatgen.core.structure"}