{"lattice": {"a": 4.566918, "c": 23.633843, "b": 2.654604, "matrix": [[4.566918, 0.0, 0.0], [0.0, 2.654604, 0.0], [0.0, 0.0, 23.633843]], "volume": 286.52155828668515, "beta": 90.0, "alpha": 90.0, "gamma": 90.0}, "sites": [{"label": "Al", "xyz": [0.0, 0.0, 14.697130678724], "abc": [0.0, 0.0, 0.621868], "species": [{"occu": 1, "element": "Al"}], "properties": {"magmom": 0.0}}, {"label": "Al", "xyz": [2.283459, 1.327302, 12.019558069881999], "abc": [0.5, 0.5, 0.508574], "species": [{"occu": 1, "element": "Al"}], "properties": {"magmom": 0.0}}, {"label": "F", "xyz": [0.0, 0.0, 12.909774034162998], "abc": [0.0, 0.0, 0.546241], "species": [{"occu": 1, "element": "F"}], "properties": {"magmom": -0.0}}, {"label": "F", "xyz": [2.283459, 1.327302, 13.806914714442998], "abc": [0.5, 0.5, 0.584201], "species": [{"occu": 1, "element": "F"}], "properties": {"magmom": -0.0}}], "@class": "Structure", "@module": "pymatgen.core.structure"}