{"lattice": {"a": 3.4812412200000002, "c": 25.130912, "b": 3.481241459697187, "matrix": [[3.4812412200000002, 0.0, 0.0], [-1.7406206100000001, 3.01484361, 0.0], [0.0, 0.0, 25.130912]], "volume": 263.75891969758464, "beta": 90.0, "alpha": 90.0, "gamma": 119.99999772233006}, "sites": [{"label": "B", "xyz": [0.0, 0.0, 7.795709426047999], "abc": [0.0, 0.0, 0.310204], "species": [{"occu": 1, "element": "B"}], "properties": {"magmom": 0.0}}, {"label": "B", "xyz": [-1.7406206100774638e-06, 2.00989674494787, 5.782984987641919], "abc": [0.333333, 0.666667, 0.23011441], "species": [{"occu": 1, "element": "B"}], "properties": {"magmom": 0.0}}, {"label": "B", "xyz": [-1.7406206100774638e-06, 2.00989674494787, 9.808408733542079], "abc": [0.333333, 0.666667, 0.39029259], "species": [{"occu": 1, "element": "B"}], "properties": {"magmom": 0.0}}, {"label": "Rh", "xyz": [-1.7406206100774638e-06, 2.00989674494787, 7.795709426047999], "abc": [0.333333, 0.666667, 0.310204], "species": [{"occu": 1, "element": "Rh"}], "properties": {"magmom": 0.0}}], "@class": "Structure", "@module": "pymatgen.core.structure"}