{"lattice": {"a": 3.37401003, "c": 20.0, "b": 3.372921082686467, "matrix": [[3.37401003, 0.0, 0.0], [-1.68700502, 2.92072092, 0.0], [0.0, 0.0, 20.0]], "volume": 197.09083357821655, "beta": 90.0, "alpha": 90.0, "gamma": 120.01068046237302}, "sites": [{"label": "Pd", "xyz": [-3.3334237548857843e-09, 1.947200125577179, 10.0], "abc": [0.33334238, 0.66668476, 0.5], "species": [{"occu": 1, "element": "Pd"}], "properties": {"magmom": 0.004}}, {"label": "N", "xyz": [1.687005013332294, 0.9741808773507401, 10.0], "abc": [0.66677062, 0.33354124, 0.5], "species": [{"occu": 1, "element": "N"}], "properties": {"magmom": 0.02}}], "@class": "Structure", "@module": "pymatgen.core.structure"}