{"lattice": {"a": 4.56152534, "c": 22.656191, "b": 4.56152534, "matrix": [[4.56152534, 0.0, 0.0], [0.0, 4.56152534, 0.0], [0.0, 0.0, 22.656191]], "volume": 471.4189984476464, "beta": 90.0, "alpha": 90.0, "gamma": 90.0}, "sites": [{"label": "Ca", "xyz": [0.0, 0.0, 0.0], "abc": [0.0, 0.0, 0.0], "species": [{"occu": 1, "element": "Ca"}], "properties": {"magmom": 0.0}}, {"label": "Br", "xyz": [0.0, 2.28076267, 21.09702705247605], "abc": [0.0, 0.5, 0.93118155], "species": [{"occu": 1, "element": "Br"}], "properties": {"magmom": 0.0}}, {"label": "Br", "xyz": [2.28076267, 0.0, 1.55916394752395], "abc": [0.5, 0.0, 0.06881845], "species": [{"occu": 1, "element": "Br"}], "properties": {"magmom": 0.0}}], "@class": "Structure", "@module": "pymatgen.core.structure"}