{"lattice": {"a": 3.778864, "c": 23.801584, "b": 3.778864, "matrix": [[3.778864, 0.0, 0.0], [0.0, 3.778864, 0.0], [0.0, 0.0, 23.801584]], "volume": 339.8821717298035, "beta": 90.0, "alpha": 90.0, "gamma": 90.0}, "sites": [{"label": "Y", "xyz": [0.0, 0.0, 0.0], "abc": [0.0, 0.0, 0.0], "species": [{"occu": 1, "element": "Y"}], "properties": {"magmom": 0.0}}, {"label": "I", "xyz": [1.889432, 1.889432, 21.949868367967998], "abc": [0.5, 0.5, 0.922202], "species": [{"occu": 1, "element": "I"}], "properties": {"magmom": -0.0}}, {"label": "I", "xyz": [1.889432, 1.889432, 1.851715632032], "abc": [0.5, 0.5, 0.07779799999999999], "species": [{"occu": 1, "element": "I"}], "properties": {"magmom": -0.0}}], "@class": "Structure", "@module": "pymatgen.core.structure"}