{"lattice": {"a": 3.45200061, "c": 22.61355, "b": 3.452000994211326, "matrix": [[3.45200061, -0.0, 0.0], [1.7260008, 2.98952038, 0.0], [0.0, 0.0, 22.61355]], "volume": 233.3679052079802, "beta": 90.0, "alpha": 90.0, "gamma": 59.99999419486591}, "sites": [{"label": "Ni", "xyz": [3.4520026660004692, 1.99301458317346, 11.306775], "abc": [0.666667, 0.666667, 0.5], "species": [{"occu": 1, "element": "Ni"}], "properties": {"magmom": 1.426}}, {"label": "Cl", "xyz": [0.0, 0.0, 12.626371523952], "abc": [-0.0, 0.0, 0.55835424], "species": [{"occu": 1, "element": "Cl"}], "properties": {"magmom": 0.225}}, {"label": "Cl", "xyz": [1.7259987439995301, 0.99650579682654, 9.987178476048], "abc": [0.333333, 0.333333, 0.44164576], "species": [{"occu": 1, "element": "Cl"}], "properties": {"magmom": 0.225}}], "@class": "Structure", "@module": "pymatgen.core.structure"}