{"lattice": {"a": 3.2946667, "c": 27.549778, "b": 3.294667214158417, "matrix": [[3.2946667, 1e-08, 0.0], [-1.64733384, 2.85326537, 0.0], [0.0, 0.0, 27.549778]], "volume": 258.98329747197187, "beta": 90.0, "alpha": 90.0, "gamma": 120.00000450332526}, "sites": [{"label": "Mg", "xyz": [1.647334834000179, 0.95108751224488, 15.028782157451941], "abc": [0.666667, 0.333333, 0.54551373], "species": [{"occu": 1, "element": "Mg"}], "properties": {"magmom": 0.0}}, {"label": "Mg", "xyz": [-1.974000179997059e-06, 1.90217786775512, 12.52099584254806], "abc": [0.333333, 0.666667, 0.45448627], "species": [{"occu": 1, "element": "Mg"}], "properties": {"magmom": 0.0}}, {"label": "Sn", "xyz": [-1.974000179997059e-06, 1.90217786775512, 17.5415993373164], "abc": [0.333333, 0.666667, 0.6367238], "species": [{"occu": 1, "element": "Sn"}], "properties": {"magmom": 0.0}}, {"label": "Sn", "xyz": [1.647334834000179, 0.95108751224488, 10.0081786626836], "abc": [0.666667, 0.333333, 0.3632762], "species": [{"occu": 1, "element": "Sn"}], "properties": {"magmom": 0.0}}], "@class": "Structure", "@module": "pymatgen.core.structure"}