{"lattice": {"a": 4.251253795402905, "c": 24.122461, "b": 4.2512537044920204, "matrix": [[4.25125375, -0.00062132, 0.0], [-0.20953791, 4.24608666, -0.0], [0.0, 0.0, 24.122461]], "volume": 435.4360305655752, "beta": 90.0, "alpha": 90.0, "gamma": 92.8335413640374}, "sites": [{"label": "Ag", "xyz": [2.02085792, 2.12273267, 15.009212336349002], "abc": [0.5, 0.5, 0.622209], "species": [{"occu": 1, "element": "Ag"}], "properties": {"magmom": -0.0}}, {"label": "Ag", "xyz": [0.0, 0.0, 15.009212336349002], "abc": [0.0, -0.0, 0.622209], "species": [{"occu": 1, "element": "Ag"}], "properties": {"magmom": -0.0}}, {"label": "Br", "xyz": [3.136055835, 1.061055675, 17.010736871683278], "abc": [0.75, 0.25, 0.7051824800000001], "species": [{"occu": 1, "element": "Br"}], "properties": {"magmom": -0.0}}, {"label": "Br", "xyz": [0.9056600050000001, 3.184409664999999, 13.007711923475721], "abc": [0.25, 0.75, 0.53923652], "species": [{"occu": 1, "element": "Br"}], "properties": {"magmom": 0.0}}], "@class": "Structure", "@module": "pymatgen.core.structure"}