{"lattice": {"a": 3.7787379999999997, "c": 23.73272, "b": 3.778737911452711, "matrix": [[3.7787379999999997, 0.0, 0.0], [-1.8893689999999999, 3.272483, 0.0], [0.0, 0.0, 23.73272]], "volume": 293.4753948389102, "beta": 90.0, "alpha": 90.0, "gamma": 120.0000007751585}, "sites": [{"label": "C", "xyz": [0.0, 0.0, 8.35880638032], "abc": [0.0, 0.0, 0.35220599999999996], "species": [{"occu": 1, "element": "C"}], "properties": {"magmom": -0.0}}, {"label": "I", "xyz": [1.889370889369, 1.090826575839, 6.8396275076799995], "abc": [0.666667, 0.333333, 0.288194], "species": [{"occu": 1, "element": "I"}], "properties": {"magmom": 0.0}}, {"label": "I", "xyz": [-1.889368999964024e-06, 2.181656424161, 9.87748686584], "abc": [0.333333, 0.666667, 0.416197], "species": [{"occu": 1, "element": "I"}], "properties": {"magmom": 0.0}}], "@class": "Structure", "@module": "pymatgen.core.structure"}