{"lattice": {"a": 3.7017428199999998, "c": 22.858078, "b": 3.701743601592246, "matrix": [[3.7017428199999998, 1e-08, 0.0], [-1.8508719, 3.20580394, 0.0], [0.0, 0.0, 22.858078]], "volume": 271.25822278616437, "beta": 90.0, "alpha": 90.0, "gamma": 120.00000161824222}, "sites": [{"label": "Co", "xyz": [0.0, 0.0, 11.429039], "abc": [0.0, 0.0, 0.5], "species": [{"occu": 1, "element": "Co"}], "properties": {"magmom": 2.434}}, {"label": "Br", "xyz": [-2.177538239973591e-06, 2.13720369860131, 9.99099799712584], "abc": [0.333333, 0.666667, 0.43708828], "species": [{"occu": 1, "element": "Br"}], "properties": {"magmom": 0.2}}, {"label": "Br", "xyz": [1.8508730975382401, 1.06860025139869, 12.86708000287416], "abc": [0.666667, 0.333333, 0.56291172], "species": [{"occu": 1, "element": "Br"}], "properties": {"magmom": 0.2}}], "@class": "Structure", "@module": "pymatgen.core.structure"}