{"lattice": {"a": 3.310396779427122, "c": 22.737146, "b": 3.310397140212443, "matrix": [[3.31039677, -0.00024983, 0.0], [1.65330127, 2.86798259, 0.0], [0.0, 0.0, 22.737146]], "volume": 215.87950038954648, "beta": 90.0, "alpha": 90.0, "gamma": 60.0422349955112}, "sites": [{"label": "Cr", "xyz": [0.0, 0.0, 11.368573], "abc": [-0.0, 0.0, 0.5], "species": [{"occu": 1, "element": "Cr"}], "properties": {"magmom": 2.313}}, {"label": "S", "xyz": [1.655015012912371, 0.9561703255463601, 9.99667136271084], "abc": [0.33342379, 0.33342379, 0.43966254], "species": [{"occu": 1, "element": "S"}], "properties": {"magmom": -0.169}}, {"label": "S", "xyz": [3.308683027087628, 1.911562434453639, 12.740474637289159], "abc": [0.66657621, 0.66657621, 0.5603374600000001], "species": [{"occu": 1, "element": "S"}], "properties": {"magmom": -0.169}}], "@class": "Structure", "@module": "pymatgen.core.structure"}