{"lattice": {"a": 3.247707, "c": 22.803662, "b": 3.247707, "matrix": [[3.247707, 0.0, 0.0], [0.0, 3.247707, 0.0], [0.0, 0.0, 22.803662]], "volume": 240.52392259293245, "beta": 90.0, "alpha": 90.0, "gamma": 90.0}, "sites": [{"label": "Fe", "xyz": [0.0, 0.0, 0.0], "abc": [0.0, 0.0, 0.0], "species": [{"occu": 1, "element": "Fe"}], "properties": {"magmom": 0.281}}, {"label": "Pb", "xyz": [1.6238535, 1.6238535, 1.677368965733999], "abc": [0.5, 0.5, 0.073557], "species": [{"occu": 1, "element": "Pb"}], "properties": {"magmom": -0.021}}, {"label": "Pb", "xyz": [1.6238535, 1.6238535, 21.126293034266], "abc": [0.5, 0.5, 0.9264429999999999], "species": [{"occu": 1, "element": "Pb"}], "properties": {"magmom": -0.021}}], "@class": "Structure", "@module": "pymatgen.core.structure"}