{"lattice": {"a": 4.42324742, "c": 20.16693, "b": 4.4232471403223155, "matrix": [[4.42324742, 0.0, 0.0], [-2.21162371, 3.8306443100000003, 0.0], [0.0, 0.0, 20.16693]], "volume": 341.7061943734856, "beta": 90.0, "alpha": 90.0, "gamma": 120.00000209159995}, "sites": [{"label": "Zn", "xyz": [0.0, 0.0, 9.9940928296734], "abc": [0.0, -0.0, 0.49556838000000003], "species": [{"occu": 1, "element": "Zn"}], "properties": {"magmom": -0.0}}, {"label": "Te", "xyz": [2.21162592162371, 1.27688015978523, 10.1728371703266], "abc": [0.666667, 0.333333, 0.50443162], "species": [{"occu": 1, "element": "Te"}], "properties": {"magmom": 0.0}}], "@class": "Structure", "@module": "pymatgen.core.structure"}