{"lattice": {"a": 3.52672544, "c": 22.485215, "b": 3.526726148531563, "matrix": [[3.52672544, -2e-08, 0.0], [1.76336319, 3.05423437, 0.0], [0.0, 0.0, 22.485215]], "volume": 242.19828114213817, "beta": 90.0, "alpha": 90.0, "gamma": 59.999998153812285}, "sites": [{"label": "Pb", "xyz": [3.52672751669621, 2.03615725141145, 12.552180149422501], "abc": [0.666667, 0.666667, 0.5582415], "species": [{"occu": 1, "element": "Pb"}], "properties": {"magmom": 0.0}}, {"label": "Pb", "xyz": [1.7633611133037892, 1.0180770985885501, 9.9330348505775], "abc": [0.333333, 0.333333, 0.4417585], "species": [{"occu": 1, "element": "Pb"}], "properties": {"magmom": 0.0}}], "@class": "Structure", "@module": "pymatgen.core.structure"}