{"lattice": {"a": 3.910042, "c": 20.0, "b": 3.910041892168036, "matrix": [[3.910042, 0.0, 0.0], [-1.955022, 3.386195, 0.0], [0.0, 0.0, 20.0]], "volume": 264.8032934038, "beta": 90.0, "alpha": 90.0, "gamma": 120.00001783268014}, "sites": [{"label": "Ag", "xyz": [0.0, 0.0, 6.61966], "abc": [0.0, 0.0, 0.33098299999999997], "species": [{"occu": 1, "element": "Ag"}], "properties": {"magmom": 0.0}}, {"label": "F", "xyz": [-2.62168800024493e-06, 2.257464462064999, 6.61966], "abc": [0.333333, 0.666667, 0.33098299999999997], "species": [{"occu": 1, "element": "F"}], "properties": {"magmom": -0.0}}], "@class": "Structure", "@module": "pymatgen.core.structure"}