{"lattice": {"a": 2.76701884, "c": 21.01042, "b": 4.40989938, "matrix": [[2.76701884, 0.0, 0.0], [0.0, 4.40989938, 0.0], [0.0, 0.0, 21.01042]], "volume": 256.3749157082804, "beta": 90.0, "alpha": 90.0, "gamma": 90.0}, "sites": [{"label": "Cu", "xyz": [1.38350942, 0.0, 10.50521], "abc": [0.5, 0.0, 0.5], "species": [{"occu": 1, "element": "Cu"}], "properties": {"magmom": -0.0}}, {"label": "H", "xyz": [0.0, 2.20494969, 10.50521], "abc": [-0.0, 0.5, 0.5], "species": [{"occu": 1, "element": "H"}], "properties": {"magmom": -0.0}}, {"label": "O", "xyz": [0.0, 1.106926638424109, 10.005649235639801], "abc": [-0.0, 0.2510095, 0.47622319], "species": [{"occu": 1, "element": "O"}], "properties": {"magmom": 0.0}}, {"label": "O", "xyz": [0.0, 3.302972741575889, 11.004770764360199], "abc": [-0.0, 0.7489905, 0.52377681], "species": [{"occu": 1, "element": "O"}], "properties": {"magmom": 0.0}}], "@class": "Structure", "@module": "pymatgen.core.structure"}