{"lattice": {"a": 1.79905792, "c": 20.0, "b": 1.79905792, "matrix": [[1.79905792, 0.0, 0.0], [0.0, 1.79905792, 0.0], [0.0, 0.0, 20.0]], "volume": 64.73218799029453, "beta": 90.0, "alpha": 90.0, "gamma": 90.0}, "sites": [{"label": "O", "xyz": [0.0, 0.0, 10.0], "abc": [0.0, 0.0, 0.5], "species": [{"occu": 1, "element": "O"}], "properties": {"magmom": -0.0}}], "@class": "Structure", "@module": "pymatgen.core.structure"}