{"lattice": {"a": 3.06822815, "c": 23.553972, "b": 3.068228765207337, "matrix": [[3.06822815, 0.0, 0.0], [-1.5341140800000002, 2.6571642300000002, 0.0], [0.0, 0.0, 23.553972]], "volume": 192.03049527781934, "beta": 90.0, "alpha": 90.0, "gamma": 119.99999347503122}, "sites": [{"label": "Mo", "xyz": [0.0, 0.0, 11.776986], "abc": [-0.0, -0.0, 0.5], "species": [{"occu": 1, "element": "Mo"}], "properties": {"magmom": 0.621}}, {"label": "O", "xyz": [0.0, 0.0, 9.99813845136132], "abc": [0.0, 0.0, 0.42447781], "species": [{"occu": 1, "element": "O"}], "properties": {"magmom": 0.269}}, {"label": "O", "xyz": [0.0, 0.0, 13.555833548638683], "abc": [-0.0, -0.0, 0.57552219], "species": [{"occu": 1, "element": "O"}], "properties": {"magmom": 0.269}}], "@class": "Structure", "@module": "pymatgen.core.structure"}