{"lattice": {"a": 3.385975, "c": 20.0, "b": 3.38597666458409, "matrix": [[3.385975, 0.0, 0.0], [-1.692988, 2.9323420000000002, 0.0], [0.0, 0.0, 20.0]], "volume": 198.576734069, "beta": 90.0, "alpha": 90.0, "gamma": 119.99999350726063}, "sites": [{"label": "B", "xyz": [-2.026320999893636e-06, 1.954895644114, 7.70726], "abc": [0.333333, 0.666667, 0.38536299999999996], "species": [{"occu": 1, "element": "B"}], "properties": {"magmom": -0.0}}, {"label": "As", "xyz": [0.0, 0.0, 7.70726], "abc": [0.0, 0.0, 0.38536299999999996], "species": [{"occu": 1, "element": "As"}], "properties": {"magmom": -0.0}}], "@class": "Structure", "@module": "pymatgen.core.structure"}