{"lattice": {"a": 3.945892090905807, "c": 23.289565, "b": 3.945893005482155, "matrix": [[3.9458919999999997, 0.000847, 0.0], [0.000208, 3.945893, 0.0], [0.0, 0.0, 23.289565]], "volume": 362.6200978235614, "beta": 90.0, "alpha": 90.0, "gamma": 89.9846810192449}, "sites": [{"label": "Y", "xyz": [0.041695894000000004, 2.0145451396, 1.1374623546], "abc": [0.01054, 0.51054, 0.04884], "species": [{"occu": 1, "element": "Y"}], "properties": {"magmom": -0.0}}, {"label": "Y", "xyz": [2.014537894, 0.0420221396, 22.1521026454], "abc": [0.51054, 0.01054, 0.9511600000000001], "species": [{"occu": 1, "element": "Y"}], "properties": {"magmom": -0.0}}, {"label": "Se", "xyz": [0.0413841521, 2.01423334714, 21.50889143923], "abc": [0.010461, 0.5104609999999999, 0.923542], "species": [{"occu": 1, "element": "Se"}], "properties": {"magmom": 0.0}}, {"label": "Se", "xyz": [2.0142261521, 0.04171034714, 1.78067356077], "abc": [0.5104609999999999, 0.010461, 0.076458], "species": [{"occu": 1, "element": "Se"}], "properties": {"magmom": 0.0}}], "@class": "Structure", "@module": "pymatgen.core.structure"}