{"lattice": {"a": 4.11495366, "c": 28.784137, "b": 4.114953196714736, "matrix": [[4.11495366, 0.0, 0.0], [-2.05747683, 3.56365387, 0.0], [0.0, 0.0, 28.784137]], "volume": 422.09837209399245, "beta": 90.0, "alpha": 90.0, "gamma": 120.00000372430809}, "sites": [{"label": "Ba", "xyz": [-2.057476830106847e-06, 2.3757704345512902, 10.47949631097441], "abc": [0.333333, 0.666667, 0.36407193], "species": [{"occu": 1, "element": "Ba"}], "properties": {"magmom": -0.001}}, {"label": "Ba", "xyz": [2.05747888747683, 1.18788343544871, 18.30464068902559], "abc": [0.666667, 0.333333, 0.6359280700000001], "species": [{"occu": 1, "element": "Ba"}], "properties": {"magmom": -0.001}}, {"label": "Mg", "xyz": [2.05747888747683, 1.18788343544871, 13.32776179372198], "abc": [0.666667, 0.333333, 0.46302454], "species": [{"occu": 1, "element": "Mg"}], "properties": {"magmom": -0.0}}, {"label": "Mg", "xyz": [-2.057476830106847e-06, 2.3757704345512902, 15.45637520627802], "abc": [0.333333, 0.666667, 0.53697546], "species": [{"occu": 1, "element": "Mg"}], "properties": {"magmom": -0.0}}], "@class": "Structure", "@module": "pymatgen.core.structure"}