{"lattice": {"a": 3.900494, "c": 20.0, "b": 3.90252596602995, "matrix": [[3.900494, 0.0, 0.0], [-1.950247, 3.380273, 0.0], [0.0, 0.0, 20.0]], "volume": 263.69469109724, "beta": 90.0, "alpha": 90.0, "gamma": 119.98277754850574}, "sites": [{"label": "P", "xyz": [1.950248950247, 1.126283301689, 8.946760000000001], "abc": [0.666597, 0.33319299999999996, 0.44733799999999996], "species": [{"occu": 1, "element": "P"}], "properties": {"magmom": 0.002}}, {"label": "Pd", "xyz": [4.287116256307401e-17, 2.254006599676, 8.946760000000001], "abc": [0.333406, 0.666812, 0.44733799999999996], "species": [{"occu": 1, "element": "Pd"}], "properties": {"magmom": -0.005}}], "@class": "Structure", "@module": "pymatgen.core.structure"}