{"lattice": {"a": 5.20279897, "c": 20.0, "b": 5.202798700068317, "matrix": [[5.20279897, 0.0, 0.0], [-2.60139948, 4.50575577, -0.0], [-0.0, -0.0, 20.0]], "volume": 468.85082958455115, "beta": 90.0, "alpha": 90.0, "gamma": 120.00000165266262}, "sites": [{"label": "Ge", "xyz": [1.302613801047632, 0.752064346621778, 4.84002], "abc": [0.33382385000000003, 0.16691192, 0.242001], "species": [{"occu": 1, "element": "Ge"}], "properties": {"magmom": -0.008}}, {"label": "Ge", "xyz": [3.9001852226494753, 0.752064346621778, 4.84002], "abc": [0.83308808, 0.16691192, 0.242001], "species": [{"occu": 1, "element": "Ge"}], "properties": {"magmom": -0.016}}, {"label": "Ge", "xyz": [2.601399514344875, 3.001627031698886, 4.84002], "abc": [0.83308808, 0.66617615, 0.242001], "species": [{"occu": 1, "element": "Ge"}], "properties": {"magmom": -0.012}}, {"label": "Mo", "xyz": [-2.5980661501506202e-06, 3.00383868191859, 4.84002], "abc": [0.333333, 0.666667, 0.242001], "species": [{"occu": 1, "element": "Mo"}], "properties": {"magmom": 1.016}}], "@class": "Structure", "@module": "pymatgen.core.structure"}