{"lattice": {"a": 4.630187792167901, "c": 20.274504, "b": 4.630187907869027, "matrix": [[4.63018344, -0.00634844, 0.0], [-2.31381825, 4.01059661, 0.0], [0.0, 0.0, 20.274504]], "volume": 376.1956290419699, "beta": 90.0, "alpha": 90.0, "gamma": 120.06033163287977}, "sites": [{"label": "Zn", "xyz": [0.000128933318091, 2.672031457088718, 10.26236211202824], "abc": [0.33322964, 0.66677036, 0.50617081], "species": [{"occu": 1, "element": "Zn"}], "properties": {"magmom": 0.016}}, {"label": "Bi", "xyz": [2.315618240531498, 1.332574221020732, 10.01214188797176], "abc": [0.66668136, 0.33331864, 0.49382919000000003], "species": [{"occu": 1, "element": "Bi"}], "properties": {"magmom": 0.28500000000000003}}], "@class": "Structure", "@module": "pymatgen.core.structure"}