{"lattice": {"a": 5.482208, "c": 20.0, "b": 5.4822076563349, "matrix": [[5.482208, 0.0, 0.0], [-2.741104, 4.747731, 0.0], [0.0, 0.0, 20.0]], "volume": 520.56097740096, "beta": 90.0, "alpha": 90.0, "gamma": 120.00000207368106}, "sites": [{"label": "Y", "xyz": [2.7411067411039998, 1.582575417423, 5.74646], "abc": [0.666667, 0.333333, 0.287323], "species": [{"occu": 1, "element": "Y"}], "properties": {"magmom": 0.0}}, {"label": "Si", "xyz": [-3.3952861599573225e-17, 1.604628627918, 5.74646], "abc": [0.168989, 0.337978, 0.287323], "species": [{"occu": 1, "element": "Si"}], "properties": {"magmom": 0.0}}, {"label": "Si", "xyz": [-1.351454728432, 3.945416686041, 5.74646], "abc": [0.168989, 0.8310109999999999, 0.287323], "species": [{"occu": 1, "element": "Si"}], "properties": {"magmom": 0.0}}, {"label": "Si", "xyz": [1.351454728431999, 3.945416686041, 5.74646], "abc": [0.662022, 0.8310109999999999, 0.287323], "species": [{"occu": 1, "element": "Si"}], "properties": {"magmom": 0.0}}], "@class": "Structure", "@module": "pymatgen.core.structure"}