{"lattice": {"a": 3.6359679937959593, "c": 22.67033279826306, "b": 3.634758379507989, "matrix": [[3.63596687, 0.0017517400000000001, -0.00225911], [-1.8164657800000001, 3.14832006, 0.00116073], [-0.01410393, 0.00021426, 22.67032841]], "volume": 259.5835345758647, "beta": 90.0712444305685, "alpha": 89.96342022963745, "gamma": 119.95577833916703}, "sites": [{"label": "Fe", "xyz": [-0.014103820335384001, 0.000214889887453, 22.670327956531892], "abc": [1.3e-07, 2e-07, 0.99999998], "species": [{"occu": 1, "element": "Fe"}], "properties": {"magmom": 1.542}}, {"label": "Te", "xyz": [-0.012237348797787002, 2.099551447166466, 21.13702889637755], "abc": [0.33328827, 0.66663103, 0.9323644400000001], "species": [{"occu": 1, "element": "Te"}], "properties": {"magmom": -0.025}}, {"label": "Te", "xyz": [1.81763443549284, 1.050733982963598, 1.532201587067962], "abc": [0.66671161, 0.33336877, 0.06763558], "species": [{"occu": 1, "element": "Te"}], "properties": {"magmom": -0.025}}], "@class": "Structure", "@module": "pymatgen.core.structure"}