{"lattice": {"a": 3.15096225, "c": 24.320905, "b": 3.15096225, "matrix": [[3.15096225, 0.0, 0.0], [0.0, 3.15096225, 0.0], [0.0, 0.0, 24.320905]], "volume": 241.47163996410384, "beta": 90.0, "alpha": 90.0, "gamma": 90.0}, "sites": [{"label": "K", "xyz": [0.0, 0.0, 14.5728221509717], "abc": [-0.0, -0.0, 0.59918914], "species": [{"occu": 1, "element": "K"}], "properties": {"magmom": 0.009000000000000001}}, {"label": "Sn", "xyz": [0.0, 0.0, 18.0140881743865], "abc": [-0.0, 0.0, 0.7406832999999999], "species": [{"occu": 1, "element": "Sn"}], "properties": {"magmom": -0.111}}, {"label": "Sn", "xyz": [0.0, 0.0, 3.8944471746418], "abc": [0.0, 0.0, 0.16012756], "species": [{"occu": 1, "element": "Sn"}], "properties": {"magmom": 0.028}}], "@class": "Structure", "@module": "pymatgen.core.structure"}