{"lattice": {"a": 3.06962974, "c": 22.960738, "b": 3.06962974, "matrix": [[3.06962974, 0.0, 0.0], [0.0, 3.06962974, 0.0], [0.0, 0.0, 22.960738]], "volume": 216.35046386483367, "beta": 90.0, "alpha": 90.0, "gamma": 90.0}, "sites": [{"label": "Nb", "xyz": [1.53481487, 1.53481487, 11.480369], "abc": [0.5, 0.5, 0.5], "species": [{"occu": 1, "element": "Nb"}], "properties": {"magmom": -0.0}}, {"label": "S", "xyz": [0.0, 0.0, 9.99068389560354], "abc": [-0.0, -0.0, 0.43512033], "species": [{"occu": 1, "element": "S"}], "properties": {"magmom": -0.0}}, {"label": "S", "xyz": [0.0, 0.0, 12.970054104396459], "abc": [-0.0, -0.0, 0.5648796700000001], "species": [{"occu": 1, "element": "S"}], "properties": {"magmom": -0.0}}], "@class": "Structure", "@module": "pymatgen.core.structure"}