{"lattice": {"a": 4.213016173916261, "c": 26.14661704650917, "b": 4.075337, "matrix": [[4.195776, 0.0, 0.380748], [0.0, 4.075337, 0.0], [2.55633, 0.0, 26.021352]], "volume": 440.97773577035076, "beta": 79.20414757098605, "alpha": 90.0, "gamma": 90.0}, "sites": [{"label": "Rb", "xyz": [4.390201118436, 1.01883425, 3.452936537232], "abc": [0.9741759999999999, 0.25, 0.11844199999999999], "species": [{"occu": 1, "element": "Rb"}], "properties": {"magmom": -0.0}}, {"label": "Rb", "xyz": [0.832654592634, 3.05650275, 7.3826442479760015], "abc": [0.025824, 0.75, 0.283337], "species": [{"occu": 1, "element": "Rb"}], "properties": {"magmom": -0.0}}, {"label": "Sr", "xyz": [5.126578952034, 1.01883425, 25.405733329152], "abc": [0.6326339999999999, 0.25, 0.967085], "species": [{"occu": 1, "element": "Sr"}], "properties": {"magmom": 0.0}}, {"label": "Sr", "xyz": [2.652609315366, 3.05650275, 11.451225477408], "abc": [0.36736599999999997, 0.75, 0.434695], "species": [{"occu": 1, "element": "Sr"}], "properties": {"magmom": 0.0}}], "@class": "Structure", "@module": "pymatgen.core.structure"}