{"lattice": {"a": 3.742128151932394, "c": 22.797818000000124, "b": 3.742127621932397, "matrix": [[3.74212815, -0.00012026, 2.6e-07], [-0.00012026, 3.7421276199999998, 2.9e-07], [1.5599999999999999e-06, 1.8e-06, 22.797818]], "volume": 319.24972524266155, "beta": 89.99999209866877, "alpha": 89.99999103614714, "gamma": 90.0036826055405}, "sites": [{"label": "Co", "xyz": [4.864838595000001e-07, -2.24543309e-07, -2.2797816359999998e-07], "abc": [1.3e-07, -6.000000000000001e-08, -1e-08], "species": [{"occu": 1, "element": "Co"}], "properties": {"magmom": 0.067}}, {"label": "Co", "xyz": [1.871003870150268, 1.8710039045301161, 9.589345522e-07], "abc": [0.49999998, 0.50000006, 3.0000000000000004e-08], "species": [{"occu": 1, "element": "Co"}], "properties": {"magmom": 0.067}}, {"label": "Te", "xyz": [-6.0092180043800005e-05, 1.871063790306964, 1.646378312640623], "abc": [-2e-08, 0.49999996, 0.07221648], "species": [{"occu": 1, "element": "Te"}], "properties": {"magmom": 0.007}}, {"label": "Te", "xyz": [1.871065222967197, -5.831029497440001e-05, 21.15143950640299], "abc": [0.49999992, 4e-08, 0.9277835], "species": [{"occu": 1, "element": "Te"}], "properties": {"magmom": 0.007}}], "@class": "Structure", "@module": "pymatgen.core.structure"}