{"lattice": {"a": 4.529458, "c": 23.407847, "b": 4.529456899519963, "matrix": [[4.529458, 0.0, 0.0], [-2.264728, 3.922625, 0.0], [0.0, 0.0, 23.407847]], "volume": 415.8957658962744, "beta": 90.0, "alpha": 90.0, "gamma": 119.9999934305855}, "sites": [{"label": "K", "xyz": [2.264731598062, 1.307540359124999, 18.140519636672], "abc": [0.666667, 0.333333, 0.774976], "species": [{"occu": 1, "element": "K"}], "properties": {"magmom": 0.0}}, {"label": "K", "xyz": [-1.5980620000772689e-06, 2.615084640875, 22.23394347295], "abc": [0.333333, 0.666667, 0.9498500000000001], "species": [{"occu": 1, "element": "K"}], "properties": {"magmom": 0.0}}, {"label": "Br", "xyz": [0.0, 0.0, 20.187231554811], "abc": [0.0, 0.0, 0.862413], "species": [{"occu": 1, "element": "Br"}], "properties": {"magmom": -0.0}}], "@class": "Structure", "@module": "pymatgen.core.structure"}