{"lattice": {"a": 3.907998, "c": 24.623155, "b": 3.907997027203193, "matrix": [[3.907998, 0.0, 0.0], [-1.953998, 3.384425, 0.0], [0.0, 0.0, 24.623155]], "volume": 325.67387840785676, "beta": 90.0, "alpha": 90.0, "gamma": 119.9999913051094}, "sites": [{"label": "In", "xyz": [0.0, 0.0, 0.076454896275], "abc": [0.0, 0.0, 0.0031049999999999997], "species": [{"occu": 1, "element": "In"}], "properties": {"magmom": 0.0}}, {"label": "In", "xyz": [0.0, 0.0, 2.8749995778], "abc": [0.0, 0.0, 0.11676], "species": [{"occu": 1, "element": "In"}], "properties": {"magmom": 0.0}}, {"label": "S", "xyz": [1.954001287332, 1.128140538524999, 23.510114524535002], "abc": [0.666667, 0.333333, 0.954797], "species": [{"occu": 1, "element": "S"}], "properties": {"magmom": -0.0}}, {"label": "S", "xyz": [-1.287332000031782e-06, 2.256284461475, 4.064470326385], "abc": [0.333333, 0.666667, 0.165067], "species": [{"occu": 1, "element": "S"}], "properties": {"magmom": -0.0}}], "@class": "Structure", "@module": "pymatgen.core.structure"}