{"lattice": {"a": 3.13538, "c": 22.95445677462843, "b": 3.769701623586408, "matrix": [[3.13538, 0.0, 0.0], [-1.56769, 3.4282529999999998, 0.008931], [0.0, 0.273949, 22.952822]], "volume": 246.70936388794811, "beta": 90.0, "alpha": 89.2423871285392, "gamma": 114.57385218203649}, "sites": [{"label": "Ag", "xyz": [0.0, 0.061821522932, 5.179717435096], "abc": [0.0, 0.0, 0.22566799999999998], "species": [{"occu": 1, "element": "Ag"}], "properties": {"magmom": 0.0}}, {"label": "Te", "xyz": [1.567689999999999, 1.269936401355, 7.334647823766001], "abc": [0.672454, 0.344908, 0.319419], "species": [{"occu": 1, "element": "Te"}], "properties": {"magmom": 0.0}}, {"label": "Te", "xyz": [-7.87268849933298e-17, 2.281959644509, 3.033718046426], "abc": [0.327546, 0.655092, 0.131917], "species": [{"occu": 1, "element": "Te"}], "properties": {"magmom": 0.0}}], "@class": "Structure", "@module": "pymatgen.core.structure"}