{"lattice": {"a": 3.73328417, "c": 23.116201, "b": 3.73328417, "matrix": [[3.73328417, 0.0, 0.0], [0.0, 3.73328417, 0.0], [0.0, 0.0, 23.116201]], "volume": 322.1799870214199, "beta": 90.0, "alpha": 90.0, "gamma": 90.0}, "sites": [{"label": "Tl", "xyz": [1.866642085, 0.0, 13.15132616993647], "abc": [0.5, 0.0, 0.56892247], "species": [{"occu": 1, "element": "Tl"}], "properties": {"magmom": 0.0}}, {"label": "Tl", "xyz": [0.0, 1.866642085, 9.964874830063529], "abc": [0.0, 0.5, 0.43107753], "species": [{"occu": 1, "element": "Tl"}], "properties": {"magmom": 0.0}}, {"label": "F", "xyz": [0.0, 1.866642085, 12.44346694847869], "abc": [-0.0, 0.5, 0.53830069], "species": [{"occu": 1, "element": "F"}], "properties": {"magmom": 0.0}}, {"label": "F", "xyz": [1.866642085, 0.0, 10.67273405152131], "abc": [0.5, -0.0, 0.46169931000000003], "species": [{"occu": 1, "element": "F"}], "properties": {"magmom": 0.0}}], "@class": "Structure", "@module": "pymatgen.core.structure"}