{"lattice": {"a": 3.689847370244499, "c": 23.66238, "b": 3.689847605345894, "matrix": [[3.66320778, 0.44258601000000003, 0.0], [-0.30711905, 3.67704409, 0.0], [0.0, 0.0, 23.66238]], "volume": 321.9433172228601, "beta": 90.0, "alpha": 90.0, "gamma": 87.8854116869498}, "sites": [{"label": "Os", "xyz": [-0.153559525, 1.838522045, 11.83119], "abc": [0.0, 0.5, 0.5], "species": [{"occu": 1, "element": "Os"}], "properties": {"magmom": 0.0}}, {"label": "Os", "xyz": [1.83160389, 0.22129300500000001, 11.83119], "abc": [0.5, -0.0, 0.5], "species": [{"occu": 1, "element": "Os"}], "properties": {"magmom": 0.0}}, {"label": "S", "xyz": [2.5170665475, 3.089722574999999, 9.9112791468978], "abc": [0.75, 0.75, 0.41886231], "species": [{"occu": 1, "element": "S"}], "properties": {"magmom": 0.0}}, {"label": "S", "xyz": [0.8390221825, 1.029907525, 13.7511008531022], "abc": [0.25, 0.25, 0.58113769], "species": [{"occu": 1, "element": "S"}], "properties": {"magmom": 0.0}}], "@class": "Structure", "@module": "pymatgen.core.structure"}