{"lattice": {"a": 4.361853151998479, "c": 24.122461, "b": 4.361853494424722, "matrix": [[4.35889739, -0.16055049999999998, 0.0], [-0.43283105, 4.34032524, -0.0], [-0.0, -0.0, 24.122461]], "volume": 454.6973205084193, "beta": 90.0, "alpha": 90.0, "gamma": 97.80430110581014}, "sites": [{"label": "Ag", "xyz": [1.96303317, 2.08988737, 15.009212336349002], "abc": [0.5, 0.5, 0.622209], "species": [{"occu": 1, "element": "Ag"}], "properties": {"magmom": -0.0}}, {"label": "Ag", "xyz": [0.0, 0.0, 15.009212336349002], "abc": [0.0, -0.0, 0.622209], "species": [{"occu": 1, "element": "Ag"}], "properties": {"magmom": -0.0}}, {"label": "F", "xyz": [3.16096528, 0.9646684350000001, 16.325149271682353], "abc": [0.75, 0.25, 0.67676135], "species": [{"occu": 1, "element": "F"}], "properties": {"magmom": 0.0}}, {"label": "F", "xyz": [0.76510106, 3.215106305, 13.693299523476652], "abc": [0.25, 0.75, 0.56765765], "species": [{"occu": 1, "element": "F"}], "properties": {"magmom": 0.0}}], "@class": "Structure", "@module": "pymatgen.core.structure"}