{"lattice": {"a": 3.67688201, "c": 23.530221, "b": 3.67688201, "matrix": [[3.67688201, 0.0, 0.0], [0.0, 3.67688201, -0.0], [0.0, -0.0, 23.530221]], "volume": 318.1159125537631, "beta": 90.0, "alpha": 90.0, "gamma": 90.0}, "sites": [{"label": "Ag", "xyz": [1.838441005, 1.838441005, 0.0], "abc": [0.5, 0.5, 0.0], "species": [{"occu": 1, "element": "Ag"}], "properties": {"magmom": 0.139}}, {"label": "Cl", "xyz": [1.838441005, 0.0, 1.63427549900472], "abc": [0.5, -0.0, 0.06945432], "species": [{"occu": 1, "element": "Cl"}], "properties": {"magmom": 0.14}}, {"label": "Cl", "xyz": [0.0, 1.838441005, 21.895921970774282], "abc": [0.0, 0.5, 0.93054468], "species": [{"occu": 1, "element": "Cl"}], "properties": {"magmom": 0.065}}], "@class": "Structure", "@module": "pymatgen.core.structure"}