{"lattice": {"a": 4.1089455, "c": 23.98890963, "b": 4.108945486346458, "matrix": [[4.1089455, -0.0, 0.0], [-2.05447275, 3.55845117, -0.0], [0.0, 0.0, 23.98890963]], "volume": 350.753408482127, "beta": 90.0, "alpha": 90.0, "gamma": 120.00000010992007}, "sites": [{"label": "La", "xyz": [2.05447480447275, 1.18614920384961, 11.994454815000001], "abc": [0.666667, 0.333333, 0.5], "species": [{"occu": 1, "element": "La"}], "properties": {"magmom": 0.001}}, {"label": "H", "xyz": [-2.054472750116972e-06, 2.37230196615039, 11.994454815000001], "abc": [0.333333, 0.666667, 0.5], "species": [{"occu": 1, "element": "H"}], "properties": {"magmom": -0.0}}, {"label": "Br", "xyz": [0.0, 0.0, 13.948649926399296], "abc": [0.0, -0.0, 0.58146244], "species": [{"occu": 1, "element": "Br"}], "properties": {"magmom": -0.0}}, {"label": "Br", "xyz": [0.0, 0.0, 10.040259703600702], "abc": [0.0, -0.0, 0.41853756000000003], "species": [{"occu": 1, "element": "Br"}], "properties": {"magmom": -0.0}}], "@class": "Structure", "@module": "pymatgen.core.structure"}