{"lattice": {"a": 3.950939121982523, "c": 23.424122, "b": 5.022593027580723, "matrix": [[3.95088054, -0.02151521, 0.0], [-1.22550128, 4.87078919, 0.0], [0.0, 0.0, 23.424122]], "volume": 450.1539852861453, "beta": 90.0, "alpha": 90.0, "gamma": 104.43462131717405}, "sites": [{"label": "Tl", "xyz": [0.7607046440781231, 2.096731977168586, 13.490700494739121], "abc": [0.32651317, 0.43191296, 0.57593196], "species": [{"occu": 1, "element": "Tl"}], "properties": {"magmom": 0.0}}, {"label": "In", "xyz": [0.21132712624371403, 4.028142382144836, 9.93937943069158], "abc": [0.31043639, 0.8283712, 0.42432239], "species": [{"occu": 1, "element": "In"}], "properties": {"magmom": 0.0}}, {"label": "S", "xyz": [2.26290267417842, 4.349712880473757, 12.001629293440342], "abc": [0.85092583, 0.89677885, 0.51236197], "species": [{"occu": 1, "element": "S"}], "properties": {"magmom": -0.0}}, {"label": "S", "xyz": [2.733332680040522, 1.37355742638408, 11.41653478112896], "abc": [0.78036961, 0.28544599, 0.48738368], "species": [{"occu": 1, "element": "S"}], "properties": {"magmom": -0.0}}], "@class": "Structure", "@module": "pymatgen.core.structure"}