{"lattice": {"a": 7.211639800525639, "c": 20.0, "b": 8.268130072132427, "matrix": [[7.17516208, -0.72442925, 0.0], [-3.37874376, 7.54626169, 0.0], [0.0, 0.0, 20.0]], "volume": 1033.9597983169147, "beta": 90.0, "alpha": 90.0, "gamma": 119.88509259477848}, "sites": [{"label": "K", "xyz": [0.0, 0.0, 10.0], "abc": [0.0, 0.0, 0.5], "species": [{"occu": 1, "element": "K"}], "properties": {"magmom": 0.0}}, {"label": "Sb", "xyz": [3.58758104, -0.362214625, 10.0], "abc": [0.5, 0.0, 0.5], "species": [{"occu": 1, "element": "Sb"}], "properties": {"magmom": 0.0}}, {"label": "Sb", "xyz": [2.705453424571868, 2.304265984740853, 10.0], "abc": [0.54550639, 0.35771974, 0.5], "species": [{"occu": 1, "element": "Sb"}], "properties": {"magmom": 0.0}}, {"label": "Sb", "xyz": [1.090964895428131, 4.517566455259147, 10.0], "abc": [0.45449361, 0.64228026, 0.5], "species": [{"occu": 1, "element": "Sb"}], "properties": {"magmom": 0.0}}], "@class": "Structure", "@module": "pymatgen.core.structure"}