{"lattice": {"a": 3.333614006957164, "c": 23.320294042595435, "b": 3.333603370387965, "matrix": [[3.333614, -0.000136, 0.000167], [-1.666925, 2.886914, -0.000179], [0.001174, -0.0007800000000000001, 23.320294]], "volume": 224.42588538924144, "beta": 89.99424523684425, "alpha": 90.0061784437638, "gamma": 120.00478497192516}, "sites": [{"label": "Mn", "xyz": [-1.666916663499, 2.8869111112540002, -0.000132358898999], "abc": [2e-06, 0.999999, 2e-06], "species": [{"occu": 1, "element": "Mn"}], "properties": {"magmom": 4.693}}, {"label": "F", "xyz": [1.667870843537, 0.961477243806, 22.343948275745], "abc": [0.666662, 0.333337, 0.958131], "species": [{"occu": 1, "element": "F"}], "properties": {"magmom": 0.06}}, {"label": "F", "xyz": [-1.618003800006757e-05, 1.9245236449399998, 0.976287083154], "abc": [0.33333599999999997, 0.6666639999999999, 0.041867], "species": [{"occu": 1, "element": "F"}], "properties": {"magmom": 0.06}}], "@class": "Structure", "@module": "pymatgen.core.structure"}