{"lattice": {"a": 3.59989231, "c": 24.07119085, "b": 3.59989231, "matrix": [[3.59989231, 0.0, 0.0], [0.0, 3.59989231, 0.0], [0.0, 0.0, 24.07119085]], "volume": 311.94396966404986, "beta": 90.0, "alpha": 90.0, "gamma": 90.0}, "sites": [{"label": "Fe", "xyz": [1.7999461550000002, 1.7999461550000002, 12.035595425], "abc": [0.5, 0.5, 0.5], "species": [{"occu": 1, "element": "Fe"}], "properties": {"magmom": 2.224}}, {"label": "Fe", "xyz": [0.0, 0.0, 12.035595425], "abc": [-0.0, -0.0, 0.5], "species": [{"occu": 1, "element": "Fe"}], "properties": {"magmom": 2.224}}, {"label": "Te", "xyz": [0.0, 1.7999461550000002, 10.141786782095178], "abc": [-0.0, 0.5, 0.42132468], "species": [{"occu": 1, "element": "Te"}], "properties": {"magmom": -0.05}}, {"label": "Te", "xyz": [1.7999461550000002, 0.0, 13.929404067904823], "abc": [0.5, 0.0, 0.57867532], "species": [{"occu": 1, "element": "Te"}], "properties": {"magmom": -0.05}}], "@class": "Structure", "@module": "pymatgen.core.structure"}