{"lattice": {"a": 3.88119004, "c": 20.08589796, "b": 2.94188544, "matrix": [[3.88119004, 0.0, 0.0], [0.0, 2.94188544, 0.0], [0.0, 0.0, 20.08589796]], "volume": 229.34111369287513, "beta": 90.0, "alpha": 90.0, "gamma": 90.0}, "sites": [{"label": "Ge", "xyz": [1.94059502, 1.614556300241664, 8.164832557391628], "abc": [0.5, 0.54881685, 0.40649577000000003], "species": [{"occu": 1, "element": "Ge"}], "properties": {"magmom": 0.0}}, {"label": "Ge", "xyz": [0.0, 0.143613580241664, 11.92106540260837], "abc": [-0.0, 0.04881685, 0.59350423], "species": [{"occu": 1, "element": "Ge"}], "properties": {"magmom": 0.0}}, {"label": "Pt", "xyz": [0.0, 0.169841371504896, 9.241703830490497], "abc": [0.0, 0.05773215, 0.46010907], "species": [{"occu": 1, "element": "Pt"}], "properties": {"magmom": 0.001}}, {"label": "Pt", "xyz": [1.94059502, 1.6407840915048961, 10.844194129509503], "abc": [0.5, 0.55773215, 0.53989093], "species": [{"occu": 1, "element": "Pt"}], "properties": {"magmom": 0.001}}], "@class": "Structure", "@module": "pymatgen.core.structure"}