{"lattice": {"a": 2.6552235, "c": 22.400849, "b": 3.34065581, "matrix": [[2.6552235, 0.0, 0.0], [0.0, 3.34065581, 0.0], [0.0, 0.0, 22.400849]], "volume": 198.69973778101968, "beta": 90.0, "alpha": 90.0, "gamma": 90.0}, "sites": [{"label": "Co", "xyz": [0.0, 1.6703279050000002, 11.2004245], "abc": [0.0, 0.5, 0.5], "species": [{"occu": 1, "element": "Co"}], "properties": {"magmom": 2.233}}, {"label": "O", "xyz": [1.32749507947941, 1.6703279050000002, 12.40568381174882], "abc": [0.49995606000000004, 0.5, 0.55380418], "species": [{"occu": 1, "element": "O"}], "properties": {"magmom": 0.315}}, {"label": "O", "xyz": [1.32772842052059, 1.6703279050000002, 9.99516518825118], "abc": [0.50004394, 0.5, 0.44619582], "species": [{"occu": 1, "element": "O"}], "properties": {"magmom": 0.315}}], "@class": "Structure", "@module": "pymatgen.core.structure"}