{"lattice": {"a": 4.5925663199999995, "c": 25.233874, "b": 4.592566888970315, "matrix": [[4.5925663199999995, -0.0, 0.0], [-2.29628366, 3.97727947, 0.0], [0.0, -0.0, 25.233874]], "volume": 460.91991719181016, "beta": 90.0, "alpha": 90.0, "gamma": 120.00000310465755}, "sites": [{"label": "Ba", "xyz": [2.29628528961666, 1.32575849757351, 21.51467299356172], "abc": [0.666667, 0.333333, 0.85261078], "species": [{"occu": 1, "element": "Ba"}], "properties": {"magmom": 0.066}}, {"label": "Ba", "xyz": [-2.629616659815006e-06, 2.65152097242649, 24.97558561718828], "abc": [0.333333, 0.666667, 0.98976422], "species": [{"occu": 1, "element": "Ba"}], "properties": {"magmom": 0.066}}, {"label": "P", "xyz": [0.0, 0.0, 23.245141922312], "abc": [0.0, 0.0, 0.921188], "species": [{"occu": 1, "element": "P"}], "properties": {"magmom": -0.002}}], "@class": "Structure", "@module": "pymatgen.core.structure"}