{"lattice": {"a": 4.04995654, "c": 22.598526, "b": 4.04995654, "matrix": [[4.04995654, 0.0, -0.0], [0.0, 4.04995654, 0.0], [-0.0, 0.0, 22.598526]], "volume": 370.66436748896984, "beta": 90.0, "alpha": 90.0, "gamma": 90.0}, "sites": [{"label": "Nd", "xyz": [2.02497827, 2.02497827, 0.0], "abc": [0.5, 0.5, -0.0], "species": [{"occu": 1, "element": "Nd"}], "properties": {"magmom": -0.001}}, {"label": "Si", "xyz": [0.0, 0.0, 1.13891011802604], "abc": [0.0, -0.0, 0.05039754], "species": [{"occu": 1, "element": "Si"}], "properties": {"magmom": 0.02}}, {"label": "Si", "xyz": [0.0, 0.0, 21.45961588197396], "abc": [-0.0, 0.0, 0.94960246], "species": [{"occu": 1, "element": "Si"}], "properties": {"magmom": 0.02}}], "@class": "Structure", "@module": "pymatgen.core.structure"}