{"lattice": {"a": 3.297206520737975, "c": 22.803662000128814, "b": 3.297189420768878, "matrix": [[3.29720578, -0.00221012, 1.006e-05], [-0.00221018, 3.29718868, -3.7999999999999996e-06], [7.261000000000001e-05, -2.4550000000000004e-05, 22.803662]], "volume": 247.91011834944, "beta": 89.99964270774579, "alpha": 90.00012783905092, "gamma": 90.07681205559037}, "sites": [{"label": "Os", "xyz": [-0.0022051995891400004, 3.297186269709335, 1.444860224599999e-06], "abc": [1.51e-06, 0.99999927, 2.2999999999999997e-07], "species": [{"occu": 1, "element": "Os"}], "properties": {"magmom": 0.0}}, {"label": "Pb", "xyz": [1.647508202532336, 1.6474851893171811, 1.775396601334054], "abc": [0.50000144, 0.49999934, 0.07785563], "species": [{"occu": 1, "element": "Pb"}], "properties": {"magmom": 0.0}}, {"label": "Pb", "xyz": [1.6475549940626442, 1.64747126396747, 21.028266413805582], "abc": [0.49999704, 0.5000013999999999, 0.92214414], "species": [{"occu": 1, "element": "Pb"}], "properties": {"magmom": -0.0}}], "@class": "Structure", "@module": "pymatgen.core.structure"}