{"lattice": {"a": 3.80025988, "c": 25.800091, "b": 3.800259985319404, "matrix": [[3.80025988, -0.0, 0.0], [-1.9001304399999999, 3.29112143, 0.0], [0.0, 0.0, 25.800091]], "volume": 322.68474979806297, "beta": 90.0, "alpha": 90.0, "gamma": 120.0000077878348}, "sites": [{"label": "Y", "xyz": [1.9001316734634401, 1.09703937962619, 1.38664756287144], "abc": [0.666667, 0.333333, 0.05374584], "species": [{"occu": 1, "element": "Y"}], "properties": {"magmom": 0.356}}, {"label": "Y", "xyz": [-2.2334634400293487e-06, 2.19408205037381, 24.413443437128556], "abc": [0.333333, 0.666667, 0.9462541600000001], "species": [{"occu": 1, "element": "Y"}], "properties": {"magmom": 0.356}}, {"label": "Br", "xyz": [0.0, 0.0, 22.49873689773009], "abc": [0.0, 0.0, 0.87204099], "species": [{"occu": 1, "element": "Br"}], "properties": {"magmom": 0.005}}, {"label": "Br", "xyz": [0.0, 0.0, 3.3013541022699098], "abc": [0.0, 0.0, 0.12795901], "species": [{"occu": 1, "element": "Br"}], "properties": {"magmom": 0.005}}], "@class": "Structure", "@module": "pymatgen.core.structure"}