{"lattice": {"a": 3.92811834318774, "c": 23.289565, "b": 3.928118128819448, "matrix": [[3.928118, 0.001642, 0.0], [0.001006, 3.928118, 0.0], [0.0, 0.0, 23.289565]], "volume": 359.3605351314009, "beta": 90.0, "alpha": 90.0, "gamma": 89.96137610494114}, "sites": [{"label": "Sc", "xyz": [0.041652715651999, 2.00521537648, 1.02180637481], "abc": [0.010473, 0.510473, 0.043873999999999996], "species": [{"occu": 1, "element": "Sc"}], "properties": {"magmom": 0.0}}, {"label": "Sc", "xyz": [2.005208715651999, 0.041977376479999995, 22.26775862519], "abc": [0.510473, 0.010473, 0.9561259999999999], "species": [{"occu": 1, "element": "Sc"}], "properties": {"magmom": 0.0}}, {"label": "Te", "xyz": [0.041868817471999005, 2.00543151328, 21.371226820515], "abc": [0.010528, 0.510528, 0.917631], "species": [{"occu": 1, "element": "Te"}], "properties": {"magmom": -0.0}}, {"label": "Te", "xyz": [2.005424817472, 0.04219351328, 1.9183381794849992], "abc": [0.510528, 0.010528, 0.082369], "species": [{"occu": 1, "element": "Te"}], "properties": {"magmom": -0.0}}], "@class": "Structure", "@module": "pymatgen.core.structure"}