{"lattice": {"a": 4.28495645, "c": 24.000798, "b": 4.284956603549132, "matrix": [[4.28495645, 0.0, 0.0], [-2.14247822, 3.71088132, 0.0], [0.0, 0.0, 24.000798]], "volume": 381.6358453055925, "beta": 90.0, "alpha": 90.0, "gamma": 119.99999873740573}, "sites": [{"label": "Sr", "xyz": [0.0, 0.0, 13.99995636307176], "abc": [-0.0, 0.0, 0.58331212], "species": [{"occu": 1, "element": "Sr"}], "properties": {"magmom": -0.007}}, {"label": "Sr", "xyz": [0.0, 0.0, 10.00084163692824], "abc": [-0.0, 0.0, 0.41668788], "species": [{"occu": 1, "element": "Sr"}], "properties": {"magmom": -0.007}}, {"label": "Cu", "xyz": [-2.1391448901504246e-06, 2.47392211696044, 12.000399], "abc": [0.333333, 0.666667, 0.5], "species": [{"occu": 1, "element": "Cu"}], "properties": {"magmom": -0.001}}, {"label": "Cu", "xyz": [2.14248036914489, 1.23695920303956, 12.000399], "abc": [0.666667, 0.333333, 0.5], "species": [{"occu": 1, "element": "Cu"}], "properties": {"magmom": -0.001}}], "@class": "Structure", "@module": "pymatgen.core.structure"}