{"lattice": {"a": 3.7594823699999997, "c": 23.814717, "b": 3.759482289235946, "matrix": [[3.7594823699999997, 2e-08, 0.0], [-1.87974166, 3.25580687, -0.0], [0.0, -0.0, 23.814717]], "volume": 291.4956741249745, "beta": 90.0, "alpha": 90.0, "gamma": 120.00000876490004}, "sites": [{"label": "Au", "xyz": [0.0, 0.0, 6.50880077956434], "abc": [0.0, 0.0, 0.27331002], "species": [{"occu": 1, "element": "Au"}], "properties": {"magmom": 0.0}}, {"label": "Au", "xyz": [-2.196408009970654e-06, 2.17053900526895, 4.766220305059201], "abc": [0.333333, 0.666667, 0.2001376], "species": [{"occu": 1, "element": "Au"}], "properties": {"magmom": 0.0}}, {"label": "Br", "xyz": [-2.196408009970654e-06, 2.17053900526895, 8.24364170919165], "abc": [0.333333, 0.666667, 0.34615745000000003], "species": [{"occu": 1, "element": "Br"}], "properties": {"magmom": 0.0}}, {"label": "Br", "xyz": [0.0, 0.0, 3.02915889121881], "abc": [0.0, 0.0, 0.12719693], "species": [{"occu": 1, "element": "Br"}], "properties": {"magmom": 0.0}}], "@class": "Structure", "@module": "pymatgen.core.structure"}