{"lattice": {"a": 3.82059879, "c": 22.621078, "b": 3.82059879, "matrix": [[3.82059879, 0.0, 0.0], [0.0, 3.82059879, 0.0], [0.0, 0.0, 22.621078]], "volume": 330.19931262123396, "beta": 90.0, "alpha": 90.0, "gamma": 90.0}, "sites": [{"label": "Tb", "xyz": [0.0, 0.0, 11.310539], "abc": [0.0, 0.0, 0.5], "species": [{"occu": 1, "element": "Tb"}], "properties": {"magmom": -0.0}}, {"label": "Pb", "xyz": [1.910299395, 1.910299395, 13.12595674253286], "abc": [0.5, 0.5, 0.58025337], "species": [{"occu": 1, "element": "Pb"}], "properties": {"magmom": -0.0}}, {"label": "Pb", "xyz": [1.910299395, 1.910299395, 9.49512125746714], "abc": [0.5, 0.5, 0.41974663], "species": [{"occu": 1, "element": "Pb"}], "properties": {"magmom": -0.0}}], "@class": "Structure", "@module": "pymatgen.core.structure"}