{"lattice": {"a": 3.92011983, "c": 21.297207, "b": 3.92011983, "matrix": [[3.92011983, 0.0, 0.0], [0.0, 3.92011983, 0.0], [0.0, 0.0, 21.297207]], "volume": 327.2814099780396, "beta": 90.0, "alpha": 90.0, "gamma": 90.0}, "sites": [{"label": "Se", "xyz": [0.0, 1.960059915, 9.91369886130237], "abc": [0.0, 0.5, 0.46549291000000004], "species": [{"occu": 1, "element": "Se"}], "properties": {"magmom": 0.0}}, {"label": "Se", "xyz": [1.960059915, 0.0, 11.383508138697628], "abc": [0.5, 0.0, 0.53450709], "species": [{"occu": 1, "element": "Se"}], "properties": {"magmom": 0.0}}, {"label": "N", "xyz": [0.0, 0.0, 10.6486035], "abc": [-0.0, -0.0, 0.5], "species": [{"occu": 1, "element": "N"}], "properties": {"magmom": -0.0}}, {"label": "N", "xyz": [1.960059915, 1.960059915, 10.6486035], "abc": [0.5, 0.5, 0.5], "species": [{"occu": 1, "element": "N"}], "properties": {"magmom": -0.0}}], "@class": "Structure", "@module": "pymatgen.core.structure"}