{"lattice": {"a": 4.61481602, "c": 23.942319, "b": 4.61481602, "matrix": [[4.61481602, 0.0, -0.0], [0.0, 4.61481602, 0.0], [0.0, 0.0, 23.942319]], "volume": 509.88824059473797, "beta": 90.0, "alpha": 90.0, "gamma": 90.0}, "sites": [{"label": "Tl", "xyz": [0.0, 0.0, 0.0], "abc": [0.0, 0.0, -0.0], "species": [{"occu": 1, "element": "Tl"}], "properties": {"magmom": 0.0}}, {"label": "Tl", "xyz": [2.30740801, 2.30740801, 0.0], "abc": [0.5, 0.5, 0.0], "species": [{"occu": 1, "element": "Tl"}], "properties": {"magmom": 0.0}}, {"label": "As", "xyz": [2.30740801, 0.0, 22.191330779758413], "abc": [0.5, 0.0, 0.92686639], "species": [{"occu": 1, "element": "As"}], "properties": {"magmom": -0.0}}, {"label": "As", "xyz": [0.0, 2.30740801, 1.7509882202415898], "abc": [0.0, 0.5, 0.07313361], "species": [{"occu": 1, "element": "As"}], "properties": {"magmom": -0.0}}], "@class": "Structure", "@module": "pymatgen.core.structure"}