{"lattice": {"a": 3.33061865, "c": 23.362456, "b": 3.330618667618171, "matrix": [[3.33061865, -0.0, 0.0], [-1.66530983, 2.8844000899999998, 0.0], [0.0, 0.0, 23.362456]], "volume": 224.43930049295255, "beta": 90.0, "alpha": 90.0, "gamma": 120.0000098563455}, "sites": [{"label": "W", "xyz": [-2.0019761601123716e-06, 1.92293435480003, 11.681228], "abc": [0.333333, 0.666667, 0.5], "species": [{"occu": 1, "element": "W"}], "properties": {"magmom": -0.0}}, {"label": "Se", "xyz": [0.0, 0.0, 9.99871718527968], "abc": [-0.0, -0.0, 0.42798228], "species": [{"occu": 1, "element": "Se"}], "properties": {"magmom": -0.0}}, {"label": "Se", "xyz": [0.0, 0.0, 13.36373881472032], "abc": [-0.0, 0.0, 0.5720177200000001], "species": [{"occu": 1, "element": "Se"}], "properties": {"magmom": -0.0}}], "@class": "Structure", "@module": "pymatgen.core.structure"}