{"lattice": {"a": 3.58961594, "c": 24.44792, "b": 3.58979305, "matrix": [[3.58961594, 0.0, 0.0], [0.0, 3.58979305, 0.0], [0.0, 0.0, 24.44792]], "volume": 315.03536791008526, "beta": 90.0, "alpha": 90.0, "gamma": 90.0}, "sites": [{"label": "Y", "xyz": [0.0, 1.794896525, 11.2165658538976], "abc": [0.0, 0.5, 0.45879428], "species": [{"occu": 1, "element": "Y"}], "properties": {"magmom": -0.0}}, {"label": "S", "xyz": [0.0, 1.794896525, 13.890046386848798], "abc": [0.0, 0.5, 0.5681483900000001], "species": [{"occu": 1, "element": "S"}], "properties": {"magmom": -0.0}}, {"label": "S", "xyz": [1.79480797, 0.0, 13.6348379726776], "abc": [0.5, -0.0, 0.55770953], "species": [{"occu": 1, "element": "S"}], "properties": {"magmom": -0.0}}, {"label": "S", "xyz": [1.79480797, 0.0, 10.154365338656], "abc": [0.5, 0.0, 0.41534679999999996], "species": [{"occu": 1, "element": "S"}], "properties": {"magmom": -0.0}}], "@class": "Structure", "@module": "pymatgen.core.structure"}