{"lattice": {"a": 3.05881907, "c": 23.080355, "b": 3.058819470698237, "matrix": [[3.05881907, 0.0, 0.0], [1.52940954, 2.64901548, 0.0], [0.0, 0.0, 23.080355]], "volume": 187.0168637801564, "beta": 90.0, "alpha": 90.0, "gamma": 60.00000422522267}, "sites": [{"label": "Cr", "xyz": [0.0, 0.0, 10.9208974164246], "abc": [-0.0, -0.0, 0.47316852000000004], "species": [{"occu": 1, "element": "Cr"}], "properties": {"magmom": 2.995}}, {"label": "H", "xyz": [3.05882060274287, 1.76601120300516, 13.068029606363401], "abc": [0.666667, 0.666667, 0.56619708], "species": [{"occu": 1, "element": "H"}], "properties": {"magmom": 0.002}}, {"label": "O", "xyz": [1.529408007257129, 0.88300427699484, 10.0755831074064], "abc": [0.333333, 0.333333, 0.43654368], "species": [{"occu": 1, "element": "O"}], "properties": {"magmom": -0.06}}, {"label": "O", "xyz": [3.05882060274287, 1.76601120300516, 12.096177020254151], "abc": [0.666667, 0.666667, 0.52408973], "species": [{"occu": 1, "element": "O"}], "properties": {"magmom": -0.01}}], "@class": "Structure", "@module": "pymatgen.core.structure"}