{"lattice": {"a": 3.717518, "c": 23.983674, "b": 3.717518, "matrix": [[3.717518, 0.0, 0.0], [0.0, 3.717518, 0.0], [0.0, 0.0, 23.983674]], "volume": 331.45293758602463, "beta": 90.0, "alpha": 90.0, "gamma": 90.0}, "sites": [{"label": "Ca", "xyz": [1.858759, 1.858759, 17.169216690054], "abc": [0.5, 0.5, 0.7158709999999999], "species": [{"occu": 1, "element": "Ca"}], "properties": {"magmom": 0.0}}, {"label": "Ca", "xyz": [1.858759, 1.858759, 13.356076344468], "abc": [0.5, 0.5, 0.556882], "species": [{"occu": 1, "element": "Ca"}], "properties": {"magmom": 0.0}}, {"label": "Cd", "xyz": [0.0, 0.0, 15.262658509098], "abc": [0.0, 0.0, 0.636377], "species": [{"occu": 1, "element": "Cd"}], "properties": {"magmom": 0.0}}], "@class": "Structure", "@module": "pymatgen.core.structure"}