{"lattice": {"a": 4.06508222028571, "c": 23.278989073951667, "b": 4.065082628710762, "matrix": [[4.064627, -0.025772999999999997, 0.055104999999999994], [-0.025360999999999998, 4.06463, 0.055104999999999994], [0.348192, 0.34815599999999997, 23.273781]], "volume": 384.33874092148295, "beta": 88.37180649125655, "alpha": 88.37180832351369, "gamma": 90.71012335967374}, "sites": [{"label": "P", "xyz": [0.338711022222, 0.33867615129100004, 17.983248147931], "abc": [0.017255, 0.017255, 0.772601], "species": [{"occu": 1, "element": "P"}], "properties": {"magmom": -0.0}}, {"label": "P", "xyz": [2.265869337971999, 2.265639262498, 20.168722526422], "abc": [0.486458, 0.486458, 0.864282], "species": [{"occu": 1, "element": "P"}], "properties": {"magmom": -0.0}}, {"label": "Se", "xyz": [0.409065814373999, 0.40902374813500003, 20.221330415371], "abc": [0.026386999999999997, 0.026386999999999997, 0.868721], "species": [{"occu": 1, "element": "Se"}], "properties": {"magmom": 0.0}}, {"label": "Se", "xyz": [2.197855926138, 2.197632808853, 17.931960413906], "abc": [0.47790099999999996, 0.47790099999999996, 0.768216], "species": [{"occu": 1, "element": "Se"}], "properties": {"magmom": -0.0}}], "@class": "Structure", "@module": "pymatgen.core.structure"}