{"lattice": {"a": 2.56924647, "c": 22.803662, "b": 2.56924647, "matrix": [[2.56924647, 0.0, 0.0], [0.0, 2.56924647, 0.0], [0.0, 0.0, 22.803662]], "volume": 150.52759822067534, "beta": 90.0, "alpha": 90.0, "gamma": 90.0}, "sites": [{"label": "Fe", "xyz": [1.284623235, 1.284623235, 11.401831], "abc": [0.5, 0.5, 0.5], "species": [{"occu": 1, "element": "Fe"}], "properties": {"magmom": -0.0}}, {"label": "Si", "xyz": [0.0, 0.0, 13.05002222413176], "abc": [-0.0, 0.0, 0.57227748], "species": [{"occu": 1, "element": "Si"}], "properties": {"magmom": -0.0}}, {"label": "Si", "xyz": [0.0, 0.0, 9.753639775868239], "abc": [0.0, -0.0, 0.42772252], "species": [{"occu": 1, "element": "Si"}], "properties": {"magmom": -0.0}}], "@class": "Structure", "@module": "pymatgen.core.structure"}