{"lattice": {"a": 4.4486217, "c": 23.942319, "b": 4.4486217, "matrix": [[4.4486217, 0.0, -0.0], [0.0, 4.4486217, 0.0], [-0.0, 0.0, 23.942319]], "volume": 473.8241201663127, "beta": 90.0, "alpha": 90.0, "gamma": 90.0}, "sites": [{"label": "In", "xyz": [0.0, 0.0, 0.0], "abc": [-0.0, 0.0, 0.0], "species": [{"occu": 1, "element": "In"}], "properties": {"magmom": 0.0}}, {"label": "In", "xyz": [2.22431085, 2.22431085, 0.0], "abc": [0.5, 0.5, 0.0], "species": [{"occu": 1, "element": "In"}], "properties": {"magmom": 0.0}}, {"label": "As", "xyz": [2.22431085, 0.0, 22.24390643632008], "abc": [0.5, -0.0, 0.92906232], "species": [{"occu": 1, "element": "As"}], "properties": {"magmom": -0.0}}, {"label": "As", "xyz": [0.0, 2.22431085, 1.6984125636799199], "abc": [-0.0, 0.5, 0.07093768], "species": [{"occu": 1, "element": "As"}], "properties": {"magmom": -0.0}}], "@class": "Structure", "@module": "pymatgen.core.structure"}