{"lattice": {"a": 4.11254659, "c": 21.522725, "b": 4.1125462502284265, "matrix": [[4.11254659, 4e-08, 0.0], [2.05627286, 3.56156968, 0.0], [0.0, 0.0, 21.522725]], "volume": 315.24596077439764, "beta": 90.0, "alpha": 90.0, "gamma": 60.000003707674736}, "sites": [{"label": "Sb", "xyz": [2.05627109372685, 1.187188719476759, 11.590240089291502], "abc": [0.333333, 0.333333, 0.53851174], "species": [{"occu": 1, "element": "Sb"}], "properties": {"magmom": 0.0}}, {"label": "Sb", "xyz": [4.11254835627315, 2.374381000523239, 9.9324849107085], "abc": [0.666667, 0.666667, 0.46148826], "species": [{"occu": 1, "element": "Sb"}], "properties": {"magmom": 0.0}}], "@class": "Structure", "@module": "pymatgen.core.structure"}