{"lattice": {"a": 3.645117, "c": 23.057047, "b": 4.166934936047958, "matrix": [[3.645117, 0.0, 0.0], [-1.822558, 3.6773819999999997, -0.720063], [0.0, 0.0, 23.057047]], "volume": 309.0679016115718, "beta": 90.0, "alpha": 99.95088939147377, "gamma": 115.93720087240936}, "sites": [{"label": "Mo", "xyz": [0.0, 0.0, 0.0], "abc": [0.0, 0.0, 0.0], "species": [{"occu": 1, "element": "Mo"}], "properties": {"magmom": 3.2439999999999998}}, {"label": "Cl", "xyz": [1.822558648904999, 1.09516113342, 1.296578556067999], "abc": [0.648905, 0.29781, 0.065534], "species": [{"occu": 1, "element": "Cl"}], "properties": {"magmom": 0.05}}, {"label": "Cl", "xyz": [3.510949999870089e-07, 2.58222086658, 21.040405443932002], "abc": [0.351095, 0.7021900000000001, 0.9344659999999999], "species": [{"occu": 1, "element": "Cl"}], "properties": {"magmom": 0.05}}], "@class": "Structure", "@module": "pymatgen.core.structure"}