{"lattice": {"a": 2.46495455, "c": 19.996729170000002, "b": 2.464955066423386, "matrix": [[2.46495455, 0.0, 0.0], [-1.23247777, 2.13471357, 0.0], [0.0, 0.0, 19.996729170000002]], "volume": 105.22222753072583, "beta": 90.0, "alpha": 90.0, "gamma": 120.00000635540542}, "sites": [{"label": "C", "xyz": [-1.562477440051633e-06, 1.42314309157119, 9.998364585000001], "abc": [0.333333, 0.666667, 0.5], "species": [{"occu": 1, "element": "C"}], "properties": {"magmom": -0.0}}, {"label": "C", "xyz": [1.23247834247744, 0.71157047842881, 9.998364585000001], "abc": [0.666667, 0.333333, 0.5], "species": [{"occu": 1, "element": "C"}], "properties": {"magmom": -0.0}}], "@class": "Structure", "@module": "pymatgen.core.structure"}