{"lattice": {"a": 3.762988, "c": 23.942319, "b": 3.762988, "matrix": [[3.762988, 0.0, 0.0], [0.0, 3.762988, 0.0], [0.0, 0.0, 23.942319]], "volume": 339.0251210166452, "beta": 90.0, "alpha": 90.0, "gamma": 90.0}, "sites": [{"label": "Bi", "xyz": [1.881494, 0.0, 22.31232592248], "abc": [0.5, 0.0, 0.9319200000000001], "species": [{"occu": 1, "element": "Bi"}], "properties": {"magmom": 0.0}}, {"label": "Bi", "xyz": [0.0, 1.881494, 1.62999307752], "abc": [0.0, 0.5, 0.06808], "species": [{"occu": 1, "element": "Bi"}], "properties": {"magmom": 0.0}}, {"label": "B", "xyz": [0.0, 0.0, 0.0], "abc": [0.0, 0.0, 0.0], "species": [{"occu": 1, "element": "B"}], "properties": {"magmom": 0.0}}, {"label": "B", "xyz": [1.881494, 1.881494, 0.0], "abc": [0.5, 0.5, 0.0], "species": [{"occu": 1, "element": "B"}], "properties": {"magmom": 0.0}}], "@class": "Structure", "@module": "pymatgen.core.structure"}