{"lattice": {"a": 3.74307382, "c": 21.519401, "b": 3.74307382, "matrix": [[3.74307382, 0.0, 0.0], [0.0, 3.74307382, 0.0], [0.0, -0.0, 21.519401]], "volume": 301.4997545544098, "beta": 90.0, "alpha": 90.0, "gamma": 90.0}, "sites": [{"label": "Ba", "xyz": [1.87153691, 1.87153691, 0.0], "abc": [0.5, 0.5, -0.0], "species": [{"occu": 1, "element": "Ba"}], "properties": {"magmom": 0.0}}, {"label": "O", "xyz": [0.0, 0.0, 20.75391415879206], "abc": [-0.0, -0.0, 0.96442806], "species": [{"occu": 1, "element": "O"}], "properties": {"magmom": -0.0}}, {"label": "O", "xyz": [0.0, 0.0, 0.76548684120794], "abc": [-0.0, 0.0, 0.03557194], "species": [{"occu": 1, "element": "O"}], "properties": {"magmom": -0.0}}], "@class": "Structure", "@module": "pymatgen.core.structure"}