{"lattice": {"a": 3.948729, "c": 23.013137, "b": 3.948729573321652, "matrix": [[3.948729, 0.0, 0.0], [-1.974365, 3.4197, 0.0], [0.0, 0.0, 23.013137]], "volume": 310.7571719763898, "beta": 90.0, "alpha": 90.0, "gamma": 120.00000357441708}, "sites": [{"label": "Be", "xyz": [-2.307697999844429e-06, 2.2798011399, 22.968698632453], "abc": [0.333333, 0.666667, 0.998069], "species": [{"occu": 1, "element": "Be"}], "properties": {"magmom": -0.0}}, {"label": "Be", "xyz": [1.974366307698, 1.1398988601, 0.044438367547], "abc": [0.666667, 0.333333, 0.001931], "species": [{"occu": 1, "element": "Be"}], "properties": {"magmom": -0.0}}, {"label": "As", "xyz": [0.0, 0.0, 0.0], "abc": [0.0, 0.0, 0.0], "species": [{"occu": 1, "element": "As"}], "properties": {"magmom": -0.0}}], "@class": "Structure", "@module": "pymatgen.core.structure"}