{"lattice": {"a": 3.8024307200000003, "c": 24.817544, "b": 3.802430589251681, "matrix": [[3.8024307200000003, 0.0, 0.0], [-1.90121586, 3.29300116, 0.0], [0.0, 0.0, 24.817544]], "volume": 310.7506131356271, "beta": 90.0, "alpha": 90.0, "gamma": 120.00000983709084}, "sites": [{"label": "Ga", "xyz": [0.0, 0.0, 13.63787749435448], "abc": [0.0, 0.0, 0.54952567], "species": [{"occu": 1, "element": "Ga"}], "properties": {"magmom": 0.0}}, {"label": "Ga", "xyz": [0.0, 0.0, 11.17966650564552], "abc": [0.0, 0.0, 0.45047433000000003], "species": [{"occu": 1, "element": "Ga"}], "properties": {"magmom": 0.0}}, {"label": "Se", "xyz": [-2.2345488600874546e-06, 2.19533520433372, 14.81671803144224], "abc": [0.333333, 0.666667, 0.59702596], "species": [{"occu": 1, "element": "Se"}], "properties": {"magmom": 0.0}}, {"label": "Se", "xyz": [-2.2345488600874546e-06, 2.19533520433372, 10.000825968557761], "abc": [0.333333, 0.666667, 0.40297404000000003], "species": [{"occu": 1, "element": "Se"}], "properties": {"magmom": 0.0}}], "@class": "Structure", "@module": "pymatgen.core.structure"}