{"lattice": {"a": 3.981146, "c": 22.548045872228595, "b": 6.249123601550861, "matrix": [[3.981146, 0.0, 0.0], [0.0, 6.230888, -0.477054], [0.0, 0.577781, 22.540642]], "volume": 560.242186509701, "beta": 90.0, "alpha": 92.90984889182057, "gamma": 90.0}, "sites": [{"label": "Te", "xyz": [0.0, 4.58467964218, 20.716791310429997], "abc": [0.0, 0.649299, 0.932828], "species": [{"occu": 1, "element": "Te"}], "properties": {"magmom": -0.0}}, {"label": "Te", "xyz": [0.0, 2.22398935782, 1.346796689569999], "abc": [0.0, 0.350701, 0.067172], "species": [{"occu": 1, "element": "Te"}], "properties": {"magmom": -0.0}}, {"label": "Au", "xyz": [1.990573, 3.115444, -0.238527], "abc": [0.5, 0.5, 0.0], "species": [{"occu": 1, "element": "Au"}], "properties": {"magmom": 0.0}}, {"label": "Au", "xyz": [0.0, 0.0, 0.0], "abc": [0.0, 0.0, 0.0], "species": [{"occu": 1, "element": "Au"}], "properties": {"magmom": -0.0}}], "@class": "Structure", "@module": "pymatgen.core.structure"}