{"lattice": {"a": 3.65075387, "c": 26.166721, "b": 3.650752540978927, "matrix": [[3.65075387, 0.0, -0.0], [-1.8253759299999999, 3.16164464, 0.0], [0.0, 0.0, 26.166721]], "volume": 302.0264047349991, "beta": 90.0, "alpha": 90.0, "gamma": 119.99999382960071}, "sites": [{"label": "Hf", "xyz": [-1.155376600125654e-06, 2.10776414721488, 3.97429159900024], "abc": [0.333333, 0.666667, 0.15188344], "species": [{"occu": 1, "element": "Hf"}], "properties": {"magmom": -0.0}}, {"label": "Hf", "xyz": [1.8253790953766, 1.05388049278512, 1.7790115139907599], "abc": [0.666667, 0.333333, 0.06798756], "species": [{"occu": 1, "element": "Hf"}], "properties": {"magmom": -0.0}}, {"label": "I", "xyz": [0.0, 0.0, 25.888970938271772], "abc": [0.0, -0.0, 0.98938537], "species": [{"occu": 1, "element": "I"}], "properties": {"magmom": 0.0}}, {"label": "I", "xyz": [0.0, 0.0, 6.031053174719229], "abc": [-0.0, 0.0, 0.23048563], "species": [{"occu": 1, "element": "I"}], "properties": {"magmom": 0.0}}], "@class": "Structure", "@module": "pymatgen.core.structure"}