{"lattice": {"a": 5.006072, "c": 23.722044, "b": 5.006074643262224, "matrix": [[5.006072, 0.0, 0.0], [-2.503037, 4.335388, 0.0], [0.0, 0.0, 23.722044]], "volume": 514.8457948417907, "beta": 90.0, "alpha": 90.0, "gamma": 119.99999574937567}, "sites": [{"label": "H", "xyz": [2.5030381697029993, 1.445127888204, 2.222969021196], "abc": [0.666667, 0.333333, 0.093709], "species": [{"occu": 1, "element": "H"}], "properties": {"magmom": 0.0}}, {"label": "H", "xyz": [-3.169703000206745e-06, 2.890260111796, 21.499074978804], "abc": [0.333333, 0.666667, 0.906291], "species": [{"occu": 1, "element": "H"}], "properties": {"magmom": 0.0}}, {"label": "Pb", "xyz": [2.5030381697029993, 1.445127888204, 0.39914711234399997], "abc": [0.666667, 0.333333, 0.016826], "species": [{"occu": 1, "element": "Pb"}], "properties": {"magmom": 0.0}}, {"label": "Pb", "xyz": [-3.169703000206745e-06, 2.890260111796, 23.322896887656], "abc": [0.333333, 0.666667, 0.983174], "species": [{"occu": 1, "element": "Pb"}], "properties": {"magmom": 0.0}}], "@class": "Structure", "@module": "pymatgen.core.structure"}