{"lattice": {"a": 4.151577, "c": 22.225044, "b": 6.541209, "matrix": [[4.151577, 0.0, 0.0], [0.0, 6.541209, 0.0], [0.0, 0.0, 22.225044]], "volume": 603.5506921719242, "beta": 90.0, "alpha": 90.0, "gamma": 90.0}, "sites": [{"label": "Sn", "xyz": [0.0, 0.0, 10.941589186596], "abc": [0.0, 0.0, 0.492309], "species": [{"occu": 1, "element": "Sn"}], "properties": {"magmom": -0.0}}, {"label": "Sn", "xyz": [2.0757885, 3.2706045, 13.271573899380002], "abc": [0.5, 0.5, 0.5971449999999999], "species": [{"occu": 1, "element": "Sn"}], "properties": {"magmom": -0.0}}, {"label": "Te", "xyz": [2.0757885, 0.0, 13.016741544876], "abc": [0.5, 0.0, 0.585679], "species": [{"occu": 1, "element": "Te"}], "properties": {"magmom": -0.0}}, {"label": "Te", "xyz": [0.0, 3.2706045, 11.196399316056002], "abc": [0.0, 0.5, 0.5037739999999999], "species": [{"occu": 1, "element": "Te"}], "properties": {"magmom": -0.0}}], "@class": "Structure", "@module": "pymatgen.core.structure"}