{"lattice": {"a": 3.566928086821067, "c": 23.289565, "b": 3.566928006123056, "matrix": [[3.566928, 0.0007869999999999999, 0.0], [0.00020899999999999998, 3.566928, 0.0], [0.0, 0.0, 23.289565]], "volume": 296.31255774379747, "beta": 90.0, "alpha": 90.0, "gamma": 89.9840011921604}, "sites": [{"label": "Sc", "xyz": [0.037491662897000004, 1.820857220914999, 1.043954751124999], "abc": [0.010480999999999999, 0.510481, 0.044825], "species": [{"occu": 1, "element": "Sc"}], "properties": {"magmom": 0.0}}, {"label": "Sc", "xyz": [1.8208511628969992, 0.037786720915, 22.245610248875], "abc": [0.510481, 0.010480999999999999, 0.955175], "species": [{"occu": 1, "element": "Sc"}], "properties": {"magmom": 0.0}}, {"label": "S", "xyz": [0.03763078124, 1.820996361799999, 21.719312659005], "abc": [0.010520000000000002, 0.5105200000000001, 0.932577], "species": [{"occu": 1, "element": "S"}], "properties": {"magmom": -0.0}}, {"label": "S", "xyz": [1.820990281239999, 0.037925861799999, 1.570252340995], "abc": [0.5105200000000001, 0.010520000000000002, 0.067423], "species": [{"occu": 1, "element": "S"}], "properties": {"magmom": -0.0}}], "@class": "Structure", "@module": "pymatgen.core.structure"}