{"lattice": {"a": 3.84645284, "c": 21.52928800032343, "b": 3.846401477246788, "matrix": [[3.84645284, -0.0, -0.0], [-1.9232259200000001, 3.33106682, 0.00047487], [-0.0, -0.00011801, 21.529288]], "volume": 275.85027699635884, "beta": 90.0, "alpha": 89.99319834545676, "gamma": 120.00043312953977}, "sites": [{"label": "Si", "xyz": [1.923230766425899, 3.330824051113369, 11.547041270578886], "abc": [0.99997406, 0.99994612, 0.53631901], "species": [{"occu": 1, "element": "Si"}], "properties": {"magmom": 0.0}}, {"label": "Te", "xyz": [-3.513110900140866e-06, 2.220713723707962, 10.002995811985217], "abc": [0.33334094000000003, 0.66668388, 0.46460799], "species": [{"occu": 1, "element": "Te"}], "properties": {"magmom": -0.0}}], "@class": "Structure", "@module": "pymatgen.core.structure"}