{"lattice": {"a": 4.20563889, "c": 21.297207, "b": 4.20563889, "matrix": [[4.20563889, 0.0, 0.0], [0.0, 4.20563889, 0.0], [0.0, 0.0, 21.297207]], "volume": 376.69218657267794, "beta": 90.0, "alpha": 90.0, "gamma": 90.0}, "sites": [{"label": "Te", "xyz": [0.0, 2.102819445, 9.80726564337573], "abc": [-0.0, 0.5, 0.46049539], "species": [{"occu": 1, "element": "Te"}], "properties": {"magmom": 0.0}}, {"label": "Te", "xyz": [2.102819445, 0.0, 11.489941356624271], "abc": [0.5, 0.0, 0.53950461], "species": [{"occu": 1, "element": "Te"}], "properties": {"magmom": 0.0}}, {"label": "N", "xyz": [0.0, 0.0, 10.6486035], "abc": [0.0, 0.0, 0.5], "species": [{"occu": 1, "element": "N"}], "properties": {"magmom": 0.0}}, {"label": "N", "xyz": [2.102819445, 2.102819445, 10.6486035], "abc": [0.5, 0.5, 0.5], "species": [{"occu": 1, "element": "N"}], "properties": {"magmom": 0.0}}], "@class": "Structure", "@module": "pymatgen.core.structure"}