{"lattice": {"a": 3.6832000000000003, "c": 23.448734, "b": 3.6832000000000003, "matrix": [[3.6832000000000003, 0.0, 0.0], [0.0, 3.6832000000000003, 0.0], [0.0, 0.0, 23.448734]], "volume": 318.10464001980415, "beta": 90.0, "alpha": 90.0, "gamma": 90.0}, "sites": [{"label": "V", "xyz": [0.0, 0.0, 0.0], "abc": [0.0, 0.0, 0.0], "species": [{"occu": 1, "element": "V"}], "properties": {"magmom": 0.15}}, {"label": "V", "xyz": [1.8416000000000001, 1.8416000000000001, 0.0], "abc": [0.5, 0.5, 0.0], "species": [{"occu": 1, "element": "V"}], "properties": {"magmom": 0.15}}, {"label": "Te", "xyz": [1.8416000000000001, 0.0, 21.459366856174], "abc": [0.5, 0.0, 0.915161], "species": [{"occu": 1, "element": "Te"}], "properties": {"magmom": -0.011}}, {"label": "Te", "xyz": [0.0, 1.8416000000000001, 1.989367143826], "abc": [0.0, 0.5, 0.084839], "species": [{"occu": 1, "element": "Te"}], "properties": {"magmom": -0.011}}], "@class": "Structure", "@module": "pymatgen.core.structure"}