{"lattice": {"a": 3.93812804, "c": 22.585733, "b": 3.93812804, "matrix": [[3.93812804, 0.0, 0.0], [0.0, 3.93812804, 0.0], [0.0, 0.0, 22.585733]], "volume": 350.2788007851752, "beta": 90.0, "alpha": 90.0, "gamma": 90.0}, "sites": [{"label": "Ce", "xyz": [0.0, 0.0, 11.2928665], "abc": [-0.0, 0.0, 0.5], "species": [{"occu": 1, "element": "Ce"}], "properties": {"magmom": 0.0}}, {"label": "Ge", "xyz": [1.96906402, 1.96906402, 10.04444620657291], "abc": [0.5, 0.5, 0.44472527], "species": [{"occu": 1, "element": "Ge"}], "properties": {"magmom": 0.0}}, {"label": "Ge", "xyz": [1.96906402, 1.96906402, 12.541286793427092], "abc": [0.5, 0.5, 0.55527473], "species": [{"occu": 1, "element": "Ge"}], "properties": {"magmom": 0.0}}], "@class": "Structure", "@module": "pymatgen.core.structure"}