{"lattice": {"a": 3.49510312, "c": 22.71677, "b": 3.495103352015927, "matrix": [[3.49510312, 0.0, -0.0], [-1.7475520599999999, 3.02684807, -0.0], [-0.0, -0.0, 22.71677]], "volume": 240.32402950481574, "beta": 90.0, "alpha": 90.0, "gamma": 120.0000072686576}, "sites": [{"label": "Tb", "xyz": [1.74755314088506, 1.008948347717309, 16.1212050334669], "abc": [0.666667, 0.333333, 0.7096609700000001], "species": [{"occu": 1, "element": "Tb"}], "properties": {"magmom": -0.013000000000000001}}, {"label": "Tb", "xyz": [-2.080885060000174e-06, 2.01789972228269, 21.183752174823102], "abc": [0.333333, 0.666667, 0.93251603], "species": [{"occu": 1, "element": "Tb"}], "properties": {"magmom": -0.014}}, {"label": "Sn", "xyz": [0.0, 0.0, 18.65246724576], "abc": [-0.0, 0.0, 0.8210879999999999], "species": [{"occu": 1, "element": "Sn"}], "properties": {"magmom": -0.001}}], "@class": "Structure", "@module": "pymatgen.core.structure"}