{"lattice": {"a": 4.082543, "c": 22.865869, "b": 4.082543, "matrix": [[4.082543, 0.0, 0.0], [0.0, 4.082543, 0.0], [0.0, 0.0, 22.865869]], "volume": 381.10903649543684, "beta": 90.0, "alpha": 90.0, "gamma": 90.0}, "sites": [{"label": "Ti", "xyz": [2.0412715, 2.0412715, 0.0], "abc": [0.5, 0.5, 0.0], "species": [{"occu": 1, "element": "Ti"}], "properties": {"magmom": 0.0}}, {"label": "Ti", "xyz": [0.0, 0.0, 0.0], "abc": [0.0, 0.0, 0.0], "species": [{"occu": 1, "element": "Ti"}], "properties": {"magmom": 0.0}}, {"label": "S", "xyz": [0.0, 2.0412715, 1.256159379384], "abc": [0.0, 0.5, 0.054936], "species": [{"occu": 1, "element": "S"}], "properties": {"magmom": -0.0}}, {"label": "S", "xyz": [2.0412715, 0.0, 21.609709620616], "abc": [0.5, 0.0, 0.9450639999999999], "species": [{"occu": 1, "element": "S"}], "properties": {"magmom": -0.0}}], "@class": "Structure", "@module": "pymatgen.core.structure"}