{"lattice": {"a": 4.17511257, "c": 23.34704, "b": 4.175112399918688, "matrix": [[4.17511257, 0.0, 0.0], [-2.08755629, 3.61575335, 0.0], [0.0, 0.0, 23.34704]], "volume": 352.4510543737732, "beta": 90.0, "alpha": 90.0, "gamma": 120.00000142679797}, "sites": [{"label": "Mg", "xyz": [0.0, 0.0, 11.67352], "abc": [0.0, 0.0, 0.5], "species": [{"occu": 1, "element": "Mg"}], "properties": {"magmom": -0.0}}, {"label": "I", "xyz": [-2.0908896202601448e-06, 2.41050343858445, 10.003081779612799], "abc": [0.333333, 0.666667, 0.42845182], "species": [{"occu": 1, "element": "I"}], "properties": {"magmom": -0.0}}, {"label": "I", "xyz": [2.087558370889619, 1.20524991141555, 13.343958220387199], "abc": [0.666667, 0.333333, 0.57154818], "species": [{"occu": 1, "element": "I"}], "properties": {"magmom": -0.0}}], "@class": "Structure", "@module": "pymatgen.core.structure"}