{"lattice": {"a": 4.102728170168948, "c": 22.478157484464905, "b": 4.382844235498752, "matrix": [[4.1011263, 0.00480664, -0.11453561], [-0.015407810000000001, 4.38155331, -0.1052463], [-0.14848228, -0.09076855, 22.4774838]], "volume": 403.79261504852644, "beta": 91.97846569339814, "alpha": 91.60599263458654, "gamma": 90.09582761599573}, "sites": [{"label": "Bi", "xyz": [2.568940707978181, 3.689295147204005, 5.836682401085881], "abc": [0.63924319, 0.84683388, 0.26689039999999997], "species": [{"occu": 1, "element": "Bi"}], "properties": {"magmom": -0.0}}, {"label": "Bi", "xyz": [0.451719015798403, 1.425262098206048, 2.923504635001855], "abc": [0.11616302, 0.32789799000000003, 0.13219093], "species": [{"occu": 1, "element": "Bi"}], "properties": {"magmom": 0.0}}, {"label": "P", "xyz": [2.502033237247301, 4.016095594637989, 3.195847079546637], "abc": [0.61895476, 0.91901263, 0.14963695], "species": [{"occu": 1, "element": "P"}], "properties": {"magmom": 0.0}}, {"label": "P", "xyz": [0.515453344519012, 1.873794443264917, 5.546028219362106], "abc": [0.13634302, 0.4326735, 0.24945771], "species": [{"occu": 1, "element": "P"}], "properties": {"magmom": -0.0}}], "@class": "Structure", "@module": "pymatgen.core.structure"}