{"lattice": {"a": 2.9380393, "c": 21.128106, "b": 6.01374639, "matrix": [[2.9380393, 0.0, 0.0], [0.0, 6.01374639, 0.0], [0.0, 0.0, 21.128106]], "volume": 373.3045445631372, "beta": 90.0, "alpha": 90.0, "gamma": 90.0}, "sites": [{"label": "Cu", "xyz": [1.46901965, 0.0, 10.564053], "abc": [0.5, 0.0, 0.5], "species": [{"occu": 1, "element": "Cu"}], "properties": {"magmom": 0.0}}, {"label": "Br", "xyz": [0.0, 3.006873195, 10.564053], "abc": [0.0, 0.5, 0.5], "species": [{"occu": 1, "element": "Br"}], "properties": {"magmom": 0.0}}, {"label": "O", "xyz": [0.0, 4.942689798833517, 11.121344826340799], "abc": [0.0, 0.82189861, 0.5263768], "species": [{"occu": 1, "element": "O"}], "properties": {"magmom": 0.0}}, {"label": "O", "xyz": [0.0, 1.071056591166482, 10.0067611736592], "abc": [0.0, 0.17810139, 0.47362319999999997], "species": [{"occu": 1, "element": "O"}], "properties": {"magmom": 0.0}}], "@class": "Structure", "@module": "pymatgen.core.structure"}