{"lattice": {"a": 4.08775109, "c": 20.0, "b": 4.0905350008631824, "matrix": [[4.08775109, 0.0, 0.0], [-2.04387554, 3.54331051, 0.0], [0.0, 0.0, 20.0]], "volume": 289.6834279892191, "beta": 90.0, "alpha": 90.0, "gamma": 119.97748927225425}, "sites": [{"label": "As", "xyz": [2.043877610980304, 1.1806335776824621, 8.946760000000001], "abc": [0.66660086, 0.33320071, 0.44733799999999996], "species": [{"occu": 1, "element": "As"}], "properties": {"magmom": -0.0}}, {"label": "Pd", "xyz": [-1.710473385563252e-08, 2.362694648870087, 8.946760000000001], "abc": [0.33340214, 0.66680429, 0.44733799999999996], "species": [{"occu": 1, "element": "Pd"}], "properties": {"magmom": -0.0}}], "@class": "Structure", "@module": "pymatgen.core.structure"}