{"lattice": {"a": 4.05954397, "c": 23.722044, "b": 4.059544791348746, "matrix": [[4.05954397, 0.0, -0.0], [-2.02977149, 3.51566944, 0.0], [-0.0, 0.0, 23.722044]], "volume": 338.56136010477746, "beta": 90.0, "alpha": 90.0, "gamma": 119.99998523998802}, "sites": [{"label": "Ge", "xyz": [2.02977417977182, 1.1718886414435201, 0.36844699188096003], "abc": [0.666667, 0.333333, 0.01553184], "species": [{"occu": 1, "element": "Ge"}], "properties": {"magmom": 0.0}}, {"label": "Ge", "xyz": [-1.699771819983236e-06, 2.3437807985564802, 23.353597008119042], "abc": [0.333333, 0.666667, 0.98446816], "species": [{"occu": 1, "element": "Ge"}], "properties": {"magmom": 0.0}}, {"label": "H", "xyz": [2.02977417977182, 1.1718886414435201, 1.9240719784573201], "abc": [0.666667, 0.333333, 0.08110903], "species": [{"occu": 1, "element": "H"}], "properties": {"magmom": -0.0}}, {"label": "H", "xyz": [-1.699771819983236e-06, 2.3437807985564802, 21.79797202154268], "abc": [0.333333, 0.666667, 0.91889097], "species": [{"occu": 1, "element": "H"}], "properties": {"magmom": -0.0}}], "@class": "Structure", "@module": "pymatgen.core.structure"}