{"lattice": {"a": 2.67225, "c": 24.664279, "b": 2.6722496663524913, "matrix": [[2.67225, 0.0, 0.0], [-1.336125, 2.314236, 0.0], [0.0, 0.0, 24.664279]], "volume": 152.52925720884915, "beta": 90.0, "alpha": 90.0, "gamma": 120.000004130217}, "sites": [{"label": "Mg", "xyz": [0.0, 0.0, 0.0], "abc": [0.0, 0.0, 0.0], "species": [{"occu": 1, "element": "Mg"}], "properties": {"magmom": 0.004}}, {"label": "C", "xyz": [-1.336125000068998e-06, 1.542824771412, 23.012142271185002], "abc": [0.333333, 0.666667, 0.9330149999999999], "species": [{"occu": 1, "element": "C"}], "properties": {"magmom": 0.085}}, {"label": "C", "xyz": [1.336126336125, 0.7714112285879999, 1.652136728815], "abc": [0.666667, 0.333333, 0.066985], "species": [{"occu": 1, "element": "C"}], "properties": {"magmom": 0.085}}], "@class": "Structure", "@module": "pymatgen.core.structure"}