{"lattice": {"a": 4.510332, "c": 24.981638, "b": 4.510332420757144, "matrix": [[4.510332, 0.0, 0.0], [-2.255167, 3.906062, 0.0], [0.0, 0.0, 24.981638]], "volume": 440.1174157744249, "beta": 90.0, "alpha": 90.0, "gamma": 120.00001158250245}, "sites": [{"label": "Ir", "xyz": [-2.921833000076519e-06, 2.604042635354, 0.0], "abc": [0.333333, 0.666667, 0.0], "species": [{"occu": 1, "element": "Ir"}], "properties": {"magmom": 0.017}}, {"label": "Pb", "xyz": [-2.921833000076519e-06, 2.604042635354, 22.271055332086], "abc": [0.333333, 0.666667, 0.891497], "species": [{"occu": 1, "element": "Pb"}], "properties": {"magmom": 0.016}}, {"label": "Pb", "xyz": [2.255167921833, 1.302019364645999, 0.0], "abc": [0.666667, 0.333333, 0.0], "species": [{"occu": 1, "element": "Pb"}], "properties": {"magmom": 0.006}}, {"label": "Pb", "xyz": [-2.921833000076519e-06, 2.604042635354, 2.710582667914], "abc": [0.333333, 0.666667, 0.10850299999999999], "species": [{"occu": 1, "element": "Pb"}], "properties": {"magmom": 0.016}}], "@class": "Structure", "@module": "pymatgen.core.structure"}