{"lattice": {"a": 3.58002036, "c": 20.0, "b": 3.580020309921638, "matrix": [[3.58002036, 0.0, 0.0], [-1.79001018, 3.10038852, 0.0], [-0.0, -0.0, 20.0]], "volume": 221.98908051020535, "beta": 90.0, "alpha": 90.0, "gamma": 120.00000046272892}, "sites": [{"label": "H", "xyz": [-0.8872053175417691, 2.579153899355612, 5.23336], "abc": [0.16811913, 0.83188087, 0.261668], "species": [{"occu": 1, "element": "H"}], "properties": {"magmom": 0.0}}, {"label": "H", "xyz": [-1.77211007813451e-06, 1.04247231067341, 5.23336], "abc": [0.16811913, 0.33623925, 0.261668], "species": [{"occu": 1, "element": "H"}], "properties": {"magmom": 0.0}}, {"label": "H", "xyz": [0.8872017733216131, 2.579153899355612, 5.23336], "abc": [0.66376075, 0.83188087, 0.261668], "species": [{"occu": 1, "element": "H"}], "properties": {"magmom": 0.0}}, {"label": "Pd", "xyz": [1.79001197001018, 1.03346180653716, 5.23336], "abc": [0.666667, 0.333333, 0.261668], "species": [{"occu": 1, "element": "Pd"}], "properties": {"magmom": -0.0}}], "@class": "Structure", "@module": "pymatgen.core.structure"}