{"lattice": {"a": 3.554483, "c": 22.656793, "b": 3.554483617783741, "matrix": [[3.554483, 0.0, 0.0], [-1.777242, 3.078273, 0.0], [0.0, 0.0, 22.656793]], "volume": 247.90313069184845, "beta": 90.0, "alpha": 90.0, "gamma": 120.00000355708836}, "sites": [{"label": "Ir", "xyz": [0.0, 0.0, 0.0], "abc": [0.0, 0.0, 0.0], "species": [{"occu": 1, "element": "Ir"}], "properties": {"magmom": -0.0}}, {"label": "S", "xyz": [-2.110575000041811e-06, 2.052183026091, 21.433258207620998], "abc": [0.333333, 0.666667, 0.945997], "species": [{"occu": 1, "element": "S"}], "properties": {"magmom": -0.0}}, {"label": "S", "xyz": [1.777243110575, 1.026089973909, 1.223534792379], "abc": [0.666667, 0.333333, 0.054002999999999995], "species": [{"occu": 1, "element": "S"}], "properties": {"magmom": -0.0}}], "@class": "Structure", "@module": "pymatgen.core.structure"}