{"lattice": {"a": 3.46956402, "c": 23.003991, "b": 3.46956377632084, "matrix": [[3.46956402, 0.0, 0.0], [-1.73478201, 3.0047303, -0.0], [-0.0, -0.0, 23.003991]], "volume": 239.819001780345, "beta": 90.0, "alpha": 90.0, "gamma": 120.00000232330125}, "sites": [{"label": "Re", "xyz": [0.0, 0.0, 0.0], "abc": [-0.0, 0.0, 0.0], "species": [{"occu": 1, "element": "Re"}], "properties": {"magmom": 0.931}}, {"label": "Cl", "xyz": [-1.7347820099714728e-06, 2.0031545349101, 21.57755285491461], "abc": [0.333333, 0.666667, 0.93799171], "species": [{"occu": 1, "element": "Cl"}], "properties": {"magmom": 0.002}}, {"label": "Cl", "xyz": [1.73478374478201, 1.0015757650899, 1.42643814508539], "abc": [0.666667, 0.333333, 0.06200829], "species": [{"occu": 1, "element": "Cl"}], "properties": {"magmom": 0.002}}], "@class": "Structure", "@module": "pymatgen.core.structure"}