{"lattice": {"a": 3.92528793, "c": 23.448734, "b": 3.92528793, "matrix": [[3.92528793, 0.0, -0.0], [0.0, 3.92528793, 0.0], [0.0, 0.0, 23.448734]], "volume": 361.29540468548436, "beta": 90.0, "alpha": 90.0, "gamma": 90.0}, "sites": [{"label": "Ta", "xyz": [0.0, 0.0, 0.0], "abc": [0.0, 0.0, 0.0], "species": [{"occu": 1, "element": "Ta"}], "properties": {"magmom": -0.001}}, {"label": "Ta", "xyz": [1.962643965, 1.962643965, 0.0], "abc": [0.5, 0.5, 0.0], "species": [{"occu": 1, "element": "Ta"}], "properties": {"magmom": 0.001}}, {"label": "Te", "xyz": [1.962643965, 0.0, 21.348032736116682], "abc": [0.5, -0.0, 0.91041302], "species": [{"occu": 1, "element": "Te"}], "properties": {"magmom": 0.0}}, {"label": "Te", "xyz": [0.0, 1.962643965, 2.10070126388332], "abc": [-0.0, 0.5, 0.08958698], "species": [{"occu": 1, "element": "Te"}], "properties": {"magmom": -0.0}}], "@class": "Structure", "@module": "pymatgen.core.structure"}