{"lattice": {"a": 2.8201610500000003, "c": 20.816747, "b": 4.6847426500000005, "matrix": [[2.8201610500000003, 0.0, 0.0], [0.0, 4.6847426500000005, 0.0], [0.0, 0.0, 20.816747]], "volume": 275.02521483810835, "beta": 90.0, "alpha": 90.0, "gamma": 90.0}, "sites": [{"label": "Cu", "xyz": [1.4100805250000001, 0.0, 10.4083735], "abc": [0.5, -0.0, 0.5], "species": [{"occu": 1, "element": "Cu"}], "properties": {"magmom": 0.0}}, {"label": "N", "xyz": [1.4100805250000001, 1.7642010468520861, 10.3801730528391], "abc": [0.5, 0.37658441, 0.49864529999999996], "species": [{"occu": 1, "element": "N"}], "properties": {"magmom": 0.0}}, {"label": "N", "xyz": [1.4100805250000001, 2.920541603147913, 10.4365739471609], "abc": [0.5, 0.62341559, 0.5013546999999999], "species": [{"occu": 1, "element": "N"}], "properties": {"magmom": 0.0}}], "@class": "Structure", "@module": "pymatgen.core.structure"}