{"lattice": {"a": 3.94157103, "c": 23.26583, "b": 4.270397059259913, "matrix": [[3.94157103, -2e-08, 0.0], [-1.97078503, 3.78844261, 0.0], [0.0, 0.0, 23.26583]], "volume": 347.4150428616994, "beta": 90.0, "alpha": 90.0, "gamma": 117.48389389144077}, "sites": [{"label": "Cr", "xyz": [0.0, 0.0, 11.632915], "abc": [0.0, 0.0, 0.5], "species": [{"occu": 1, "element": "Cr"}], "properties": {"magmom": 3.682}}, {"label": "I", "xyz": [3.807630738833377e-07, 2.8202824158037503, 13.2883967622581], "abc": [0.37222188, 0.7444437500000001, 0.57115507], "species": [{"occu": 1, "element": "I"}], "properties": {"magmom": -0.04}}, {"label": "I", "xyz": [1.970785619236926, 0.9681601741962501, 9.9774332377419], "abc": [0.62777812, 0.25555625, 0.42884493], "species": [{"occu": 1, "element": "I"}], "properties": {"magmom": -0.04}}], "@class": "Structure", "@module": "pymatgen.core.structure"}