{"lattice": {"a": 3.41068821, "c": 22.670328, "b": 3.410687944013441, "matrix": [[3.41068821, 0.0, -0.0], [-1.7053441, 2.95374233, 0.0], [0.0, 0.0, 22.670328]], "volume": 228.38755252928146, "beta": 90.0, "alpha": 90.0, "gamma": 120.00000248277401}, "sites": [{"label": "Os", "xyz": [0.0, 0.0, 0.0], "abc": [-0.0, -0.0, 0.0], "species": [{"occu": 1, "element": "Os"}], "properties": {"magmom": 1.3599999999999999}}, {"label": "S", "xyz": [-1.7020107700637721e-06, 1.96916253791411, 21.28076248721712], "abc": [0.333333, 0.666667, 0.9387055400000001], "species": [{"occu": 1, "element": "S"}], "properties": {"magmom": 0.148}}, {"label": "S", "xyz": [1.70534581201077, 0.98457979208589, 1.3895655127828799], "abc": [0.666667, 0.333333, 0.06129446], "species": [{"occu": 1, "element": "S"}], "properties": {"magmom": 0.148}}], "@class": "Structure", "@module": "pymatgen.core.structure"}