{"lattice": {"a": 3.822717, "c": 24.529133, "b": 3.822718087032053, "matrix": [[3.822717, 0.0, 0.0], [-1.911359, 3.310571, 0.0], [0.0, 0.0, 24.529133]], "volume": 310.4254020846858, "beta": 90.0, "alpha": 90.0, "gamma": 119.99999924687171}, "sites": [{"label": "Th", "xyz": [-2.24469200000993e-06, 2.207048436857, 13.423641621649], "abc": [0.333333, 0.666667, 0.547253], "species": [{"occu": 1, "element": "Th"}], "properties": {"magmom": 0.0}}, {"label": "Br", "xyz": [0.0, 0.0, 11.326915861942002], "abc": [0.0, 0.0, 0.46177399999999996], "species": [{"occu": 1, "element": "Br"}], "properties": {"magmom": 0.0}}, {"label": "Br", "xyz": [0.0, 0.0, 15.520391910489002], "abc": [0.0, 0.0, 0.632733], "species": [{"occu": 1, "element": "Br"}], "properties": {"magmom": 0.0}}], "@class": "Structure", "@module": "pymatgen.core.structure"}