{"lattice": {"a": 2.97649364, "c": 21.943237, "b": 2.976493608439598, "matrix": [[2.97649364, 0.0, 0.0], [1.48824682, 2.57771907, 0.0], [0.0, 0.0, 21.943237]], "volume": 168.36089941232368, "beta": 90.0, "alpha": 90.0, "gamma": 59.999999649248466}, "sites": [{"label": "Fe", "xyz": [0.0, 0.0, 10.9716185], "abc": [-0.0, -0.0, 0.5], "species": [{"occu": 1, "element": "Fe"}], "properties": {"magmom": 3.984}}, {"label": "O", "xyz": [1.48824533175318, 0.85923883076031, 11.939134000562381], "abc": [0.333333, 0.333333, 0.54409174], "species": [{"occu": 1, "element": "O"}], "properties": {"magmom": -0.004}}, {"label": "O", "xyz": [2.97649512824682, 1.7184802392396898, 10.00410299943762], "abc": [0.666667, 0.666667, 0.45590826], "species": [{"occu": 1, "element": "O"}], "properties": {"magmom": -0.004}}], "@class": "Structure", "@module": "pymatgen.core.structure"}