{"lattice": {"a": 3.70793617, "c": 23.77951, "b": 3.70793617, "matrix": [[3.70793617, 0.0, 0.0], [0.0, 3.70793617, 0.0], [0.0, 0.0, 23.77951]], "volume": 326.9395045306737, "beta": 90.0, "alpha": 90.0, "gamma": 90.0}, "sites": [{"label": "Lu", "xyz": [0.0, 0.0, 11.889755], "abc": [-0.0, -0.0, 0.5], "species": [{"occu": 1, "element": "Lu"}], "properties": {"magmom": -0.0}}, {"label": "Pb", "xyz": [1.853968085, 1.853968085, 13.746124563094298], "abc": [0.5, 0.5, 0.5780659300000001], "species": [{"occu": 1, "element": "Pb"}], "properties": {"magmom": -0.0}}, {"label": "Pb", "xyz": [1.853968085, 1.853968085, 10.0333854369057], "abc": [0.5, 0.5, 0.42193407], "species": [{"occu": 1, "element": "Pb"}], "properties": {"magmom": 0.0}}], "@class": "Structure", "@module": "pymatgen.core.structure"}