{"lattice": {"a": 3.402095900000001, "c": 23.407847, "b": 3.402095720227448, "matrix": [[3.4020959, -1e-07, 0.0], [-1.7010475999999999, 2.94630147, 0.0], [0.0, 0.0, 23.407847]], "volume": 234.6308947478734, "beta": 90.0, "alpha": 90.0, "gamma": 119.99999662578355}, "sites": [{"label": "Na", "xyz": [1.7010497677145, 0.9820994412328091, 18.83790049328267], "abc": [0.666667, 0.333333, 0.80476861], "species": [{"occu": 1, "element": "Na"}], "properties": {"magmom": -0.0}}, {"label": "Na", "xyz": [-1.467714500137737e-06, 1.96420192876719, 21.536562616339328], "abc": [0.333333, 0.666667, 0.92005739], "species": [{"occu": 1, "element": "Na"}], "properties": {"magmom": -0.0}}, {"label": "F", "xyz": [0.0, 0.0, 20.187231554811], "abc": [0.0, 0.0, 0.862413], "species": [{"occu": 1, "element": "F"}], "properties": {"magmom": -0.0}}], "@class": "Structure", "@module": "pymatgen.core.structure"}