{"lattice": {"a": 2.30734031, "c": 20.0, "b": 2.30734031, "matrix": [[2.30734031, 0.0, 0.0], [0.0, 2.30734031, 0.0], [0.0, 0.0, 20.0]], "volume": 106.4763861230179, "beta": 90.0, "alpha": 90.0, "gamma": 90.0}, "sites": [{"label": "P", "xyz": [0.0, 0.0, 10.0], "abc": [-0.0, 0.0, 0.5], "species": [{"occu": 1, "element": "P"}], "properties": {"magmom": -0.0}}], "@class": "Structure", "@module": "pymatgen.core.structure"}