{"lattice": {"a": 3.54336838, "c": 22.695858, "b": 3.5433681790418268, "matrix": [[3.54336838, 0.0, 0.0], [1.77168419, 3.0686468, 0.0], [0.0, 0.0, 22.695858]], "volume": 246.779917720236, "beta": 90.0, "alpha": 90.0, "gamma": 59.999998123919795}, "sites": [{"label": "Y", "xyz": [3.54337015168419, 2.0457655562156, 9.9860492884023], "abc": [0.666667, 0.666667, 0.43999435000000003], "species": [{"occu": 1, "element": "Y"}], "properties": {"magmom": 0.0}}, {"label": "Y", "xyz": [1.77168241831581, 1.0228812437844, 12.7098087115977], "abc": [0.333333, 0.333333, 0.56000565], "species": [{"occu": 1, "element": "Y"}], "properties": {"magmom": 0.0}}, {"label": "C", "xyz": [0.0, 0.0, 11.347929], "abc": [0.0, 0.0, 0.5], "species": [{"occu": 1, "element": "C"}], "properties": {"magmom": -0.0}}], "@class": "Structure", "@module": "pymatgen.core.structure"}