{"lattice": {"a": 3.509337310000139, "c": 25.130912000000077, "b": 3.5093373333862763, "matrix": [[3.5093373100000003, 9.6e-07, 2.4e-07], [-1.7546678199999999, 3.03917577, -2.4e-07], [1.71e-06, -1.02e-06, 25.130912]], "volume": 268.03360637458366, "beta": 89.99999218298441, "alpha": 90.00000788164122, "gamma": 119.9999683641953}, "sites": [{"label": "B", "xyz": [1.8113587676e-06, -1.1369865309e-06, 7.7957393318334], "abc": [2.2999999999999997e-07, -2.7e-07, 0.31020519], "species": [{"occu": 1, "element": "B"}], "properties": {"magmom": 0.0}}, {"label": "B", "xyz": [-1.38430819907437e-06, 2.026118613105068, 5.771792604673387], "abc": [0.33333289, 0.66666711, 0.22966905], "species": [{"occu": 1, "element": "B"}], "properties": {"magmom": -0.0}}, {"label": "B", "xyz": [-1.231709195614768e-06, 2.026118539991258, 9.819571050724894], "abc": [0.33333287, 0.66666714, 0.39073676], "species": [{"occu": 1, "element": "B"}], "properties": {"magmom": -0.0}}, {"label": "Ir", "xyz": [-7.201929047661069e-07, 2.026118287825463, 7.795709346047832], "abc": [0.333333, 0.66666703, 0.310204], "species": [{"occu": 1, "element": "Ir"}], "properties": {"magmom": -0.0}}], "@class": "Structure", "@module": "pymatgen.core.structure"}