{"lattice": {"a": 3.94352248, "c": 20.769747, "b": 3.943521909276168, "matrix": [[3.94352248, -6.000000000000001e-08, -0.0], [-1.97176084, 3.41519022, 0.0], [-0.0, 0.0, 20.769747]], "volume": 279.7244454329103, "beta": 90.0, "alpha": 90.0, "gamma": 119.99999894849114}, "sites": [{"label": "Si", "xyz": [0.0, 0.0, 6.43979942235237], "abc": [0.0, 0.0, 0.31005671], "species": [{"occu": 1, "element": "Si"}], "properties": {"magmom": -0.0}}, {"label": "Ge", "xyz": [1.971763345094439, 1.13839556160324, 5.831777125380629], "abc": [0.666667, 0.333333, 0.28078229], "species": [{"occu": 1, "element": "Ge"}], "properties": {"magmom": 0.0}}], "@class": "Structure", "@module": "pymatgen.core.structure"}