{"lattice": {"a": 6.35892924, "c": 20.0, "b": 6.358305622956123, "matrix": [[6.35892924, 0.0, 0.0], [-3.17946462, 5.50627416, 0.0], [0.0, 0.0, 20.0]], "volume": 700.2801551896089, "beta": 90.0, "alpha": 90.0, "gamma": 120.00324448433548}, "sites": [{"label": "Eu", "xyz": [-3.1794645809449504e-08, 3.670558396702149, 10.0], "abc": [0.33330689999999996, 0.66661381, 0.5], "species": [{"occu": 1, "element": "Eu"}], "properties": {"magmom": 6.751}}, {"label": "Sn", "xyz": [4.775325983947973, 0.913886013377721, 10.0], "abc": [0.8339497300000001, 0.16597176, 0.5], "species": [{"occu": 1, "element": "Sn"}], "properties": {"magmom": -0.019}}, {"label": "Sn", "xyz": [3.179464588205353, 3.679097857045927, 10.0], "abc": [0.83408233, 0.66816467, 0.5], "species": [{"occu": 1, "element": "Sn"}], "properties": {"magmom": -0.03}}, {"label": "Sn", "xyz": [1.583603256052026, 0.913886013377721, 10.0], "abc": [0.33202203, 0.16597176, 0.5], "species": [{"occu": 1, "element": "Sn"}], "properties": {"magmom": -0.042}}], "@class": "Structure", "@module": "pymatgen.core.structure"}