{"lattice": {"a": 4.22476818, "c": 22.78733416, "b": 4.5060157400000005, "matrix": [[4.22476818, 0.0, 0.0], [0.0, 4.5060157400000005, 0.0], [0.0, 0.0, 22.78733416]], "volume": 433.7995617322299, "beta": 90.0, "alpha": 90.0, "gamma": 90.0}, "sites": [{"label": "Sn", "xyz": [0.0, 1.8187208667085581, 9.905730269048094], "abc": [0.0, 0.40362062, 0.43470334], "species": [{"occu": 1, "element": "Sn"}], "properties": {"magmom": 0.0}}, {"label": "Sn", "xyz": [2.11238409, 4.071728736708558, 12.881603890951906], "abc": [0.5, 0.90362062, 0.56529666], "species": [{"occu": 1, "element": "Sn"}], "properties": {"magmom": 0.0}}, {"label": "Se", "xyz": [2.11238409, 4.426148323294481, 10.167786662748169], "abc": [0.5, 0.98227538, 0.44620343], "species": [{"occu": 1, "element": "Se"}], "properties": {"magmom": -0.0}}, {"label": "Se", "xyz": [0.0, 2.1731404532944802, 12.619547497251832], "abc": [-0.0, 0.48227538000000003, 0.55379657], "species": [{"occu": 1, "element": "Se"}], "properties": {"magmom": -0.0}}], "@class": "Structure", "@module": "pymatgen.core.structure"}