{"lattice": {"a": 2.55520306, "c": 20.02117462, "b": 2.555203013977418, "matrix": [[2.55520306, -2e-08, 0.0], [-1.27760106, 2.21287098, 0.0], [0.0, 0.0, 20.02117462]], "volume": 113.20642186665683, "beta": 90.0, "alpha": 90.0, "gamma": 119.99998887500622}, "sites": [{"label": "Zn", "xyz": [0.0, 0.0, 10.01058731], "abc": [0.0, 0.0, 0.5], "species": [{"occu": 1, "element": "Zn"}], "properties": {"magmom": -0.0}}], "@class": "Structure", "@module": "pymatgen.core.structure"}