{"lattice": {"a": 3.87155761, "c": 23.624099, "b": 3.87155761, "matrix": [[3.87155761, 0.0, -0.0], [0.0, 3.87155761, 0.0], [0.0, 0.0, 23.624099]], "volume": 354.10063543688995, "beta": 90.0, "alpha": 90.0, "gamma": 90.0}, "sites": [{"label": "Au", "xyz": [1.935778805, 1.935778805, 0.0], "abc": [0.5, 0.5, -0.0], "species": [{"occu": 1, "element": "Au"}], "properties": {"magmom": -0.0}}, {"label": "Au", "xyz": [0.0, 0.0, 0.0], "abc": [0.0, 0.0, 0.0], "species": [{"occu": 1, "element": "Au"}], "properties": {"magmom": -0.0}}, {"label": "F", "xyz": [0.0, 1.935778805, 1.6042709846757601], "abc": [0.0, 0.5, 0.06790824], "species": [{"occu": 1, "element": "F"}], "properties": {"magmom": -0.0}}, {"label": "F", "xyz": [1.935778805, 0.0, 22.019828015324244], "abc": [0.5, -0.0, 0.93209176], "species": [{"occu": 1, "element": "F"}], "properties": {"magmom": -0.0}}], "@class": "Structure", "@module": "pymatgen.core.structure"}