{"lattice": {"a": 3.04382308, "c": 25.269087, "b": 5.07947257, "matrix": [[3.04382308, 0.0, 0.0], [0.0, 5.07947257, 0.0], [0.0, 0.0, 25.269087]], "volume": 390.6857544399125, "beta": 90.0, "alpha": 90.0, "gamma": 90.0}, "sites": [{"label": "Ce", "xyz": [1.52191154, 0.0, 13.01010151517445], "abc": [0.5, 0.0, 0.51486235], "species": [{"occu": 1, "element": "Ce"}], "properties": {"magmom": 0.181}}, {"label": "Ce", "xyz": [0.0, 2.539736285, 12.25898548482555], "abc": [-0.0, 0.5, 0.48513765000000003], "species": [{"occu": 1, "element": "Ce"}], "properties": {"magmom": 0.183}}, {"label": "Mg", "xyz": [0.0, 0.0, 10.073607952827539], "abc": [0.0, 0.0, 0.39865342000000004], "species": [{"occu": 1, "element": "Mg"}], "properties": {"magmom": 0.001}}, {"label": "Mg", "xyz": [1.52191154, 2.539736285, 15.195479047172459], "abc": [0.5, 0.5, 0.60134658], "species": [{"occu": 1, "element": "Mg"}], "properties": {"magmom": 0.002}}], "@class": "Structure", "@module": "pymatgen.core.structure"}