{"lattice": {"a": 2.76321223, "c": 23.889425, "b": 4.26095132, "matrix": [[2.76321223, 0.0, 0.0], [0.0, 4.26095132, 0.0], [0.0, 0.0, 23.889425]], "volume": 281.27200676487365, "beta": 90.0, "alpha": 90.0, "gamma": 90.0}, "sites": [{"label": "Ag", "xyz": [0.0, 2.13047566, 7.95416585227425], "abc": [0.0, 0.5, 0.33295761], "species": [{"occu": 1, "element": "Ag"}], "properties": {"magmom": -0.0}}, {"label": "Ag", "xyz": [1.381606115, 0.0, 6.30356855507575], "abc": [0.5, 0.0, 0.26386439], "species": [{"occu": 1, "element": "Ag"}], "properties": {"magmom": -0.0}}, {"label": "S", "xyz": [0.0, 0.0, 9.22238566840325], "abc": [-0.0, -0.0, 0.38604469], "species": [{"occu": 1, "element": "S"}], "properties": {"magmom": -0.0}}, {"label": "S", "xyz": [1.381606115, 2.13047566, 5.03534873894675], "abc": [0.5, 0.5, 0.21077731], "species": [{"occu": 1, "element": "S"}], "properties": {"magmom": -0.0}}], "@class": "Structure", "@module": "pymatgen.core.structure"}