{"lattice": {"a": 4.05498125, "c": 25.367028, "b": 4.054980657305679, "matrix": [[4.05498125, 1e-08, 0.0], [2.02749014, 3.5117163700000003, 0.0], [0.0, 0.0, 25.367028]], "volume": 361.22505855691077, "beta": 90.0, "alpha": 90.0, "gamma": 60.000002936688105}, "sites": [{"label": "In", "xyz": [0.0, 0.0, 11.28374592107292], "abc": [0.0, 0.0, 0.44481939000000004], "species": [{"occu": 1, "element": "In"}], "properties": {"magmom": 0.0}}, {"label": "In", "xyz": [0.0, 0.0, 14.083177059431161], "abc": [0.0, -0.0, 0.55517647], "species": [{"occu": 1, "element": "In"}], "properties": {"magmom": 0.0}}, {"label": "Se", "xyz": [4.05498295415713, 2.34114542390546, 15.37198671384288], "abc": [0.666667, 0.666667, 0.60598296], "species": [{"occu": 1, "element": "Se"}], "properties": {"magmom": -0.0}}, {"label": "Se", "xyz": [4.05498295415713, 2.34114542390546, 9.99512093862504], "abc": [0.666667, 0.666667, 0.39402018], "species": [{"occu": 1, "element": "Se"}], "properties": {"magmom": -0.0}}], "@class": "Structure", "@module": "pymatgen.core.structure"}