{"lattice": {"a": 4.507325, "c": 21.250951, "b": 4.507325023285089, "matrix": [[4.507325, -0.0, 0.0], [-2.2536625, 3.9034579799999998, -0.0], [0.0, -0.0, 21.250951]], "volume": 373.8924990089059, "beta": 90.0, "alpha": 90.0, "gamma": 119.99999982910828}, "sites": [{"label": "Tl", "xyz": [0.0, 0.0, 1.6586703020525801], "abc": [-0.0, -0.0, 0.07805158], "species": [{"occu": 1, "element": "Tl"}], "properties": {"magmom": 0.148}}, {"label": "Se", "xyz": [2.2536647536625, 1.30115135884734, 2.80209557140642], "abc": [0.666667, 0.333333, 0.13185742], "species": [{"occu": 1, "element": "Se"}], "properties": {"magmom": 0.461}}], "@class": "Structure", "@module": "pymatgen.core.structure"}