{"lattice": {"a": 3.754457588275423, "c": 23.66238, "b": 3.754457826485049, "matrix": [[3.75249673, 0.12132631, 0.0], [-0.6397963, 3.69954244, 0.0], [0.0, 0.0, 23.66238]], "volume": 330.33025662186196, "beta": 90.0, "alpha": 90.0, "gamma": 97.95979390190544}, "sites": [{"label": "Ru", "xyz": [-0.31989815, 1.84977122, 11.83119], "abc": [0.0, 0.5, 0.5], "species": [{"occu": 1, "element": "Ru"}], "properties": {"magmom": -0.0}}, {"label": "Ru", "xyz": [1.876248365, 0.060663155, 11.83119], "abc": [0.5, -0.0, 0.5], "species": [{"occu": 1, "element": "Ru"}], "properties": {"magmom": -0.0}}, {"label": "S", "xyz": [2.334525322499999, 2.8656515625, 10.0502738600082], "abc": [0.75, 0.75, 0.42473639], "species": [{"occu": 1, "element": "S"}], "properties": {"magmom": -0.0}}, {"label": "S", "xyz": [0.7781751075000001, 0.9552171875000001, 13.6121061399918], "abc": [0.25, 0.25, 0.57526361], "species": [{"occu": 1, "element": "S"}], "properties": {"magmom": -0.0}}], "@class": "Structure", "@module": "pymatgen.core.structure"}