{"lattice": {"a": 2.822561, "c": 23.731552, "b": 2.822561657264726, "matrix": [[2.822561, 0.0, 0.0], [-1.411281, 2.44441, 0.0], [0.0, 0.0, 23.731552]], "volume": 163.73575602436767, "beta": 90.0, "alpha": 90.0, "gamma": 120.00000401677384}, "sites": [{"label": "N", "xyz": [0.0, 0.0, 10.808060727360001], "abc": [0.0, 0.0, 0.45543000000000006], "species": [{"occu": 1, "element": "N"}], "properties": {"magmom": 0.064}}, {"label": "O", "xyz": [0.0, 0.0, 12.021929612160001], "abc": [0.0, 0.0, 0.50658], "species": [{"occu": 1, "element": "O"}], "properties": {"magmom": 0.033}}, {"label": "O", "xyz": [0.0, 0.0, 9.594215574112], "abc": [0.0, 0.0, 0.404281], "species": [{"occu": 1, "element": "O"}], "properties": {"magmom": 0.033}}], "@class": "Structure", "@module": "pymatgen.core.structure"}