{"lattice": {"a": 4.12734834, "c": 25.130928, "b": 4.127348017225812, "matrix": [[4.12734834, -0.0, 0.0], [-2.06367417, 3.57438814, 0.0], [0.0, 0.0, 25.130928]], "volume": 370.75017129523536, "beta": 90.0, "alpha": 90.0, "gamma": 120.00000258696004}, "sites": [{"label": "Al", "xyz": [2.06367623367417, 1.19146152187062, 12.565464], "abc": [0.666667, 0.333333, 0.5], "species": [{"occu": 1, "element": "Al"}], "properties": {"magmom": -0.0}}, {"label": "Al", "xyz": [0.0, 0.0, 10.17229272139536], "abc": [-0.0, 0.0, 0.40477187000000003], "species": [{"occu": 1, "element": "Al"}], "properties": {"magmom": -0.0}}, {"label": "Al", "xyz": [0.0, 0.0, 14.958635278604639], "abc": [-0.0, 0.0, 0.59522813], "species": [{"occu": 1, "element": "Al"}], "properties": {"magmom": -0.0}}, {"label": "Ir", "xyz": [0.0, 0.0, 12.565464], "abc": [0.0, -0.0, 0.5], "species": [{"occu": 1, "element": "Ir"}], "properties": {"magmom": -0.0}}], "@class": "Structure", "@module": "pymatgen.core.structure"}