{"lattice": {"a": 3.119625, "c": 22.641327, "b": 3.119624816743994, "matrix": [[3.119625, 0.0, 0.0], [-1.5598130000000001, 2.701674, 0.0], [0.0, 0.0, 22.641327]], "volume": 190.82585302528125, "beta": 90.0, "alpha": 90.0, "gamma": 120.00001254695624}, "sites": [{"label": "Re", "xyz": [0.0, 0.0, 0.0], "abc": [0.0, 0.0, 0.0], "species": [{"occu": 1, "element": "Re"}], "properties": {"magmom": -0.0}}, {"label": "S", "xyz": [1.559813893146, 0.900557099442, 1.629247249593], "abc": [0.666667, 0.333333, 0.071959], "species": [{"occu": 1, "element": "S"}], "properties": {"magmom": 0.0}}, {"label": "S", "xyz": [-1.89314599994788e-06, 1.8011169005580001, 21.012079750407], "abc": [0.333333, 0.666667, 0.928041], "species": [{"occu": 1, "element": "S"}], "properties": {"magmom": 0.0}}], "@class": "Structure", "@module": "pymatgen.core.structure"}