{"lattice": {"a": 3.75842469, "c": 23.59166513, "b": 3.758424511998001, "matrix": [[3.75842469, -0.0, 0.0], [-1.87921185, 3.25489134, -0.0], [0.0, 0.0, 23.59166513]], "volume": 288.6030671574355, "beta": 90.0, "alpha": 90.0, "gamma": 119.99999285320841}, "sites": [{"label": "Te", "xyz": [0.0, 0.0, 11.795832565], "abc": [0.0, -0.0, 0.5], "species": [{"occu": 1, "element": "Te"}], "properties": {"magmom": -0.0}}, {"label": "O", "xyz": [0.0, 0.0, 9.99933080410027], "abc": [0.0, -0.0, 0.42385015000000004], "species": [{"occu": 1, "element": "O"}], "properties": {"magmom": -0.0}}, {"label": "O", "xyz": [0.0, 0.0, 13.59233432589973], "abc": [0.0, -0.0, 0.57614985], "species": [{"occu": 1, "element": "O"}], "properties": {"magmom": -0.0}}, {"label": "O", "xyz": [-1.549212179922734e-06, 2.16992864496378, 11.795832565], "abc": [0.333333, 0.666667, 0.5], "species": [{"occu": 1, "element": "O"}], "properties": {"magmom": 0.0}}], "@class": "Structure", "@module": "pymatgen.core.structure"}