{"lattice": {"a": 4.42166832, "c": 23.344567, "b": 4.54224258, "matrix": [[4.42166832, 0.0, 0.0], [0.0, 4.54224258, 0.0], [0.0, 0.0, 23.344567]], "volume": 468.85905630104423, "beta": 90.0, "alpha": 90.0, "gamma": 90.0}, "sites": [{"label": "Sb", "xyz": [3.31625124, 3.574042361800151, 12.823373517387232], "abc": [0.75, 0.78684533, 0.54930869], "species": [{"occu": 1, "element": "Sb"}], "properties": {"magmom": 0.0}}, {"label": "Sb", "xyz": [1.10541708, 1.628111074062117, 13.348065071496551], "abc": [0.25, 0.35843772, 0.57178465], "species": [{"occu": 1, "element": "Sb"}], "properties": {"magmom": -0.0}}, {"label": "Sb", "xyz": [3.31625124, 2.914131505937882, 9.99650192850345], "abc": [0.75, 0.64156228, 0.42821535], "species": [{"occu": 1, "element": "Sb"}], "properties": {"magmom": -0.0}}, {"label": "Sb", "xyz": [1.10541708, 0.968200218199848, 10.521193482612771], "abc": [0.25, 0.21315467000000002, 0.45069131], "species": [{"occu": 1, "element": "Sb"}], "properties": {"magmom": 0.0}}], "@class": "Structure", "@module": "pymatgen.core.structure"}