{"lattice": {"a": 3.59579384, "c": 24.623155, "b": 3.5957935411231983, "matrix": [[3.59579384, -1e-08, 0.0], [-1.79789643, 3.11404875, 0.0], [0.0, 0.0, 24.623155]], "volume": 275.7172190371356, "beta": 90.0, "alpha": 90.0, "gamma": 119.99999389330469}, "sites": [{"label": "Al", "xyz": [0.0, 0.0, 0.18042099739995002], "abc": [0.0, 0.0, 0.00732729], "species": [{"occu": 1, "element": "Al"}], "properties": {"magmom": -0.0}}, {"label": "Al", "xyz": [0.0, 0.0, 2.7710334766750497], "abc": [0.0, 0.0, 0.11253771], "species": [{"occu": 1, "element": "Al"}], "properties": {"magmom": -0.0}}, {"label": "S", "xyz": [1.797898881230089, 1.03801520531708, 23.75035107498715], "abc": [0.666667, 0.333333, 0.96455353], "species": [{"occu": 1, "element": "S"}], "properties": {"magmom": 0.0}}, {"label": "S", "xyz": [-1.47123009015771e-06, 2.07603353468292, 3.82423377593285], "abc": [0.333333, 0.666667, 0.15531047], "species": [{"occu": 1, "element": "S"}], "properties": {"magmom": 0.0}}], "@class": "Structure", "@module": "pymatgen.core.structure"}