{"lattice": {"a": 3.6325700000000003, "c": 22.903114, "b": 3.632570085714658, "matrix": [[3.6325700000000003, 0.0, 0.0], [-1.816285, 3.145898, 0.0], [0.0, 0.0, 22.903114]], "volume": 261.72979442228313, "beta": 90.0, "alpha": 90.0, "gamma": 119.99999921944574}, "sites": [{"label": "Ta", "xyz": [0.0, 0.0, 0.0], "abc": [0.0, 0.0, 0.0], "species": [{"occu": 1, "element": "Ta"}], "properties": {"magmom": 0.0}}, {"label": "I", "xyz": [1.816286816284999, 1.048631618033999, 20.94913482909], "abc": [0.666667, 0.333333, 0.914685], "species": [{"occu": 1, "element": "I"}], "properties": {"magmom": 0.0}}, {"label": "I", "xyz": [-1.816284999988007e-06, 2.097266381966, 1.953979170909999], "abc": [0.333333, 0.666667, 0.085315], "species": [{"occu": 1, "element": "I"}], "properties": {"magmom": 0.0}}], "@class": "Structure", "@module": "pymatgen.core.structure"}