{"lattice": {"a": 5.115341000012511, "c": 20.000000000026724, "b": 5.115342797105781, "matrix": [[5.115341, -8e-06, -8e-06], [-2.557678, 4.430013, 7e-06], [-3.0000000000000004e-05, 1.3000000000000001e-05, 20.0]], "volume": 453.2201333589172, "beta": 90.00017554992114, "alpha": 89.99984636994995, "gamma": 120.00017498638175}, "sites": [{"label": "Zn", "xyz": [-1.278839937538, 3.691674016205, 5.77882449998], "abc": [0.16666799999999998, 0.833332, 0.288941], "species": [{"occu": 1, "element": "Zn"}], "properties": {"magmom": -0.0}}, {"label": "Zn", "xyz": [-1.628363600006765e-05, 1.476694096296, 5.778841000021999], "abc": [0.16666799999999998, 0.33333799999999997, 0.288942], "species": [{"occu": 1, "element": "Zn"}], "properties": {"magmom": -0.0}}, {"label": "Zn", "xyz": [1.278799870385999, 3.691670016265999, 5.778840500027999], "abc": [0.666662, 0.833332, 0.288942], "species": [{"occu": 1, "element": "Zn"}], "properties": {"magmom": -0.0}}, {"label": "P", "xyz": [2.557661891033, 1.476667945537, 5.777756999995], "abc": [0.666667, 0.333333, 0.288888], "species": [{"occu": 1, "element": "P"}], "properties": {"magmom": 0.0}}], "@class": "Structure", "@module": "pymatgen.core.structure"}