{"lattice": {"a": 4.495195, "c": 22.990012, "b": 4.495195, "matrix": [[4.495195, 0.0, 0.0], [0.0, 4.495195, 0.0], [0.0, 0.0, 22.990012]], "volume": 464.55407072503175, "beta": 90.0, "alpha": 90.0, "gamma": 90.0}, "sites": [{"label": "Cd", "xyz": [2.2475975, 2.2475975, 0.0], "abc": [0.5, 0.5, 0.0], "species": [{"occu": 1, "element": "Cd"}], "properties": {"magmom": 0.0}}, {"label": "Cd", "xyz": [0.0, 0.0, 0.0], "abc": [0.0, 0.0, 0.0], "species": [{"occu": 1, "element": "Cd"}], "properties": {"magmom": 0.0}}, {"label": "Se", "xyz": [0.0, 2.2475975, 1.586471758084], "abc": [0.0, 0.5, 0.069007], "species": [{"occu": 1, "element": "Se"}], "properties": {"magmom": -0.0}}, {"label": "Se", "xyz": [2.2475975, 0.0, 21.403540241915998], "abc": [0.5, 0.0, 0.930993], "species": [{"occu": 1, "element": "Se"}], "properties": {"magmom": -0.0}}], "@class": "Structure", "@module": "pymatgen.core.structure"}