{"lattice": {"a": 3.57732125, "c": 23.590867, "b": 3.577321209200546, "matrix": [[3.57732125, 0.0, 0.0], [-1.7886606299999999, 3.09805103, 0.0], [0.0, 0.0, 23.590867]], "volume": 261.45106276728797, "beta": 90.0, "alpha": 90.0, "gamma": 120.00000046974603}, "sites": [{"label": "Se", "xyz": [-1.7919939602570811e-06, 2.06536838601701, 11.75438539142], "abc": [0.333333, 0.666667, 0.49826000000000004], "species": [{"occu": 1, "element": "Se"}], "properties": {"magmom": 0.0}}, {"label": "O", "xyz": [-1.7919939602570811e-06, 2.06536838601701, 13.383100972278031], "abc": [0.333333, 0.666667, 0.56730009], "species": [{"occu": 1, "element": "O"}], "properties": {"magmom": -0.0}}, {"label": "O", "xyz": [-1.7919939602570811e-06, 2.06536838601701, 10.12564621969497], "abc": [0.333333, 0.666667, 0.42921891], "species": [{"occu": 1, "element": "O"}], "properties": {"magmom": -0.0}}, {"label": "O", "xyz": [0.0, 0.0, 11.75438539142], "abc": [0.0, 0.0, 0.49826000000000004], "species": [{"occu": 1, "element": "O"}], "properties": {"magmom": 0.0}}], "@class": "Structure", "@module": "pymatgen.core.structure"}