{"lattice": {"a": 3.347673130000577, "c": 21.950498000000124, "b": 3.347673731537127, "matrix": [[3.34767313, 1.95e-06, 2.5e-07], [-1.67383587, 2.89917107, -3.4e-07], [1.6099999999999998e-06, -1.6699999999999999e-06, 21.950498]], "volume": 213.04012710592997, "beta": 89.99999151876087, "alpha": 90.00001169544007, "gamma": 119.99994694635312}, "sites": [{"label": "Hf", "xyz": [-1.673835920214926, 2.899171041008066, 2.0745547784e-06], "abc": [-2e-08, 0.9999999900000001, 1.1e-07], "species": [{"occu": 1, "element": "Hf"}], "properties": {"magmom": 0.0}}, {"label": "N", "xyz": [1.673839055941854, 0.9663897022033601, 20.989660001904312], "abc": [0.66666682, 0.33333321, 0.95622705], "species": [{"occu": 1, "element": "N"}], "properties": {"magmom": 0.0}}, {"label": "N", "xyz": [-1.357269276593012e-07, 1.932781676788573, 0.960835493540908], "abc": [0.3333332, 0.6666668, 0.04377284], "species": [{"occu": 1, "element": "N"}], "properties": {"magmom": 0.0}}], "@class": "Structure", "@module": "pymatgen.core.structure"}