{"lattice": {"a": 2.7619471, "c": 23.530469, "b": 2.7619471, "matrix": [[2.7619471, 0.0, 0.0], [0.0, 2.7619471, 0.0], [0.0, 0.0, 23.530469]], "volume": 179.4986951556449, "beta": 90.0, "alpha": 90.0, "gamma": 90.0}, "sites": [{"label": "P", "xyz": [0.0, 0.0, 14.771063670998], "abc": [0.0, -0.0, 0.627742], "species": [{"occu": 1, "element": "P"}], "properties": {"magmom": -0.0}}, {"label": "P", "xyz": [0.0, 0.0, 11.217303998866], "abc": [0.0, -0.0, 0.47671399999999997], "species": [{"occu": 1, "element": "P"}], "properties": {"magmom": -0.0}}, {"label": "Pd", "xyz": [1.38097355, 1.38097355, 12.994183834932], "abc": [0.5, 0.5, 0.5522279999999999], "species": [{"occu": 1, "element": "Pd"}], "properties": {"magmom": -0.0}}], "@class": "Structure", "@module": "pymatgen.core.structure"}