{"lattice": {"a": 3.223486989928298, "c": 25.995106302905942, "b": 3.180284, "matrix": [[3.212069, 0.0, -0.271074], [0.0, 3.180284, 0.0], [-1.307524, 0.0, 25.962202]], "volume": 264.0842588647765, "beta": 97.70702270492579, "alpha": 90.0, "gamma": 90.0}, "sites": [{"label": "Na", "xyz": [0.34805375849200004, 0.795071, 3.6785846320060003], "abc": [0.166744, 0.25, 0.143431], "species": [{"occu": 1, "element": "Na"}], "properties": {"magmom": 0.0}}, {"label": "Na", "xyz": [2.338679556312, 2.385213, 6.481408925352001], "abc": [0.833256, 0.75, 0.25834799999999997], "species": [{"occu": 1, "element": "Na"}], "properties": {"magmom": 0.0}}, {"label": "Mg", "xyz": [1.713018662303, 0.795071, 0.596193467254], "abc": [0.544971, 0.25, 0.028654], "species": [{"occu": 1, "element": "Mg"}], "properties": {"magmom": 0.0}}, {"label": "Mg", "xyz": [0.9737133449770001, 2.385213, 9.563826052306], "abc": [0.45502899999999996, 0.75, 0.37312599999999996], "species": [{"occu": 1, "element": "Mg"}], "properties": {"magmom": 0.0}}], "@class": "Structure", "@module": "pymatgen.core.structure"}