{"lattice": {"a": 5.86364194, "c": 20.0, "b": 5.863641822338346, "matrix": [[5.86364194, -1e-08, 0.0], [-2.93182049, 5.07806302, 0.0], [0.0, 0.0, 20.0]], "volume": 595.5188653743371, "beta": 90.0, "alpha": 90.0, "gamma": 119.99999534566221}, "sites": [{"label": "Hg", "xyz": [1.307171168095891e-07, 1.693061400177694, 10.0], "abc": [0.16670346, 0.33340693, 0.5], "species": [{"occu": 1, "element": "Hg"}], "properties": {"magmom": 0.0}}, {"label": "Hg", "xyz": [-1.465586470618991, 4.231532342800916, 10.0], "abc": [0.16670346, 0.83329654, 0.5], "species": [{"occu": 1, "element": "Hg"}], "properties": {"magmom": 0.0}}, {"label": "Hg", "xyz": [1.465587211947251, 4.23153233780202, 10.0], "abc": [0.66659307, 0.83329654, 0.5], "species": [{"occu": 1, "element": "Hg"}], "properties": {"magmom": -0.0}}, {"label": "Au", "xyz": [2.93182406182081, 1.69268597397899, 10.0], "abc": [0.666667, 0.333333, 0.5], "species": [{"occu": 1, "element": "Au"}], "properties": {"magmom": 0.0}}], "@class": "Structure", "@module": "pymatgen.core.structure"}