{"lattice": {"a": 4.406336, "c": 23.407847, "b": 4.406335574816108, "matrix": [[4.406336, 0.0, 0.0], [-2.203167, 3.8159989999999997, 0.0], [0.0, 0.0, 23.407847]], "volume": 393.5929701705081, "beta": 90.0, "alpha": 90.0, "gamma": 119.99998817736562}, "sites": [{"label": "K", "xyz": [2.203170536500999, 1.271998394667, 18.279328169382], "abc": [0.666667, 0.333333, 0.780906], "species": [{"occu": 1, "element": "K"}], "properties": {"magmom": -0.0}}, {"label": "K", "xyz": [-1.536501000322491e-06, 2.544000605333, 22.09513494024], "abc": [0.333333, 0.666667, 0.9439200000000001], "species": [{"occu": 1, "element": "K"}], "properties": {"magmom": -0.0}}, {"label": "Cl", "xyz": [0.0, 0.0, 20.187231554811], "abc": [0.0, 0.0, 0.862413], "species": [{"occu": 1, "element": "Cl"}], "properties": {"magmom": -0.0}}], "@class": "Structure", "@module": "pymatgen.core.structure"}