{"lattice": {"a": 3.560102520000001, "c": 25.02215022, "b": 3.560101432424338, "matrix": [[3.56010252, -1e-07, -0.0], [-1.7800504400000001, 3.08313844, 0.0], [0.0, -0.0, 25.02215022]], "volume": 274.65034600433034, "beta": 90.0, "alpha": 90.0, "gamma": 119.99999647637193}, "sites": [{"label": "Al", "xyz": [0.0, 0.0, 14.251173237465808], "abc": [0.0, -0.0, 0.56954231], "species": [{"occu": 1, "element": "Al"}], "properties": {"magmom": -0.0}}, {"label": "Al", "xyz": [0.0, 0.0, 19.36826251017333], "abc": [0.0, -0.0, 0.77404469], "species": [{"occu": 1, "element": "Al"}], "properties": {"magmom": -0.0}}, {"label": "S", "xyz": [-1.233384319899737e-06, 2.05542662104618, 18.237600870807817], "abc": [0.333333, 0.666667, 0.72885826], "species": [{"occu": 1, "element": "S"}], "properties": {"magmom": -0.0}}, {"label": "S", "xyz": [-1.233384319899737e-06, 2.05542662104618, 15.381834876831324], "abc": [0.333333, 0.666667, 0.61472874], "species": [{"occu": 1, "element": "S"}], "properties": {"magmom": -0.0}}], "@class": "Structure", "@module": "pymatgen.core.structure"}