{"lattice": {"a": 5.1907074, "c": 15.93336907, "b": 5.1907074, "matrix": [[5.1907074, -0.0, -0.0], [0.0, 5.1907074, 0.0], [0.0, 0.0, 15.93336907]], "volume": 429.2998263133277, "beta": 90.0, "alpha": 90.0, "gamma": 90.0}, "sites": [{"label": "B", "xyz": [2.5953537, 0.0, 3.8348717884982353], "abc": [0.5, 0.0, 0.24068179], "species": [{"occu": 1, "element": "B"}], "properties": {"magmom": 0.0}}, {"label": "B", "xyz": [0.0, 2.5953537, 4.873542943448404], "abc": [-0.0, 0.5, 0.30587021000000003], "species": [{"occu": 1, "element": "B"}], "properties": {"magmom": -0.0}}, {"label": "Cl", "xyz": [0.0, 2.5953537, 3.168834495321846], "abc": [0.0, 0.5, 0.19888038], "species": [{"occu": 1, "element": "Cl"}], "properties": {"magmom": 0.0}}, {"label": "Cl", "xyz": [2.5953537, 0.0, 5.5395802366247935], "abc": [0.5, -0.0, 0.34767162], "species": [{"occu": 1, "element": "Cl"}], "properties": {"magmom": 0.0}}], "@class": "Structure", "@module": "pymatgen.core.structure"}