{"lattice": {"a": 4.681581716362308, "c": 20.0, "b": 6.676033733291295, "matrix": [[4.67134971, -0.30935296, 0.0], [-1.8372536, 6.41824942, 0.0], [0.0, 0.0, 20.0]], "volume": 588.2705545478804, "beta": 90.0, "alpha": 90.0, "gamma": 109.76280741084263}, "sites": [{"label": "Na", "xyz": [0.0, 0.0, 10.0], "abc": [0.0, -0.0, 0.5], "species": [{"occu": 1, "element": "Na"}], "properties": {"magmom": -0.008}}, {"label": "N", "xyz": [2.335674855, -0.15467648, 10.0], "abc": [0.5, -0.0, 0.5], "species": [{"occu": 1, "element": "N"}], "properties": {"magmom": 1.22}}, {"label": "N", "xyz": [3.350029168760535, 3.283743560064316, 10.0], "abc": [0.93611323, 0.55674573, 0.5], "species": [{"occu": 1, "element": "N"}], "properties": {"magmom": -0.001}}, {"label": "N", "xyz": [-0.5159330587605351, 2.8251528999356843, 10.0], "abc": [0.06388677, 0.44325427, 0.5], "species": [{"occu": 1, "element": "N"}], "properties": {"magmom": -0.001}}], "@class": "Structure", "@module": "pymatgen.core.structure"}