{"lattice": {"a": 2.62146998, "c": 20.0, "b": 2.62146998, "matrix": [[2.62146998, 0.0, 0.0], [0.0, 2.62146998, 0.0], [0.0, 0.0, 20.0]], "volume": 137.44209712082403, "beta": 90.0, "alpha": 90.0, "gamma": 90.0}, "sites": [{"label": "Ga", "xyz": [1.31073499, 1.31073499, 10.0], "abc": [0.5, 0.5, 0.5], "species": [{"occu": 1, "element": "Ga"}], "properties": {"magmom": 0.0}}], "@class": "Structure", "@module": "pymatgen.core.structure"}