{"lattice": {"a": 4.93685511, "c": 22.300729, "b": 4.936856056413143, "matrix": [[4.93685511, 0.0, 0.0], [-2.46842756, 4.27544303, 0.0], [0.0, 0.0, 22.300729]], "volume": 470.7069009547567, "beta": 90.0, "alpha": 90.0, "gamma": 119.99999372550137}, "sites": [{"label": "Li", "xyz": [0.0, 0.0, 11.1503645], "abc": [-0.0, 0.0, 0.5], "species": [{"occu": 1, "element": "Li"}], "properties": {"magmom": -0.0}}, {"label": "Sb", "xyz": [2.46843002176089, 1.425146251518989, 12.61380657721074], "abc": [0.666667, 0.333333, 0.5656230600000001], "species": [{"occu": 1, "element": "Sb"}], "properties": {"magmom": -0.0}}, {"label": "Sb", "xyz": [2.46843002176089, 1.425146251518989, 9.68692242278926], "abc": [0.666667, 0.333333, 0.43437694], "species": [{"occu": 1, "element": "Sb"}], "properties": {"magmom": -0.0}}, {"label": "Sb", "xyz": [-2.471760889945809e-06, 2.85029677848101, 11.1503645], "abc": [0.333333, 0.666667, 0.5], "species": [{"occu": 1, "element": "Sb"}], "properties": {"magmom": 0.0}}], "@class": "Structure", "@module": "pymatgen.core.structure"}