{"lattice": {"a": 3.6014983185803553, "c": 23.66238, "b": 3.6014985386799543, "matrix": [[3.57349758, 0.44822448000000004, 0.0], [-0.28346089, 3.5903261200000003, 0.0], [0.0, 0.0, 23.66238]], "volume": 306.59525153463835, "beta": 90.0, "alpha": 90.0, "gamma": 87.36492800923803}, "sites": [{"label": "Os", "xyz": [-0.141730445, 1.7951630600000001, 11.83119], "abc": [0.0, 0.5, 0.5], "species": [{"occu": 1, "element": "Os"}], "properties": {"magmom": 0.024}}, {"label": "Os", "xyz": [1.7867487899999999, 0.22411224000000002, 11.83119], "abc": [0.5, 0.0, 0.5], "species": [{"occu": 1, "element": "Os"}], "properties": {"magmom": 0.024}}, {"label": "Se", "xyz": [2.4675275174999998, 3.02891295, 9.6492507058584], "abc": [0.75, 0.75, 0.40778868], "species": [{"occu": 1, "element": "Se"}], "properties": {"magmom": 0.105}}, {"label": "Se", "xyz": [0.8225091725, 1.00963765, 14.0131292941416], "abc": [0.25, 0.25, 0.59221132], "species": [{"occu": 1, "element": "Se"}], "properties": {"magmom": 0.105}}], "@class": "Structure", "@module": "pymatgen.core.structure"}