{"lattice": {"a": 3.66297142, "c": 22.999456, "b": 3.66297142, "matrix": [[3.66297142, 0.0, 0.0], [0.0, 3.66297142, 0.0], [0.0, 0.0, 22.999456]], "volume": 308.59197230231143, "beta": 90.0, "alpha": 90.0, "gamma": 90.0}, "sites": [{"label": "Ni", "xyz": [1.83148571, 1.83148571, 11.499728], "abc": [0.5, 0.5, 0.5], "species": [{"occu": 1, "element": "Ni"}], "properties": {"magmom": 0.6910000000000001}}, {"label": "Ni", "xyz": [0.0, 0.0, 11.499728], "abc": [-0.0, 0.0, 0.5], "species": [{"occu": 1, "element": "Ni"}], "properties": {"magmom": 0.6910000000000001}}, {"label": "Se", "xyz": [1.83148571, 0.0, 13.00492141806144], "abc": [0.5, -0.0, 0.56544474], "species": [{"occu": 1, "element": "Se"}], "properties": {"magmom": 0.181}}, {"label": "Se", "xyz": [0.0, 1.83148571, 9.99453458193856], "abc": [-0.0, 0.5, 0.43455526], "species": [{"occu": 1, "element": "Se"}], "properties": {"magmom": 0.181}}], "@class": "Structure", "@module": "pymatgen.core.structure"}