{"lattice": {"a": 4.214219, "c": 20.0, "b": 4.214218134159764, "matrix": [[4.214219, 0.0, 0.0], [-2.107109, 3.64962, 0.0], [0.0, 0.0, 20.0]], "volume": 307.60595893560003, "beta": 90.0, "alpha": 90.0, "gamma": 119.99999894690566}, "sites": [{"label": "W", "xyz": [-1.7737760000433508e-06, 2.4330812165399998, 4.84002], "abc": [0.333333, 0.666667, 0.242001], "species": [{"occu": 1, "element": "W"}], "properties": {"magmom": 1.195}}, {"label": "C", "xyz": [0.72992596674, 0.42142527102000005, 4.84002], "abc": [0.23094099999999998, 0.11547099999999999, 0.242001], "species": [{"occu": 1, "element": "C"}], "properties": {"magmom": 0.034}}, {"label": "C", "xyz": [3.484288934512, 0.42142527102000005, 4.84002], "abc": [0.884529, 0.11547099999999999, 0.242001], "species": [{"occu": 1, "element": "C"}], "properties": {"magmom": 0.034}}, {"label": "C", "xyz": [2.10710777742, 2.8067731075799998, 4.84002], "abc": [0.884529, 0.7690589999999999, 0.242001], "species": [{"occu": 1, "element": "C"}], "properties": {"magmom": 0.034}}], "@class": "Structure", "@module": "pymatgen.core.structure"}