{"lattice": {"a": 4.3938140267215005, "c": 23.713486, "b": 4.393814379380315, "matrix": [[4.38949321, -0.19481032, 0.0], [-1.72299997, 4.04189014, 0.0], [0.0, 0.0, 23.713486]], "volume": 412.7614701388954, "beta": 90.0, "alpha": 90.0, "gamma": 115.62903754803975}, "sites": [{"label": "Hg", "xyz": [2.286584186065836, 1.2627611433419061, 11.855253555944339], "abc": [0.65596542, 0.34403458000000003, 0.49993719000000003], "species": [{"occu": 1, "element": "Hg"}], "properties": {"magmom": -0.0}}, {"label": "I", "xyz": [0.712741581452048, 2.353625294937545, 9.978918759227419], "abc": [0.39848577, 0.60151423, 0.42081197000000004], "species": [{"occu": 1, "element": "I"}], "properties": {"magmom": -0.0}}, {"label": "I", "xyz": [3.8566721306188763, 0.17449942737082702, 13.73608039831424], "abc": [0.91283081, 0.08716919000000001, 0.57925184], "species": [{"occu": 1, "element": "I"}], "properties": {"magmom": -0.0}}], "@class": "Structure", "@module": "pymatgen.core.structure"}