{"lattice": {"a": 3.251087, "c": 23.529845, "b": 3.251086808964811, "matrix": [[3.251087, 0.0, 0.0], [-1.625543, 2.815524, 0.0], [0.0, 0.0, 23.529845]], "volume": 215.38075326246707, "beta": 90.0, "alpha": 90.0, "gamma": 119.99999176880195}, "sites": [{"label": "Be", "xyz": [0.0, 0.0, 0.0], "abc": [0.0, 0.0, 0.0], "species": [{"occu": 1, "element": "Be"}], "properties": {"magmom": 0.0}}, {"label": "Cl", "xyz": [1.62554529221, 0.938507061491999, 1.256987849745], "abc": [0.666667, 0.333333, 0.053420999999999996], "species": [{"occu": 1, "element": "Cl"}], "properties": {"magmom": -0.0}}, {"label": "Cl", "xyz": [-1.2922099999135458e-06, 1.877016938508, 22.272857150255], "abc": [0.333333, 0.666667, 0.946579], "species": [{"occu": 1, "element": "Cl"}], "properties": {"magmom": -0.0}}], "@class": "Structure", "@module": "pymatgen.core.structure"}