{"lattice": {"a": 3.89084094089506, "c": 23.354627771656762, "b": 3.890840666914165, "matrix": [[3.8908366, 0.00577427, -0.00066125], [0.00577426, 3.89083631, -0.00074968], [-0.00397278, -0.0045011700000000005, 23.354627]], "volume": 353.5557485929634, "beta": 90.01950021757513, "alpha": 90.02209679271346, "gamma": 89.82993661424501}, "sites": [{"label": "Te", "xyz": [1.950771267423268, 3.89324483263409, 1.958893042163692], "abc": [0.49997745, 0.99997411, 0.08392227000000001], "species": [{"occu": 1, "element": "Te"}], "properties": {"magmom": 0.0}}, {"label": "Te", "xyz": [-0.000664160385983, 1.9413957558537431, 21.394265500635868], "abc": [2.26e-05, 0.5000259300000001, 0.9160771600000001], "species": [{"occu": 1, "element": "Te"}], "properties": {"magmom": -0.0}}, {"label": "Mo", "xyz": [1.949227283448587, 1.94725675637241, -0.000701449354221], "abc": [0.50023733, 0.49973016000000003, 1.7000000000000001e-07], "species": [{"occu": 1, "element": "Mo"}], "properties": {"magmom": -0.0}}, {"label": "Mo", "xyz": [3.889914549514128, 0.006822645139757001, -0.0006519534453390001], "abc": [0.99976262, 0.0002698, 4e-07], "species": [{"occu": 1, "element": "Mo"}], "properties": {"magmom": 0.0}}], "@class": "Structure", "@module": "pymatgen.core.structure"}