{"lattice": {"a": 3.31264718, "c": 22.665532, "b": 3.312647376605338, "matrix": [[3.31264718, -0.0, -0.0], [-1.65632409, 2.86883655, -0.0], [0.0, 0.0, 22.665532]], "volume": 215.40059839039844, "beta": 90.0, "alpha": 90.0, "gamma": 120.0000080226114}, "sites": [{"label": "Ta", "xyz": [0.0, 0.0, 0.0], "abc": [-0.0, 0.0, 0.0], "species": [{"occu": 1, "element": "Ta"}], "properties": {"magmom": 0.106}}, {"label": "Br", "xyz": [-1.98965709010259e-06, 1.9125586562788501, 20.76369146199924], "abc": [0.333333, 0.666667, 0.91609107], "species": [{"occu": 1, "element": "Br"}], "properties": {"magmom": 0.006}}, {"label": "Br", "xyz": [1.65632507965709, 0.95627789372115, 1.90184053800076], "abc": [0.666667, 0.333333, 0.08390893], "species": [{"occu": 1, "element": "Br"}], "properties": {"magmom": 0.006}}], "@class": "Structure", "@module": "pymatgen.core.structure"}