{"lattice": {"a": 3.75894804, "c": 22.855457, "b": 3.75894804, "matrix": [[3.75894804, 0.0, 0.0], [0.0, 3.75894804, 0.0], [0.0, 0.0, 22.855457]], "volume": 322.9405306158784, "beta": 90.0, "alpha": 90.0, "gamma": 90.0}, "sites": [{"label": "Sn", "xyz": [0.0, 0.0, 11.4277285], "abc": [0.0, 0.0, 0.5], "species": [{"occu": 1, "element": "Sn"}], "properties": {"magmom": -0.0}}, {"label": "S", "xyz": [1.87947402, 0.0, 12.978872827829491], "abc": [0.5, 0.0, 0.56786757], "species": [{"occu": 1, "element": "S"}], "properties": {"magmom": 0.0}}, {"label": "S", "xyz": [0.0, 1.87947402, 9.87658417217051], "abc": [0.0, 0.5, 0.43213243], "species": [{"occu": 1, "element": "S"}], "properties": {"magmom": 0.0}}], "@class": "Structure", "@module": "pymatgen.core.structure"}