{"lattice": {"a": 4.34760621, "c": 23.942319, "b": 4.34760621, "matrix": [[4.34760621, 0.0, -0.0], [0.0, 4.34760621, 0.0], [0.0, 0.0, 23.942319]], "volume": 452.55004638345684, "beta": 90.0, "alpha": 90.0, "gamma": 90.0}, "sites": [{"label": "Ga", "xyz": [0.0, 0.0, 0.0], "abc": [0.0, 0.0, -0.0], "species": [{"occu": 1, "element": "Ga"}], "properties": {"magmom": -0.0}}, {"label": "Ga", "xyz": [2.173803105, 2.173803105, 0.0], "abc": [0.5, 0.5, 0.0], "species": [{"occu": 1, "element": "Ga"}], "properties": {"magmom": 0.0}}, {"label": "Bi", "xyz": [2.173803105, 0.0, 22.04979336675801], "abc": [0.5, -0.0, 0.92095479], "species": [{"occu": 1, "element": "Bi"}], "properties": {"magmom": 0.0}}, {"label": "Bi", "xyz": [0.0, 2.173803105, 1.89252563324199], "abc": [-0.0, 0.5, 0.07904521], "species": [{"occu": 1, "element": "Bi"}], "properties": {"magmom": -0.0}}], "@class": "Structure", "@module": "pymatgen.core.structure"}