{"lattice": {"a": 5.93000781, "c": 20.0, "b": 5.930007685388918, "matrix": [[5.93000781, -0.0, 0.0], [-2.96500341, 5.1355375500000005, 0.0], [0.0, 0.0, 20.0]], "volume": 609.0755556009652, "beta": 90.0, "alpha": 90.0, "gamma": 119.99999517254686}, "sites": [{"label": "Ag", "xyz": [0.0, 0.0, 6.237019999999999], "abc": [0.0, 0.0, 0.311851], "species": [{"occu": 1, "element": "Ag"}], "properties": {"magmom": -0.0}}, {"label": "Hg", "xyz": [1.481351986099141, 2.56843285136059, 6.237019999999999], "abc": [0.49987069, 0.50012931, 0.311851], "species": [{"occu": 1, "element": "Hg"}], "properties": {"magmom": 0.0}}, {"label": "Hg", "xyz": [-1.481345560963315, 2.56843285136059, 6.237019999999999], "abc": [0.00025962, 0.50012931, 0.311851], "species": [{"occu": 1, "element": "Hg"}], "properties": {"magmom": -0.0}}, {"label": "Hg", "xyz": [3.4598753932158465e-06, 5.134204261741268, 6.237019999999999], "abc": [0.49987069, 0.99974038, 0.311851], "species": [{"occu": 1, "element": "Hg"}], "properties": {"magmom": 0.0}}], "@class": "Structure", "@module": "pymatgen.core.structure"}