{"lattice": {"a": 3.774614000129814, "c": 20.76974700062591, "b": 3.7746243516685203, "matrix": [[3.7746139999999997, 2.8e-05, 1.4e-05], [-1.887282, 3.268938, -2.9e-05], [8e-05, -0.00014000000000000001, 20.769747]], "volume": 256.27857251372853, "beta": 89.99956680410729, "alpha": 90.00088500606466, "gamma": 119.99904607944056}, "sites": [{"label": "Pb", "xyz": [1.8873363742879992, 1.089616914538, 5.952692235899], "abc": [0.666665, 0.333331, 0.28660399999999997], "species": [{"occu": 1, "element": "Pb"}], "properties": {"magmom": -0.0}}, {"label": "C", "xyz": [2.8113464e-05, -3.605496799999999e-05, 6.318883978514999], "abc": [2e-06, 2e-06, 0.304235], "species": [{"occu": 1, "element": "C"}], "properties": {"magmom": 0.001}}], "@class": "Structure", "@module": "pymatgen.core.structure"}