{"lattice": {"a": 3.38190054, "c": 26.166721, "b": 3.381899519767925, "matrix": [[3.38190054, 0.0, 0.0], [-1.69094927, 2.9288111800000003, -0.0], [0.0, 0.0, 26.166721]], "volume": 259.18001374524835, "beta": 90.0, "alpha": 90.0, "gamma": 119.9999904164922}, "sites": [{"label": "Hf", "xyz": [-1.024283269867653e-06, 1.952541762937059, 4.011835871958249], "abc": [0.333333, 0.666667, 0.15331825000000002], "species": [{"occu": 1, "element": "Hf"}], "properties": {"magmom": -0.0}}, {"label": "Hf", "xyz": [1.69095229428327, 0.9762694170629391, 1.741467241032749], "abc": [0.666667, 0.333333, 0.06655275000000001], "species": [{"occu": 1, "element": "Hf"}], "properties": {"magmom": -0.0}}, {"label": "Cl", "xyz": [0.0, 0.0, 26.14754288684468], "abc": [-0.0, -0.0, 0.99926708], "species": [{"occu": 1, "element": "Cl"}], "properties": {"magmom": 0.0}}, {"label": "Cl", "xyz": [0.0, 0.0, 5.77248122614632], "abc": [0.0, 0.0, 0.22060392], "species": [{"occu": 1, "element": "Cl"}], "properties": {"magmom": 0.0}}], "@class": "Structure", "@module": "pymatgen.core.structure"}