{"lattice": {"a": 4.14603825, "c": 23.838, "b": 4.14603912141763, "matrix": [[4.14603825, 0.0, 0.0], [-2.07301962, 3.59057517, -0.0], [0.0, 0.0, 23.838]], "volume": 354.8682486206062, "beta": 90.0, "alpha": 90.0, "gamma": 120.0000009461255}, "sites": [{"label": "Sn", "xyz": [0.0, 0.0, 0.0], "abc": [0.0, -0.0, -0.0], "species": [{"occu": 1, "element": "Sn"}], "properties": {"magmom": 0.0}}, {"label": "Br", "xyz": [2.07302103301929, 1.1968571931416099, 1.8659528232], "abc": [0.666667, 0.333333, 0.0782764], "species": [{"occu": 1, "element": "Br"}], "properties": {"magmom": 0.0}}, {"label": "Br", "xyz": [2.07302103301929, 1.1968571931416099, 21.9720471768], "abc": [0.666667, 0.333333, 0.9217236], "species": [{"occu": 1, "element": "Br"}], "properties": {"magmom": 0.0}}], "@class": "Structure", "@module": "pymatgen.core.structure"}