{"lattice": {"a": 4.201657, "c": 24.623155, "b": 4.201656509817646, "matrix": [[4.201657, 0.0, 0.0], [-2.1008269999999998, 3.6387419999999997, 0.0], [0.0, 0.0, 24.623155]], "volume": 376.45715747804707, "beta": 90.0, "alpha": 90.0, "gamma": 119.99998024015268}, "sites": [{"label": "Tl", "xyz": [0.0, 0.0, 0.031591507865], "abc": [0.0, 0.0, 0.0012829999999999999], "species": [{"occu": 1, "element": "Tl"}], "properties": {"magmom": -0.0}}, {"label": "Tl", "xyz": [0.0, 0.0, 2.91986296621], "abc": [0.0, 0.0, 0.11858199999999999], "species": [{"occu": 1, "element": "Tl"}], "properties": {"magmom": -0.0}}, {"label": "Se", "xyz": [2.100831100828, 1.212912787086, 23.341248927545], "abc": [0.666667, 0.333333, 0.947939], "species": [{"occu": 1, "element": "Se"}], "properties": {"magmom": -0.0}}, {"label": "Se", "xyz": [-1.1008280002105659e-06, 2.425829212914, 4.233335923375], "abc": [0.333333, 0.666667, 0.171925], "species": [{"occu": 1, "element": "Se"}], "properties": {"magmom": -0.0}}], "@class": "Structure", "@module": "pymatgen.core.structure"}