{"lattice": {"a": 4.00189282, "c": 23.240094, "b": 4.001892643315534, "matrix": [[4.00189282, -0.0, 0.0], [-2.00094591, 3.46574093, 0.0], [0.0, 0.0, 23.240094]], "volume": 322.329035539915, "beta": 90.0, "alpha": 90.0, "gamma": 119.9999931944557}, "sites": [{"label": "Fe", "xyz": [0.0, 0.0, 11.620047], "abc": [0.0, -0.0, 0.5], "species": [{"occu": 1, "element": "Fe"}], "properties": {"magmom": 3.3529999999999998}}, {"label": "I", "xyz": [-1.667612910051881e-06, 2.31049510858031, 9.999998406934258], "abc": [0.333333, 0.666667, 0.43029079000000003], "species": [{"occu": 1, "element": "I"}], "properties": {"magmom": 0.177}}, {"label": "I", "xyz": [2.00094857761291, 1.15524582141969, 13.240095593065739], "abc": [0.666667, 0.333333, 0.56970921], "species": [{"occu": 1, "element": "I"}], "properties": {"magmom": 0.177}}], "@class": "Structure", "@module": "pymatgen.core.structure"}