{"lattice": {"a": 3.182439402138514, "c": 22.849215, "b": 3.820139864370881, "matrix": [[3.1824254, 0.00944043, 0.0], [-0.03781068, 3.81995274, 0.0], [0.0, 0.0, 22.849215]], "volume": 277.7795422024931, "beta": 90.0, "alpha": 90.0, "gamma": 90.39714371999541}, "sites": [{"label": "Te", "xyz": [0.19611781715988, 0.224646720871039, 12.95053725716685], "abc": [0.06232215, 0.05865475, 0.56678259], "species": [{"occu": 1, "element": "Te"}], "properties": {"magmom": -0.0}}, {"label": "Te", "xyz": [1.7637392000834802, 3.12581723561368, 9.89867774283315], "abc": [0.56391785, 0.81689325, 0.43321741], "species": [{"occu": 1, "element": "Te"}], "properties": {"magmom": -0.0}}, {"label": "N", "xyz": [1.743007767031464, 2.795189668057547, 12.476567079228], "abc": [0.55637538, 0.7303590999999999, 0.5460392], "species": [{"occu": 1, "element": "N"}], "properties": {"magmom": -0.0}}, {"label": "N", "xyz": [0.21684925021189602, 0.5552742884271721, 10.372647920772], "abc": [0.06986462, 0.14518889999999998, 0.4539608], "species": [{"occu": 1, "element": "N"}], "properties": {"magmom": -0.0}}], "@class": "Structure", "@module": "pymatgen.core.structure"}