{"lattice": {"a": 3.415211, "c": 23.590867, "b": 3.415210829731746, "matrix": [[3.415211, 0.0, 0.0], [-1.707606, 2.957659, 0.0], [0.0, 0.0, 23.590867]], "volume": 238.29204470186667, "beta": 90.0, "alpha": 90.0, "gamma": 120.00001133521951}, "sites": [{"label": "S", "xyz": [-2.0409389998415356e-06, 1.9717736525529999, 11.75438539142], "abc": [0.333333, 0.666667, 0.49826000000000004], "species": [{"occu": 1, "element": "S"}], "properties": {"magmom": 0.0}}, {"label": "O", "xyz": [-2.0409389998415356e-06, 1.9717736525529999, 13.192248735069999], "abc": [0.333333, 0.666667, 0.5592100000000001], "species": [{"occu": 1, "element": "O"}], "properties": {"magmom": 0.0}}, {"label": "O", "xyz": [-2.0409389998415356e-06, 1.9717736525529999, 10.316498456903], "abc": [0.333333, 0.666667, 0.437309], "species": [{"occu": 1, "element": "O"}], "properties": {"magmom": 0.0}}, {"label": "O", "xyz": [0.0, 0.0, 11.75438539142], "abc": [0.0, 0.0, 0.49826000000000004], "species": [{"occu": 1, "element": "O"}], "properties": {"magmom": 0.0}}], "@class": "Structure", "@module": "pymatgen.core.structure"}