{"lattice": {"a": 3.2677452, "c": 21.250951, "b": 3.267745203208918, "matrix": [[3.2677452, 0.0, 0.0], [-1.6338726000000001, 2.8299503599999998, 0.0], [0.0, 0.0, 21.250951]], "volume": 196.51937441040235, "beta": 90.0, "alpha": 90.0, "gamma": 119.99999996751579}, "sites": [{"label": "B", "xyz": [0.0, 0.0, 1.81757131302194], "abc": [0.0, 0.0, 0.08552894], "species": [{"occu": 1, "element": "B"}], "properties": {"magmom": 0.41600000000000004}}, {"label": "Se", "xyz": [1.6338742338726, 0.9433158433498801, 2.64319456043706], "abc": [0.666667, 0.333333, 0.12438006], "species": [{"occu": 1, "element": "Se"}], "properties": {"magmom": 0.074}}], "@class": "Structure", "@module": "pymatgen.core.structure"}