{"lattice": {"a": 3.5851717, "c": 19.861582, "b": 6.2011204, "matrix": [[3.5851717, 0.0, 0.0], [0.0, 6.2011204, 0.0], [0.0, 0.0, 19.861582]], "volume": 441.56430708888297, "beta": 90.0, "alpha": 90.0, "gamma": 90.0}, "sites": [{"label": "F", "xyz": [3.170152116452849, 5.615395929043752, 9.930791], "abc": [0.88423997, 0.9055453800000001, 0.5], "species": [{"occu": 1, "element": "F"}], "properties": {"magmom": -0.0}}, {"label": "F", "xyz": [2.207605433547151, 2.514835729043752, 9.930791], "abc": [0.61576003, 0.40554538, 0.5], "species": [{"occu": 1, "element": "F"}], "properties": {"magmom": -0.0}}, {"label": "F", "xyz": [1.377566266452849, 3.686284670956248, 9.930791], "abc": [0.38423997, 0.59445462, 0.5], "species": [{"occu": 1, "element": "F"}], "properties": {"magmom": -0.0}}, {"label": "F", "xyz": [0.415019583547151, 0.585724470956248, 9.930791], "abc": [0.11576003, 0.09445462, 0.5], "species": [{"occu": 1, "element": "F"}], "properties": {"magmom": -0.0}}], "@class": "Structure", "@module": "pymatgen.core.structure"}