{"lattice": {"a": 3.14531683, "c": 23.775734, "b": 3.14531683, "matrix": [[3.14531683, 0.0, -0.0], [0.0, 3.14531683, 0.0], [0.0, 0.0, 23.775734]], "volume": 235.21376349989012, "beta": 90.0, "alpha": 90.0, "gamma": 90.0}, "sites": [{"label": "Nd", "xyz": [0.0, 0.0, 0.0], "abc": [-0.0, -0.0, -0.0], "species": [{"occu": 1, "element": "Nd"}], "properties": {"magmom": -0.0}}, {"label": "F", "xyz": [1.572658415, 1.572658415, 22.51904451696802], "abc": [0.5, 0.5, 0.94714403], "species": [{"occu": 1, "element": "F"}], "properties": {"magmom": 0.0}}, {"label": "F", "xyz": [1.572658415, 1.572658415, 1.25668948303198], "abc": [0.5, 0.5, 0.05285597], "species": [{"occu": 1, "element": "F"}], "properties": {"magmom": 0.0}}], "@class": "Structure", "@module": "pymatgen.core.structure"}