{"lattice": {"a": 2.93201813, "c": 22.803662, "b": 2.93201813, "matrix": [[2.93201813, 0.0, 0.0], [0.0, 2.93201813, 0.0], [0.0, 0.0, 22.803662]], "volume": 196.0369324004025, "beta": 90.0, "alpha": 90.0, "gamma": 90.0}, "sites": [{"label": "Si", "xyz": [1.4660090650000002, 1.4660090650000002, 1.50726664530134], "abc": [0.5, 0.5, 0.06609757000000001], "species": [{"occu": 1, "element": "Si"}], "properties": {"magmom": 0.0}}, {"label": "Si", "xyz": [1.4660090650000002, 1.4660090650000002, 21.296395354698657], "abc": [0.5, 0.5, 0.9339024300000001], "species": [{"occu": 1, "element": "Si"}], "properties": {"magmom": 0.0}}, {"label": "Os", "xyz": [0.0, 0.0, 0.0], "abc": [-0.0, 0.0, 0.0], "species": [{"occu": 1, "element": "Os"}], "properties": {"magmom": 0.0}}], "@class": "Structure", "@module": "pymatgen.core.structure"}