{"lattice": {"a": 2.8485453400000003, "c": 23.440981, "b": 2.8485456705863412, "matrix": [[2.8485453400000003, 0.0, 0.0], [-1.4242726700000001, 2.46691301, -0.0], [-0.0, 0.0, 23.440981]], "volume": 164.72243541716244, "beta": 90.0, "alpha": 90.0, "gamma": 119.99999616095047}, "sites": [{"label": "Ti", "xyz": [-1.424272669993522e-06, 1.64460949563767, 20.717326535648002], "abc": [0.333333, 0.666667, 0.8838079999999999], "species": [{"occu": 1, "element": "Ti"}], "properties": {"magmom": 0.0}}, {"label": "F", "xyz": [1.42427409427267, 0.82230351436233, 19.43361285650735], "abc": [0.666667, 0.333333, 0.82904435], "species": [{"occu": 1, "element": "F"}], "properties": {"magmom": 0.0}}, {"label": "F", "xyz": [1.42427409427267, 0.82230351436233, 22.00101677380765], "abc": [0.666667, 0.333333, 0.9385706500000001], "species": [{"occu": 1, "element": "F"}], "properties": {"magmom": 0.0}}], "@class": "Structure", "@module": "pymatgen.core.structure"}