{"lattice": {"a": 3.294542, "c": 24.827437, "b": 3.294541942985398, "matrix": [[3.294542, 0.0, 0.0], [-1.647271, 2.853157, 0.0], [0.0, 0.0, 24.827437]], "volume": 233.3740736764104, "beta": 90.0, "alpha": 90.0, "gamma": 120.00000057247046}, "sites": [{"label": "V", "xyz": [0.0, 0.0, 4.446072590522999], "abc": [0.0, 0.0, 0.179079], "species": [{"occu": 1, "element": "V"}], "properties": {"magmom": 2.677}}, {"label": "Te", "xyz": [0.0, 0.0, 1.77714794046], "abc": [0.0, 0.0, 0.07158], "species": [{"occu": 1, "element": "Te"}], "properties": {"magmom": -0.028}}, {"label": "Te", "xyz": [0.0, 0.0, 7.115022068022999], "abc": [0.0, 0.0, 0.286579], "species": [{"occu": 1, "element": "Te"}], "properties": {"magmom": -0.028}}], "@class": "Structure", "@module": "pymatgen.core.structure"}