{"lattice": {"a": 3.4392628, "c": 24.7265572, "b": 3.439262308104137, "matrix": [[3.4392628, -0.0, 0.0], [-1.71963091, 2.97848867, -0.0], [0.0, -0.0, 24.7265572]], "volume": 253.29403727458657, "beta": 90.0, "alpha": 90.0, "gamma": 119.99999530528552}, "sites": [{"label": "Ba", "xyz": [0.0, 0.0, 12.3632786], "abc": [-0.0, 0.0, 0.5], "species": [{"occu": 1, "element": "Ba"}], "properties": {"magmom": 0.0}}, {"label": "Sn", "xyz": [1.71963328296457, 0.992828563837109, 9.205474953810771], "abc": [0.666667, 0.333333, 0.37229101000000003], "species": [{"occu": 1, "element": "Sn"}], "properties": {"magmom": 0.0}}, {"label": "Sn", "xyz": [-1.3929645700397138e-06, 1.98566010616289, 15.521082246189227], "abc": [0.333333, 0.666667, 0.62770899], "species": [{"occu": 1, "element": "Sn"}], "properties": {"magmom": 0.0}}], "@class": "Structure", "@module": "pymatgen.core.structure"}