{"lattice": {"a": 4.05599846, "c": 19.861582, "b": 8.09905766, "matrix": [[4.05599846, -0.0, 0.0], [0.0, 8.09905766, 0.0], [0.0, 0.0, 19.861582]], "volume": 652.4483091015835, "beta": 90.0, "alpha": 90.0, "gamma": 90.0}, "sites": [{"label": "Cl", "xyz": [3.532735396594907, 7.228312420782693, 9.930791], "abc": [0.87099032, 0.89248808, 0.5], "species": [{"occu": 1, "element": "Cl"}], "properties": {"magmom": -0.0}}, {"label": "Cl", "xyz": [2.551262293405092, 3.1787835907826922, 9.930791], "abc": [0.62900968, 0.39248808, 0.5], "species": [{"occu": 1, "element": "Cl"}], "properties": {"magmom": -0.0}}, {"label": "Cl", "xyz": [1.504736166594907, 4.920274069217307, 9.930791], "abc": [0.37099032, 0.60751192, 0.5], "species": [{"occu": 1, "element": "Cl"}], "properties": {"magmom": -0.0}}, {"label": "Cl", "xyz": [0.523263063405092, 0.8707452392173071, 9.930791], "abc": [0.12900968000000002, 0.10751192, 0.5], "species": [{"occu": 1, "element": "Cl"}], "properties": {"magmom": -0.0}}], "@class": "Structure", "@module": "pymatgen.core.structure"}