{"lattice": {"a": 3.671064, "c": 23.102578558714804, "b": 4.26959013248122, "matrix": [[3.671064, 0.0, 0.0], [-1.835532, 3.730194, -0.972561], [0.0, -0.023110000000000002, 23.102567]], "volume": 316.27898046256934, "beta": 90.0, "alpha": 103.2182955469108, "gamma": 115.46173727080624}, "sites": [{"label": "W", "xyz": [0.0, 0.0, 0.0], "abc": [0.0, 0.0, 0.0], "species": [{"occu": 1, "element": "W"}], "properties": {"magmom": 2.924}}, {"label": "Cl", "xyz": [1.8355283289359998, 1.08033698966, 1.248611812321999], "abc": [0.645014, 0.29003, 0.066256], "species": [{"occu": 1, "element": "Cl"}], "properties": {"magmom": 0.052000000000000005}}, {"label": "Cl", "xyz": [3.671064000115065e-06, 2.62674701034, 20.881394187678], "abc": [0.35498599999999997, 0.7099700000000001, 0.9337439999999999], "species": [{"occu": 1, "element": "Cl"}], "properties": {"magmom": 0.052000000000000005}}], "@class": "Structure", "@module": "pymatgen.core.structure"}