{"lattice": {"a": 3.86920442, "c": 22.656191, "b": 3.86920442, "matrix": [[3.86920442, 0.0, 0.0], [0.0, 3.86920442, 0.0], [0.0, 0.0, 22.656191]], "volume": 339.1800092798273, "beta": 90.0, "alpha": 90.0, "gamma": 90.0}, "sites": [{"label": "Mg", "xyz": [1.93460221, 1.93460221, 11.3280955], "abc": [0.5, 0.5, 0.5], "species": [{"occu": 1, "element": "Mg"}], "properties": {"magmom": 0.0}}, {"label": "Cl", "xyz": [1.93460221, 0.0, 9.973209965817999], "abc": [0.5, 0.0, 0.440198], "species": [{"occu": 1, "element": "Cl"}], "properties": {"magmom": -0.0}}, {"label": "Cl", "xyz": [0.0, 1.93460221, 12.682981034182001], "abc": [-0.0, 0.5, 0.559802], "species": [{"occu": 1, "element": "Cl"}], "properties": {"magmom": -0.0}}], "@class": "Structure", "@module": "pymatgen.core.structure"}