{"lattice": {"a": 4.76877638, "c": 22.353476, "b": 4.78346136, "matrix": [[4.76877638, 0.0, 0.0], [0.0, 4.78346136, 0.0], [0.0, 0.0, 22.353476]], "volume": 509.9108981337463, "beta": 90.0, "alpha": 90.0, "gamma": 90.0}, "sites": [{"label": "Ba", "xyz": [0.0, 2.39173068, 9.999916008364961], "abc": [0.0, 0.5, 0.44735396], "species": [{"occu": 1, "element": "Ba"}], "properties": {"magmom": 0.007}}, {"label": "Ba", "xyz": [0.0, 0.0, 13.08504888128576], "abc": [0.0, 0.0, 0.58536976], "species": [{"occu": 1, "element": "Ba"}], "properties": {"magmom": 0.064}}, {"label": "Ba", "xyz": [2.38438819, 0.0, 10.04672485771324], "abc": [0.5, 0.0, 0.44944799], "species": [{"occu": 1, "element": "Ba"}], "properties": {"magmom": 0.011}}, {"label": "C", "xyz": [2.38438819, 2.39173068, 11.575262476170801], "abc": [0.5, 0.5, 0.5178283], "species": [{"occu": 1, "element": "C"}], "properties": {"magmom": 0.024}}], "@class": "Structure", "@module": "pymatgen.core.structure"}