{"lattice": {"a": 3.810585, "c": 23.354627, "b": 3.810585, "matrix": [[3.810585, 0.0, 0.0], [0.0, 3.810585, 0.0], [0.0, 0.0, 23.354627]], "volume": 339.12221690801516, "beta": 90.0, "alpha": 90.0, "gamma": 90.0}, "sites": [{"label": "Mo", "xyz": [1.9052924999999998, 1.9052924999999998, 0.0], "abc": [0.5, 0.5, 0.0], "species": [{"occu": 1, "element": "Mo"}], "properties": {"magmom": 0.08}}, {"label": "Mo", "xyz": [0.0, 0.0, 0.0], "abc": [0.0, 0.0, 0.0], "species": [{"occu": 1, "element": "Mo"}], "properties": {"magmom": 0.08}}, {"label": "Se", "xyz": [1.9052924999999998, 0.0, 1.762550345063], "abc": [0.5, 0.0, 0.075469], "species": [{"occu": 1, "element": "Se"}], "properties": {"magmom": -0.002}}, {"label": "Se", "xyz": [0.0, 1.9052924999999998, 21.592076654937], "abc": [0.0, 0.5, 0.924531], "species": [{"occu": 1, "element": "Se"}], "properties": {"magmom": -0.002}}], "@class": "Structure", "@module": "pymatgen.core.structure"}