{"lattice": {"a": 3.146607, "c": 22.803662, "b": 3.146607, "matrix": [[3.146607, 0.0, 0.0], [0.0, 3.146607, 0.0], [0.0, 0.0, 22.803662]], "volume": 225.78214992244997, "beta": 90.0, "alpha": 90.0, "gamma": 90.0}, "sites": [{"label": "Sn", "xyz": [1.5733035, 1.5733035, 1.728015899036], "abc": [0.5, 0.5, 0.075778], "species": [{"occu": 1, "element": "Sn"}], "properties": {"magmom": -0.0}}, {"label": "Sn", "xyz": [1.5733035, 1.5733035, 21.075646100964], "abc": [0.5, 0.5, 0.924222], "species": [{"occu": 1, "element": "Sn"}], "properties": {"magmom": -0.0}}, {"label": "Ru", "xyz": [0.0, 0.0, 0.0], "abc": [0.0, 0.0, 0.0], "species": [{"occu": 1, "element": "Ru"}], "properties": {"magmom": -0.0}}], "@class": "Structure", "@module": "pymatgen.core.structure"}