{"lattice": {"a": 3.758443816580967, "c": 25.90034945322723, "b": 3.5999126500000003, "matrix": [[3.7515566, 0.0, -0.22742691], [0.0, 3.5999126500000003, 0.0], [-0.80477628, 0.0, 25.88784342]], "volume": 348.9635879948992, "beta": 95.24972230430201, "alpha": 90.0, "gamma": 90.0}, "sites": [{"label": "K", "xyz": [0.37394699164844103, 0.8999781625000001, 3.1489961864020852], "abc": [0.12600925, 0.25, 0.12274696], "species": [{"occu": 1, "element": "K"}], "properties": {"magmom": 0.0}}, {"label": "K", "xyz": [3.054267399349438, 2.6999344874999993, 7.024768745042094], "abc": [0.87399075, 0.75, 0.27903204], "species": [{"occu": 1, "element": "K"}], "properties": {"magmom": 0.0}}, {"label": "Mg", "xyz": [2.109763615348325, 0.8999781625000001, -0.083753121580994], "abc": [0.56273669, 0.25, 0.00170846], "species": [{"occu": 1, "element": "Mg"}], "properties": {"magmom": -0.0}}, {"label": "Mg", "xyz": [1.318449970873274, 2.6999344874999993, 10.257543940868594], "abc": [0.43726331, 0.75, 0.40007154], "species": [{"occu": 1, "element": "Mg"}], "properties": {"magmom": -0.0}}], "@class": "Structure", "@module": "pymatgen.core.structure"}