{"lattice": {"a": 3.60049663, "c": 21.250951, "b": 3.600496643047963, "matrix": [[3.60049663, 0.0, -0.0], [-1.8002483200000001, 3.11812156, 0.0], [0.0, 0.0, 21.250951]], "volume": 238.57988275874123, "beta": 90.0, "alpha": 90.0, "gamma": 119.99999997199669}, "sites": [{"label": "Al", "xyz": [0.0, 0.0, 1.69765219652894], "abc": [0.0, -0.0, 0.07988594], "species": [{"occu": 1, "element": "Al"}], "properties": {"magmom": 0.171}}, {"label": "S", "xyz": [1.80025011358165, 1.03937281395948, 2.76311367693006], "abc": [0.666667, 0.333333, 0.13002306], "species": [{"occu": 1, "element": "S"}], "properties": {"magmom": 0.156}}], "@class": "Structure", "@module": "pymatgen.core.structure"}