{"lattice": {"a": 3.766785004498796, "c": 22.999467000027693, "b": 3.76669300449426, "matrix": [[3.766785, 0.000184, -6e-06], [0.000184, 3.766693, 1e-06], [-3.5000000000000004e-05, 7e-06, 22.999467]], "volume": 326.3238587606328, "beta": 90.00017845514444, "alpha": 89.99996735484666, "gamma": 89.99440236056815}, "sites": [{"label": "Ni", "xyz": [1.8834844998159999, 1.8834347333069998, -2.500001e-06], "abc": [0.5, 0.49999899999999997, 0.0], "species": [{"occu": 1, "element": "Ni"}], "properties": {"magmom": -0.001}}, {"label": "Ni", "xyz": [-3.4999964999999994e-05, 6.999993e-06, 22.999444000533], "abc": [0.0, 0.0, 0.999999], "species": [{"occu": 1, "element": "Ni"}], "properties": {"magmom": -0.001}}, {"label": "S", "xyz": [1.883390722875, 9.2355425e-05, 1.167794936925], "abc": [0.5, 0.0, 0.050775], "species": [{"occu": 1, "element": "S"}], "properties": {"magmom": -0.0}}, {"label": "S", "xyz": [5.877709000000001e-05, 1.883353144582, 21.831692562542], "abc": [0.0, 0.5, 0.9492259999999999], "species": [{"occu": 1, "element": "S"}], "properties": {"magmom": -0.0}}], "@class": "Structure", "@module": "pymatgen.core.structure"}