{"lattice": {"a": 3.41423445, "c": 22.87399598, "b": 3.4142343797976062, "matrix": [[3.41423445, 0.0, -0.0], [-1.70711722, 2.95681369, 0.0], [0.0, 0.0, 22.87399598]], "volume": 230.9188260070642, "beta": 90.0, "alpha": 90.0, "gamma": 120.00000058328719}, "sites": [{"label": "Ti", "xyz": [0.0, 0.0, 11.43699799], "abc": [0.0, -0.0, 0.5], "species": [{"occu": 1, "element": "Ti"}], "properties": {"magmom": -0.0}}, {"label": "S", "xyz": [-1.7037838900532368e-06, 1.9712101122712302, 10.01831799084651], "abc": [0.333333, 0.666667, 0.43797848], "species": [{"occu": 1, "element": "S"}], "properties": {"magmom": -0.0}}, {"label": "S", "xyz": [1.7071189337838901, 0.98560357772877, 12.855677989153492], "abc": [0.666667, 0.333333, 0.56202152], "species": [{"occu": 1, "element": "S"}], "properties": {"magmom": -0.0}}], "@class": "Structure", "@module": "pymatgen.core.structure"}