{"lattice": {"a": 3.5944085415735643, "c": 26.16290806289318, "b": 3.479001, "matrix": [[3.578344, 0.0, -0.339451], [0.0, 3.479001, 0.0], [-1.740651, 0.0, 26.10494]], "volume": 322.92640337661425, "beta": 99.23378783627257, "alpha": 90.0, "gamma": 90.0}, "sites": [{"label": "Na", "xyz": [0.46483530332799905, 0.8697502500000001, 3.727138918987], "abc": [0.200623, 0.25, 0.14538399999999999], "species": [{"occu": 1, "element": "Na"}], "properties": {"magmom": 0.0}}, {"label": "Na", "xyz": [2.414151678543, 2.6092507499999993, 6.421826769272999], "abc": [0.799377, 0.75, 0.256395], "species": [{"occu": 1, "element": "Na"}], "properties": {"magmom": 0.0}}, {"label": "Ca", "xyz": [1.904193760777, 0.8697502500000001, 0.37481254566], "abc": [0.54256, 0.25, 0.021412999999999998], "species": [{"occu": 1, "element": "Ca"}], "properties": {"magmom": -0.0}}, {"label": "Ca", "xyz": [0.9747914804429991, 2.6092507499999993, 9.77417924754], "abc": [0.45744, 0.75, 0.38036699999999996], "species": [{"occu": 1, "element": "Ca"}], "properties": {"magmom": -0.0}}], "@class": "Structure", "@module": "pymatgen.core.structure"}