{"lattice": {"a": 2.862380303276533, "c": 22.780419, "b": 2.862380667541966, "matrix": [[2.86238029, 0.00027569, 0.0], [-1.42998386, 2.4795905400000002, 0.0], [0.0, 0.0, 22.780419]], "volume": 161.69371284802872, "beta": 90.0, "alpha": 90.0, "gamma": 119.9665997152043}, "sites": [{"label": "Tl", "xyz": [1.4315444802948911, 0.8267415598432301, 11.3902095], "abc": [0.66665554, 0.33334446, 0.5], "species": [{"occu": 1, "element": "Tl"}], "properties": {"magmom": 0.0}}, {"label": "Pt", "xyz": [0.0007694075425040001, 1.653172347381334, 8.773979750714549], "abc": [0.33332523000000003, 0.66667477, 0.38515445], "species": [{"occu": 1, "element": "Pt"}], "properties": {"magmom": 0.0}}, {"label": "Pt", "xyz": [0.0007694075425040001, 1.653172347381334, 14.006439249285448], "abc": [0.33332523000000003, 0.66667477, 0.61484555], "species": [{"occu": 1, "element": "Pt"}], "properties": {"magmom": 0.0}}], "@class": "Structure", "@module": "pymatgen.core.structure"}