{"lattice": {"a": 3.35137939, "c": 22.61712, "b": 3.35137939, "matrix": [[3.35137939, 0.0, 0.0], [0.0, 3.35137939, -0.0], [0.0, -0.0, 22.61712]], "volume": 254.0296976893241, "beta": 90.0, "alpha": 90.0, "gamma": 90.0}, "sites": [{"label": "Zr", "xyz": [1.675689695, 1.675689695, 0.0], "abc": [0.5, 0.5, 0.0], "species": [{"occu": 1, "element": "Zr"}], "properties": {"magmom": 0.0}}, {"label": "Se", "xyz": [0.0, 0.0, 21.011510748134402], "abc": [-0.0, 0.0, 0.92900912], "species": [{"occu": 1, "element": "Se"}], "properties": {"magmom": -0.0}}, {"label": "Se", "xyz": [0.0, 0.0, 1.6056092518656], "abc": [0.0, -0.0, 0.07099088], "species": [{"occu": 1, "element": "Se"}], "properties": {"magmom": -0.0}}], "@class": "Structure", "@module": "pymatgen.core.structure"}