{"lattice": {"a": 3.11480684, "c": 24.915313, "b": 3.446648512287393, "matrix": [[3.11480684, -3.0000000000000004e-08, 0.0], [-1.5574029999999999, 3.07471655, 0.0], [0.0, 0.0, 24.915313]], "volume": 238.61764241631764, "beta": 90.0, "alpha": 90.0, "gamma": 116.86309044946816}, "sites": [{"label": "Dy", "xyz": [0.0, 0.0, 12.4576565], "abc": [0.0, 0.0, 0.5], "species": [{"occu": 1, "element": "Dy"}], "properties": {"magmom": -0.001}}, {"label": "P", "xyz": [-0.7787014999999999, 1.5373582749999999, 10.3144138688957], "abc": [0.0, 0.5, 0.4139789], "species": [{"occu": 1, "element": "P"}], "properties": {"magmom": -0.0}}, {"label": "P", "xyz": [0.778701919999999, 1.53735826, 14.600899131104299], "abc": [0.5, 0.5, 0.5860211], "species": [{"occu": 1, "element": "P"}], "properties": {"magmom": -0.0}}], "@class": "Structure", "@module": "pymatgen.core.structure"}