{"lattice": {"a": 3.79298233, "c": 23.842566, "b": 3.792981298372456, "matrix": [[3.79298233, 1e-08, -0.0], [-1.89649065, 3.28481816, 0.0], [0.0, 0.0, 23.842566]], "volume": 297.06066346357693, "beta": 90.0, "alpha": 90.0, "gamma": 119.99999986313696}, "sites": [{"label": "Tm", "xyz": [0.0, 0.0, 0.0], "abc": [0.0, 0.0, 0.0], "species": [{"occu": 1, "element": "Tm"}], "properties": {"magmom": -0.005}}, {"label": "Br", "xyz": [1.896493233157659, 1.09493829839395, 1.7787722521734], "abc": [0.666667, 0.333333, 0.0746049], "species": [{"occu": 1, "element": "Br"}], "properties": {"magmom": -0.0}}, {"label": "Br", "xyz": [-1.55315766010557e-06, 2.18987987160605, 22.0637937478266], "abc": [0.333333, 0.666667, 0.9253950999999999], "species": [{"occu": 1, "element": "Br"}], "properties": {"magmom": -0.0}}], "@class": "Structure", "@module": "pymatgen.core.structure"}