{"lattice": {"a": 3.86105157, "c": 22.865228, "b": 3.861051441976728, "matrix": [[3.86105157, 0.0, 0.0], [1.93052578, 3.3437685999999998, 0.0], [0.0, 0.0, 22.865228]], "volume": 295.20068014336795, "beta": 90.0, "alpha": 90.0, "gamma": 59.99999898883025}, "sites": [{"label": "Cd", "xyz": [0.0, 0.0, 11.432614], "abc": [-0.0, -0.0, 0.5], "species": [{"occu": 1, "element": "Cd"}], "properties": {"magmom": -0.0}}, {"label": "Cl", "xyz": [3.86105349719245, 2.2291801812562, 9.973551561348518], "abc": [0.666667, 0.666667, 0.43618859], "species": [{"occu": 1, "element": "Cl"}], "properties": {"magmom": 0.0}}, {"label": "Cl", "xyz": [1.93052385280755, 1.1145884187438, 12.89167643865148], "abc": [0.333333, 0.333333, 0.56381141], "species": [{"occu": 1, "element": "Cl"}], "properties": {"magmom": 0.0}}], "@class": "Structure", "@module": "pymatgen.core.structure"}