{"lattice": {"a": 3.614120069479015, "c": 23.433836139130058, "b": 5.265412692440736, "matrix": [[3.5464789999999997, -3.1e-05, 0.6959529999999999], [1.5889199999999999, 4.854196, 1.27933], [-0.002617, -0.006822, 23.433835]], "volume": 403.4540012476686, "beta": 78.90388675289526, "alpha": 75.95602611038203, "gamma": 69.946521283102}, "sites": [{"label": "Al", "xyz": [4.350920403746, 3.708401259386, 6.453533657172], "abc": [0.884574, 0.764255, 0.2074], "species": [{"occu": 1, "element": "Al"}], "properties": {"magmom": 0.0}}, {"label": "Al", "xyz": [0.7833238999609999, 1.142753676376, 5.861436926043], "abc": [0.115426, 0.23574499999999998, 0.23382899999999998], "species": [{"occu": 1, "element": "Al"}], "properties": {"magmom": 0.0}}, {"label": "S", "xyz": [2.369009447676, 0.055258035270000005, 7.166286140354], "abc": [0.662918, 0.011788999999999999, 0.285478], "species": [{"occu": 1, "element": "S"}], "properties": {"magmom": 0.0}}, {"label": "S", "xyz": [2.7652332671110003, 4.795892046296, 5.148683163530999], "abc": [0.337082, 0.98821, 0.155751], "species": [{"occu": 1, "element": "S"}], "properties": {"magmom": 0.0}}], "@class": "Structure", "@module": "pymatgen.core.structure"}