{"lattice": {"a": 3.82399983, "c": 24.623946, "b": 3.823999414538066, "matrix": [[3.82399983, -0.0, 0.0], [-1.91199991, 3.31168052, 0.0], [-0.0, 0.0, 24.623946]], "volume": 311.83434626830166, "beta": 90.0, "alpha": 90.0, "gamma": 120.00000350747257}, "sites": [{"label": "N", "xyz": [0.0, 0.0, 7.028043547589999], "abc": [-0.0, 0.0, 0.285415], "species": [{"occu": 1, "element": "N"}], "properties": {"magmom": -0.037}}, {"label": "Cl", "xyz": [1.912001828666579, 1.10389240277316, 7.028043547589999], "abc": [0.666667, 0.333333, 0.285415], "species": [{"occu": 1, "element": "Cl"}], "properties": {"magmom": 0.017}}, {"label": "Cl", "xyz": [0.0, 0.0, 9.200018649916261], "abc": [0.0, -0.0, 0.37362081], "species": [{"occu": 1, "element": "Cl"}], "properties": {"magmom": 0.14}}, {"label": "Cl", "xyz": [0.0, 0.0, 4.85606844526374], "abc": [0.0, -0.0, 0.19720919], "species": [{"occu": 1, "element": "Cl"}], "properties": {"magmom": 0.14}}], "@class": "Structure", "@module": "pymatgen.core.structure"}