{"lattice": {"a": 3.19930118000004, "c": 20.0, "b": 3.199298445585864, "matrix": [[3.19930118, 5.1e-07, 0.0], [-1.5996487, 2.77067403, 0.0], [0.0, 0.0, 20.0]], "volume": 177.28443018790384, "beta": 90.0, "alpha": 90.0, "gamma": 119.9999800554641}, "sites": [{"label": "In", "xyz": [0.0, 0.0, 10.0], "abc": [-0.0, -0.0, 0.5], "species": [{"occu": 1, "element": "In"}], "properties": {"magmom": 0.0}}], "@class": "Structure", "@module": "pymatgen.core.structure"}