{"lattice": {"a": 3.46867408, "c": 28.588249, "b": 3.468673984106205, "matrix": [[3.46867408, 0.0, 0.0], [-1.73433704, 3.00395976, 0.0], [0.0, 0.0, 28.588249]], "volume": 297.88261783792495, "beta": 90.0, "alpha": 90.0, "gamma": 120.00000091451122}, "sites": [{"label": "Y", "xyz": [1.73433877433704, 1.00131891868008, 15.76204989552284], "abc": [0.666667, 0.333333, 0.5513471600000001], "species": [{"occu": 1, "element": "Y"}], "properties": {"magmom": 0.117}}, {"label": "Y", "xyz": [-1.734337040004952e-06, 2.00264084131992, 12.82619910447716], "abc": [0.333333, 0.666667, 0.44865284], "species": [{"occu": 1, "element": "Y"}], "properties": {"magmom": 0.117}}, {"label": "Mg", "xyz": [-1.734337040004952e-06, 2.00264084131992, 18.45323587632925], "abc": [0.333333, 0.666667, 0.6454832500000001], "species": [{"occu": 1, "element": "Mg"}], "properties": {"magmom": 0.013000000000000001}}, {"label": "Mg", "xyz": [1.73433877433704, 1.00131891868008, 10.13501312367075], "abc": [0.666667, 0.333333, 0.35451675], "species": [{"occu": 1, "element": "Mg"}], "properties": {"magmom": 0.013000000000000001}}], "@class": "Structure", "@module": "pymatgen.core.structure"}