{"lattice": {"a": 4.2366329, "c": 23.421783949152193, "b": 4.227466162228361, "matrix": [[4.2366329, 0.0, 0.0], [-2.11831645, 3.6033904999999997, -0.63228354], [0.0, 0.031055899999999997, 23.42176336]], "volume": 357.64551603569714, "beta": 90.0, "alpha": 98.53625932304784, "gamma": 120.07175527346502}, "sites": [{"label": "Ce", "xyz": [-2.1183164501108612e-06, 1.212103234536739, 6.265966389207142], "abc": [0.16699707, 0.33399514, 0.27654391], "species": [{"occu": 1, "element": "Ce"}], "properties": {"magmom": 0.0}}, {"label": "Te", "xyz": [2.118316428816835, 2.729939501919392, 7.951937984729548], "abc": [0.87725069, 0.75450139, 0.35987883], "species": [{"occu": 1, "element": "Te"}], "properties": {"magmom": -0.0}}, {"label": "Te", "xyz": [2.118314310500385, 2.081207088247169, 4.162455478955629], "abc": [0.78795123, 0.57590347, 0.19326426], "species": [{"occu": 1, "element": "Te"}], "properties": {"magmom": -0.0}}], "@class": "Structure", "@module": "pymatgen.core.structure"}