{"lattice": {"a": 4.23095604, "c": 22.742717, "b": 4.230955639086354, "matrix": [[4.23095604, 0.0, 0.0], [-2.11547802, 3.66411495, 0.0], [0.0, 0.0, 22.742717]], "volume": 352.5737298645885, "beta": 90.0, "alpha": 90.0, "gamma": 120.00000313454406}, "sites": [{"label": "Ca", "xyz": [0.0, 0.0, 0.0], "abc": [0.0, 0.0, 0.0], "species": [{"occu": 1, "element": "Ca"}], "properties": {"magmom": 0.0}}, {"label": "Br", "xyz": [2.115480135478019, 1.22137042862835, 21.18258321598341], "abc": [0.666667, 0.333333, 0.93140073], "species": [{"occu": 1, "element": "Br"}], "properties": {"magmom": -0.0}}, {"label": "Br", "xyz": [-2.115478020156098e-06, 2.44274452137165, 1.5601337840165899], "abc": [0.333333, 0.666667, 0.06859927], "species": [{"occu": 1, "element": "Br"}], "properties": {"magmom": -0.0}}], "@class": "Structure", "@module": "pymatgen.core.structure"}