{"lattice": {"a": 3.44085259, "c": 23.2501016, "b": 3.440851837072438, "matrix": [[3.44085259, -0.0, 0.0], [-1.7204258000000001, 2.97986517, -0.0], [0.0, -0.0, 23.2501016]], "volume": 238.38972705497468, "beta": 90.0, "alpha": 90.0, "gamma": 119.99999772082803}, "sites": [{"label": "Ti", "xyz": [0.0, 0.0, 11.6250508], "abc": [0.0, 0.0, 0.5], "species": [{"occu": 1, "element": "Ti"}], "properties": {"magmom": 0.381}}, {"label": "O", "xyz": [0.0, 0.0, 9.91124744839636], "abc": [-0.0, 0.0, 0.42628835], "species": [{"occu": 1, "element": "O"}], "properties": {"magmom": 0.417}}, {"label": "O", "xyz": [0.0, 0.0, 13.338854151603641], "abc": [0.0, -0.0, 0.57371165], "species": [{"occu": 1, "element": "O"}], "properties": {"magmom": 0.417}}], "@class": "Structure", "@module": "pymatgen.core.structure"}