{"lattice": {"a": 4.156973384131505, "c": 22.753397196546572, "b": 4.15575731897174, "matrix": [[4.15697305, -0.00112492, -0.00122984], [0.01445648, 4.15572755, -0.00619956], [-0.01740017, -0.03191541, 22.75336816]], "volume": 393.06952383056233, "beta": 90.0607448987956, "alpha": 90.16599265356349, "gamma": 89.81616641378352}, "sites": [{"label": "Zn", "xyz": [3.49170978322639, 0.696558165720988, 0.033726993124194006], "abc": [0.83938735, 0.16785331, 0.00157339], "species": [{"occu": 1, "element": "Zn"}], "properties": {"magmom": -0.0}}, {"label": "I", "xyz": [3.463036363518261, 2.7477311950630323, 21.14106466889019], "abc": [0.8346319600000001, 0.66855471, 0.92936728], "species": [{"occu": 1, "element": "I"}], "properties": {"magmom": 0.0}}, {"label": "I", "xyz": [1.409844414303008, 0.7357432501574691, 1.672636448335934], "abc": [0.33884169000000003, 0.17769998, 0.07357833], "species": [{"occu": 1, "element": "I"}], "properties": {"magmom": 0.0}}], "@class": "Structure", "@module": "pymatgen.core.structure"}