{"lattice": {"a": 3.945319198733345, "c": 20.000000000000785, "b": 3.9471074881984722, "matrix": [[3.94531919, -0.00026251, 4.0999999999999994e-07], [-1.9728928300000002, 3.4186768499999998, -1.06e-06], [2.37e-06, -5.08e-06, 20.0]], "volume": 269.74506953231855, "beta": 89.99998725526915, "alpha": 90.000031385267, "gamma": 119.99273499585014}, "sites": [{"label": "Al", "xyz": [-0.000125802349705, 2.279127517961782, 7.70722922997821], "abc": [0.33335512, 0.66669565, 0.38536149000000003], "species": [{"occu": 1, "element": "Al"}], "properties": {"magmom": 0.0}}, {"label": "P", "xyz": [-2.9833767014600014e-05, -9.989693674210002e-05, 7.7072902000212995], "abc": [-2.2120000000000005e-05, -2.8650000000000005e-05, 0.38536451], "species": [{"occu": 1, "element": "P"}], "properties": {"magmom": -0.0}}], "@class": "Structure", "@module": "pymatgen.core.structure"}