{"lattice": {"a": 4.613575, "c": 24.159589, "b": 4.613574618134836, "matrix": [[4.613575, 0.0, 0.0], [-2.306787, 3.995473, 0.0], [0.0, 0.0, 24.159589]], "volume": 445.3437144654598, "beta": 90.0, "alpha": 90.0, "gamma": 119.99999556791923}, "sites": [{"label": "Mg", "xyz": [0.0, 0.0, 17.625603995361], "abc": [0.0, 0.0, 0.729549], "species": [{"occu": 1, "element": "Mg"}], "properties": {"magmom": -0.0}}, {"label": "Mg", "xyz": [0.0, 0.0, 14.860031682942001], "abc": [0.0, 0.0, 0.615078], "species": [{"occu": 1, "element": "Mg"}], "properties": {"magmom": -0.0}}, {"label": "Ag", "xyz": [-1.973453999986929e-06, 2.663649998491, 16.242805759357], "abc": [0.333333, 0.666667, 0.6723129999999999], "species": [{"occu": 1, "element": "Ag"}], "properties": {"magmom": -0.0}}, {"label": "Ag", "xyz": [2.306789973454, 1.331823001509, 16.242805759357], "abc": [0.666667, 0.333333, 0.6723129999999999], "species": [{"occu": 1, "element": "Ag"}], "properties": {"magmom": -0.0}}], "@class": "Structure", "@module": "pymatgen.core.structure"}