{"lattice": {"a": 4.966419, "c": 23.407847, "b": 4.966418732820059, "matrix": [[4.966419, 0.0, 0.0], [-2.483209, 4.301045, 0.0], [0.0, 0.0, 23.407847]], "volume": 500.0101417555539, "beta": 90.0, "alpha": 90.0, "gamma": 119.99999511891906}, "sites": [{"label": "Rb", "xyz": [2.483212149876, 1.433680232985, 17.876221636194998], "abc": [0.666667, 0.333333, 0.763685], "species": [{"occu": 1, "element": "Rb"}], "properties": {"magmom": 0.0}}, {"label": "Rb", "xyz": [-2.149876000068562e-06, 2.867364767015, 22.498241473427], "abc": [0.333333, 0.666667, 0.9611409999999999], "species": [{"occu": 1, "element": "Rb"}], "properties": {"magmom": 0.0}}, {"label": "I", "xyz": [0.0, 0.0, 20.187231554811], "abc": [0.0, 0.0, 0.862413], "species": [{"occu": 1, "element": "I"}], "properties": {"magmom": -0.0}}], "@class": "Structure", "@module": "pymatgen.core.structure"}