{"lattice": {"a": 3.214325, "c": 26.166721, "b": 3.214325158184529, "matrix": [[3.214325, 0.0, 0.0], [-1.607163, 2.783687, 0.0], [0.0, 0.0, 26.166721]], "volume": 234.1313078995221, "beta": 90.0, "alpha": 90.0, "gamma": 120.00000866341502}, "sites": [{"label": "Ti", "xyz": [-1.940496000043666e-06, 1.8557922612289999, 3.9272584880059993], "abc": [0.333333, 0.666667, 0.150086], "species": [{"occu": 1, "element": "Ti"}], "properties": {"magmom": -0.0}}, {"label": "Ti", "xyz": [1.607163940496, 0.927894738770999, 1.826044624985], "abc": [0.666667, 0.333333, 0.069785], "species": [{"occu": 1, "element": "Ti"}], "properties": {"magmom": -0.0}}, {"label": "Cl", "xyz": [0.0, 0.0, 0.197113909293], "abc": [0.0, 0.0, 0.007533], "species": [{"occu": 1, "element": "Cl"}], "properties": {"magmom": 0.0}}, {"label": "Cl", "xyz": [0.0, 0.0, 5.556189203698], "abc": [0.0, 0.0, 0.212338], "species": [{"occu": 1, "element": "Cl"}], "properties": {"magmom": 0.0}}], "@class": "Structure", "@module": "pymatgen.core.structure"}