{"lattice": {"a": 3.32429822, "c": 21.98922132, "b": 3.324297425897553, "matrix": [[3.32429822, 0.0, -0.0], [-1.66214861, 2.8789260800000003, 0.0], [-0.0, 0.0, 21.98922132]], "volume": 210.44583817723208, "beta": 90.0, "alpha": 90.0, "gamma": 119.99999795113514}, "sites": [{"label": "Sc", "xyz": [1.6621509388156102, 0.959641067024639, 9.791294061921212], "abc": [0.666667, 0.333333, 0.44527698], "species": [{"occu": 1, "element": "Sc"}], "properties": {"magmom": 0.262}}, {"label": "Sc", "xyz": [-1.328815609979671e-06, 1.919285012975359, 12.197927258078785], "abc": [0.333333, 0.666667, 0.5547230200000001], "species": [{"occu": 1, "element": "Sc"}], "properties": {"magmom": 0.262}}, {"label": "C", "xyz": [0.0, 0.0, 10.99461066], "abc": [0.0, 0.0, 0.5], "species": [{"occu": 1, "element": "C"}], "properties": {"magmom": -0.01}}], "@class": "Structure", "@module": "pymatgen.core.structure"}