{"lattice": {"a": 3.52285762, "c": 20.0, "b": 5.5321472400000005, "matrix": [[3.52285762, 0.0, 0.0], [0.0, 5.5321472400000005, 0.0], [0.0, 0.0, 20.0]], "volume": 389.7793411879194, "beta": 90.0, "alpha": 90.0, "gamma": 90.0}, "sites": [{"label": "Ag", "xyz": [0.0, 2.22059101223293, 10.0], "abc": [0.0, 0.40139767, 0.5], "species": [{"occu": 1, "element": "Ag"}], "properties": {"magmom": 0.0}}, {"label": "C", "xyz": [1.76142881, 0.921479310008516, 10.0], "abc": [0.5, 0.16656811, 0.5], "species": [{"occu": 1, "element": "C"}], "properties": {"magmom": 0.0}}, {"label": "N", "xyz": [1.76142881, 5.267954071728032, 10.0], "abc": [0.5, 0.95224401, 0.5], "species": [{"occu": 1, "element": "N"}], "properties": {"magmom": -0.0}}, {"label": "O", "xyz": [1.76142881, 4.0137786738188, 10.0], "abc": [0.5, 0.72553721, 0.5], "species": [{"occu": 1, "element": "O"}], "properties": {"magmom": -0.0}}], "@class": "Structure", "@module": "pymatgen.core.structure"}