{"lattice": {"a": 3.279871370000006, "c": 25.90079202, "b": 3.279870641236871, "matrix": [[3.27987137, -2e-07, -0.0], [-1.63993502, 2.84045147, 0.0], [-0.0, 0.0, 25.90079202]], "volume": 241.29994048012298, "beta": 90.0, "alpha": 90.0, "gamma": 119.99999742989816}, "sites": [{"label": "B", "xyz": [0.0, 0.0, 14.846965965189288], "abc": [0.0, -0.0, 0.5732244], "species": [{"occu": 1, "element": "B"}], "properties": {"magmom": 0.295}}, {"label": "B", "xyz": [0.0, 0.0, 19.95300148258645], "abc": [0.0, -0.0, 0.7703626], "species": [{"occu": 1, "element": "B"}], "properties": {"magmom": 0.295}}, {"label": "Se", "xyz": [-1.196602130063651e-06, 1.89363519348389, 19.176031595633855], "abc": [0.333333, 0.666667, 0.74036468], "species": [{"occu": 1, "element": "Se"}], "properties": {"magmom": 0.044}}, {"label": "Se", "xyz": [-1.196602130063651e-06, 1.89363519348389, 15.623935852141887], "abc": [0.333333, 0.666667, 0.60322232], "species": [{"occu": 1, "element": "Se"}], "properties": {"magmom": 0.044}}], "@class": "Structure", "@module": "pymatgen.core.structure"}