{"lattice": {"a": 3.40123194, "c": 26.88408252, "b": 3.40123176315499, "matrix": [[3.40123194, -0.0, 0.0], [1.7006159699999999, 2.94555306, 0.0], [0.0, 0.0, 26.88408252]], "volume": 269.338426679325, "beta": 90.0, "alpha": 90.0, "gamma": 59.99999828003904}, "sites": [{"label": "Cr", "xyz": [0.0, 0.0, 12.396297765957236], "abc": [0.0, -0.0, 0.46110176], "species": [{"occu": 1, "element": "Cr"}], "properties": {"magmom": 2.552}}, {"label": "Ag", "xyz": [1.70061426938403, 0.98185003814898, 16.5808283305062], "abc": [0.333333, 0.333333, 0.61675262], "species": [{"occu": 1, "element": "Ag"}], "properties": {"magmom": -0.01}}, {"label": "Se", "xyz": [1.70061426938403, 0.98185003814898, 13.903637461937674], "abc": [0.333333, 0.333333, 0.51716987], "species": [{"occu": 1, "element": "Se"}], "properties": {"magmom": -0.149}}, {"label": "Se", "xyz": [3.40123364061597, 1.9637030218510199, 10.887401481598891], "abc": [0.666667, 0.666667, 0.40497575], "species": [{"occu": 1, "element": "Se"}], "properties": {"magmom": -0.17400000000000002}}], "@class": "Structure", "@module": "pymatgen.core.structure"}