{"lattice": {"a": 2.846949, "c": 24.42588, "b": 2.846949, "matrix": [[2.846949, 0.0, 0.0], [0.0, 2.846949, 0.0], [0.0, 0.0, 24.42588]], "volume": 197.974654519455, "beta": 90.0, "alpha": 90.0, "gamma": 90.0}, "sites": [{"label": "Ti", "xyz": [0.0, 1.4234745, 7.146548396279999], "abc": [0.0, 0.5, 0.292581], "species": [{"occu": 1, "element": "Ti"}], "properties": {"magmom": 0.07100000000000001}}, {"label": "Ti", "xyz": [1.4234745, 0.0, 5.18339156892], "abc": [0.5, 0.0, 0.21220899999999998], "species": [{"occu": 1, "element": "Ti"}], "properties": {"magmom": -0.07100000000000001}}, {"label": "Ag", "xyz": [0.0, 1.4234745, 3.075315995519999], "abc": [0.0, 0.5, 0.125904], "species": [{"occu": 1, "element": "Ag"}], "properties": {"magmom": -0.003}}, {"label": "Ag", "xyz": [1.4234745, 0.0, 9.254623969679999], "abc": [0.5, 0.0, 0.378886], "species": [{"occu": 1, "element": "Ag"}], "properties": {"magmom": 0.003}}], "@class": "Structure", "@module": "pymatgen.core.structure"}