{"lattice": {"a": 3.14889257, "c": 21.564055, "b": 3.16645055, "matrix": [[3.14889257, 0.0, 0.0], [0.0, 3.16645055, 0.0], [0.0, 0.0, 21.564055]], "volume": 215.01115152034367, "beta": 90.0, "alpha": 90.0, "gamma": 90.0}, "sites": [{"label": "Al", "xyz": [0.0, 1.583225275, 10.782196993472299], "abc": [-0.0, 0.5, 0.50000786], "species": [{"occu": 1, "element": "Al"}], "properties": {"magmom": -0.016}}, {"label": "O", "xyz": [0.0, 0.0, 9.9784589478257], "abc": [0.0, 0.0, 0.46273574], "species": [{"occu": 1, "element": "O"}], "properties": {"magmom": 0.426}}, {"label": "O", "xyz": [1.574446285, 1.583225275, 11.585426558701998], "abc": [0.5, 0.5, 0.5372564], "species": [{"occu": 1, "element": "O"}], "properties": {"magmom": 0.41500000000000004}}], "@class": "Structure", "@module": "pymatgen.core.structure"}