{"lattice": {"a": 4.17210863, "c": 24.44792, "b": 4.16843171, "matrix": [[4.17210863, 0.0, 0.0], [0.0, 4.16843171, 0.0], [0.0, 0.0, 24.44792]], "volume": 425.1774417286307, "beta": 90.0, "alpha": 90.0, "gamma": 90.0}, "sites": [{"label": "Sc", "xyz": [0.0, 2.084215855, 11.1163266926264], "abc": [0.0, 0.5, 0.45469417], "species": [{"occu": 1, "element": "Sc"}], "properties": {"magmom": -0.0}}, {"label": "Te", "xyz": [0.0, 2.084215855, 14.083344355287199], "abc": [0.0, 0.5, 0.57605491], "species": [{"occu": 1, "element": "Te"}], "properties": {"magmom": 0.0}}, {"label": "Te", "xyz": [2.086054315, 0.0, 13.7115455219904], "abc": [0.5, 0.0, 0.56084712], "species": [{"occu": 1, "element": "Te"}], "properties": {"magmom": 0.0}}, {"label": "Te", "xyz": [2.086054315, 0.0, 9.984598982176001], "abc": [0.5, 0.0, 0.40840279999999995], "species": [{"occu": 1, "element": "Te"}], "properties": {"magmom": 0.0}}], "@class": "Structure", "@module": "pymatgen.core.structure"}