{"lattice": {"a": 3.88045992, "c": 20.16693, "b": 3.880459730264807, "matrix": [[3.88045992, -0.0, 0.0], [-1.94022996, 3.36057665, 0.0], [0.0, 0.0, 20.16693]], "volume": 262.9885244881824, "beta": 90.0, "alpha": 90.0, "gamma": 120.00000161743456}, "sites": [{"label": "Zn", "xyz": [0.0, 0.0, 10.0256978373615], "abc": [0.0, -0.0, 0.49713555000000004], "species": [{"occu": 1, "element": "Zn"}], "properties": {"magmom": 0.0}}, {"label": "S", "xyz": [1.9402319002299602, 1.12019109647445, 10.1412321626385], "abc": [0.666667, 0.333333, 0.50286445], "species": [{"occu": 1, "element": "S"}], "properties": {"magmom": 0.0}}], "@class": "Structure", "@module": "pymatgen.core.structure"}