{"lattice": {"a": 2.84778127, "c": 22.903114, "b": 2.8477810224870312, "matrix": [[2.84778127, 0.0, -0.0], [-1.42389013, 2.46625093, 0.0], [-0.0, 0.0, 22.903114]], "volume": 160.8564300983886, "beta": 90.0, "alpha": 90.0, "gamma": 119.9999911429753}, "sites": [{"label": "Nb", "xyz": [0.0, 0.0, 0.0], "abc": [-0.0, 0.0, -0.0], "species": [{"occu": 1, "element": "Nb"}], "properties": {"magmom": 0.0}}, {"label": "F", "xyz": [1.4238922272238002, 0.82208282124969, 21.390311330231217], "abc": [0.666667, 0.333333, 0.93394773], "species": [{"occu": 1, "element": "F"}], "properties": {"magmom": 0.0}}, {"label": "F", "xyz": [-1.087223799994369e-06, 1.6441681087503102, 1.512802669768779], "abc": [0.333333, 0.666667, 0.06605227], "species": [{"occu": 1, "element": "F"}], "properties": {"magmom": 0.0}}], "@class": "Structure", "@module": "pymatgen.core.structure"}