{"lattice": {"a": 3.70382244, "c": 23.19661, "b": 3.70382289425482, "matrix": [[3.70382244, -0.0, -0.0], [-1.85191172, 3.20760456, -0.0], [-0.0, -0.0, 23.19661]], "volume": 275.58495320463874, "beta": 90.0, "alpha": 90.0, "gamma": 120.00000487418167}, "sites": [{"label": "Hf", "xyz": [0.0, 0.0, 0.0], "abc": [0.0, -0.0, -0.0], "species": [{"occu": 1, "element": "Hf"}], "properties": {"magmom": 0.0}}, {"label": "I", "xyz": [1.85191290524472, 1.06920045079848, 21.178221699391898], "abc": [0.666667, 0.333333, 0.91298779], "species": [{"occu": 1, "element": "I"}], "properties": {"magmom": 0.0}}, {"label": "I", "xyz": [-2.185244720017678e-06, 2.1384041092015202, 2.0183883006081], "abc": [0.333333, 0.666667, 0.08701221], "species": [{"occu": 1, "element": "I"}], "properties": {"magmom": 0.0}}], "@class": "Structure", "@module": "pymatgen.core.structure"}