{"lattice": {"a": 3.384896017652568, "c": 24.04033116656845, "b": 3.385563787921972, "matrix": [[3.38489597, -0.00050961, -0.00025079000000000003], [-1.69288887, 2.93192248, -8.478999999999999e-05], [-0.0017578, -0.00173079, 24.04033104]], "volume": 238.5615750811627, "beta": 90.00843387315567, "alpha": 90.00291241784682, "gamma": 120.01071641062917}, "sites": [{"label": "Eu", "xyz": [1.6920059329802002, 2.931412313833965, -0.00034495560264700005], "abc": [0.99999956, 0.99999981, -3.8999999999999997e-07], "species": [{"occu": 1, "element": "Eu"}], "properties": {"magmom": 7.034}}, {"label": "Sn", "xyz": [-0.002212864872489, 1.952632579103193, 21.223426725685254], "abc": [0.33317633, 0.66656959, 0.88283172], "species": [{"occu": 1, "element": "Sn"}], "properties": {"magmom": 0.027}}, {"label": "Sn", "xyz": [1.692463298025751, 0.9770500570506291, 2.816578350323214], "abc": [0.6668240999999999, 0.33343059999999997, 0.11716868], "species": [{"occu": 1, "element": "Sn"}], "properties": {"magmom": 0.027}}], "@class": "Structure", "@module": "pymatgen.core.structure"}