{"lattice": {"a": 2.42634741, "c": 22.353476, "b": 3.61236613, "matrix": [[2.42634741, 0.0, 0.0], [0.0, 3.61236613, 0.0], [0.0, 0.0, 22.353476]], "volume": 195.9249804348503, "beta": 90.0, "alpha": 90.0, "gamma": 90.0}, "sites": [{"label": "Be", "xyz": [0.0, 1.806183065, 10.25006951112052], "abc": [0.0, 0.5, 0.45854477], "species": [{"occu": 1, "element": "Be"}], "properties": {"magmom": -0.0}}, {"label": "Be", "xyz": [0.0, 0.0, 11.701735313892161], "abc": [0.0, 0.0, 0.52348616], "species": [{"occu": 1, "element": "Be"}], "properties": {"magmom": -0.0}}, {"label": "Be", "xyz": [1.213173705, 0.0, 9.86392774297992], "abc": [0.5, 0.0, 0.44127042], "species": [{"occu": 1, "element": "Be"}], "properties": {"magmom": -0.0}}, {"label": "Ge", "xyz": [1.213173705, 1.806183065, 12.8912194320074], "abc": [0.5, 0.5, 0.57669865], "species": [{"occu": 1, "element": "Ge"}], "properties": {"magmom": -0.0}}], "@class": "Structure", "@module": "pymatgen.core.structure"}