{"lattice": {"a": 3.75776107, "c": 22.22502, "b": 5.7843064, "matrix": [[3.75776107, 0.0, 0.0], [0.0, 5.7843064, 0.0], [0.0, 0.0, 22.22502]], "volume": 483.083954988555, "beta": 90.0, "alpha": 90.0, "gamma": 90.0}, "sites": [{"label": "Sn", "xyz": [0.0, 2.8921532, 9.9855794706402], "abc": [0.0, 0.5, 0.44929451000000004], "species": [{"occu": 1, "element": "Sn"}], "properties": {"magmom": 0.0}}, {"label": "Sn", "xyz": [1.878880535, 0.0, 12.2394405293598], "abc": [0.5, -0.0, 0.55070549], "species": [{"occu": 1, "element": "Sn"}], "properties": {"magmom": 0.0}}, {"label": "S", "xyz": [1.878880535, 2.8921532, 11.7875525327118], "abc": [0.5, 0.5, 0.53037309], "species": [{"occu": 1, "element": "S"}], "properties": {"magmom": 0.0}}, {"label": "S", "xyz": [0.0, 0.0, 10.4374674672882], "abc": [-0.0, 0.0, 0.46962691], "species": [{"occu": 1, "element": "S"}], "properties": {"magmom": 0.0}}], "@class": "Structure", "@module": "pymatgen.core.structure"}