{"lattice": {"a": 3.51336977, "c": 23.731552, "b": 3.5133701811538742, "matrix": [[3.51336977, 2e-08, 0.0], [-1.7566853500000001, 3.04266768, -0.0], [0.0, 0.0, 23.731552]], "volume": 253.69068677453814, "beta": 90.0, "alpha": 90.0, "gamma": 120.00000455897772}, "sites": [{"label": "As", "xyz": [0.0, 0.0, 10.808060727360001], "abc": [0.0, 0.0, 0.45543000000000006], "species": [{"occu": 1, "element": "As"}], "properties": {"magmom": -0.0}}, {"label": "O", "xyz": [0.0, 0.0, 12.4676235842288], "abc": [0.0, -0.0, 0.52536065], "species": [{"occu": 1, "element": "O"}], "properties": {"magmom": -0.0}}, {"label": "O", "xyz": [0.0, 0.0, 9.1485216020432], "abc": [-0.0, 0.0, 0.38550035], "species": [{"occu": 1, "element": "O"}], "properties": {"magmom": -0.0}}], "@class": "Structure", "@module": "pymatgen.core.structure"}