{"lattice": {"a": 2.97174531, "c": 26.166721, "b": 2.9717447995883273, "matrix": [[2.97174531, 1e-08, 0.0], [-1.4858721400000001, 2.57360664, 0.0], [0.0, 0.0, 26.166721]], "volume": 200.1257898634526, "beta": 90.0, "alpha": 90.0, "gamma": 119.99999402344348}, "sites": [{"label": "Ti", "xyz": [-1.1425391498614449e-06, 1.7157386212022092, 3.94618932564787], "abc": [0.333333, 0.666667, 0.15080947], "species": [{"occu": 1, "element": "Ti"}], "properties": {"magmom": -0.0}}, {"label": "Ti", "xyz": [1.48587431253915, 0.85786802879779, 1.807113787343129], "abc": [0.666667, 0.333333, 0.06906153], "species": [{"occu": 1, "element": "Ti"}], "properties": {"magmom": -0.0}}, {"label": "F", "xyz": [0.0, 0.0, 0.56957546434957], "abc": [-0.0, -0.0, 0.02176717], "species": [{"occu": 1, "element": "F"}], "properties": {"magmom": 0.0}}, {"label": "F", "xyz": [0.0, 0.0, 5.18372764864143], "abc": [0.0, 0.0, 0.19810383], "species": [{"occu": 1, "element": "F"}], "properties": {"magmom": 0.0}}], "@class": "Structure", "@module": "pymatgen.core.structure"}