{"lattice": {"a": 4.09542395, "c": 25.130912, "b": 4.095423635759255, "matrix": [[4.09542395, 0.0, -0.0], [-2.04771197, 3.54674082, 0.0], [0.0, 0.0, 25.130912]], "volume": 365.0367325870495, "beta": 90.0, "alpha": 90.0, "gamma": 120.00000245742659}, "sites": [{"label": "Al", "xyz": [0.0, 0.0, 7.795709426047999], "abc": [0.0, -0.0, 0.310204], "species": [{"occu": 1, "element": "Al"}], "properties": {"magmom": -0.0}}, {"label": "Al", "xyz": [-2.044378640029212e-06, 2.36449506224694, 5.41432732536704], "abc": [0.333333, 0.666667, 0.21544492], "species": [{"occu": 1, "element": "Al"}], "properties": {"magmom": -0.0}}, {"label": "Al", "xyz": [-2.044378640029212e-06, 2.36449506224694, 10.17706639581696], "abc": [0.333333, 0.666667, 0.40496208], "species": [{"occu": 1, "element": "Al"}], "properties": {"magmom": -0.0}}, {"label": "Rh", "xyz": [-2.044378640029212e-06, 2.36449506224694, 7.795709426047999], "abc": [0.333333, 0.666667, 0.310204], "species": [{"occu": 1, "element": "Rh"}], "properties": {"magmom": 0.0}}], "@class": "Structure", "@module": "pymatgen.core.structure"}