{"lattice": {"a": 3.357698, "c": 19.077377000035877, "b": 3.357690440141705, "matrix": [[3.357698, 0.0, 0.0], [-1.678849, 2.9078429999999997, 0.000463], [0.0, 3.7000000000000005e-05, 19.077377]], "volume": 186.26499643880393, "beta": 90.0, "alpha": 89.99200311165956, "gamma": 120.00007447922843}, "sites": [{"label": "Te", "xyz": [-1.6788489998319171e-06, 1.9386211120399999, 8.988824697999998], "abc": [0.33334, 0.666681, 0.471161], "species": [{"occu": 1, "element": "Te"}], "properties": {"magmom": -0.0}}, {"label": "C", "xyz": [1.678850678848999, 2.9077143013490003, 10.107008680168999], "abc": [0.999975, 0.999949, 0.529766], "species": [{"occu": 1, "element": "C"}], "properties": {"magmom": 0.0}}], "@class": "Structure", "@module": "pymatgen.core.structure"}