{"lattice": {"a": 3.6819488, "c": 23.801584, "b": 3.6819488, "matrix": [[3.6819488, 0.0, 0.0], [0.0, 3.6819488, 0.0], [0.0, 0.0, 23.801584]], "volume": 322.6720516737441, "beta": 90.0, "alpha": 90.0, "gamma": 90.0}, "sites": [{"label": "Sc", "xyz": [0.0, 0.0, 0.0], "abc": [0.0, 0.0, 0.0], "species": [{"occu": 1, "element": "Sc"}], "properties": {"magmom": 0.632}}, {"label": "I", "xyz": [1.8409744, 1.8409744, 22.019336385077917], "abc": [0.5, 0.5, 0.92512063], "species": [{"occu": 1, "element": "I"}], "properties": {"magmom": -0.016}}, {"label": "I", "xyz": [1.8409744, 1.8409744, 1.782247614922079], "abc": [0.5, 0.5, 0.07487937], "species": [{"occu": 1, "element": "I"}], "properties": {"magmom": -0.016}}], "@class": "Structure", "@module": "pymatgen.core.structure"}