{"lattice": {"a": 3.17029088, "c": 23.380728, "b": 3.170290967064891, "matrix": [[3.17029088, 0.0, 0.0], [-1.58514544, 2.7455525400000003, -0.0], [0.0, 0.0, 23.380728]], "volume": 203.51053682224153, "beta": 90.0, "alpha": 90.0, "gamma": 119.99999909153973}, "sites": [{"label": "Ta", "xyz": [0.0, 0.0, 10.6189421394], "abc": [0.0, -0.0, 0.454175], "species": [{"occu": 1, "element": "Ta"}], "properties": {"magmom": -0.02}}, {"label": "O", "xyz": [0.0, 0.0, 12.43452674601312], "abc": [0.0, 0.0, 0.5318280400000001], "species": [{"occu": 1, "element": "O"}], "properties": {"magmom": 0.427}}, {"label": "O", "xyz": [0.0, 0.0, 8.80333415205888], "abc": [-0.0, -0.0, 0.37652096], "species": [{"occu": 1, "element": "O"}], "properties": {"magmom": 0.427}}], "@class": "Structure", "@module": "pymatgen.core.structure"}