{"lattice": {"a": 3.955422, "c": 22.797818, "b": 3.955422, "matrix": [[3.955422, 0.0, 0.0], [0.0, 3.955422, 0.0], [0.0, 0.0, 22.797818]], "volume": 356.680142733817, "beta": 90.0, "alpha": 90.0, "gamma": 90.0}, "sites": [{"label": "Ir", "xyz": [0.0, 0.0, 0.0], "abc": [0.0, 0.0, 0.0], "species": [{"occu": 1, "element": "Ir"}], "properties": {"magmom": -0.0}}, {"label": "Ir", "xyz": [1.977711, 1.977711, 0.0], "abc": [0.5, 0.5, 0.0], "species": [{"occu": 1, "element": "Ir"}], "properties": {"magmom": -0.0}}, {"label": "Se", "xyz": [0.0, 1.977711, 1.513592732656], "abc": [0.0, 0.5, 0.06639199999999999], "species": [{"occu": 1, "element": "Se"}], "properties": {"magmom": 0.0}}, {"label": "Se", "xyz": [1.977711, 0.0, 21.284225267344], "abc": [0.5, 0.0, 0.933608], "species": [{"occu": 1, "element": "Se"}], "properties": {"magmom": 0.0}}], "@class": "Structure", "@module": "pymatgen.core.structure"}