{"lattice": {"a": 3.445452, "c": 23.244640631697557, "b": 3.849114209873877, "matrix": [[3.445452, 0.0, 0.0], [-1.722726, 3.435156, -0.218171], [0.0, 0.011061, 23.244638]], "volume": 275.12406551143283, "beta": 90.0, "alpha": 93.22494258488591, "gamma": 116.58751724924143}, "sites": [{"label": "Cr", "xyz": [0.0, 0.0, 0.0], "abc": [0.0, 0.0, 0.0], "species": [{"occu": 1, "element": "Cr"}], "properties": {"magmom": 3.635}}, {"label": "Cl", "xyz": [1.7227242772740001, 0.782905163166, 21.785694341413], "abc": [0.6124419999999999, 0.224885, 0.9393459999999999], "species": [{"occu": 1, "element": "Cl"}], "properties": {"magmom": -0.005}}, {"label": "Cl", "xyz": [1.7227259999793908e-06, 2.6633118478949998, 1.240795903225], "abc": [0.38755799999999996, 0.775115, 0.060655], "species": [{"occu": 1, "element": "Cl"}], "properties": {"magmom": -0.005}}], "@class": "Structure", "@module": "pymatgen.core.structure"}