{"lattice": {"a": 3.240180494747939, "c": 24.123185140155808, "b": 3.240024615430722, "matrix": [[3.113, -0.001001, 0.8988879999999999], [-0.261169, 3.10206, 0.898206], [-0.024777, -0.038932, 24.123141]], "volume": 233.13104614897654, "beta": 73.95261095612011, "alpha": 73.99274388728224, "gamma": 90.04768705650697}, "sites": [{"label": "Sb", "xyz": [1.5604882026459999, 0.0012757860669990002, 9.397815256779], "abc": [0.5046689999999999, 0.005225, 0.370577], "species": [{"occu": 1, "element": "Sb"}], "properties": {"magmom": 0.0}}, {"label": "Sb", "xyz": [1.2790154709750001, 3.08032689431, 4.629867574671], "abc": [0.49541399999999997, 0.9948659999999999, 0.136423], "species": [{"occu": 1, "element": "Sb"}], "properties": {"magmom": 0.0}}, {"label": "W", "xyz": [2.441507054020999, 0.9586424392939991, 6.372648097349001], "abc": [0.8122459999999999, 0.312086, 0.22228499999999998], "species": [{"occu": 1, "element": "W"}], "properties": {"magmom": -0.0}}, {"label": "W", "xyz": [0.397527344804, 2.122395754465, 7.6547702914830005], "abc": [0.187671, 0.687823, 0.284717], "species": [{"occu": 1, "element": "W"}], "properties": {"magmom": -0.0}}], "@class": "Structure", "@module": "pymatgen.core.structure"}