{"lattice": {"a": 3.9820047, "c": 23.009688, "b": 3.997674839929282, "matrix": [[3.9820047, -3.0000000000000004e-08, 0.0], [-1.9910019, 3.4666, 0.0], [0.0, 0.0, 23.009688]], "volume": 317.6261342865624, "beta": 90.0, "alpha": 90.0, "gamma": 119.87041109671235}, "sites": [{"label": "Te", "xyz": [1.9910045133368721, 1.174210579845168, 13.098812524574402], "abc": [0.6693610600000001, 0.33872111, 0.5692737999999999], "species": [{"occu": 1, "element": "Te"}], "properties": {"magmom": 0.0}}, {"label": "Te", "xyz": [-1.7133368729225168e-06, 2.292389390154831, 9.9108754754256], "abc": [0.33063894, 0.6612788900000001, 0.4307262], "species": [{"occu": 1, "element": "Te"}], "properties": {"magmom": 0.0}}, {"label": "Au", "xyz": [0.0, 0.0, 11.504844], "abc": [-0.0, -0.0, 0.5], "species": [{"occu": 1, "element": "Au"}], "properties": {"magmom": 0.0}}], "@class": "Structure", "@module": "pymatgen.core.structure"}