{"lattice": {"a": 3.77222292, "c": 22.756461, "b": 3.7722230001437973, "matrix": [[3.77222292, -0.0, 0.0], [-1.88611146, 3.26684097, 0.0], [0.0, 0.0, 22.756461]], "volume": 280.4336122475573, "beta": 90.0, "alpha": 90.0, "gamma": 119.99999929719544}, "sites": [{"label": "Te", "xyz": [-1.886111459953653e-06, 2.17789506894699, 9.82343580867558], "abc": [0.333333, 0.666667, 0.43167678], "species": [{"occu": 1, "element": "Te"}], "properties": {"magmom": 0.0}}, {"label": "Te", "xyz": [1.886113346111459, 1.08894590105301, 12.933025191324422], "abc": [0.666667, 0.333333, 0.56832322], "species": [{"occu": 1, "element": "Te"}], "properties": {"magmom": 0.0}}, {"label": "Rh", "xyz": [0.0, 0.0, 11.3782305], "abc": [0.0, 0.0, 0.5], "species": [{"occu": 1, "element": "Rh"}], "properties": {"magmom": -0.0}}], "@class": "Structure", "@module": "pymatgen.core.structure"}