{"lattice": {"a": 2.99085068, "c": 20.882708, "b": 6.3517933, "matrix": [[2.99085068, 0.0, 0.0], [0.0, 6.3517933, 0.0], [0.0, 0.0, 20.882708]], "volume": 396.7143442782113, "beta": 90.0, "alpha": 90.0, "gamma": 90.0}, "sites": [{"label": "Cu", "xyz": [1.49542534, 0.0, 10.441354], "abc": [0.5, -0.0, 0.5], "species": [{"occu": 1, "element": "Cu"}], "properties": {"magmom": 0.084}}, {"label": "Hg", "xyz": [0.0, 3.17589665, 10.441354], "abc": [0.0, 0.5, 0.5], "species": [{"occu": 1, "element": "Hg"}], "properties": {"magmom": 0.003}}, {"label": "O", "xyz": [0.0, 1.167663374069064, 10.73857465938488], "abc": [-0.0, 0.18383208, 0.51423286], "species": [{"occu": 1, "element": "O"}], "properties": {"magmom": 0.022}}, {"label": "O", "xyz": [0.0, 5.184129925930936, 10.14413334061512], "abc": [-0.0, 0.81616792, 0.48576714], "species": [{"occu": 1, "element": "O"}], "properties": {"magmom": 0.022}}], "@class": "Structure", "@module": "pymatgen.core.structure"}