{"lattice": {"a": 3.64160351, "c": 23.731552, "b": 3.641603978858638, "matrix": [[3.64160351, 0.0, 0.0], [-1.82080226, 3.1537214, 0.0], [0.0, 0.0, 23.731552]], "volume": 272.5474513906357, "beta": 90.0, "alpha": 90.0, "gamma": 120.00000491563956}, "sites": [{"label": "Sb", "xyz": [0.0, 0.0, 11.865776], "abc": [-0.0, 0.0, 0.5], "species": [{"occu": 1, "element": "Sb"}], "properties": {"magmom": 0.032}}, {"label": "O", "xyz": [0.0, 0.0, 10.0072110272576], "abc": [-0.0, 0.0, 0.4216838], "species": [{"occu": 1, "element": "O"}], "properties": {"magmom": 0.271}}, {"label": "O", "xyz": [0.0, 0.0, 13.724340972742398], "abc": [0.0, -0.0, 0.5783162], "species": [{"occu": 1, "element": "O"}], "properties": {"magmom": 0.271}}], "@class": "Structure", "@module": "pymatgen.core.structure"}