{"lattice": {"a": 3.718665, "c": 23.678874, "b": 3.718664939820876, "matrix": [[3.718665, 0.0, 0.0], [-1.859333, 3.220458, 0.0], [0.0, 0.0, 23.678874]], "volume": 283.5735645863285, "beta": 90.0, "alpha": 90.0, "gamma": 120.00000943092357}, "sites": [{"label": "Ni", "xyz": [1.8593341926659992, 1.073484926513999, 20.831868263484], "abc": [0.666667, 0.333333, 0.8797659999999999], "species": [{"occu": 1, "element": "Ni"}], "properties": {"magmom": 0.0}}, {"label": "Ni", "xyz": [-2.1926659999670327e-06, 2.146973073486, 19.354211810388], "abc": [0.333333, 0.666667, 0.8173619999999999], "species": [{"occu": 1, "element": "Ni"}], "properties": {"magmom": 0.0}}, {"label": "Se", "xyz": [1.8593341926659992, 1.073484926513999, 18.45211774761], "abc": [0.666667, 0.333333, 0.779265], "species": [{"occu": 1, "element": "Se"}], "properties": {"magmom": 0.0}}, {"label": "Se", "xyz": [-2.1926659999670327e-06, 2.146973073486, 21.733938647387998], "abc": [0.333333, 0.666667, 0.917862], "species": [{"occu": 1, "element": "Se"}], "properties": {"magmom": 0.0}}], "@class": "Structure", "@module": "pymatgen.core.structure"}