{"lattice": {"a": 4.60981107, "c": 25.130912, "b": 4.609810627997985, "matrix": [[4.60981107, -0.0, 0.0], [-2.30490554, 3.99221298, 0.0], [0.0, 0.0, 25.130912]], "volume": 462.4929087646136, "beta": 90.0, "alpha": 90.0, "gamma": 120.00000324354032}, "sites": [{"label": "Tl", "xyz": [0.0, 0.0, 7.795709426047999], "abc": [-0.0, 0.0, 0.310204], "species": [{"occu": 1, "element": "Tl"}], "properties": {"magmom": 0.0}}, {"label": "Tl", "xyz": [-2.3082388701424336e-06, 2.66147665073766, 5.109252880925119], "abc": [0.333333, 0.666667, 0.20330551], "species": [{"occu": 1, "element": "Tl"}], "properties": {"magmom": 0.0}}, {"label": "Tl", "xyz": [-2.3082388701424336e-06, 2.66147665073766, 10.48214084025888], "abc": [0.333333, 0.666667, 0.41710149], "species": [{"occu": 1, "element": "Tl"}], "properties": {"magmom": 0.0}}, {"label": "Ir", "xyz": [-2.3082388701424336e-06, 2.66147665073766, 7.795709426047999], "abc": [0.333333, 0.666667, 0.310204], "species": [{"occu": 1, "element": "Ir"}], "properties": {"magmom": -0.0}}], "@class": "Structure", "@module": "pymatgen.core.structure"}