{"lattice": {"a": 3.20224328, "c": 22.641327, "b": 3.2022431652951022, "matrix": [[3.20224328, 1e-08, 0.0], [-1.6011221199999999, 2.77322362, -0.0], [-0.0, -0.0, 22.641327]], "volume": 201.06713574722028, "beta": 90.0, "alpha": 90.0, "gamma": 120.00001092296691}, "sites": [{"label": "Tc", "xyz": [0.0, 0.0, 0.0], "abc": [0.0, 0.0, 0.0], "species": [{"occu": 1, "element": "Tc"}], "properties": {"magmom": 0.001}}, {"label": "Se", "xyz": [1.601123081121799, 0.924406955592129, 1.7633420936433901], "abc": [0.666667, 0.333333, 0.07788157], "species": [{"occu": 1, "element": "Se"}], "properties": {"magmom": 0.0}}, {"label": "Se", "xyz": [-1.921121800175711e-06, 1.84881667440787, 20.877984906356613], "abc": [0.333333, 0.666667, 0.92211843], "species": [{"occu": 1, "element": "Se"}], "properties": {"magmom": 0.0}}], "@class": "Structure", "@module": "pymatgen.core.structure"}