{"lattice": {"a": 3.99815487, "c": 22.685899, "b": 3.99815487, "matrix": [[3.99815487, 0.0, 0.0], [0.0, 3.99815487, 0.0], [0.0, 0.0, 22.685899]], "volume": 362.6395937716752, "beta": 90.0, "alpha": 90.0, "gamma": 90.0}, "sites": [{"label": "Th", "xyz": [0.0, 0.0, 11.3429495], "abc": [0.0, 0.0, 0.5], "species": [{"occu": 1, "element": "Th"}], "properties": {"magmom": 0.0}}, {"label": "Ge", "xyz": [1.999077435, 1.999077435, 10.06110614348097], "abc": [0.5, 0.5, 0.44349603], "species": [{"occu": 1, "element": "Ge"}], "properties": {"magmom": -0.0}}, {"label": "Ge", "xyz": [1.999077435, 1.999077435, 12.62479285651903], "abc": [0.5, 0.5, 0.55650397], "species": [{"occu": 1, "element": "Ge"}], "properties": {"magmom": -0.0}}], "@class": "Structure", "@module": "pymatgen.core.structure"}