{"lattice": {"a": 3.55914874, "c": 22.66250717, "b": 3.559148709959851, "matrix": [[3.55914874, -0.0, -0.0], [-1.77957437, 3.08231319, 0.0], [-0.0, 0.0, 22.66250717]], "volume": 248.61702035831192, "beta": 90.0, "alpha": 90.0, "gamma": 120.00000027920166}, "sites": [{"label": "Pt", "xyz": [0.0, 0.0, 11.331253585], "abc": [0.0, -0.0, 0.5], "species": [{"occu": 1, "element": "Pt"}], "properties": {"magmom": 0.0}}, {"label": "S", "xyz": [1.77957614957437, 1.02743670256227, 12.58633382645928], "abc": [0.666667, 0.333333, 0.55538135], "species": [{"occu": 1, "element": "S"}], "properties": {"magmom": -0.0}}, {"label": "S", "xyz": [-1.779574370000761e-06, 2.05487648743773, 10.076173343540722], "abc": [0.333333, 0.666667, 0.44461865], "species": [{"occu": 1, "element": "S"}], "properties": {"magmom": -0.0}}], "@class": "Structure", "@module": "pymatgen.core.structure"}