{"lattice": {"a": 4.961284141773271, "c": 20.274504, "b": 4.961284281267636, "matrix": [[4.96128263, -0.00387307, 0.0], [-2.47673742, 4.29885025, 0.0], [0.0, 0.0, 20.274504]], "volume": 432.21630618820984, "beta": 90.0, "alpha": 90.0, "gamma": 119.99267207034416}, "sites": [{"label": "Cd", "xyz": [0.002278199818886, 2.864796799439729, 10.27701956469504], "abc": [0.33328972, 0.66671028, 0.50689376], "species": [{"occu": 1, "element": "Cd"}], "properties": {"magmom": 0.016}}, {"label": "Bi", "xyz": [2.481605026396664, 1.43056332293575, 9.99748443530496], "abc": [0.66662128, 0.33337872, 0.49310624000000003], "species": [{"occu": 1, "element": "Bi"}], "properties": {"magmom": 0.441}}], "@class": "Structure", "@module": "pymatgen.core.structure"}