{"lattice": {"a": 2.953768076427062, "c": 22.48503400000043, "b": 2.953768166427003, "matrix": [[2.95376802, 0.00057736, 5.8e-07], [0.00057736, 2.95376811, 4e-08], [4.3899999999999995e-06, 2.7999999999999997e-07, 22.485034]], "volume": 196.1761980501693, "beta": 89.99997756281438, "alpha": 89.99999850842389, "gamma": 89.97760129427184}, "sites": [{"label": "Al", "xyz": [1.5754401660999999e-06, -1.728648751e-07, 7.464321435476639], "abc": [4e-08, -9e-08, 0.33196843], "species": [{"occu": 1, "element": "Al"}], "properties": {"magmom": -0.0}}, {"label": "F", "xyz": [2.953769034501794, 0.000577698054795, 5.80103974329936], "abc": [0.99999996, 9e-08, 0.25799557], "species": [{"occu": 1, "element": "F"}], "properties": {"magmom": 0.0}}], "@class": "Structure", "@module": "pymatgen.core.structure"}