{"lattice": {"a": 3.993441, "c": 22.990012, "b": 3.993441, "matrix": [[3.993441, 0.0, 0.0], [0.0, 3.993441, 0.0], [0.0, 0.0, 22.990012]], "volume": 366.6348491317104, "beta": 90.0, "alpha": 90.0, "gamma": 90.0}, "sites": [{"label": "Zn", "xyz": [1.9967205, 1.9967205, 0.0], "abc": [0.5, 0.5, 0.0], "species": [{"occu": 1, "element": "Zn"}], "properties": {"magmom": -0.0}}, {"label": "Zn", "xyz": [0.0, 0.0, 0.0], "abc": [0.0, 0.0, 0.0], "species": [{"occu": 1, "element": "Zn"}], "properties": {"magmom": -0.0}}, {"label": "S", "xyz": [0.0, 1.9967205, 1.34916885422], "abc": [0.0, 0.5, 0.058684999999999994], "species": [{"occu": 1, "element": "S"}], "properties": {"magmom": 0.0}}, {"label": "S", "xyz": [1.9967205, 0.0, 21.64084314578], "abc": [0.5, 0.0, 0.941315], "species": [{"occu": 1, "element": "S"}], "properties": {"magmom": 0.0}}], "@class": "Structure", "@module": "pymatgen.core.structure"}