{"lattice": {"a": 3.348472849699787, "c": 22.750577166437967, "b": 3.345449686925038, "matrix": [[3.34838135, 0.00232451, 0.02464461], [0.0153148, 3.34518449, 0.03924019], [-0.01516752, -0.031868560000000004, 22.75054979]], "volume": 254.83246143104884, "beta": 89.61655631582745, "alpha": 89.40837123898679, "gamma": 89.6929992608138}, "sites": [{"label": "Zn", "xyz": [2.8124761624746393, 0.5655338113536641, 0.063369754045613], "abc": [0.83918751, 0.16849105, 0.0015857500000000001], "species": [{"occu": 1, "element": "Zn"}], "properties": {"magmom": -0.0}}, {"label": "F", "xyz": [2.79803916680333, 2.220627457108067, 21.85965590403455], "abc": [0.83690707, 0.6723804999999999, 0.95877447], "species": [{"occu": 1, "element": "F"}], "properties": {"magmom": 0.0}}, {"label": "F", "xyz": [1.129609050821251, 0.5788834281481671, 1.019733855995188], "abc": [0.33676742, 0.17323645000000001, 0.04415878], "species": [{"occu": 1, "element": "F"}], "properties": {"magmom": 0.0}}], "@class": "Structure", "@module": "pymatgen.core.structure"}