{"lattice": {"a": 4.167825001614271, "c": 23.289565, "b": 4.167825037487298, "matrix": [[4.167825, 0.000116, 0.0], [-0.0005589999999999999, 4.167825, 0.0], [0.0, 0.0, 23.289565]], "volume": 404.5575674485694, "beta": 90.0, "alpha": 90.0, "gamma": 90.00608999421377}, "sites": [{"label": "Y", "xyz": [0.043326771423999, 2.127525834624, 1.13061522249], "abc": [0.010464, 0.510464, 0.048546], "species": [{"occu": 1, "element": "Y"}], "properties": {"magmom": -0.0}}, {"label": "Y", "xyz": [2.127518771424, 0.043671334624, 22.15894977751], "abc": [0.510464, 0.010464, 0.9514539999999999], "species": [{"occu": 1, "element": "Y"}], "properties": {"magmom": 0.0}}, {"label": "Te", "xyz": [0.043630981842, 2.127830094317, 21.311954877589997], "abc": [0.010537, 0.510537, 0.915086], "species": [{"occu": 1, "element": "Te"}], "properties": {"magmom": 0.0}}, {"label": "Te", "xyz": [2.127822981842, 0.043975594316999, 1.9776101224099998], "abc": [0.510537, 0.010537, 0.08491399999999999], "species": [{"occu": 1, "element": "Te"}], "properties": {"magmom": -0.0}}], "@class": "Structure", "@module": "pymatgen.core.structure"}