{"lattice": {"a": 2.72717323, "c": 22.766075, "b": 2.727173012792424, "matrix": [[2.72717323, 2e-08, -0.0], [-1.36358609, 2.36180135, -0.0], [-0.0, 0.0, 22.766075]], "volume": 146.6372325824134, "beta": 90.0, "alpha": 90.0, "gamma": 119.9999894783112}, "sites": [{"label": "Re", "xyz": [0.0, 0.0, 0.0], "abc": [-0.0, 0.0, -0.0], "species": [{"occu": 1, "element": "Re"}], "properties": {"magmom": 0.664}}, {"label": "F", "xyz": [-1.013586440148978e-06, 1.57453502726711, 1.6491539835325], "abc": [0.333333, 0.666667, 0.07243909999999999], "species": [{"occu": 1, "element": "F"}], "properties": {"magmom": 0.108}}, {"label": "F", "xyz": [1.36358815358644, 0.78726634273289, 21.1169210164675], "abc": [0.666667, 0.333333, 0.9275608999999999], "species": [{"occu": 1, "element": "F"}], "properties": {"magmom": 0.108}}], "@class": "Structure", "@module": "pymatgen.core.structure"}