{"lattice": {"a": 3.80687532, "c": 26.800199, "b": 3.80687320385802, "matrix": [[3.80687532, -0.0, 0.0], [-1.9034366600000001, 3.29684887, 0.0], [0.0, 0.0, 26.800199]], "volume": 336.36105918670023, "beta": 90.0, "alpha": 90.0, "gamma": 120.00000100921297}, "sites": [{"label": "Gd", "xyz": [-1.236770660028833e-06, 2.19790034561629, 14.82666658871428], "abc": [0.333333, 0.666667, 0.55322972], "species": [{"occu": 1, "element": "Gd"}], "properties": {"magmom": 7.405}}, {"label": "Gd", "xyz": [1.90343989677066, 1.098948524383709, 11.97353241128572], "abc": [0.666667, 0.333333, 0.44677028], "species": [{"occu": 1, "element": "Gd"}], "properties": {"magmom": 7.405}}, {"label": "Br", "xyz": [-1.236770660028833e-06, 2.19790034561629, 10.009598552452289], "abc": [0.333333, 0.666667, 0.37348971000000003], "species": [{"occu": 1, "element": "Br"}], "properties": {"magmom": -0.005}}, {"label": "Br", "xyz": [1.90343989677066, 1.098948524383709, 16.79060044754771], "abc": [0.666667, 0.333333, 0.62651029], "species": [{"occu": 1, "element": "Br"}], "properties": {"magmom": -0.005}}], "@class": "Structure", "@module": "pymatgen.core.structure"}