{"lattice": {"a": 3.901461, "c": 25.019273, "b": 3.901460957392371, "matrix": [[3.901461, 0.0, 0.0], [-1.950731, 3.378764, 0.0], [0.0, 0.0, 25.019273]], "volume": 329.8069582762708, "beta": 90.0, "alpha": 90.0, "gamma": 120.00000884006904}, "sites": [{"label": "In", "xyz": [0.0, 0.0, 17.018935130608998], "abc": [0.0, 0.0, 0.680233], "species": [{"occu": 1, "element": "In"}], "properties": {"magmom": -0.0}}, {"label": "In", "xyz": [0.0, 0.0, 19.832202263821], "abc": [0.0, 0.0, 0.792677], "species": [{"occu": 1, "element": "In"}], "properties": {"magmom": -0.0}}, {"label": "S", "xyz": [1.9507322840639991, 1.126253540412, 21.021468386603], "abc": [0.666667, 0.333333, 0.8402109999999999], "species": [{"occu": 1, "element": "S"}], "properties": {"magmom": 0.0}}, {"label": "S", "xyz": [1.9507322840639991, 1.126253540412, 15.829669007826999], "abc": [0.666667, 0.333333, 0.632699], "species": [{"occu": 1, "element": "S"}], "properties": {"magmom": 0.0}}], "@class": "Structure", "@module": "pymatgen.core.structure"}