{"lattice": {"a": 4.38348492, "c": 22.353476, "b": 4.37785145, "matrix": [[4.38348492, 0.0, 0.0], [0.0, 4.37785145, 0.0], [0.0, 0.0, 22.353476]], "volume": 428.9686992166755, "beta": 90.0, "alpha": 90.0, "gamma": 90.0}, "sites": [{"label": "Ca", "xyz": [0.0, 2.188925725, 10.240088684086519], "abc": [-0.0, 0.5, 0.45809827000000003], "species": [{"occu": 1, "element": "Ca"}], "properties": {"magmom": 0.025}}, {"label": "Ca", "xyz": [0.0, 0.0, 12.75402229064028], "abc": [0.0, -0.0, 0.57056103], "species": [{"occu": 1, "element": "Ca"}], "properties": {"magmom": 0.075}}, {"label": "Ca", "xyz": [2.19174246, 0.0, 10.2495906996646], "abc": [0.5, 0.0, 0.45852335], "species": [{"occu": 1, "element": "Ca"}], "properties": {"magmom": 0.025}}, {"label": "C", "xyz": [2.19174246, 2.188925725, 11.4632503256086], "abc": [0.5, 0.5, 0.5128173500000001], "species": [{"occu": 1, "element": "C"}], "properties": {"magmom": 0.009000000000000001}}], "@class": "Structure", "@module": "pymatgen.core.structure"}