{"lattice": {"a": 3.13126993, "c": 20.0, "b": 3.131270329614054, "matrix": [[3.13126993, 3.0000000000000004e-08, 0.0], [-1.56563541, 2.7117595100000003, 0.0], [0.0, 0.0, 20.0]], "volume": 169.8250211604719, "beta": 90.0, "alpha": 90.0, "gamma": 120.00000463165485}, "sites": [{"label": "Al", "xyz": [-1.862301779992493e-06, 1.80784058725316, 10.0], "abc": [0.333333, 0.666667, 0.5], "species": [{"occu": 1, "element": "Al"}], "properties": {"magmom": -0.0}}, {"label": "N", "xyz": [0.0, 0.0, 10.0], "abc": [-0.0, 0.0, 0.5], "species": [{"occu": 1, "element": "N"}], "properties": {"magmom": -0.0}}], "@class": "Structure", "@module": "pymatgen.core.structure"}