{"lattice": {"a": 5.95717617, "c": 20.0, "b": 5.957175793146855, "matrix": [[5.95717617, 0.0, 0.0], [-2.97858809, 5.15906546, 0.0], [0.0, 0.0, 20.0]], "volume": 614.6692363556418, "beta": 90.0, "alpha": 90.0, "gamma": 120.00000214816545}, "sites": [{"label": "Cr", "xyz": [-2.981921419979249e-06, 3.43937869302182, 4.84002], "abc": [0.333333, 0.666667, 0.242001], "species": [{"occu": 1, "element": "Cr"}], "properties": {"magmom": 3.743}}, {"label": "Sn", "xyz": [1.49229872218161, 0.8615789962911431, 4.84002], "abc": [0.33400584, 0.16700292, 0.242001], "species": [{"occu": 1, "element": "Sn"}], "properties": {"magmom": -0.042}}, {"label": "Sn", "xyz": [4.4648774461483605, 0.8615789962911431, 4.84002], "abc": [0.8329970800000001, 0.16700292, 0.242001], "species": [{"occu": 1, "element": "Sn"}], "properties": {"magmom": -0.055}}, {"label": "Sn", "xyz": [2.978588051884148, 3.435907519008368, 4.84002], "abc": [0.8329970800000001, 0.66599417, 0.242001], "species": [{"occu": 1, "element": "Sn"}], "properties": {"magmom": -0.068}}], "@class": "Structure", "@module": "pymatgen.core.structure"}