{"lattice": {"a": 4.18242474, "c": 25.019273, "b": 4.182423688423046, "matrix": [[4.18242474, 0.0, 0.0], [-2.09121237, 3.62208486, 0.0], [-0.0, 0.0, 25.019273]], "volume": 379.0194017739047, "beta": 90.0, "alpha": 90.0, "gamma": 120.00000831716002}, "sites": [{"label": "Tl", "xyz": [0.0, 0.0, 16.975819417448097], "abc": [0.0, 0.0, 0.6785097], "species": [{"occu": 1, "element": "Tl"}], "properties": {"magmom": -0.0}}, {"label": "Tl", "xyz": [0.0, 0.0, 19.875317976981897], "abc": [0.0, -0.0, 0.7944003], "species": [{"occu": 1, "element": "Tl"}], "properties": {"magmom": -0.0}}, {"label": "Se", "xyz": [2.09121446121237, 1.20736041263838, 21.20595325011583], "abc": [0.666667, 0.333333, 0.84758471], "species": [{"occu": 1, "element": "Se"}], "properties": {"magmom": -0.0}}, {"label": "Se", "xyz": [2.09121446121237, 1.20736041263838, 15.64518414431417], "abc": [0.666667, 0.333333, 0.62532529], "species": [{"occu": 1, "element": "Se"}], "properties": {"magmom": -0.0}}], "@class": "Structure", "@module": "pymatgen.core.structure"}