{"lattice": {"a": 4.85970159, "c": 24.623946, "b": 4.859700780579441, "matrix": [[4.85970159, 0.0, 0.0], [-2.42985079, 4.2086241, -0.0], [-0.0, -0.0, 24.623946]], "volume": 503.6251271999062, "beta": 90.0, "alpha": 90.0, "gamma": 120.00000544161486}, "sites": [{"label": "Sb", "xyz": [0.0, 0.0, 7.028043547589999], "abc": [-0.0, 0.0, 0.285415], "species": [{"occu": 1, "element": "Sb"}], "properties": {"magmom": 0.0}}, {"label": "Cl", "xyz": [2.42985322651746, 1.4028732971253, 7.028043547589999], "abc": [0.666667, 0.333333, 0.285415], "species": [{"occu": 1, "element": "Cl"}], "properties": {"magmom": -0.0}}, {"label": "Cl", "xyz": [0.0, 0.0, 9.49623388576002], "abc": [-0.0, 0.0, 0.38565037], "species": [{"occu": 1, "element": "Cl"}], "properties": {"magmom": -0.0}}, {"label": "Cl", "xyz": [0.0, 0.0, 4.55985320941998], "abc": [-0.0, 0.0, 0.18517963], "species": [{"occu": 1, "element": "Cl"}], "properties": {"magmom": -0.0}}], "@class": "Structure", "@module": "pymatgen.core.structure"}