{"lattice": {"a": 3.00759205, "c": 22.343883, "b": 3.12815643, "matrix": [[3.00759205, 0.0, 0.0], [0.0, 3.12815643, 0.0], [0.0, 0.0, 22.343883]], "volume": 210.21613139203083, "beta": 90.0, "alpha": 90.0, "gamma": 90.0}, "sites": [{"label": "In", "xyz": [0.0, 2.3461173225, 12.60136482570423], "abc": [-0.0, 0.75, 0.56397381], "species": [{"occu": 1, "element": "In"}], "properties": {"magmom": 0.0}}, {"label": "In", "xyz": [0.0, 0.7820391075, 9.742518174295771], "abc": [0.0, 0.25, 0.43602619000000004], "species": [{"occu": 1, "element": "In"}], "properties": {"magmom": -0.0}}], "@class": "Structure", "@module": "pymatgen.core.structure"}