{"lattice": {"a": 4.283451, "c": 23.013137, "b": 4.283451785319872, "matrix": [[4.283451, 0.0, 0.0], [-2.141726, 3.709578, 0.0], [0.0, 0.0, 23.013137]], "volume": 365.67404289930823, "beta": 90.0, "alpha": 90.0, "gamma": 120.00000165790625}, "sites": [{"label": "Ca", "xyz": [-2.475058999737031e-06, 2.473053236526, 1.5103982075840001], "abc": [0.333333, 0.666667, 0.065632], "species": [{"occu": 1, "element": "Ca"}], "properties": {"magmom": 0.02}}, {"label": "Ca", "xyz": [2.141727475059, 1.236524763474, 21.502738792416], "abc": [0.666667, 0.333333, 0.934368], "species": [{"occu": 1, "element": "Ca"}], "properties": {"magmom": 0.02}}, {"label": "As", "xyz": [0.0, 0.0, 0.0], "abc": [0.0, 0.0, 0.0], "species": [{"occu": 1, "element": "As"}], "properties": {"magmom": 0.009000000000000001}}], "@class": "Structure", "@module": "pymatgen.core.structure"}