{"lattice": {"a": 4.313125660000002, "c": 23.52816777, "b": 4.313123756197879, "matrix": [[4.31312566, 1e-07, -0.0], [-2.15656164, 3.73527488, 0.0], [-0.0, 0.0, 23.52816777]], "volume": 379.0554912498114, "beta": 90.0, "alpha": 90.0, "gamma": 119.99999501936985}, "sites": [{"label": "Tl", "xyz": [0.0, 0.0, 13.292673652765245], "abc": [-0.0, 0.0, 0.5649685], "species": [{"occu": 1, "element": "Tl"}], "properties": {"magmom": 0.0}}, {"label": "Tl", "xyz": [0.0, 0.0, 18.319466696825746], "abc": [-0.0, 0.0, 0.7786185], "species": [{"occu": 1, "element": "Tl"}], "properties": {"magmom": 0.0}}, {"label": "S", "xyz": [-1.3632291002400248e-06, 2.49018453175826, 16.857147072246516], "abc": [0.333333, 0.666667, 0.71646663], "species": [{"occu": 1, "element": "S"}], "properties": {"magmom": 0.0}}, {"label": "S", "xyz": [-1.3632291002400248e-06, 2.49018453175826, 14.754993277344473], "abc": [0.333333, 0.666667, 0.62712037], "species": [{"occu": 1, "element": "S"}], "properties": {"magmom": 0.0}}], "@class": "Structure", "@module": "pymatgen.core.structure"}