{"lattice": {"a": 4.69285443, "c": 24.159589, "b": 4.692854464852681, "matrix": [[4.69285443, -0.0, 0.0], [-2.34642722, 4.06413119, 0.0], [0.0, 0.0, 24.159589]], "volume": 460.7807668411187, "beta": 90.0, "alpha": 90.0, "gamma": 119.9999998248145}, "sites": [{"label": "Ca", "xyz": [0.0, 0.0, 17.878357749944758], "abc": [-0.0, -0.0, 0.7400108400000001], "species": [{"occu": 1, "element": "Ca"}], "properties": {"magmom": -0.007}}, {"label": "Ca", "xyz": [0.0, 0.0, 14.60727792835824], "abc": [-0.0, -0.0, 0.60461616], "species": [{"occu": 1, "element": "Ca"}], "properties": {"magmom": -0.007}}, {"label": "Au", "xyz": [-2.349760550057597e-06, 2.70942214804373, 16.242805759357], "abc": [0.333333, 0.666667, 0.6723129999999999], "species": [{"occu": 1, "element": "Au"}], "properties": {"magmom": -0.003}}, {"label": "Au", "xyz": [2.346429559760549, 1.35470904195627, 16.242805759357], "abc": [0.666667, 0.333333, 0.6723129999999999], "species": [{"occu": 1, "element": "Au"}], "properties": {"magmom": -0.003}}], "@class": "Structure", "@module": "pymatgen.core.structure"}