{"lattice": {"a": 3.78456921, "c": 26.23475921, "b": 3.784567874338208, "matrix": [[3.78456921, -4e-08, 0.0], [-1.89228368, 3.27753207, -0.0], [0.0, -0.0, 26.23475921]], "volume": 325.4171831583114, "beta": 90.0, "alpha": 90.0, "gamma": 119.99999610990193}, "sites": [{"label": "Al", "xyz": [0.0, 0.0, 14.903446471925866], "abc": [-0.0, -0.0, 0.56808017], "species": [{"occu": 1, "element": "Al"}], "properties": {"magmom": -0.0}}, {"label": "Al", "xyz": [0.0, 0.0, 20.345234950760403], "abc": [-0.0, -0.0, 0.77550683], "species": [{"occu": 1, "element": "Al"}], "properties": {"magmom": -0.0}}, {"label": "Se", "xyz": [-1.275617630071544e-06, 2.18502245917737, 19.113435613311236], "abc": [0.333333, 0.666667, 0.72855388], "species": [{"occu": 1, "element": "Se"}], "properties": {"magmom": 0.0}}, {"label": "Se", "xyz": [-1.275617630071544e-06, 2.18502245917737, 16.135245809375036], "abc": [0.333333, 0.666667, 0.61503312], "species": [{"occu": 1, "element": "Se"}], "properties": {"magmom": 0.0}}], "@class": "Structure", "@module": "pymatgen.core.structure"}