{"lattice": {"a": 4.17541221, "c": 23.04799482, "b": 5.16216848, "matrix": [[4.17541221, 0.0, 0.0], [0.0, 5.16216848, 0.0], [0.0, 0.0, 23.04799482]], "volume": 496.78065898560163, "beta": 90.0, "alpha": 90.0, "gamma": 90.0}, "sites": [{"label": "Yb", "xyz": [0.0, 0.0, 11.98527075912955], "abc": [-0.0, 0.0, 0.5200136], "species": [{"occu": 1, "element": "Yb"}], "properties": {"magmom": -0.0}}, {"label": "Bi", "xyz": [2.087706105, 2.58108424, 12.44509277602529], "abc": [0.5, 0.5, 0.53996423], "species": [{"occu": 1, "element": "Bi"}], "properties": {"magmom": 0.0}}, {"label": "Bi", "xyz": [0.0, 2.58108424, 10.141628694845158], "abc": [-0.0, 0.5, 0.44002217], "species": [{"occu": 1, "element": "Bi"}], "properties": {"magmom": 0.0}}], "@class": "Structure", "@module": "pymatgen.core.structure"}