{"lattice": {"a": 3.014175030091338, "c": 24.04033100027754, "b": 3.014183800205248, "matrix": [[3.01417503, -1.8920000000000002e-05, 1.3880000000000001e-05], [-1.5071044100000002, 2.61035252, -1.039e-05], [0.00011108, -3.171e-05, 24.040331]], "volume": 189.15006644948588, "beta": 89.99947141862445, "alpha": 90.00039532098397, "gamma": 120.00063423162979}, "sites": [{"label": "Eu", "xyz": [3.014173628613362, -1.8632912446199994e-05, 5.8595008826300006e-05], "abc": [0.99999959, 1.1e-07, 1.8599999999999998e-06], "species": [{"occu": 1, "element": "Eu"}], "properties": {"magmom": 7.111}}, {"label": "Si", "xyz": [8.009753725896471e-05, 1.740204664336134, 21.400234694948367], "abc": [0.33333164, 0.6666682700000001, 0.89018063], "species": [{"occu": 1, "element": "Si"}], "properties": {"magmom": 0.021}}, {"label": "Si", "xyz": [1.507103018921534, 0.8700969124724691, 2.640055320446219], "abc": [0.66666877, 0.33333161, 0.10981752], "species": [{"occu": 1, "element": "Si"}], "properties": {"magmom": 0.021}}], "@class": "Structure", "@module": "pymatgen.core.structure"}