{"lattice": {"a": 3.74863514, "c": 21.231711, "b": 3.748634689009455, "matrix": [[3.74863514, -0.0, 0.0], [-1.87431757, 3.2464127400000002, 0.0], [-0.0, 0.0, 21.231711]], "volume": 258.38178849424116, "beta": 90.0, "alpha": 90.0, "gamma": 120.00000397975496}, "sites": [{"label": "Ni", "xyz": [-1.874317569969712e-06, 2.16427624213758, 14.543394429699271], "abc": [0.333333, 0.666667, 0.68498457], "species": [{"occu": 1, "element": "Ni"}], "properties": {"magmom": 0.0}}, {"label": "Te", "xyz": [1.8743194443175701, 1.08213649786242, 15.63903267170373], "abc": [0.666667, 0.333333, 0.73658843], "species": [{"occu": 1, "element": "Te"}], "properties": {"magmom": 0.0}}], "@class": "Structure", "@module": "pymatgen.core.structure"}