{"lattice": {"a": 4.420169, "c": 22.865869, "b": 4.420169, "matrix": [[4.420169, 0.0, 0.0], [0.0, 4.420169, 0.0], [0.0, 0.0, 22.865869]], "volume": 446.7509244783232, "beta": 90.0, "alpha": 90.0, "gamma": 90.0}, "sites": [{"label": "Zr", "xyz": [2.2100845, 2.2100845, 0.0], "abc": [0.5, 0.5, 0.0], "species": [{"occu": 1, "element": "Zr"}], "properties": {"magmom": -0.0}}, {"label": "Zr", "xyz": [0.0, 0.0, 0.0], "abc": [0.0, 0.0, 0.0], "species": [{"occu": 1, "element": "Zr"}], "properties": {"magmom": 0.0}}, {"label": "S", "xyz": [0.0, 2.2100845, 1.30632709597], "abc": [0.0, 0.5, 0.05713000000000001], "species": [{"occu": 1, "element": "S"}], "properties": {"magmom": -0.0}}, {"label": "S", "xyz": [2.2100845, 0.0, 21.55954190403], "abc": [0.5, 0.0, 0.9428700000000001], "species": [{"occu": 1, "element": "S"}], "properties": {"magmom": 0.0}}], "@class": "Structure", "@module": "pymatgen.core.structure"}