{"lattice": {"a": 2.794711009973303, "c": 23.83800000000086, "b": 2.794748944010893, "matrix": [[2.794711, -0.000236, 7e-06], [-1.397753, 2.420105, -4e-06], [4.9999999999999996e-06, 4e-06, 23.838]], "volume": 161.22030807906748, "beta": 89.99984447254204, "alpha": 90.00007969001878, "gamma": 120.01379956842025}, "sites": [{"label": "C", "xyz": [-1.397518225150999, 2.419988820836, 0.00021054261200000003], "abc": [6.000000000000001e-05, 0.999952, 9e-06], "species": [{"occu": 1, "element": "C"}], "properties": {"magmom": -0.0}}, {"label": "F", "xyz": [1.397105861637999, 0.8065993950919991, 1.184799609028], "abc": [0.666636, 0.333356, 0.049701999999999996], "species": [{"occu": 1, "element": "F"}], "properties": {"magmom": 0.0}}, {"label": "F", "xyz": [1.397114556241999, 0.806605417072999, 22.652992515038], "abc": [0.666638, 0.33335699999999996, 0.9502889999999999], "species": [{"occu": 1, "element": "F"}], "properties": {"magmom": 0.0}}], "@class": "Structure", "@module": "pymatgen.core.structure"}