{"lattice": {"a": 2.9241832199999997, "c": 20.0, "b": 2.92418318203329, "matrix": [[2.9241832199999997, 0.0, 0.0], [-1.4620916099999999, 2.5324169100000002, 0.0], [0.0, 0.0, 20.0]], "volume": 148.105020685325, "beta": 90.0, "alpha": 90.0, "gamma": 120.00000042949726}, "sites": [{"label": "Cd", "xyz": [0.0, 0.0, 10.0], "abc": [0.0, 0.0, 0.5], "species": [{"occu": 1, "element": "Cd"}], "properties": {"magmom": -0.0}}], "@class": "Structure", "@module": "pymatgen.core.structure"}