{"lattice": {"a": 2.828171, "c": 20.042799, "b": 2.828171, "matrix": [[2.828171, 0.0, 0.0], [0.0, 2.828171, 0.0], [0.0, 0.0, 20.042799]], "volume": 160.3133540978531, "beta": 90.0, "alpha": 90.0, "gamma": 90.0}, "sites": [{"label": "Be", "xyz": [0.0, 0.0, 9.886932361508999], "abc": [0.0, 0.0, 0.493291], "species": [{"occu": 1, "element": "Be"}], "properties": {"magmom": 0.0}}, {"label": "Be", "xyz": [0.0, 0.0, 7.600229380799999], "abc": [0.0, 0.0, 0.37920000000000004], "species": [{"occu": 1, "element": "Be"}], "properties": {"magmom": -0.0}}, {"label": "Ir", "xyz": [1.4140855, 1.4140855, 8.743590892554], "abc": [0.5, 0.5, 0.43624599999999997], "species": [{"occu": 1, "element": "Ir"}], "properties": {"magmom": 0.0}}], "@class": "Structure", "@module": "pymatgen.core.structure"}