{"lattice": {"a": 3.36285178, "c": 23.151102, "b": 3.362852618341531, "matrix": [[3.36285178, -0.0, 0.0], [-1.68142639, 2.91231575, 0.0], [0.0, 0.0, 23.151102]], "volume": 226.73462826038735, "beta": 90.0, "alpha": 90.0, "gamma": 120.00000159020324}, "sites": [{"label": "V", "xyz": [0.0, 0.0, 11.575551], "abc": [0.0, 0.0, 0.5], "species": [{"occu": 1, "element": "V"}], "properties": {"magmom": 0.79}}, {"label": "Se", "xyz": [1.68142740475939, 0.9707709458947491, 13.14707303846118], "abc": [0.666667, 0.333333, 0.56788109], "species": [{"occu": 1, "element": "Se"}], "properties": {"magmom": -0.056}}, {"label": "Se", "xyz": [-2.014759389965734e-06, 1.941544804105249, 10.004028961538822], "abc": [0.333333, 0.666667, 0.43211891], "species": [{"occu": 1, "element": "Se"}], "properties": {"magmom": -0.056}}], "@class": "Structure", "@module": "pymatgen.core.structure"}