{"lattice": {"a": 4.02898266720372, "c": 26.06608084422378, "b": 4.031265, "matrix": [[4.014692, 0.0, -0.339042], [0.0, 4.031265, 0.0], [-2.040221, 0.0, 25.986113]], "volume": 417.77821070356885, "beta": 99.31638850761526, "alpha": 90.0, "gamma": 90.0}, "sites": [{"label": "Sr", "xyz": [2.221005188709, 1.00781625, 2.003899297931], "abc": [0.596362, 0.25, 0.084895], "species": [{"occu": 1, "element": "Sr"}], "properties": {"magmom": 0.0}}, {"label": "Sr", "xyz": [0.973966817911, 3.02344875, 8.097759183209], "abc": [0.403638, 0.75, 0.316885], "species": [{"occu": 1, "element": "Sr"}], "properties": {"magmom": 0.0}}, {"label": "Li", "xyz": [0.5759849349889999, 1.00781625, 5.185031582285], "abc": [0.246503, 0.25, 0.20274699999999998], "species": [{"occu": 1, "element": "Li"}], "properties": {"magmom": 0.0}}, {"label": "Li", "xyz": [2.618989111852, 3.02344875, 4.916600912741999], "abc": [0.753497, 0.75, 0.199032], "species": [{"occu": 1, "element": "Li"}], "properties": {"magmom": 0.0}}], "@class": "Structure", "@module": "pymatgen.core.structure"}