{"lattice": {"a": 3.86138982, "c": 22.598526, "b": 3.86138982, "matrix": [[3.86138982, 0.0, 0.0], [0.0, 3.86138982, 0.0], [0.0, 0.0, 22.598526]], "volume": 336.9515105007936, "beta": 90.0, "alpha": 90.0, "gamma": 90.0}, "sites": [{"label": "Nd", "xyz": [1.9306949100000002, 1.9306949100000002, 0.0], "abc": [0.5, 0.5, 0.0], "species": [{"occu": 1, "element": "Nd"}], "properties": {"magmom": 0.0}}, {"label": "Sn", "xyz": [0.0, 0.0, 1.7998245755547], "abc": [0.0, 0.0, 0.07964345], "species": [{"occu": 1, "element": "Sn"}], "properties": {"magmom": 0.0}}, {"label": "Sn", "xyz": [0.0, 0.0, 20.7987014244453], "abc": [-0.0, 0.0, 0.92035655], "species": [{"occu": 1, "element": "Sn"}], "properties": {"magmom": 0.0}}], "@class": "Structure", "@module": "pymatgen.core.structure"}