{"lattice": {"a": 3.44089396, "c": 25.87179, "b": 3.447177739896827, "matrix": [[3.44089396, -0.0, 0.0], [-1.7204464800000001, 2.9871555499999998, 0.0], [0.0, 0.0, 25.87179]], "volume": 265.922818104344, "beta": 90.0, "alpha": 90.0, "gamma": 119.93970843237149}, "sites": [{"label": "Zr", "xyz": [1.4971394520800869e-07, 0.997222539528906, 14.1179975238141], "abc": [0.16691841000000002, 0.33383683000000003, 0.54569079], "species": [{"occu": 1, "element": "Zr"}], "properties": {"magmom": 0.0}}, {"label": "Zr", "xyz": [1.720446998268054, 0.006354187671293, 11.7537924761859], "abc": [0.50106359, 0.00212717, 0.45430921], "species": [{"occu": 1, "element": "Zr"}], "properties": {"magmom": 0.0}}, {"label": "Cl", "xyz": [1.720447331164624, 1.99518186097422, 15.8728642228506], "abc": [0.8339601600000001, 0.66792031, 0.61352014], "species": [{"occu": 1, "element": "Cl"}], "properties": {"magmom": -0.0}}, {"label": "Cl", "xyz": [1.7204455763698951, 1.9955474290704291, 9.9989257771494], "abc": [0.83402084, 0.66804269, 0.38647986], "species": [{"occu": 1, "element": "Cl"}], "properties": {"magmom": -0.0}}], "@class": "Structure", "@module": "pymatgen.core.structure"}