{"lattice": {"a": 3.297397, "c": 23.042555, "b": 3.3806, "matrix": [[3.297397, 0.0, 0.0], [0.0, 3.3806, 0.0], [0.0, 0.0, 23.042555]], "volume": 256.8595151161899, "beta": 90.0, "alpha": 90.0, "gamma": 90.0}, "sites": [{"label": "Ag", "xyz": [0.0, 0.8451500000000001, 21.85475737486], "abc": [0.0, 0.25, 0.948452], "species": [{"occu": 1, "element": "Ag"}], "properties": {"magmom": 0.0}}, {"label": "Ag", "xyz": [0.0, 2.53545, 1.18779762514], "abc": [0.0, 0.75, 0.051548], "species": [{"occu": 1, "element": "Ag"}], "properties": {"magmom": 0.0}}, {"label": "F", "xyz": [1.6486985, 2.53545, 21.571172650475], "abc": [0.5, 0.75, 0.936145], "species": [{"occu": 1, "element": "F"}], "properties": {"magmom": 0.0}}, {"label": "F", "xyz": [1.6486985, 0.8451500000000001, 1.47135930697], "abc": [0.5, 0.25, 0.063854], "species": [{"occu": 1, "element": "F"}], "properties": {"magmom": 0.0}}], "@class": "Structure", "@module": "pymatgen.core.structure"}