{"lattice": {"a": 2.6676028, "c": 20.0, "b": 2.6676028, "matrix": [[2.6676028, 0.0, 0.0], [0.0, 2.6676028, 0.0], [0.0, 0.0, 20.0]], "volume": 142.3220939713568, "beta": 90.0, "alpha": 90.0, "gamma": 90.0}, "sites": [{"label": "Al", "xyz": [1.3338014, 1.3338014, 10.0], "abc": [0.5, 0.5, 0.5], "species": [{"occu": 1, "element": "Al"}], "properties": {"magmom": -0.001}}], "@class": "Structure", "@module": "pymatgen.core.structure"}