{"lattice": {"a": 3.123298281635341, "c": 20.0, "b": 3.123298560224836, "matrix": [[3.12328698, 0.00840218, 0.0], [0.00886473, 3.12328598, 0.0], [0.0, 0.0, 20.0]], "volume": 195.09687906186855, "beta": 90.0, "alpha": 90.0, "gamma": 89.68324437939883}, "sites": [{"label": "Pb", "xyz": [1.566075855, 1.56584408, 10.0], "abc": [0.5, 0.5, 0.5], "species": [{"occu": 1, "element": "Pb"}], "properties": {"magmom": 0.0}}], "@class": "Structure", "@module": "pymatgen.core.structure"}