{"lattice": {"a": 3.719675314647899, "c": 20.412076, "b": 3.719675716724661, "matrix": [[3.71967515, 0.00110674, 0.0], [0.0028433300000000002, 3.71967463, 0.0], [0.0, 0.0, 20.412076]], "volume": 282.42103733760007, "beta": 90.0, "alpha": 90.0, "gamma": 89.93915535098428}, "sites": [{"label": "Ho", "xyz": [3.661106789753972, 3.659398337465631, 10.002883955919359], "abc": [0.98350265, 0.98350265, 0.49004736], "species": [{"occu": 1, "element": "Ho"}], "properties": {"magmom": -0.0}}, {"label": "S", "xyz": [1.7999320509234682, 1.799092114202729, 10.409192044080639], "abc": [0.48352535, 0.48352535, 0.50995264], "species": [{"occu": 1, "element": "S"}], "properties": {"magmom": 0.0}}], "@class": "Structure", "@module": "pymatgen.core.structure"}