{"lattice": {"a": 3.9925922, "c": 24.665211, "b": 3.992592112681521, "matrix": [[3.9925922, -0.0, -0.0], [-1.9962955999999998, 3.45768646, 0.0], [-0.0, -0.0, 24.665211]], "volume": 340.5064934221593, "beta": 90.0, "alpha": 90.0, "gamma": 119.99999243818061}, "sites": [{"label": "Pb", "xyz": [0.0, 0.0, 0.0], "abc": [0.0, -0.0, 0.0], "species": [{"occu": 1, "element": "Pb"}], "properties": {"magmom": -0.0}}, {"label": "Se", "xyz": [1.9962982629625992, 1.15256100077118, 1.6813164404204999], "abc": [0.666667, 0.333333, 0.06816549999999999], "species": [{"occu": 1, "element": "Se"}], "properties": {"magmom": 0.0}}, {"label": "Se", "xyz": [-1.662962600108555e-06, 2.30512545922882, 22.9838945595795], "abc": [0.333333, 0.666667, 0.9318345], "species": [{"occu": 1, "element": "Se"}], "properties": {"magmom": 0.0}}], "@class": "Structure", "@module": "pymatgen.core.structure"}