{"lattice": {"a": 3.756516, "c": 21.950498, "b": 3.756517118582318, "matrix": [[3.756516, 0.0, 0.0], [-1.878259, 3.2532389999999998, 0.0], [0.0, 0.0, 21.950498]], "volume": 268.25361957985075, "beta": 90.0, "alpha": 90.0, "gamma": 120.00000776172782}, "sites": [{"label": "Ti", "xyz": [0.0, 0.0, 0.0], "abc": [0.0, 0.0, 0.0], "species": [{"occu": 1, "element": "Ti"}], "properties": {"magmom": 0.0}}, {"label": "As", "xyz": [1.8782595449250001, 1.084411915587, 20.61415168176], "abc": [0.666667, 0.333333, 0.9391200000000001], "species": [{"occu": 1, "element": "As"}], "properties": {"magmom": -0.0}}, {"label": "As", "xyz": [-2.544924999977125e-06, 2.168827084413, 1.33634631824], "abc": [0.333333, 0.666667, 0.060880000000000004], "species": [{"occu": 1, "element": "As"}], "properties": {"magmom": -0.0}}], "@class": "Structure", "@module": "pymatgen.core.structure"}