{"lattice": {"a": 3.517821, "c": 22.60873, "b": 3.517821311213661, "matrix": [[3.517821, 0.0, 0.0], [-1.7589100000000002, 3.046523, 0.0], [0.0, 0.0, 22.60873]], "volume": 242.30053093243495, "beta": 90.0, "alpha": 90.0, "gamma": 119.99998767003999}, "sites": [{"label": "Si", "xyz": [0.0, 0.0, 0.0], "abc": [0.0, 0.0, 0.0], "species": [{"occu": 1, "element": "Si"}], "properties": {"magmom": -0.0}}, {"label": "Se", "xyz": [1.758912425577, 1.015506651159, 1.4407187105200001], "abc": [0.666667, 0.333333, 0.063724], "species": [{"occu": 1, "element": "Se"}], "properties": {"magmom": -0.0}}, {"label": "Se", "xyz": [-1.425576999988318e-06, 2.031016348841, 21.168011289480003], "abc": [0.333333, 0.666667, 0.936276], "species": [{"occu": 1, "element": "Se"}], "properties": {"magmom": -0.0}}], "@class": "Structure", "@module": "pymatgen.core.structure"}