{"lattice": {"a": 3.91579963, "c": 20.19552, "b": 3.915798830619502, "matrix": [[3.91579963, 1e-08, -0.0], [-1.9578993, 3.39118133, 0.0], [-0.0, 0.0, 20.19552]], "volume": 268.1800789044457, "beta": 90.0, "alpha": 90.0, "gamma": 119.99999790546205}, "sites": [{"label": "Au", "xyz": [0.0, 0.0, 3.798756106703999], "abc": [0.0, 0.0, 0.18809895000000001], "species": [{"occu": 1, "element": "Au"}], "properties": {"magmom": -0.0}}, {"label": "F", "xyz": [1.9579019445663102, 1.13039265293956, 3.784035592176], "abc": [0.666667, 0.333333, 0.18737005], "species": [{"occu": 1, "element": "F"}], "properties": {"magmom": 0.0}}], "@class": "Structure", "@module": "pymatgen.core.structure"}