{"lattice": {"a": 3.224218, "c": 23.838, "b": 3.2242182638441212, "matrix": [[3.224218, 0.0, 0.0], [-1.612109, 2.792255, 0.0], [0.0, 0.0, 23.838]], "volume": 214.6096720674424, "beta": 90.0, "alpha": 90.0, "gamma": 119.99999729302039}, "sites": [{"label": "C", "xyz": [0.0, 0.0, 0.0], "abc": [0.0, 0.0, 0.0], "species": [{"occu": 1, "element": "C"}], "properties": {"magmom": -0.0}}, {"label": "Cl", "xyz": [1.6121106121089999, 0.9307507359149991, 1.4933553480000001], "abc": [0.666667, 0.333333, 0.062646], "species": [{"occu": 1, "element": "Cl"}], "properties": {"magmom": 0.0}}, {"label": "Cl", "xyz": [1.6121106121089999, 0.9307507359149991, 22.344644652000003], "abc": [0.666667, 0.333333, 0.9373539999999999], "species": [{"occu": 1, "element": "Cl"}], "properties": {"magmom": 0.0}}], "@class": "Structure", "@module": "pymatgen.core.structure"}