{"lattice": {"a": 4.97349648, "c": 22.957399, "b": 5.26665744, "matrix": [[4.97349648, 0.0, 0.0], [0.0, 5.26665744, 0.0], [0.0, 0.0, 22.957399]], "volume": 601.3392735926412, "beta": 90.0, "alpha": 90.0, "gamma": 90.0}, "sites": [{"label": "Ca", "xyz": [2.48674824, 0.0, 10.49169571797684], "abc": [0.5, -0.0, 0.45700716], "species": [{"occu": 1, "element": "Ca"}], "properties": {"magmom": 0.007}}, {"label": "Ca", "xyz": [0.0, 2.63332872, 7.315798755361549], "abc": [-0.0, 0.5, 0.31866845], "species": [{"occu": 1, "element": "Ca"}], "properties": {"magmom": 0.053}}, {"label": "Bi", "xyz": [0.0, 0.0, 8.800636030439609], "abc": [0.0, -0.0, 0.38334639], "species": [{"occu": 1, "element": "Bi"}], "properties": {"magmom": 0.021}}], "@class": "Structure", "@module": "pymatgen.core.structure"}