{"lattice": {"a": 3.83964, "c": 22.485034, "b": 3.83964, "matrix": [[3.83964, 0.0, 0.0], [0.0, 3.83964, 0.0], [0.0, 0.0, 22.485034]], "volume": 331.49315364245723, "beta": 90.0, "alpha": 90.0, "gamma": 90.0}, "sites": [{"label": "B", "xyz": [0.0, 0.0, 7.270715624171999], "abc": [0.0, 0.0, 0.323358], "species": [{"occu": 1, "element": "B"}], "properties": {"magmom": 0.0}}, {"label": "F", "xyz": [0.0, 0.0, 5.994644974604], "abc": [0.0, 0.0, 0.266606], "species": [{"occu": 1, "element": "F"}], "properties": {"magmom": 0.0}}], "@class": "Structure", "@module": "pymatgen.core.structure"}