{"lattice": {"a": 2.7664603, "c": 23.983674, "b": 2.7664603, "matrix": [[2.7664603, 0.0, 0.0], [0.0, 2.7664603, 0.0], [0.0, -0.0, 23.983674]], "volume": 183.55431437731772, "beta": 90.0, "alpha": 90.0, "gamma": 90.0}, "sites": [{"label": "Be", "xyz": [1.38323015, 1.38323015, 17.092950045754442], "abc": [0.5, 0.5, 0.71269106], "species": [{"occu": 1, "element": "Be"}], "properties": {"magmom": -0.0}}, {"label": "Be", "xyz": [1.38323015, 1.38323015, 13.43234298876756], "abc": [0.5, 0.5, 0.56006194], "species": [{"occu": 1, "element": "Be"}], "properties": {"magmom": -0.0}}, {"label": "Hg", "xyz": [0.0, 0.0, 15.262658509098], "abc": [0.0, 0.0, 0.636377], "species": [{"occu": 1, "element": "Hg"}], "properties": {"magmom": -0.0}}], "@class": "Structure", "@module": "pymatgen.core.structure"}