{"lattice": {"a": 3.3208473, "c": 22.656191, "b": 3.3208473, "matrix": [[3.3208473, 0.0, -0.0], [0.0, 3.3208473, 0.0], [-0.0, 0.0, 22.656191]], "volume": 249.85308130548302, "beta": 90.0, "alpha": 90.0, "gamma": 90.0}, "sites": [{"label": "Be", "xyz": [0.0, 0.0, 0.0], "abc": [-0.0, 0.0, 0.0], "species": [{"occu": 1, "element": "Be"}], "properties": {"magmom": 0.0}}, {"label": "Cl", "xyz": [0.0, 1.66042365, 21.45097928698321], "abc": [0.0, 0.5, 0.94680431], "species": [{"occu": 1, "element": "Cl"}], "properties": {"magmom": 0.0}}, {"label": "Cl", "xyz": [1.66042365, 0.0, 1.205211713016789], "abc": [0.5, 0.0, 0.053195690000000004], "species": [{"occu": 1, "element": "Cl"}], "properties": {"magmom": -0.0}}], "@class": "Structure", "@module": "pymatgen.core.structure"}