{"lattice": {"a": 2.7948986, "c": 21.900659, "b": 2.794899190108377, "matrix": [[2.7948986, 0.0, 0.0], [1.3974493, 2.4204538700000002, 0.0], [0.0, 0.0, 21.900659]], "volume": 148.15627468888843, "beta": 90.0, "alpha": 90.0, "gamma": 60.000006984376185}, "sites": [{"label": "Ni", "xyz": [0.0, 0.0, 10.9503295], "abc": [-0.0, -0.0, 0.5], "species": [{"occu": 1, "element": "Ni"}], "properties": {"magmom": 0.0}}, {"label": "O", "xyz": [2.7948999974493, 1.613636720151289, 11.90170814338176], "abc": [0.666667, 0.666667, 0.54344064], "species": [{"occu": 1, "element": "O"}], "properties": {"magmom": -0.0}}, {"label": "O", "xyz": [1.397447902550699, 0.8068171498487091, 9.99895085661824], "abc": [0.333333, 0.333333, 0.45655936], "species": [{"occu": 1, "element": "O"}], "properties": {"magmom": -0.0}}], "@class": "Structure", "@module": "pymatgen.core.structure"}