{"lattice": {"a": 3.622241, "c": 22.797818, "b": 3.622241, "matrix": [[3.622241, 0.0, 0.0], [0.0, 3.622241, 0.0], [0.0, 0.0, 22.797818]], "volume": 299.1217316410877, "beta": 90.0, "alpha": 90.0, "gamma": 90.0}, "sites": [{"label": "Co", "xyz": [0.0, 0.0, 0.0], "abc": [0.0, 0.0, 0.0], "species": [{"occu": 1, "element": "Co"}], "properties": {"magmom": 0.435}}, {"label": "Co", "xyz": [1.8111205, 1.8111205, 0.0], "abc": [0.5, 0.5, 0.0], "species": [{"occu": 1, "element": "Co"}], "properties": {"magmom": 0.434}}, {"label": "S", "xyz": [0.0, 1.8111205, 1.226317428038], "abc": [0.0, 0.5, 0.053791], "species": [{"occu": 1, "element": "S"}], "properties": {"magmom": 0.024}}, {"label": "S", "xyz": [1.8111205, 0.0, 21.571500571961998], "abc": [0.5, 0.0, 0.946209], "species": [{"occu": 1, "element": "S"}], "properties": {"magmom": 0.024}}], "@class": "Structure", "@module": "pymatgen.core.structure"}