{"lattice": {"a": 3.73008288, "c": 26.2419972, "b": 3.73008279140437, "matrix": [[3.73008288, 0.0, 0.0], [1.8650414400000002, 3.23034643, 0.0], [0.0, 0.0, 26.2419972]], "volume": 316.20189335126025, "beta": 90.0, "alpha": 90.0, "gamma": 59.99999921430167}, "sites": [{"label": "Y", "xyz": [1.86503957495856, 1.076781066551189, 11.72739372089652], "abc": [0.333333, 0.333333, 0.44689409999999996], "species": [{"occu": 1, "element": "Y"}], "properties": {"magmom": 0.376}}, {"label": "Y", "xyz": [0.0, 0.0, 14.514603479103481], "abc": [-0.0, 0.0, 0.5531058999999999], "species": [{"occu": 1, "element": "Y"}], "properties": {"magmom": 0.376}}, {"label": "Cl", "xyz": [3.73008474504144, 2.15356536344881, 16.258194463403726], "abc": [0.666667, 0.666667, 0.61954867], "species": [{"occu": 1, "element": "Cl"}], "properties": {"magmom": 0.006}}, {"label": "Cl", "xyz": [3.73008474504144, 2.15356536344881, 9.983802736596276], "abc": [0.666667, 0.666667, 0.38045133000000003], "species": [{"occu": 1, "element": "Cl"}], "properties": {"magmom": 0.006}}], "@class": "Structure", "@module": "pymatgen.core.structure"}