{"lattice": {"a": 4.178448643768703, "c": 23.288772871053414, "b": 4.178448662645393, "matrix": [[4.17762797, 0.02584126, 0.07867555], [0.026264410000000002, 4.17762535, 0.07867555], [0.44519081, 0.44514572, 23.28026186]], "volume": 405.9936632229855, "beta": 87.81922141587376, "alpha": 87.8192214185734, "gamma": 89.26532344934033}, "sites": [{"label": "As", "xyz": [0.391807511428007, 0.391767828340197, 17.88639042948983], "abc": [0.01184614, 0.01184614, 0.76822703], "species": [{"occu": 1, "element": "As"}], "properties": {"magmom": 0.0}}, {"label": "As", "xyz": [2.457791462194464, 2.457542536250208, 20.297351729236308], "abc": [0.49266856000000003, 0.49266856000000003, 0.8685396200000001], "species": [{"occu": 1, "element": "As"}], "properties": {"magmom": 0.0}}, {"label": "Se", "xyz": [0.48437152361766206, 0.484322465539584, 20.261836708111336], "abc": [0.02306714, 0.02306714, 0.8701881100000001], "species": [{"occu": 1, "element": "Se"}], "properties": {"magmom": 0.0}}, {"label": "Se", "xyz": [2.361031756795613, 2.360792630780897, 17.92841784744269], "abc": [0.48041915, 0.48041915, 0.7668652300000001], "species": [{"occu": 1, "element": "Se"}], "properties": {"magmom": -0.0}}], "@class": "Structure", "@module": "pymatgen.core.structure"}