{"lattice": {"a": 4.08735, "c": 28.784137, "b": 4.087350057020563, "matrix": [[4.08735, 0.0, 0.0], [-2.043675, 3.539749, 0.0], [0.0, 0.0, 28.784137]], "volume": 416.4544516175689, "beta": 90.0, "alpha": 90.0, "gamma": 119.99999953852127}, "sites": [{"label": "Sr", "xyz": [-2.0436749999505476e-06, 2.359833846583, 9.706097348811], "abc": [0.333333, 0.666667, 0.337203], "species": [{"occu": 1, "element": "Sr"}], "properties": {"magmom": -0.0}}, {"label": "Sr", "xyz": [2.043677043675, 1.179915153417, 19.078039651189], "abc": [0.666667, 0.333333, 0.662797], "species": [{"occu": 1, "element": "Sr"}], "properties": {"magmom": -0.0}}, {"label": "Ca", "xyz": [2.043677043675, 1.179915153417, 12.874137035305], "abc": [0.666667, 0.333333, 0.44726499999999997], "species": [{"occu": 1, "element": "Ca"}], "properties": {"magmom": 0.0}}, {"label": "Ca", "xyz": [-2.0436749999505476e-06, 2.359833846583, 15.909999964695], "abc": [0.333333, 0.666667, 0.552735], "species": [{"occu": 1, "element": "Ca"}], "properties": {"magmom": 0.0}}], "@class": "Structure", "@module": "pymatgen.core.structure"}