{"lattice": {"a": 3.09991738, "c": 29.028006, "b": 3.099917541440359, "matrix": [[3.09991738, 1e-08, 0.0], [-1.5499591700000002, 2.68460711, 0.0], [0.0, 0.0, 29.028006]], "volume": 241.5728149930255, "beta": 90.0, "alpha": 90.0, "gamma": 120.0000083367326}, "sites": [{"label": "Ce", "xyz": [-1.869958849961343e-06, 1.7897389715357002, 12.96074720058678], "abc": [0.333333, 0.666667, 0.44649113], "species": [{"occu": 1, "element": "Ce"}], "properties": {"magmom": -0.0}}, {"label": "Ce", "xyz": [1.54996007995885, 0.8948681484643001, 16.06725879941322], "abc": [0.666667, 0.333333, 0.55350887], "species": [{"occu": 1, "element": "Ce"}], "properties": {"magmom": -0.0}}, {"label": "Mg", "xyz": [1.54996007995885, 0.8948681484643001, 10.018697833674182], "abc": [0.666667, 0.333333, 0.34513903], "species": [{"occu": 1, "element": "Mg"}], "properties": {"magmom": 0.0}}, {"label": "Mg", "xyz": [-1.869958849961343e-06, 1.7897389715357002, 19.00930816632582], "abc": [0.333333, 0.666667, 0.65486097], "species": [{"occu": 1, "element": "Mg"}], "properties": {"magmom": 0.0}}], "@class": "Structure", "@module": "pymatgen.core.structure"}