{"lattice": {"a": 3.7155946, "c": 22.883476, "b": 3.7155946, "matrix": [[3.7155946, 0.0, 0.0], [0.0, 3.7155946, 0.0], [0.0, 0.0, 22.883476]], "volume": 315.9211055537177, "beta": 90.0, "alpha": 90.0, "gamma": 90.0}, "sites": [{"label": "Sr", "xyz": [0.0, 0.0, 11.674541441242681], "abc": [-0.0, -0.0, 0.51017343], "species": [{"occu": 1, "element": "Sr"}], "properties": {"magmom": -0.004}}, {"label": "Sr", "xyz": [0.0, 0.0, 8.29108541747332], "abc": [-0.0, -0.0, 0.36231757000000003], "species": [{"occu": 1, "element": "Sr"}], "properties": {"magmom": -0.004}}, {"label": "Rh", "xyz": [1.8577973, 1.8577973, 9.982824871096001], "abc": [0.5, 0.5, 0.43624599999999997], "species": [{"occu": 1, "element": "Rh"}], "properties": {"magmom": -0.0}}], "@class": "Structure", "@module": "pymatgen.core.structure"}