{"lattice": {"a": 4.565042000193317, "c": 20.000000000000625, "b": 4.565067907839487, "matrix": [[4.565042, 4.2000000000000004e-05, -1e-06], [-2.282492, 3.953489, 1e-06], [-3e-06, 4e-06, 20.0]], "volume": 360.9587839240191, "beta": 90.00002114524777, "alpha": 89.99997322799956, "gamma": 119.99886484123016}, "sites": [{"label": "Tl", "xyz": [-0.000173553234999, 2.6358540988479993, 7.707460333398], "abc": [0.333314, 0.666712, 0.38537299999999997], "species": [{"occu": 1, "element": "Tl"}], "properties": {"magmom": 0.0}}, {"label": "As", "xyz": [-2.282303708121, 3.953312635204999, 7.707060999936], "abc": [1.9e-05, 0.9999549999999999, 0.385353], "species": [{"occu": 1, "element": "As"}], "properties": {"magmom": -0.0}}], "@class": "Structure", "@module": "pymatgen.core.structure"}