{"lattice": {"a": 3.89951001, "c": 22.855457, "b": 3.89951001, "matrix": [[3.89951001, 0.0, 0.0], [0.0, 3.89951001, 0.0], [0.0, 0.0, 22.855457]], "volume": 347.5441546834429, "beta": 90.0, "alpha": 90.0, "gamma": 90.0}, "sites": [{"label": "Pb", "xyz": [0.0, 0.0, 11.4277285], "abc": [-0.0, 0.0, 0.5], "species": [{"occu": 1, "element": "Pb"}], "properties": {"magmom": 0.0}}, {"label": "S", "xyz": [1.949755005, 0.0, 13.04618192013992], "abc": [0.5, -0.0, 0.57081256], "species": [{"occu": 1, "element": "S"}], "properties": {"magmom": -0.0}}, {"label": "S", "xyz": [0.0, 1.949755005, 9.80927507986008], "abc": [-0.0, 0.5, 0.42918744000000003], "species": [{"occu": 1, "element": "S"}], "properties": {"magmom": -0.0}}], "@class": "Structure", "@module": "pymatgen.core.structure"}