{"lattice": {"a": 3.46889832, "c": 23.344567, "b": 4.18061746, "matrix": [[3.46889832, 0.0, 0.0], [0.0, 4.18061746, 0.0], [0.0, 0.0, 23.344567]], "volume": 338.5461061213598, "beta": 90.0, "alpha": 90.0, "gamma": 90.0}, "sites": [{"label": "P", "xyz": [2.60167374, 3.267575539864602, 12.265933504353299], "abc": [0.75, 0.78160118, 0.5254299], "species": [{"occu": 1, "element": "P"}], "properties": {"magmom": 0.0}}, {"label": "P", "xyz": [0.86722458, 1.966551165516858, 13.066305252187682], "abc": [0.25, 0.47039729999999996, 0.55971504], "species": [{"occu": 1, "element": "P"}], "properties": {"magmom": 0.0}}, {"label": "P", "xyz": [2.60167374, 2.214066294483141, 10.278261747812321], "abc": [0.75, 0.5296027, 0.44028496], "species": [{"occu": 1, "element": "P"}], "properties": {"magmom": 0.0}}, {"label": "P", "xyz": [0.86722458, 0.9130419201353971, 11.0786334956467], "abc": [0.25, 0.21839882, 0.4745701], "species": [{"occu": 1, "element": "P"}], "properties": {"magmom": 0.0}}], "@class": "Structure", "@module": "pymatgen.core.structure"}