{"lattice": {"a": 4.11473166, "c": 24.817356, "b": 4.114731766247362, "matrix": [[4.11473166, 0.0, 0.0], [-2.05736583, 3.56346227, 0.0], [0.0, 0.0, 24.817356]], "volume": 363.8892230006655, "beta": 90.0, "alpha": 90.0, "gamma": 119.9999991458412}, "sites": [{"label": "Al", "xyz": [-2.057365830115526e-06, 2.37564270115409, 0.474083469932399], "abc": [0.333333, 0.666667, 0.0191029], "species": [{"occu": 1, "element": "Al"}], "properties": {"magmom": 0.0}}, {"label": "Al", "xyz": [-2.057365830115526e-06, 2.37564270115409, 3.0523387308876], "abc": [0.333333, 0.666667, 0.1229921], "species": [{"occu": 1, "element": "Al"}], "properties": {"magmom": 0.0}}, {"label": "Te", "xyz": [0.0, 0.0, 24.01157913653232], "abc": [0.0, 0.0, 0.96753172], "species": [{"occu": 1, "element": "Te"}], "properties": {"magmom": 0.0}}, {"label": "Te", "xyz": [0.0, 0.0, 4.332199064287679], "abc": [0.0, 0.0, 0.17456328000000002], "species": [{"occu": 1, "element": "Te"}], "properties": {"magmom": 0.0}}], "@class": "Structure", "@module": "pymatgen.core.structure"}