{"lattice": {"a": 4.079464154734654, "c": 22.849215, "b": 4.46286269437494, "matrix": [[4.07793765, -0.11158993, 0.0], [-0.17177008, 4.45955586, 0.0], [0.0, 0.0, 22.849215]], "volume": 415.09307321019577, "beta": 90.0, "alpha": 90.0, "gamma": 93.7732567359507}, "sites": [{"label": "As", "xyz": [2.290230872017077, 2.681274008163361, 11.902846139793], "abc": [0.58755968, 0.61594469, 0.5209302], "species": [{"occu": 1, "element": "As"}], "properties": {"magmom": 0.0}}, {"label": "As", "xyz": [0.11314385191508301, 1.1533991281847191, 10.946368860207], "abc": [0.038680320000000004, 0.25960331000000003, 0.4790698], "species": [{"occu": 1, "element": "As"}], "properties": {"magmom": 0.0}}, {"label": "Se", "xyz": [0.047440017371667004, 4.443598097628911, 13.002130556144701], "abc": [0.05366097, 0.99776441, 0.56904058], "species": [{"occu": 1, "element": "Se"}], "properties": {"magmom": 0.0}}, {"label": "Se", "xyz": [2.184164626560492, 3.850630898719169, 9.8470844438553], "abc": [0.57257903, 0.8777835900000001, 0.43095942], "species": [{"occu": 1, "element": "Se"}], "properties": {"magmom": 0.0}}], "@class": "Structure", "@module": "pymatgen.core.structure"}