{"lattice": {"a": 4.534766, "c": 22.957399, "b": 4.5368189999999995, "matrix": [[4.534766, 0.0, 0.0], [0.0, 4.5368189999999995, 0.0], [0.0, 0.0, 22.957399]], "volume": 472.312040687127, "beta": 90.0, "alpha": 90.0, "gamma": 90.0}, "sites": [{"label": "Ca", "xyz": [2.267383, 0.0, 10.311568292238999], "abc": [0.5, 0.0, 0.449161], "species": [{"occu": 1, "element": "Ca"}], "properties": {"magmom": 0.013000000000000001}}, {"label": "Ca", "xyz": [0.0, 2.2684094999999997, 7.428968401602], "abc": [0.0, 0.5, 0.323598], "species": [{"occu": 1, "element": "Ca"}], "properties": {"magmom": 0.013000000000000001}}, {"label": "P", "xyz": [0.0, 0.0, 8.867593809937], "abc": [0.0, 0.0, 0.38626299999999997], "species": [{"occu": 1, "element": "P"}], "properties": {"magmom": 0.011}}], "@class": "Structure", "@module": "pymatgen.core.structure"}