{"lattice": {"a": 3.407270738957977, "c": 21.950507, "b": 3.407270809867815, "matrix": [[3.40727072, 0.00035943, 0.0], [1.70338974, 2.9509249, 0.0], [0.0, 0.0, 21.950507]], "volume": 220.6901286887512, "beta": 90.0, "alpha": 90.0, "gamma": 59.998725915220824}, "sites": [{"label": "Zr", "xyz": [0.0, 0.0, 10.9752535], "abc": [-0.0, 0.0, 0.5], "species": [{"occu": 1, "element": "Zr"}], "properties": {"magmom": -0.0}}, {"label": "N", "xyz": [3.407145729175155, 1.967545267239502, 10.00782990251435], "abc": [0.66667425, 0.66667425, 0.45592705], "species": [{"occu": 1, "element": "N"}], "properties": {"magmom": 0.002}}, {"label": "N", "xyz": [1.703514730824844, 0.983739062760497, 11.942677097485651], "abc": [0.33332575000000003, 0.33332575000000003, 0.54407295], "species": [{"occu": 1, "element": "N"}], "properties": {"magmom": 0.002}}], "@class": "Structure", "@module": "pymatgen.core.structure"}