{"lattice": {"a": 2.8743980000000002, "c": 20.0, "b": 2.8743980000000002, "matrix": [[2.8743980000000002, 0.0, 0.0], [0.0, 2.8743980000000002, 0.0], [0.0, 0.0, 20.0]], "volume": 165.24327724807995, "beta": 90.0, "alpha": 90.0, "gamma": 90.0}, "sites": [{"label": "Br", "xyz": [1.4371990000000001, 1.4371990000000001, 10.0], "abc": [0.5, 0.5, 0.5], "species": [{"occu": 1, "element": "Br"}], "properties": {"magmom": 0.0}}], "@class": "Structure", "@module": "pymatgen.core.structure"}