{"lattice": {"a": 3.8096408200000003, "c": 23.451387, "b": 3.809640907109875, "matrix": [[3.8096408200000003, 0.0, 0.0], [-1.9048204100000001, 3.29924583, 0.0], [0.0, 0.0, 23.451387]], "volume": 294.7591133883204, "beta": 90.0, "alpha": 90.0, "gamma": 119.99999924361073}, "sites": [{"label": "Ca", "xyz": [1.904822314820409, 1.099747510251389, 12.0991216608945], "abc": [0.666667, 0.333333, 0.5159235], "species": [{"occu": 1, "element": "Ca"}], "properties": {"magmom": 0.0}}, {"label": "H", "xyz": [0.0, 0.0, 10.09112643228099], "abc": [0.0, 0.0, 0.43029977], "species": [{"occu": 1, "element": "H"}], "properties": {"magmom": -0.0}}, {"label": "Cl", "xyz": [-1.9048204101390918e-06, 2.19949831974861, 13.649257638052891], "abc": [0.333333, 0.666667, 0.58202347], "species": [{"occu": 1, "element": "Cl"}], "properties": {"magmom": -0.0}}, {"label": "O", "xyz": [0.0, 0.0, 11.063268034257751], "abc": [0.0, 0.0, 0.47175325], "species": [{"occu": 1, "element": "O"}], "properties": {"magmom": -0.0}}], "@class": "Structure", "@module": "pymatgen.core.structure"}