{"lattice": {"a": 3.08579994, "c": 21.943227, "b": 3.085799906193402, "matrix": [[3.08579994, -0.0, -0.0], [-1.5428999700000001, 2.6723811, -0.0], [0.0, 0.0, 21.943227]], "volume": 180.95336087123925, "beta": 90.0, "alpha": 90.0, "gamma": 120.00000036240628}, "sites": [{"label": "Os", "xyz": [0.0, 0.0, 14.465852967480002], "abc": [0.0, 0.0, 0.65924], "species": [{"occu": 1, "element": "Os"}], "properties": {"magmom": 1.179}}, {"label": "O", "xyz": [-1.542899969946406e-06, 1.7815882907937, 15.465178465010071], "abc": [0.333333, 0.666667, 0.70478141], "species": [{"occu": 1, "element": "O"}], "properties": {"magmom": 0.10400000000000001}}, {"label": "O", "xyz": [1.5429015128999701, 0.8907928092063, 13.46654941317693], "abc": [0.666667, 0.333333, 0.61369959], "species": [{"occu": 1, "element": "O"}], "properties": {"magmom": 0.10400000000000001}}], "@class": "Structure", "@module": "pymatgen.core.structure"}