{"lattice": {"a": 3.09726392, "c": 23.052447, "b": 3.097263957286747, "matrix": [[3.09726392, -0.0, 0.0], [-1.54863196, 2.68230928, 0.0], [0.0, 0.0, 23.052447]], "volume": 191.51557459288142, "beta": 90.0, "alpha": 90.0, "gamma": 119.99999960176605}, "sites": [{"label": "Fe", "xyz": [-1.548631959942303e-06, 1.78820708076976, 12.20340918625389], "abc": [0.333333, 0.666667, 0.52937587], "species": [{"occu": 1, "element": "Fe"}], "properties": {"magmom": 4.336}}, {"label": "H", "xyz": [1.54863350863196, 0.89410219923024, 9.97517003283504], "abc": [0.666667, 0.333333, 0.43271632], "species": [{"occu": 1, "element": "H"}], "properties": {"magmom": 0.006}}, {"label": "O", "xyz": [0.0, 0.0, 12.979439154754381], "abc": [0.0, -0.0, 0.56303954], "species": [{"occu": 1, "element": "O"}], "properties": {"magmom": 0.389}}, {"label": "O", "xyz": [1.54863350863196, 0.89410219923024, 10.94687562615669], "abc": [0.666667, 0.333333, 0.47486827000000004], "species": [{"occu": 1, "element": "O"}], "properties": {"magmom": 0.138}}], "@class": "Structure", "@module": "pymatgen.core.structure"}