{"lattice": {"a": 5.12636157, "c": 22.353476, "b": 5.13323941, "matrix": [[5.12636157, 0.0, 0.0], [0.0, 5.13323941, 0.0], [0.0, 0.0, 22.353476]], "volume": 588.228172125252, "beta": 90.0, "alpha": 90.0, "gamma": 90.0}, "sites": [{"label": "Ba", "xyz": [0.0, 2.566619705, 9.82684802052588], "abc": [-0.0, 0.5, 0.43961163000000003], "species": [{"occu": 1, "element": "Ba"}], "properties": {"magmom": -0.002}}, {"label": "Ba", "xyz": [0.0, 0.0, 13.066921553458322], "abc": [0.0, -0.0, 0.58455882], "species": [{"occu": 1, "element": "Ba"}], "properties": {"magmom": -0.063}}, {"label": "Ba", "xyz": [2.563180785, 0.0, 9.85487123217852], "abc": [0.5, 0.0, 0.44086527000000003], "species": [{"occu": 1, "element": "Ba"}], "properties": {"magmom": -0.003}}, {"label": "Ge", "xyz": [2.563180785, 2.566619705, 11.958311193837279], "abc": [0.5, 0.5, 0.53496428], "species": [{"occu": 1, "element": "Ge"}], "properties": {"magmom": -0.0}}], "@class": "Structure", "@module": "pymatgen.core.structure"}