{"lattice": {"a": 3.801525, "c": 22.957399, "b": 3.804175, "matrix": [[3.801525, 0.0, 0.0], [0.0, 3.804175, 0.0], [0.0, 0.0, 22.957399]], "volume": 332.0022449892297, "beta": 90.0, "alpha": 90.0, "gamma": 90.0}, "sites": [{"label": "Ca", "xyz": [1.9007625, 0.0, 10.077012546656], "abc": [0.5, 0.0, 0.438944], "species": [{"occu": 1, "element": "Ca"}], "properties": {"magmom": 0.0}}, {"label": "Ca", "xyz": [0.0, 1.9020875, 7.662789510416999], "abc": [0.0, 0.5, 0.333783], "species": [{"occu": 1, "element": "Ca"}], "properties": {"magmom": -0.0}}, {"label": "N", "xyz": [0.0, 0.0, 8.868328446705], "abc": [0.0, 0.0, 0.386295], "species": [{"occu": 1, "element": "N"}], "properties": {"magmom": -0.0}}], "@class": "Structure", "@module": "pymatgen.core.structure"}