{"lattice": {"a": 2.810088, "c": 23.042555, "b": 3.32637, "matrix": [[2.810088, 0.0, 0.0], [0.0, 3.32637, 0.0], [0.0, 0.0, 23.042555]], "volume": 215.3878039573369, "beta": 90.0, "alpha": 90.0, "gamma": 90.0}, "sites": [{"label": "Au", "xyz": [0.0, 0.8315925, 22.01642394074], "abc": [0.0, 0.25, 0.955468], "species": [{"occu": 1, "element": "Au"}], "properties": {"magmom": -0.0}}, {"label": "Au", "xyz": [0.0, 2.494777499999999, 1.02613105926], "abc": [0.0, 0.75, 0.044531999999999995], "species": [{"occu": 1, "element": "Au"}], "properties": {"magmom": -0.0}}, {"label": "F", "xyz": [1.405044, 2.494777499999999, 20.85650780715], "abc": [0.5, 0.75, 0.9051300000000001], "species": [{"occu": 1, "element": "F"}], "properties": {"magmom": -0.0}}, {"label": "F", "xyz": [1.405044, 0.8315925, 2.186024150294999], "abc": [0.5, 0.25, 0.094869], "species": [{"occu": 1, "element": "F"}], "properties": {"magmom": -0.0}}], "@class": "Structure", "@module": "pymatgen.core.structure"}