{"lattice": {"a": 6.41262275, "c": 20.0, "b": 6.41262319615539, "matrix": [[6.41262275, -1e-08, -0.0], [-3.20631188, 5.55349443, 0.0], [0.0, 0.0, 20.0]], "volume": 712.2492938350632, "beta": 90.0, "alpha": 90.0, "gamma": 120.00000299795997}, "sites": [{"label": "La", "xyz": [3.206314412978209, 1.8511629521685191, 5.74646], "abc": [0.666667, 0.333333, 0.287323], "species": [{"occu": 1, "element": "La"}], "properties": {"magmom": -0.0}}, {"label": "Sn", "xyz": [-1.372098814577606e-07, 1.8614982879681712, 5.74646], "abc": [0.16759703, 0.33519405, 0.287323], "species": [{"occu": 1, "element": "Sn"}], "properties": {"magmom": -0.0}}, {"label": "Sn", "xyz": [-1.594207004247851, 4.622745255734486, 5.74646], "abc": [0.16759703, 0.83240297, 0.287323], "species": [{"occu": 1, "element": "Sn"}], "properties": {"magmom": -0.0}}, {"label": "Sn", "xyz": [1.594206227647078, 4.622745250762398, 5.74646], "abc": [0.66480595, 0.83240297, 0.287323], "species": [{"occu": 1, "element": "Sn"}], "properties": {"magmom": -0.001}}], "@class": "Structure", "@module": "pymatgen.core.structure"}