{"lattice": {"a": 5.0406008, "c": 22.353476, "b": 5.03622957, "matrix": [[5.0406008, 0.0, 0.0], [0.0, 5.03622957, 0.0], [0.0, 0.0, 22.353476]], "volume": 567.4569099942496, "beta": 90.0, "alpha": 90.0, "gamma": 90.0}, "sites": [{"label": "Sr", "xyz": [0.0, 2.518114785, 9.97978357374032], "abc": [0.0, 0.5, 0.44645332], "species": [{"occu": 1, "element": "Sr"}], "properties": {"magmom": -0.002}}, {"label": "Sr", "xyz": [0.0, 0.0, 12.8542199585322], "abc": [0.0, 0.0, 0.57504345], "species": [{"occu": 1, "element": "Sr"}], "properties": {"magmom": -0.015}}, {"label": "Sr", "xyz": [2.5203004, 0.0, 9.995000031923041], "abc": [0.5, 0.0, 0.44713404], "species": [{"occu": 1, "element": "Sr"}], "properties": {"magmom": -0.002}}, {"label": "Si", "xyz": [2.5203004, 2.518114785, 11.877948212269681], "abc": [0.5, 0.5, 0.53136918], "species": [{"occu": 1, "element": "Si"}], "properties": {"magmom": 0.001}}], "@class": "Structure", "@module": "pymatgen.core.structure"}