{"lattice": {"a": 2.966596980033183, "c": 23.662689037976346, "b": 3.9819918620717942, "matrix": [[2.9608749999999997, 0.002454, 0.18414899999999998], [0.010379, 3.977859, -0.181078], [0.045846, -0.10424499999999999, 23.662415]], "volume": 278.60428518291155, "beta": 86.3303592290103, "alpha": 92.85849962299946, "gamma": 89.96533405712876}, "sites": [{"label": "Cr", "xyz": [2.857459395792, 1.9228745506529998, 5.162729161379], "abc": [0.9600400000000001, 0.48842199999999997, 0.214449], "species": [{"occu": 1, "element": "Cr"}], "properties": {"magmom": -0.02}}, {"label": "Cr", "xyz": [0.13721030108499901, 2.004550263213, 6.837269541209999], "abc": [0.040018, 0.5115689999999999, 0.292554], "species": [{"occu": 1, "element": "Cr"}], "properties": {"magmom": 0.039}}, {"label": "Sb", "xyz": [1.5690481940110002, 0.073607451238, 8.200238063771], "abc": [0.5245259999999999, 0.027160999999999998, 0.342677], "species": [{"occu": 1, "element": "Sb"}], "properties": {"magmom": -0.001}}, {"label": "Sb", "xyz": [1.425277998958, 3.853889200651, 3.799617706055], "abc": [0.475416, 0.9728479999999999, 0.164321], "species": [{"occu": 1, "element": "Sb"}], "properties": {"magmom": 0.002}}], "@class": "Structure", "@module": "pymatgen.core.structure"}