{"lattice": {"a": 2.87470903, "c": 23.889425, "b": 3.69861291, "matrix": [[2.87470903, 0.0, 0.0], [0.0, 3.69861291, 0.0], [0.0, 0.0, 23.889425]], "volume": 254.00278073738394, "beta": 90.0, "alpha": 90.0, "gamma": 90.0}, "sites": [{"label": "Au", "xyz": [0.0, 1.849306455, 8.01563764289575], "abc": [-0.0, 0.5, 0.33553079], "species": [{"occu": 1, "element": "Au"}], "properties": {"magmom": -0.0}}, {"label": "Au", "xyz": [1.437354515, 0.0, 6.242096764454249], "abc": [0.5, 0.0, 0.26129121], "species": [{"occu": 1, "element": "Au"}], "properties": {"magmom": -0.0}}, {"label": "S", "xyz": [0.0, 0.0, 9.5700811989405], "abc": [0.0, 0.0, 0.40059906], "species": [{"occu": 1, "element": "S"}], "properties": {"magmom": -0.0}}, {"label": "S", "xyz": [1.437354515, 1.849306455, 4.6876532084095], "abc": [0.5, 0.5, 0.19622294], "species": [{"occu": 1, "element": "S"}], "properties": {"magmom": -0.0}}], "@class": "Structure", "@module": "pymatgen.core.structure"}