{"lattice": {"a": 4.15178522, "c": 22.865869, "b": 4.15178522, "matrix": [[4.15178522, 0.0, 0.0], [0.0, 4.15178522, 0.0], [0.0, 0.0, 22.865869]], "volume": 394.1463127615097, "beta": 90.0, "alpha": 90.0, "gamma": 90.0}, "sites": [{"label": "Ti", "xyz": [0.0, 0.0, 11.4329345], "abc": [-0.0, 0.0, 0.5], "species": [{"occu": 1, "element": "Ti"}], "properties": {"magmom": 0.002}}, {"label": "Ti", "xyz": [2.07589261, 2.07589261, 11.4329345], "abc": [0.5, 0.5, 0.5], "species": [{"occu": 1, "element": "Ti"}], "properties": {"magmom": -0.002}}, {"label": "Se", "xyz": [2.07589261, 0.0, 9.9871759080418], "abc": [0.5, -0.0, 0.4367722], "species": [{"occu": 1, "element": "Se"}], "properties": {"magmom": -0.0}}, {"label": "Se", "xyz": [0.0, 2.07589261, 12.8786930919582], "abc": [-0.0, 0.5, 0.5632278], "species": [{"occu": 1, "element": "Se"}], "properties": {"magmom": 0.0}}], "@class": "Structure", "@module": "pymatgen.core.structure"}