{"lattice": {"a": 4.6081882, "c": 24.159589, "b": 4.608187969100581, "matrix": [[4.6081882, -0.0, 0.0], [-2.3040941, 3.99080778, -0.0], [0.0, -0.0, 24.159589]], "volume": 444.30434416592834, "beta": 90.0, "alpha": 90.0, "gamma": 120.00000165750431}, "sites": [{"label": "Mg", "xyz": [0.0, 0.0, 17.61936284873463], "abc": [-0.0, 0.0, 0.72929067], "species": [{"occu": 1, "element": "Mg"}], "properties": {"magmom": 0.0}}, {"label": "Mg", "xyz": [0.0, 0.0, 14.86627282956837], "abc": [-0.0, 0.0, 0.61533633], "species": [{"occu": 1, "element": "Mg"}], "properties": {"magmom": 0.0}}, {"label": "Au", "xyz": [-2.3040940999944687e-06, 2.66053985026926, 16.242805759357], "abc": [0.333333, 0.666667, 0.6723129999999999], "species": [{"occu": 1, "element": "Au"}], "properties": {"magmom": 0.0}}, {"label": "Au", "xyz": [2.3040964040941, 1.33026792973074, 16.242805759357], "abc": [0.666667, 0.333333, 0.6723129999999999], "species": [{"occu": 1, "element": "Au"}], "properties": {"magmom": 0.0}}], "@class": "Structure", "@module": "pymatgen.core.structure"}