{"lattice": {"a": 3.876355, "c": 22.797818, "b": 3.876355, "matrix": [[3.876355, 0.0, 0.0], [0.0, 3.876355, 0.0], [0.0, 0.0, 22.797818]], "volume": 342.56293334988635, "beta": 90.0, "alpha": 90.0, "gamma": 90.0}, "sites": [{"label": "Ir", "xyz": [0.0, 0.0, 0.0], "abc": [0.0, 0.0, 0.0], "species": [{"occu": 1, "element": "Ir"}], "properties": {"magmom": 0.0}}, {"label": "Ir", "xyz": [1.9381775, 1.9381775, 0.0], "abc": [0.5, 0.5, 0.0], "species": [{"occu": 1, "element": "Ir"}], "properties": {"magmom": 0.0}}, {"label": "S", "xyz": [0.0, 1.9381775, 1.381798546797999], "abc": [0.0, 0.5, 0.060611], "species": [{"occu": 1, "element": "S"}], "properties": {"magmom": 0.0}}, {"label": "S", "xyz": [1.9381775, 0.0, 21.416019453202], "abc": [0.5, 0.0, 0.9393889999999999], "species": [{"occu": 1, "element": "S"}], "properties": {"magmom": 0.0}}], "@class": "Structure", "@module": "pymatgen.core.structure"}