{"lattice": {"a": 3.65755784, "c": 25.01765, "b": 3.65755784, "matrix": [[3.65755784, 0.0, 0.0], [0.0, 3.65755784, 0.0], [-0.0, 0.0, 25.01765]], "volume": 334.6793507467161, "beta": 90.0, "alpha": 90.0, "gamma": 90.0}, "sites": [{"label": "Sr", "xyz": [0.0, 0.0, 12.611960262125], "abc": [-0.0, 0.0, 0.5041225], "species": [{"occu": 1, "element": "Sr"}], "properties": {"magmom": -0.063}}, {"label": "Sr", "xyz": [0.0, 0.0, 9.215714204025], "abc": [0.0, -0.0, 0.3683685], "species": [{"occu": 1, "element": "Sr"}], "properties": {"magmom": -0.063}}, {"label": "Co", "xyz": [1.82877892, 1.82877892, 10.9138497419], "abc": [0.5, 0.5, 0.43624599999999997], "species": [{"occu": 1, "element": "Co"}], "properties": {"magmom": 0.787}}], "@class": "Structure", "@module": "pymatgen.core.structure"}