{"lattice": {"a": 5.647576880502595, "c": 20.00000000006653, "b": 5.647197781753388, "matrix": [[5.64757688, -7.405000000000001e-05, 1.391e-05], [-2.82385307, 4.89046998, -3.28e-06], [4.935000000000001e-05, 1.5030000000000002e-05, 20.0]], "volume": 552.3819216975755, "beta": 89.99971750353964, "alpha": 90.0000666855002, "gamma": 120.00372911950431}, "sites": [{"label": "Zn", "xyz": [-1.416306882583405, 4.077905542193224, 5.779455376124283], "abc": [0.16615018, 0.833849, 0.28897279], "species": [{"occu": 1, "element": "Zn"}], "properties": {"magmom": 0.008}}, {"label": "Zn", "xyz": [1.9898976339082633e-06, 1.625120546658646, 5.77962882124421], "abc": [0.16615422, 0.33230518000000003, 0.28898138], "species": [{"occu": 1, "element": "Zn"}], "properties": {"magmom": 0.001}}, {"label": "Zn", "xyz": [1.416220872999882, 4.077851628650297, 5.779768952636639], "abc": [0.6676959100000001, 0.83384557, 0.28898812], "species": [{"occu": 1, "element": "Zn"}], "properties": {"magmom": -0.009000000000000001}}, {"label": "Bi", "xyz": [2.8237815710255063, 1.630111226000441, 5.775402380000737], "abc": [0.6666667, 0.33333325, 0.28876971], "species": [{"occu": 1, "element": "Bi"}], "properties": {"magmom": -0.0}}], "@class": "Structure", "@module": "pymatgen.core.structure"}