{"lattice": {"a": 4.29638201, "c": 23.407847, "b": 4.296381574586388, "matrix": [[4.29638201, 5e-08, 0.0], [-2.14819042, 3.7207758, 0.0], [0.0, -0.0, 23.407847]], "volume": 374.194900191657, "beta": 90.0, "alpha": 90.0, "gamma": 119.99999367730504}, "sites": [{"label": "Na", "xyz": [2.14819334819081, 1.24025739307475, 18.13361736482711], "abc": [0.666667, 0.333333, 0.77468113], "species": [{"occu": 1, "element": "Na"}], "properties": {"magmom": 0.0}}, {"label": "Na", "xyz": [-1.7581908101498339e-06, 2.48051845692525, 22.240845744794893], "abc": [0.333333, 0.666667, 0.95014487], "species": [{"occu": 1, "element": "Na"}], "properties": {"magmom": 0.0}}, {"label": "I", "xyz": [0.0, 0.0, 20.187231554811], "abc": [0.0, 0.0, 0.862413], "species": [{"occu": 1, "element": "I"}], "properties": {"magmom": 0.0}}], "@class": "Structure", "@module": "pymatgen.core.structure"}