{"lattice": {"a": 4.782450265432114, "c": 19.996729, "b": 4.794708123732308, "matrix": [[4.78244969, -0.00234605, 0.0], [-2.39329126, 4.15468205, 0.0], [0.0, 0.0, 19.996729]], "volume": 397.213887064327, "beta": 90.0, "alpha": 90.0, "gamma": 119.97206218337479}, "sites": [{"label": "Sn", "xyz": [-0.0011549308086420001, 2.772786195056932, 9.998376698004689], "abc": [0.33383536, 0.66757681, 0.50000061], "species": [{"occu": 1, "element": "Sn"}], "properties": {"magmom": 0.014}}, {"label": "Sn", "xyz": [2.390313360808642, 1.379549804943067, 9.99835230199531], "abc": [0.66616464, 0.33242319, 0.49999939], "species": [{"occu": 1, "element": "Sn"}], "properties": {"magmom": 0.014}}], "@class": "Structure", "@module": "pymatgen.core.structure"}