{"lattice": {"a": 3.607696, "c": 23.448734, "b": 3.607696, "matrix": [[3.607696, 0.0, 0.0], [0.0, 3.607696, 0.0], [0.0, 0.0, 23.448734]], "volume": 305.1963039607928, "beta": 90.0, "alpha": 90.0, "gamma": 90.0}, "sites": [{"label": "V", "xyz": [0.0, 0.0, 0.0], "abc": [0.0, 0.0, 0.0], "species": [{"occu": 1, "element": "V"}], "properties": {"magmom": 0.269}}, {"label": "V", "xyz": [1.803848, 1.803848, 0.0], "abc": [0.5, 0.5, 0.0], "species": [{"occu": 1, "element": "V"}], "properties": {"magmom": 0.275}}, {"label": "S", "xyz": [1.803848, 0.0, 21.924191110256004], "abc": [0.5, 0.0, 0.9349839999999999], "species": [{"occu": 1, "element": "S"}], "properties": {"magmom": 0.019}}, {"label": "S", "xyz": [0.0, 1.803848, 1.524542889744], "abc": [0.0, 0.5, 0.06501599999999999], "species": [{"occu": 1, "element": "S"}], "properties": {"magmom": 0.018000000000000002}}], "@class": "Structure", "@module": "pymatgen.core.structure"}