{"lattice": {"a": 3.45906834, "c": 23.425704, "b": 3.459067573964504, "matrix": [[3.45906834, 0.0, 0.0], [-1.72953367, 2.99564046, 0.0], [0.0, 0.0, 23.425704]], "volume": 242.74007477597326, "beta": 90.0, "alpha": 90.0, "gamma": 119.99999776255211}, "sites": [{"label": "Hf", "xyz": [0.0, 0.0, 10.952289668232], "abc": [0.0, 0.0, 0.467533], "species": [{"occu": 1, "element": "Hf"}], "properties": {"magmom": 0.089}}, {"label": "O", "xyz": [0.0, 0.0, 9.09399861276696], "abc": [0.0, 0.0, 0.38820599], "species": [{"occu": 1, "element": "O"}], "properties": {"magmom": 0.5760000000000001}}, {"label": "O", "xyz": [0.0, 0.0, 12.810604149401039], "abc": [0.0, 0.0, 0.54686101], "species": [{"occu": 1, "element": "O"}], "properties": {"magmom": 0.5760000000000001}}], "@class": "Structure", "@module": "pymatgen.core.structure"}