{"lattice": {"a": 3.65960719, "c": 21.950498, "b": 3.659608182480021, "matrix": [[3.65960719, -1e-08, 0.0], [-1.82980415, 3.16931362, -0.0], [0.0, -0.0, 21.950498]], "volume": 254.59159752193517, "beta": 90.0, "alpha": 90.0, "gamma": 120.00000121884291}, "sites": [{"label": "Hf", "xyz": [0.0, 0.0, 0.0], "abc": [0.0, -0.0, 0.0], "species": [{"occu": 1, "element": "Hf"}], "properties": {"magmom": -0.0}}, {"label": "P", "xyz": [1.82980523980378, 1.05643681022879, 20.45127196244064], "abc": [0.666667, 0.333333, 0.93169968], "species": [{"occu": 1, "element": "P"}], "properties": {"magmom": -0.0}}, {"label": "P", "xyz": [-2.199803779974045e-06, 2.11287679977121, 1.49922603755936], "abc": [0.333333, 0.666667, 0.06830032], "species": [{"occu": 1, "element": "P"}], "properties": {"magmom": -0.0}}], "@class": "Structure", "@module": "pymatgen.core.structure"}