{"lattice": {"a": 4.68572748, "c": 23.98289748, "b": 4.68572748, "matrix": [[4.68572748, 0.0, -0.0], [0.0, 4.68572748, 0.0], [-0.0, 0.0, 23.98289748]], "volume": 526.5695047561379, "beta": 90.0, "alpha": 90.0, "gamma": 90.0}, "sites": [{"label": "In", "xyz": [2.34286374, 2.34286374, 11.99144874], "abc": [0.5, 0.5, 0.5], "species": [{"occu": 1, "element": "In"}], "properties": {"magmom": -0.0}}, {"label": "In", "xyz": [0.0, 0.0, 11.99144874], "abc": [0.0, 0.0, 0.5], "species": [{"occu": 1, "element": "In"}], "properties": {"magmom": 0.0}}, {"label": "Bi", "xyz": [0.0, 2.34286374, 10.012501873069597], "abc": [0.0, 0.5, 0.41748508], "species": [{"occu": 1, "element": "Bi"}], "properties": {"magmom": 0.0}}, {"label": "Bi", "xyz": [2.34286374, 0.0, 13.970395606930401], "abc": [0.5, -0.0, 0.58251492], "species": [{"occu": 1, "element": "Bi"}], "properties": {"magmom": -0.0}}], "@class": "Structure", "@module": "pymatgen.core.structure"}