{"lattice": {"a": 4.764687, "c": 23.529845, "b": 4.764686764651901, "matrix": [[4.764687, 0.0, 0.0], [-2.382343, 4.12634, 0.0], [0.0, 0.0, 23.529845]], "volume": 462.61366020142134, "beta": 90.0, "alpha": 90.0, "gamma": 119.99999469126055}, "sites": [{"label": "Ba", "xyz": [0.0, 0.0, 0.0], "abc": [0.0, 0.0, 0.0], "species": [{"occu": 1, "element": "Ba"}], "properties": {"magmom": -0.0}}, {"label": "Cl", "xyz": [2.38234604901, 1.37544529122, 1.4114848120149999], "abc": [0.666667, 0.333333, 0.059987], "species": [{"occu": 1, "element": "Cl"}], "properties": {"magmom": 0.0}}, {"label": "Cl", "xyz": [-2.0490100000697198e-06, 2.750894708779999, 22.118360187985], "abc": [0.333333, 0.666667, 0.940013], "species": [{"occu": 1, "element": "Cl"}], "properties": {"magmom": 0.0}}], "@class": "Structure", "@module": "pymatgen.core.structure"}