{"lattice": {"a": 2.95025769, "c": 22.704718, "b": 2.95025769, "matrix": [[2.95025769, 0.0, 0.0], [0.0, 2.95025769, 0.0], [0.0, 0.0, 22.704718]], "volume": 197.62232949749756, "beta": 90.0, "alpha": 90.0, "gamma": 90.0}, "sites": [{"label": "Tl", "xyz": [1.475128845, 1.475128845, 2.3198409388192], "abc": [0.5, 0.5, 0.1021744], "species": [{"occu": 1, "element": "Tl"}], "properties": {"magmom": -0.01}}, {"label": "Tl", "xyz": [1.475128845, 1.475128845, 20.3848770611808], "abc": [0.5, 0.5, 0.8978256], "species": [{"occu": 1, "element": "Tl"}], "properties": {"magmom": -0.01}}, {"label": "Os", "xyz": [0.0, 0.0, 0.0], "abc": [0.0, -0.0, -0.0], "species": [{"occu": 1, "element": "Os"}], "properties": {"magmom": 0.441}}], "@class": "Structure", "@module": "pymatgen.core.structure"}