{"lattice": {"a": 3.1720587, "c": 24.897091, "b": 3.453382220184609, "matrix": [[3.1720587, 2e-08, 0.0], [-1.58602978, 3.06763073, 0.0], [0.0, 0.0, 24.897091]], "volume": 242.26624233219383, "beta": 90.0, "alpha": 90.0, "gamma": 117.33991686466398}, "sites": [{"label": "Er", "xyz": [1.58602935, 1e-08, 12.4485455], "abc": [0.5, -0.0, 0.5], "species": [{"occu": 1, "element": "Er"}], "properties": {"magmom": -0.0}}, {"label": "As", "xyz": [0.79301446, 1.5338153749999992, 10.203966186800521], "abc": [0.5, 0.5, 0.40984572], "species": [{"occu": 1, "element": "As"}], "properties": {"magmom": -0.0}}, {"label": "As", "xyz": [-0.79301489, 1.5338153650000002, 14.69312481319948], "abc": [0.0, 0.5, 0.59015428], "species": [{"occu": 1, "element": "As"}], "properties": {"magmom": -0.0}}], "@class": "Structure", "@module": "pymatgen.core.structure"}