{"lattice": {"a": 2.8266563069251562, "c": 23.701245769447, "b": 2.8260519400127793, "matrix": [[2.82662126, -0.00517707, 0.01308923], [0.03853554, 2.8257589999999997, 0.01306345], [0.10972653, 0.10781505, 23.70074655]], "volume": 189.30290469326604, "beta": 89.46990778660832, "alpha": 89.47092399766318, "gamma": 89.32241977597404}, "sites": [{"label": "Mo", "xyz": [1.667090483636082, 0.24820401977352302, 10.647641583446504], "abc": [0.57137803, 0.07175562, 0.44889832], "species": [{"occu": 1, "element": "Mo"}], "properties": {"magmom": 0.0}}, {"label": "Mo", "xyz": [1.3077928463639181, 2.680192960226476, 13.0792576465535], "abc": [0.42862197, 0.92824438, 0.55110168], "species": [{"occu": 1, "element": "Mo"}], "properties": {"magmom": 0.0}}, {"label": "N", "xyz": [2.68455707408781, 1.247558592551896, 13.684206672193708], "abc": [0.92161431, 0.42118245, 0.57663337], "species": [{"occu": 1, "element": "N"}], "properties": {"magmom": 0.0}}, {"label": "N", "xyz": [0.29032625591219, 1.680838387448103, 10.042692557806294], "abc": [0.07838569000000001, 0.57881755, 0.42336663], "species": [{"occu": 1, "element": "N"}], "properties": {"magmom": 0.0}}], "@class": "Structure", "@module": "pymatgen.core.structure"}