{"lattice": {"a": 4.47971846, "c": 23.013137, "b": 4.4797189823543615, "matrix": [[4.47971846, -0.0, 0.0], [-2.23985873, 3.87955088, 0.0], [0.0, 0.0, 23.013137]], "volume": 399.952112761368, "beta": 90.0, "alpha": 90.0, "gamma": 119.9999887584301}, "sites": [{"label": "Be", "xyz": [-1.9065257299614998e-06, 2.58636854651696, 23.0116273382128], "abc": [0.333333, 0.666667, 0.9999344], "species": [{"occu": 1, "element": "Be"}], "properties": {"magmom": 0.0}}, {"label": "Be", "xyz": [2.2398616365257302, 1.2931823334830401, 0.001509661787199], "abc": [0.666667, 0.333333, 6.560000000000001e-05], "species": [{"occu": 1, "element": "Be"}], "properties": {"magmom": 0.0}}, {"label": "Bi", "xyz": [0.0, 0.0, 0.0], "abc": [0.0, 0.0, 0.0], "species": [{"occu": 1, "element": "Bi"}], "properties": {"magmom": 0.0}}], "@class": "Structure", "@module": "pymatgen.core.structure"}