{"lattice": {"a": 3.92084249, "c": 24.981653, "b": 3.9208427216409563, "matrix": [[3.92084249, 6.000000000000001e-08, 0.0], [-1.9604216399999999, 3.3955492400000002, 0.0], [0.0, 0.0, 24.981653]], "volume": 332.5910851636204, "beta": 90.0, "alpha": 90.0, "gamma": 120.00000383402832}, "sites": [{"label": "Si", "xyz": [0.0, 0.0, 14.86480100807416], "abc": [-0.0, -0.0, 0.5950287200000001], "species": [{"occu": 1, "element": "Si"}], "properties": {"magmom": -0.001}}, {"label": "Si", "xyz": [1.96042307375471, 1.13184865481694, 12.4908265], "abc": [0.666667, 0.333333, 0.5], "species": [{"occu": 1, "element": "Si"}], "properties": {"magmom": -0.0}}, {"label": "Si", "xyz": [0.0, 0.0, 10.11685199192584], "abc": [-0.0, -0.0, 0.40497128], "species": [{"occu": 1, "element": "Si"}], "properties": {"magmom": -0.001}}, {"label": "Ir", "xyz": [0.0, 0.0, 12.4908265], "abc": [-0.0, -0.0, 0.5], "species": [{"occu": 1, "element": "Ir"}], "properties": {"magmom": -0.001}}], "@class": "Structure", "@module": "pymatgen.core.structure"}