{"lattice": {"a": 3.37050476, "c": 24.904260999999998, "b": 3.495351248536288, "matrix": [[3.37050476, 0.0, 0.0], [-1.68525238, 3.06225485, 0.0], [0.0, 0.0, 24.904260999999998]], "volume": 257.04545850074646, "beta": 90.0, "alpha": 90.0, "gamma": 118.82533207699493}, "sites": [{"label": "Y", "xyz": [0.0, 0.0, 12.452130499999999], "abc": [0.0, 0.0, 0.5], "species": [{"occu": 1, "element": "Y"}], "properties": {"magmom": -0.0}}, {"label": "Sb", "xyz": [-0.84262619, 1.531127425, 9.86141070722863], "abc": [0.0, 0.5, 0.39597283], "species": [{"occu": 1, "element": "Sb"}], "properties": {"magmom": -0.0}}, {"label": "Sb", "xyz": [0.84262619, 1.531127425, 15.04285029277137], "abc": [0.5, 0.5, 0.6040271700000001], "species": [{"occu": 1, "element": "Sb"}], "properties": {"magmom": 0.0}}], "@class": "Structure", "@module": "pymatgen.core.structure"}