{"lattice": {"a": 3.99735234, "c": 22.725334, "b": 3.997351790665229, "matrix": [[3.99735234, 0.0, 0.0], [-1.99867617, 3.46180804, 0.0], [0.0, 0.0, 22.725334]], "volume": 314.4746824296072, "beta": 90.0, "alpha": 90.0, "gamma": 120.00000454597176}, "sites": [{"label": "Te", "xyz": [1.9986781686761699, 1.15393485939732, 12.786975944929958], "abc": [0.666667, 0.333333, 0.56267494], "species": [{"occu": 1, "element": "Te"}], "properties": {"magmom": 0.0}}, {"label": "Te", "xyz": [-1.998676170101123e-06, 2.30787318060268, 9.93835805507004], "abc": [0.333333, 0.666667, 0.43732506], "species": [{"occu": 1, "element": "Te"}], "properties": {"magmom": 0.0}}, {"label": "Pt", "xyz": [0.0, 0.0, 11.362667], "abc": [0.0, 0.0, 0.5], "species": [{"occu": 1, "element": "Pt"}], "properties": {"magmom": 0.0}}], "@class": "Structure", "@module": "pymatgen.core.structure"}