{"lattice": {"a": 3.453148, "c": 23.192892, "b": 3.453148094373017, "matrix": [[3.453148, 0.0, 0.0], [-1.7265739999999998, 2.990514, 0.0], [0.0, 0.0, 23.192892]], "volume": 239.50574646896064, "beta": 90.0, "alpha": 90.0, "gamma": 119.99999909594544}, "sites": [{"label": "Ge", "xyz": [0.0, 0.0, 0.0], "abc": [0.0, 0.0, 0.0], "species": [{"occu": 1, "element": "Ge"}], "properties": {"magmom": 0.0}}, {"label": "S", "xyz": [-1.72657400008648e-06, 1.993676996838, 1.3986937378439999], "abc": [0.333333, 0.666667, 0.060307], "species": [{"occu": 1, "element": "S"}], "properties": {"magmom": 0.0}}, {"label": "S", "xyz": [1.7265757265739992, 0.996837003162, 21.794198262156], "abc": [0.666667, 0.333333, 0.939693], "species": [{"occu": 1, "element": "S"}], "properties": {"magmom": 0.0}}], "@class": "Structure", "@module": "pymatgen.core.structure"}