{"lattice": {"a": 3.6646438100000003, "c": 24.923409, "b": 3.871482016109974, "matrix": [[3.6646438100000003, -0.0, 0.0], [-1.83232191, 3.41042071, 0.0], [0.0, 0.0, 24.923409]], "volume": 311.49219604246605, "beta": 90.0, "alpha": 90.0, "gamma": 118.24787190679807}, "sites": [{"label": "Tb", "xyz": [0.0, 0.0, 12.4617045], "abc": [0.0, 0.0, 0.5], "species": [{"occu": 1, "element": "Tb"}], "properties": {"magmom": 0.17200000000000001}}, {"label": "N", "xyz": [-0.916160955, 1.7052103550000002, 11.34734598471012], "abc": [-0.0, 0.5, 0.45528868], "species": [{"occu": 1, "element": "N"}], "properties": {"magmom": 0.91}}, {"label": "N", "xyz": [0.9161609499999991, 1.7052103550000002, 13.57606301528988], "abc": [0.5, 0.5, 0.54471132], "species": [{"occu": 1, "element": "N"}], "properties": {"magmom": 1.103}}], "@class": "Structure", "@module": "pymatgen.core.structure"}