{"lattice": {"a": 2.821775125242088, "c": 23.63527979368736, "b": 2.821113958730132, "matrix": [[2.814467, 0.0024749999999999998, 0.20293899999999998], [0.033111, 2.81365, 0.20238899999999999], [0.08543099999999999, 0.07851000000000001, 23.634995]], "volume": 187.06888631744346, "beta": 85.66854560878102, "alpha": 85.69330141115506, "gamma": 88.98347578961727}, "sites": [{"label": "W", "xyz": [2.711529361003, 1.289260543985, 5.046629988373], "abc": [0.9519949999999999, 0.45175699999999996, 0.201481], "species": [{"occu": 1, "element": "W"}], "properties": {"magmom": -0.0}}, {"label": "W", "xyz": [0.179362241428, 1.5666691045249999, 7.341664111622], "abc": [0.048005, 0.5482429999999999, 0.30552], "species": [{"occu": 1, "element": "W"}], "properties": {"magmom": -0.0}}, {"label": "N", "xyz": [1.53517043737, 0.127049555039999, 7.977174580088], "abc": [0.534944, 0.035403, 0.332619], "species": [{"occu": 1, "element": "N"}], "properties": {"magmom": 0.0}}, {"label": "N", "xyz": [1.355721165061, 2.72888009347, 4.411119519907], "abc": [0.46505599999999997, 0.9645969999999999, 0.17438199999999998], "species": [{"occu": 1, "element": "N"}], "properties": {"magmom": 0.0}}], "@class": "Structure", "@module": "pymatgen.core.structure"}