{"lattice": {"a": 4.15172, "c": 24.623155, "b": 4.151720009179931, "matrix": [[4.15172, 0.0, 0.0], [-2.07586, 3.595495, 0.0], [0.0, 0.0, 24.623155]], "volume": 367.56186313068997, "beta": 90.0, "alpha": 90.0, "gamma": 119.99999992685692}, "sites": [{"label": "Ga", "xyz": [0.0, 0.0, 0.25169789040999996], "abc": [0.0, 0.0, 0.010222], "species": [{"occu": 1, "element": "Ga"}], "properties": {"magmom": -0.0}}, {"label": "Ga", "xyz": [0.0, 0.0, 2.6997565836649997], "abc": [0.0, 0.0, 0.10964299999999999], "species": [{"occu": 1, "element": "Ga"}], "properties": {"magmom": -0.0}}, {"label": "Te", "xyz": [2.07586207586, 1.198497134835, 23.600875473865], "abc": [0.666667, 0.333333, 0.958483], "species": [{"occu": 1, "element": "Te"}], "properties": {"magmom": -0.0}}, {"label": "Te", "xyz": [-2.075860000023847e-06, 2.396997865165, 3.973709377055], "abc": [0.333333, 0.666667, 0.161381], "species": [{"occu": 1, "element": "Te"}], "properties": {"magmom": -0.0}}], "@class": "Structure", "@module": "pymatgen.core.structure"}