{"lattice": {"a": 4.052932601897047, "c": 26.08035451245763, "b": 2.68590206, "matrix": [[4.04560358, 0.0, -0.24362748], [0.0, 2.68590206, 0.0], [-2.88460628, 0.0, 25.920338309999998]], "volume": 279.7652885670633, "beta": 99.79637473001172, "alpha": 90.0, "gamma": 90.0}, "sites": [{"label": "K", "xyz": [0.37524930556624203, 0.671475515, 3.128919469358388], "abc": [0.18003239000000001, 0.25, 0.12240505], "species": [{"occu": 1, "element": "K"}], "properties": {"magmom": -0.0}}, {"label": "K", "xyz": [2.5113800478616373, 2.014426545, 7.041700656495101], "abc": [0.8199676100000001, 0.75, 0.27937395], "species": [{"occu": 1, "element": "K"}], "properties": {"magmom": -0.0}}, {"label": "Be", "xyz": [2.251716396772538, 0.671475515, 0.6015109047456361], "abc": [0.57699694, 0.25, 0.02862938], "species": [{"occu": 1, "element": "Be"}], "properties": {"magmom": -0.0}}, {"label": "Be", "xyz": [0.634910072049061, 2.014426545, 9.569135141446164], "abc": [0.42300306, 0.75, 0.37315062], "species": [{"occu": 1, "element": "Be"}], "properties": {"magmom": -0.0}}], "@class": "Structure", "@module": "pymatgen.core.structure"}