{"lattice": {"a": 2.92040775, "c": 21.912169, "b": 2.920408022693614, "matrix": [[2.92040775, -0.0, 0.0], [1.46020437, 2.52914733, 0.0], [0.0, 0.0, 21.912169]], "volume": 161.84638000444974, "beta": 90.0, "alpha": 90.0, "gamma": 59.99999187500341}, "sites": [{"label": "Mn", "xyz": [0.0, 0.0, 10.9560845], "abc": [-0.0, -0.0, 0.5], "species": [{"occu": 1, "element": "Mn"}], "properties": {"magmom": 3.255}}, {"label": "O", "xyz": [1.46020257979596, 0.8430482669508891, 11.912067732645239], "abc": [0.333333, 0.333333, 0.54362796], "species": [{"occu": 1, "element": "O"}], "properties": {"magmom": -0.134}}, {"label": "O", "xyz": [2.92040954020404, 1.68609906304911, 10.00010126735476], "abc": [0.666667, 0.666667, 0.45637204000000003], "species": [{"occu": 1, "element": "O"}], "properties": {"magmom": -0.134}}], "@class": "Structure", "@module": "pymatgen.core.structure"}