{"lattice": {"a": 3.084054325447968, "c": 21.823423, "b": 3.862831799031381, "matrix": [[3.08400265, -0.01785321, 0.0], [0.03509295, 3.86267239, 0.0], [0.0, 0.0, 21.823423]], "volume": 259.9850222810057, "beta": 90.0, "alpha": 90.0, "gamma": 89.8111537407971}, "sites": [{"label": "S", "xyz": [3.08928551944492, 0.717324059884697, 10.303653539617509], "abc": [0.99954726, 0.19032657, 0.47213737], "species": [{"occu": 1, "element": "S"}], "properties": {"magmom": -0.0}}, {"label": "S", "xyz": [0.029813164557729, 3.127495102262092, 11.51976946038249], "abc": [0.00045374, 0.80967343, 0.52786263], "species": [{"occu": 1, "element": "S"}], "properties": {"magmom": -0.0}}], "@class": "Structure", "@module": "pymatgen.core.structure"}