{"lattice": {"a": 3.07212696, "c": 25.031709, "b": 3.349289162010221, "matrix": [[3.07212696, 3.0000000000000004e-08, 0.0], [-1.53606391, 2.97628049, 0.0], [0.0, 0.0, 25.031709]], "volume": 228.87772110701127, "beta": 90.0, "alpha": 90.0, "gamma": 117.29834247339171}, "sites": [{"label": "Lu", "xyz": [0.0, 0.0, 0.0], "abc": [-0.0, 0.0, -0.0], "species": [{"occu": 1, "element": "Lu"}], "properties": {"magmom": -0.0}}, {"label": "P", "xyz": [-0.7680319550000001, 1.488140245, 22.918484065338717], "abc": [0.0, 0.5, 0.9155780800000001], "species": [{"occu": 1, "element": "P"}], "properties": {"magmom": -0.0}}, {"label": "P", "xyz": [0.768031524999999, 1.48814026, 2.113224934661279], "abc": [0.5, 0.5, 0.08442192], "species": [{"occu": 1, "element": "P"}], "properties": {"magmom": -0.0}}], "@class": "Structure", "@module": "pymatgen.core.structure"}