{"lattice": {"a": 3.737570000016187, "c": 20.000000000000025, "b": 3.7375745340336692, "matrix": [[3.73757, 1.1000000000000001e-05, 0.0], [-1.868776, 3.236841, 0.0], [-1e-06, 0.0, 20.0]], "volume": 241.95880745812002, "beta": 90.00000286478898, "alpha": 89.99999856761414, "gamma": 119.99963193418318}, "sites": [{"label": "B", "xyz": [3.74585499987863e-06, 2.15789874561, 7.70726], "abc": [0.333333, 0.666667, 0.38536299999999996], "species": [{"occu": 1, "element": "B"}], "properties": {"magmom": 0.0}}, {"label": "Sb", "xyz": [-3.85363e-07, 0.0, 7.70726], "abc": [0.0, 0.0, 0.38536299999999996], "species": [{"occu": 1, "element": "Sb"}], "properties": {"magmom": -0.0}}], "@class": "Structure", "@module": "pymatgen.core.structure"}