{"lattice": {"a": 3.36146694, "c": 23.731552, "b": 3.361467293741573, "matrix": [[3.36146694, 4e-08, 0.0], [-1.68073389, 2.9111159300000002, 0.0], [0.0, 0.0, 23.731552]], "volume": 232.2279504620424, "beta": 90.0, "alpha": 90.0, "gamma": 120.00000410340694}, "sites": [{"label": "P", "xyz": [0.0, 0.0, 10.808060727360001], "abc": [0.0, 0.0, 0.45543000000000006], "species": [{"occu": 1, "element": "P"}], "properties": {"magmom": 0.0}}, {"label": "O", "xyz": [0.0, 0.0, 12.280655975689921], "abc": [0.0, 0.0, 0.51748221], "species": [{"occu": 1, "element": "O"}], "properties": {"magmom": 0.0}}, {"label": "O", "xyz": [0.0, 0.0, 9.33548921058208], "abc": [0.0, 0.0, 0.39337879000000003], "species": [{"occu": 1, "element": "O"}], "properties": {"magmom": 0.0}}], "@class": "Structure", "@module": "pymatgen.core.structure"}