{"lattice": {"a": 5.5151425, "c": 22.300729, "b": 5.515143712010201, "matrix": [[5.5151425, 0.0, 0.0], [-2.75757125, 4.7762549100000005, 0.0], [0.0, 0.0, 22.300729]], "volume": 587.4397028415136, "beta": 90.0, "alpha": 90.0, "gamma": 119.99999273038468}, "sites": [{"label": "K", "xyz": [0.0, 0.0, 11.1503645], "abc": [-0.0, -0.0, 0.5], "species": [{"occu": 1, "element": "K"}], "properties": {"magmom": 0.014}}, {"label": "Sb", "xyz": [2.7575740075712503, 1.5920833779150292, 12.59929437781399], "abc": [0.666667, 0.333333, 0.56497231], "species": [{"occu": 1, "element": "Sb"}], "properties": {"magmom": 0.042}}, {"label": "Sb", "xyz": [2.7575740075712503, 1.5920833779150292, 9.70143462218601], "abc": [0.666667, 0.333333, 0.43502769], "species": [{"occu": 1, "element": "Sb"}], "properties": {"magmom": 0.042}}, {"label": "Sb", "xyz": [-2.757571250108204e-06, 3.18417153208497, 11.1503645], "abc": [0.333333, 0.666667, 0.5], "species": [{"occu": 1, "element": "Sb"}], "properties": {"magmom": 0.105}}], "@class": "Structure", "@module": "pymatgen.core.structure"}