{"lattice": {"a": 5.279657, "c": 20.0, "b": 5.27965581013005, "matrix": [[5.279657, 0.0, 0.0], [-2.639828, 4.572316, 0.0], [0.0, 0.0, 20.0]], "volume": 482.80520351224, "beta": 90.0, "alpha": 90.0, "gamma": 120.000001189632}, "sites": [{"label": "Ge", "xyz": [1.320360464378, 0.762310240468, 4.84002], "abc": [0.33344599999999996, 0.16672299999999998, 0.242001], "species": [{"occu": 1, "element": "Ge"}], "properties": {"magmom": -0.009000000000000001}}, {"label": "Ge", "xyz": [3.959296702345, 0.762310240468, 4.84002], "abc": [0.8332769999999999, 0.16672299999999998, 0.242001], "species": [{"occu": 1, "element": "Ge"}], "properties": {"magmom": -0.017}}, {"label": "Ge", "xyz": [2.639828833277001, 3.047695519064, 4.84002], "abc": [0.8332769999999999, 0.666554, 0.242001], "species": [{"occu": 1, "element": "Ge"}], "properties": {"magmom": -0.026000000000000002}}, {"label": "W", "xyz": [-2.306495000138284e-06, 3.048212190772, 4.84002], "abc": [0.333333, 0.666667, 0.242001], "species": [{"occu": 1, "element": "W"}], "properties": {"magmom": 1.036}}], "@class": "Structure", "@module": "pymatgen.core.structure"}