{"lattice": {"a": 3.54294251, "c": 22.550046597037753, "b": 5.809526339816693, "matrix": [[3.54294251, 0.0, 0.0], [0.0, 5.8005135899999996, -0.32347857], [0.0, 0.0043368700000000005, 22.55004618]], "volume": 463.42840268945184, "beta": 90.0, "alpha": 93.18090142025842, "gamma": 90.0}, "sites": [{"label": "Ag", "xyz": [1.771471255, 2.900256795, -0.161739285], "abc": [0.5, 0.5, 0.0], "species": [{"occu": 1, "element": "Ag"}], "properties": {"magmom": 0.0}}, {"label": "Ag", "xyz": [0.0, 0.0, 0.0], "abc": [-0.0, 0.0, 0.0], "species": [{"occu": 1, "element": "Ag"}], "properties": {"magmom": 0.0}}, {"label": "S", "xyz": [0.0, 3.7731687709973962, 21.013068776373164], "abc": [-0.0, 0.64978506, 0.94116261], "species": [{"occu": 1, "element": "S"}], "properties": {"magmom": 0.0}}, {"label": "S", "xyz": [0.0, 2.031681689002604, 1.213498833626834], "abc": [0.0, 0.35021494000000003, 0.05883739], "species": [{"occu": 1, "element": "S"}], "properties": {"magmom": 0.0}}], "@class": "Structure", "@module": "pymatgen.core.structure"}