{"lattice": {"a": 3.687821001049942, "c": 24.92707100000004, "b": 3.8439670456549173, "matrix": [[3.687821, -8.800000000000001e-05, 0.0], [-1.843991, 3.3728, 0.0], [-1e-06, 1e-06, 24.927071]], "volume": 310.045910257324, "beta": 90.00000229859123, "alpha": 89.99999688057058, "gamma": 118.66785722828475}, "sites": [{"label": "Ho", "xyz": [0.0, 0.0, 0.0], "abc": [0.0, 0.0, 0.0], "species": [{"occu": 1, "element": "Ho"}], "properties": {"magmom": 0.209}}, {"label": "N", "xyz": [0.9219149560140001, 1.6863560439860001, 1.096442145006], "abc": [0.5, 0.5, 0.043986], "species": [{"occu": 1, "element": "N"}], "properties": {"magmom": 1.004}}, {"label": "N", "xyz": [-0.921996456013999, 1.686400956013999, 23.830628854994004], "abc": [0.0, 0.5, 0.9560139999999999], "species": [{"occu": 1, "element": "N"}], "properties": {"magmom": 1.005}}], "@class": "Structure", "@module": "pymatgen.core.structure"}