{"lattice": {"a": 4.035094, "c": 22.797818, "b": 4.035094, "matrix": [[4.035094, 0.0, 0.0], [0.0, 4.035094, 0.0], [0.0, 0.0, 22.797818]], "volume": 371.19369853726994, "beta": 90.0, "alpha": 90.0, "gamma": 90.0}, "sites": [{"label": "Te", "xyz": [0.0, 2.017547, 1.6727443001139992], "abc": [0.0, 0.5, 0.073373], "species": [{"occu": 1, "element": "Te"}], "properties": {"magmom": 0.0}}, {"label": "Te", "xyz": [2.017547, 0.0, 21.125073699886], "abc": [0.5, 0.0, 0.926627], "species": [{"occu": 1, "element": "Te"}], "properties": {"magmom": 0.0}}, {"label": "Rh", "xyz": [0.0, 0.0, 0.0], "abc": [0.0, 0.0, 0.0], "species": [{"occu": 1, "element": "Rh"}], "properties": {"magmom": 0.0}}, {"label": "Rh", "xyz": [2.017547, 2.017547, 0.0], "abc": [0.5, 0.5, 0.0], "species": [{"occu": 1, "element": "Rh"}], "properties": {"magmom": 0.0}}], "@class": "Structure", "@module": "pymatgen.core.structure"}