{"lattice": {"a": 4.810658079395063, "c": 24.728211000143844, "b": 4.811371276172937, "matrix": [[4.810658, -0.000874, -3e-06], [-2.406087, 4.166538, -1.3000000000000001e-05], [-1.5000000000000002e-05, -8.300000000000001e-05, 24.728211]], "volume": 495.59505112679716, "beta": 90.00007045089718, "alpha": 90.00030396721252, "gamma": 120.01592863230185}, "sites": [{"label": "Pu", "xyz": [-0.0010244483439990001, 2.777373773842, 7.212566548878001], "abc": [0.33322599999999997, 0.666666, 0.291674], "species": [{"occu": 1, "element": "Pu"}], "properties": {"magmom": 5.058}}, {"label": "Cl", "xyz": [-0.000517807488999, 2.777382102505, 4.703864814402], "abc": [0.333331, 0.666666, 0.190223], "species": [{"occu": 1, "element": "Cl"}], "properties": {"magmom": -0.081}}, {"label": "Cl", "xyz": [-0.0005208505839990001, 2.777365264046, 9.720551164605], "abc": [0.333331, 0.666666, 0.393096], "species": [{"occu": 1, "element": "Cl"}], "properties": {"magmom": -0.081}}, {"label": "Cl", "xyz": [0.000522389907, -1.180501399999999e-05, 7.212180563466], "abc": [0.000111, 3e-06, 0.291658], "species": [{"occu": 1, "element": "Cl"}], "properties": {"magmom": -0.045}}], "@class": "Structure", "@module": "pymatgen.core.structure"}