{"lattice": {"a": 3.29990368, "c": 22.189232, "b": 3.299903699986346, "matrix": [[3.29990368, 0.0, 0.0], [1.64995184, 2.85780044, 0.0], [0.0, 0.0, 22.189232]], "volume": 209.25480212836842, "beta": 90.0, "alpha": 90.0, "gamma": 60.00000020035222}, "sites": [{"label": "Li", "xyz": [0.0, 0.0, 11.094616], "abc": [-0.0, 0.0, 0.5], "species": [{"occu": 1, "element": "Li"}], "properties": {"magmom": 0.004}}, {"label": "O", "xyz": [3.29990532995184, 1.9052012459334802, 10.47008187018976], "abc": [0.666667, 0.666667, 0.47185418], "species": [{"occu": 1, "element": "O"}], "properties": {"magmom": 1.251}}, {"label": "O", "xyz": [1.64995019004816, 0.95259919406652, 11.71915012981024], "abc": [0.333333, 0.333333, 0.52814582], "species": [{"occu": 1, "element": "O"}], "properties": {"magmom": 1.251}}], "@class": "Structure", "@module": "pymatgen.core.structure"}