{"lattice": {"a": 4.01783884, "c": 26.152415, "b": 4.017837885270269, "matrix": [[4.01783884, 0.0, 0.0], [-2.00891892, 3.47954969, 0.0], [0.0, 0.0, 26.152415]], "volume": 365.6178199803045, "beta": 90.0, "alpha": 90.0, "gamma": 119.99999962728003}, "sites": [{"label": "Te", "xyz": [2.008921595585919, 1.159848736816769, 2.1087743541583], "abc": [0.666667, 0.333333, 0.08063402], "species": [{"occu": 1, "element": "Te"}], "properties": {"magmom": 0.002}}, {"label": "Te", "xyz": [-1.675585920219968e-06, 2.319700953183229, 24.043640645841702], "abc": [0.333333, 0.666667, 0.91936598], "species": [{"occu": 1, "element": "Te"}], "properties": {"magmom": 0.002}}, {"label": "Pb", "xyz": [0.0, 0.0, 0.0], "abc": [0.0, 0.0, 0.0], "species": [{"occu": 1, "element": "Pb"}], "properties": {"magmom": 0.0}}], "@class": "Structure", "@module": "pymatgen.core.structure"}