{"lattice": {"a": 3.8571489999999997, "c": 26.270831, "b": 3.85714873252212, "matrix": [[3.8571489999999997, 0.0, 0.0], [-1.928574, 3.340389, 0.0], [0.0, 0.0, 26.270831]], "volume": 338.48331936773906, "beta": 90.0, "alpha": 90.0, "gamma": 119.99999371773357}, "sites": [{"label": "La", "xyz": [1.9285765952410001, 1.113461886537, 0.504058434397], "abc": [0.666667, 0.333333, 0.019187], "species": [{"occu": 1, "element": "La"}], "properties": {"magmom": 0.369}}, {"label": "La", "xyz": [-1.595240999963568e-06, 2.2269271134629998, 3.548164705690999], "abc": [0.333333, 0.666667, 0.135061], "species": [{"occu": 1, "element": "La"}], "properties": {"magmom": 0.37}}, {"label": "F", "xyz": [0.0, 0.0, 4.713565039682], "abc": [0.0, 0.0, 0.179422], "species": [{"occu": 1, "element": "F"}], "properties": {"magmom": 0.013000000000000001}}, {"label": "F", "xyz": [0.0, 0.0, 25.609515371237002], "abc": [0.0, 0.0, 0.974827], "species": [{"occu": 1, "element": "F"}], "properties": {"magmom": 0.013000000000000001}}], "@class": "Structure", "@module": "pymatgen.core.structure"}