{"lattice": {"a": 2.602255, "c": 23.530469, "b": 2.602255, "matrix": [[2.602255, 0.0, 0.0], [0.0, 2.602255, 0.0], [0.0, 0.0, 23.530469]], "volume": 159.34200837251714, "beta": 90.0, "alpha": 90.0, "gamma": 90.0}, "sites": [{"label": "Ni", "xyz": [1.3011275, 1.3011275, 12.994183834932], "abc": [0.5, 0.5, 0.5522279999999999], "species": [{"occu": 1, "element": "Ni"}], "properties": {"magmom": -0.0}}, {"label": "P", "xyz": [0.0, 0.0, 14.631833885925], "abc": [0.0, 0.0, 0.621825], "species": [{"occu": 1, "element": "P"}], "properties": {"magmom": -0.0}}, {"label": "P", "xyz": [0.0, 0.0, 11.356533783939], "abc": [0.0, 0.0, 0.482631], "species": [{"occu": 1, "element": "P"}], "properties": {"magmom": 0.0}}], "@class": "Structure", "@module": "pymatgen.core.structure"}