{"lattice": {"a": 3.38613153, "c": 23.39152754, "b": 3.38613127770617, "matrix": [[3.38613153, -1e-08, -0.0], [-1.69306527, 2.93247592, 0.0], [0.0, 0.0, 23.39152754]], "volume": 232.27200086534168, "beta": 90.0, "alpha": 90.0, "gamma": 119.9999929624214}, "sites": [{"label": "Cr", "xyz": [0.0, 0.0, 11.69576377], "abc": [0.0, 0.0, 0.5], "species": [{"occu": 1, "element": "Cr"}], "properties": {"magmom": 2.066}}, {"label": "O", "xyz": [0.0, 0.0, 9.983247349014885], "abc": [0.0, 0.0, 0.42678903], "species": [{"occu": 1, "element": "O"}], "properties": {"magmom": -0.677}}, {"label": "O", "xyz": [0.0, 0.0, 13.408280190985113], "abc": [0.0, 0.0, 0.57321097], "species": [{"occu": 1, "element": "O"}], "properties": {"magmom": -0.677}}, {"label": "O", "xyz": [-1.3630656000429698e-06, 1.9549849208253098, 11.69576377], "abc": [0.333333, 0.666667, 0.5], "species": [{"occu": 1, "element": "O"}], "properties": {"magmom": -0.448}}], "@class": "Structure", "@module": "pymatgen.core.structure"}