{"lattice": {"a": 4.09117892, "c": 22.77902, "b": 4.09117892, "matrix": [[4.09117892, 0.0, 0.0], [0.0, 4.09117892, 0.0], [0.0, 0.0, 22.77902]], "volume": 381.26942709514856, "beta": 90.0, "alpha": 90.0, "gamma": 90.0}, "sites": [{"label": "Te", "xyz": [2.04558946, 0.0, 21.142322128287798], "abc": [0.5, 0.0, 0.92814889], "species": [{"occu": 1, "element": "Te"}], "properties": {"magmom": 0.0}}, {"label": "Te", "xyz": [0.0, 2.04558946, 1.6366978717121992], "abc": [0.0, 0.5, 0.07185111], "species": [{"occu": 1, "element": "Te"}], "properties": {"magmom": 0.0}}, {"label": "Os", "xyz": [0.0, 0.0, 0.0], "abc": [0.0, 0.0, 0.0], "species": [{"occu": 1, "element": "Os"}], "properties": {"magmom": -0.0}}, {"label": "Os", "xyz": [2.04558946, 2.04558946, 0.0], "abc": [0.5, 0.5, 0.0], "species": [{"occu": 1, "element": "Os"}], "properties": {"magmom": -0.0}}], "@class": "Structure", "@module": "pymatgen.core.structure"}