{"lattice": {"a": 3.45488203, "c": 22.45038381, "b": 3.454882171491089, "matrix": [[3.45488203, 0.0, 0.0], [-1.72744051, 2.99201606, -0.0], [0.0, 0.0, 22.45038381]], "volume": 232.07102102322878, "beta": 90.0, "alpha": 90.0, "gamma": 119.99998897472777}, "sites": [{"label": "Zr", "xyz": [0.0, 0.0, 10.814074415067651], "abc": [-0.0, -0.0, 0.48168773000000004], "species": [{"occu": 1, "element": "Zr"}], "properties": {"magmom": 0.0}}, {"label": "N", "xyz": [1.727442910774179, 0.99733768932798, 10.180935201469337], "abc": [0.666667, 0.333333, 0.45348602], "species": [{"occu": 1, "element": "N"}], "properties": {"magmom": -0.0}}, {"label": "Cl", "xyz": [-1.3907741800703798e-06, 1.9946783706720201, 12.680543648079203], "abc": [0.333333, 0.666667, 0.5648252500000001], "species": [{"occu": 1, "element": "Cl"}], "properties": {"magmom": 0.0}}], "@class": "Structure", "@module": "pymatgen.core.structure"}