{"lattice": {"a": 5.7083527499999995, "c": 20.0, "b": 5.708352457153935, "matrix": [[5.7083527499999995, 0.0, -0.0], [-2.8541763700000002, 4.94357816, 0.0], [-0.0, 0.0, 20.0]], "volume": 564.3937596895189, "beta": 90.0, "alpha": 90.0, "gamma": 120.0000016390846}, "sites": [{"label": "Y", "xyz": [2.85417923084304, 1.64785773880728, 5.74646], "abc": [0.666667, 0.333333, 0.287323], "species": [{"occu": 1, "element": "Y"}], "properties": {"magmom": -0.0}}, {"label": "Ge", "xyz": [2.855853260246069e-06, 1.657962610309446, 5.74646], "abc": [0.16768902, 0.33537704, 0.287323], "species": [{"occu": 1, "element": "Ge"}], "properties": {"magmom": -0.0}}, {"label": "Ge", "xyz": [-1.418334253145737, 4.114594383056197, 5.74646], "abc": [0.16768902, 0.83231098, 0.287323], "species": [{"occu": 1, "element": "Ge"}], "properties": {"magmom": -0.0}}, {"label": "Ge", "xyz": [1.418339969821597, 4.114594383056197, 5.74646], "abc": [0.66462296, 0.83231098, 0.287323], "species": [{"occu": 1, "element": "Ge"}], "properties": {"magmom": -0.0}}], "@class": "Structure", "@module": "pymatgen.core.structure"}