{"lattice": {"a": 3.70526996, "c": 22.343883, "b": 1.6032980000000001, "matrix": [[3.70526996, 0.0, 0.0], [0.0, 1.6032980000000001, 0.0], [0.0, 0.0, 22.343883]], "volume": 132.7372313621604, "beta": 90.0, "alpha": 90.0, "gamma": 90.0}, "sites": [{"label": "B", "xyz": [0.0, 1.2024735, 11.91918730885251], "abc": [0.0, 0.75, 0.53344297], "species": [{"occu": 1, "element": "B"}], "properties": {"magmom": 0.0}}, {"label": "B", "xyz": [0.0, 0.4008245, 10.424695691147491], "abc": [-0.0, 0.25, 0.46655703], "species": [{"occu": 1, "element": "B"}], "properties": {"magmom": 0.0}}], "@class": "Structure", "@module": "pymatgen.core.structure"}