{"lattice": {"a": 3.67382234, "c": 23.30262, "b": 3.6738225951044203, "matrix": [[3.67382234, 0.0, 0.0], [1.83691117, 3.18162377, 0.0], [0.0, 0.0, 23.30262]], "volume": 272.3778117179011, "beta": 90.0, "alpha": 90.0, "gamma": 60.00000229700427}, "sites": [{"label": "Cd", "xyz": [0.0, 0.0, 10.935656479420201], "abc": [-0.0, -0.0, 0.46928871], "species": [{"occu": 1, "element": "Cd"}], "properties": {"magmom": 0.07100000000000001}}, {"label": "C", "xyz": [3.67382417691117, 2.12108357387459, 12.2114774877084], "abc": [0.666667, 0.666667, 0.52403882], "species": [{"occu": 1, "element": "C"}], "properties": {"magmom": 0.091}}, {"label": "N", "xyz": [1.83690933308883, 1.06054019612541, 10.0689702896772], "abc": [0.333333, 0.333333, 0.43209606], "species": [{"occu": 1, "element": "N"}], "properties": {"magmom": 1.2}}, {"label": "N", "xyz": [3.67382417691117, 2.12108357387459, 13.389158812788], "abc": [0.666667, 0.666667, 0.5745774], "species": [{"occu": 1, "element": "N"}], "properties": {"magmom": 0.059000000000000004}}], "@class": "Structure", "@module": "pymatgen.core.structure"}