{"lattice": {"a": 3.39105, "c": 22.858091, "b": 3.391050480208308, "matrix": [[3.39105, 0.0, 0.0], [-1.695525, 2.936736, 0.0], [0.0, 0.0, 22.858091]], "volume": 227.63501048567616, "beta": 90.0, "alpha": 90.0, "gamma": 119.99999531556293}, "sites": [{"label": "Rh", "xyz": [0.0, 0.0, 0.0], "abc": [0.0, 0.0, 0.0], "species": [{"occu": 1, "element": "Rh"}], "properties": {"magmom": 0.852}}, {"label": "F", "xyz": [1.695526695524999, 0.9789110210879991, 21.930395376765002], "abc": [0.666667, 0.333333, 0.9594149999999999], "species": [{"occu": 1, "element": "F"}], "properties": {"magmom": 0.05}}, {"label": "F", "xyz": [-1.6955250000610511e-06, 1.957824978912, 0.9276956232350001], "abc": [0.333333, 0.666667, 0.040584999999999996], "species": [{"occu": 1, "element": "F"}], "properties": {"magmom": 0.05}}], "@class": "Structure", "@module": "pymatgen.core.structure"}