{"lattice": {"a": 4.38394608, "c": 22.656191, "b": 4.38394608, "matrix": [[4.38394608, 0.0, -0.0], [0.0, 4.38394608, 0.0], [0.0, 0.0, 22.656191]], "volume": 435.4289549378594, "beta": 90.0, "alpha": 90.0, "gamma": 90.0}, "sites": [{"label": "Ca", "xyz": [0.0, 0.0, 0.0], "abc": [0.0, 0.0, 0.0], "species": [{"occu": 1, "element": "Ca"}], "properties": {"magmom": -0.0}}, {"label": "Cl", "xyz": [0.0, 2.19197304, 21.22347374662806], "abc": [-0.0, 0.5, 0.93676266], "species": [{"occu": 1, "element": "Cl"}], "properties": {"magmom": 0.0}}, {"label": "Cl", "xyz": [2.19197304, 0.0, 1.4327172533719401], "abc": [0.5, -0.0, 0.06323734], "species": [{"occu": 1, "element": "Cl"}], "properties": {"magmom": 0.0}}], "@class": "Structure", "@module": "pymatgen.core.structure"}