{"lattice": {"a": 3.277609120004554, "c": 21.950498000041627, "b": 3.277609052545705, "matrix": [[3.27760912, 3.8999999999999997e-07, 5.45e-06], [-1.63880422, 2.83849288, -5.389999999999999e-06], [3.723e-05, -2.101e-05, 21.950498]], "volume": 204.21581696109763, "beta": 89.9998075499859, "alpha": 90.00019030536879, "gamma": 119.99998700035361}, "sites": [{"label": "Hf", "xyz": [1.63880496564785, 2.838493156406289, 5.64727800756e-05], "abc": [1.0, 0.99999996, 2.57e-06], "species": [{"occu": 1, "element": "Hf"}], "properties": {"magmom": -0.0}}, {"label": "Sb", "xyz": [1.638838296272733, 0.9461455722905181, 19.524277049950907], "abc": [0.66666677, 0.33333323, 0.88946844], "species": [{"occu": 1, "element": "Sb"}], "properties": {"magmom": 0.0}}, {"label": "Sb", "xyz": [3.784467831664215e-06, 1.892326772918053, 2.426164816774051], "abc": [0.33333323, 0.6666668, 0.11052899999999999], "species": [{"occu": 1, "element": "Sb"}], "properties": {"magmom": 0.0}}], "@class": "Structure", "@module": "pymatgen.core.structure"}