{"lattice": {"a": 4.52148683, "c": 20.769747, "b": 4.521485940991006, "matrix": [[4.52148683, 2e-08, -0.0], [-2.26074288, 3.91572174, -0.0], [-0.0, 0.0, 20.769747]], "volume": 367.7259680440357, "beta": 90.0, "alpha": 90.0, "gamma": 119.99999842241031}, "sites": [{"label": "Ge", "xyz": [0.0, 0.0, 6.545145863808539], "abc": [-0.0, -0.0, 0.31512882000000003], "species": [{"occu": 1, "element": "Ge"}], "properties": {"magmom": -0.0}}, {"label": "Pb", "xyz": [2.26074585407657, 1.3052392880927601, 5.72643068392446], "abc": [0.666667, 0.333333, 0.27571018], "species": [{"occu": 1, "element": "Pb"}], "properties": {"magmom": 0.0}}], "@class": "Structure", "@module": "pymatgen.core.structure"}