{"lattice": {"a": 5.31111502, "c": 22.957399, "b": 5.32456254, "matrix": [[5.31111502, 0.0, 0.0], [0.0, 5.32456254, 0.0], [0.0, 0.0, 22.957399]], "volume": 649.220644676617, "beta": 90.0, "alpha": 90.0, "gamma": 90.0}, "sites": [{"label": "Ba", "xyz": [2.65555751, 0.0, 10.748415225276409], "abc": [0.5, -0.0, 0.46818959], "species": [{"occu": 1, "element": "Ba"}], "properties": {"magmom": 0.046}}, {"label": "Ba", "xyz": [0.0, 2.6622812700000003, 6.9955347746479095], "abc": [-0.0, 0.5, 0.30471809], "species": [{"occu": 1, "element": "Ba"}], "properties": {"magmom": 0.05}}, {"label": "Sb", "xyz": [0.0, 0.0, 8.86418050385368], "abc": [-0.0, -0.0, 0.38611432], "species": [{"occu": 1, "element": "Sb"}], "properties": {"magmom": 0.02}}], "@class": "Structure", "@module": "pymatgen.core.structure"}