{"lattice": {"a": 4.236686743744351, "c": 24.122461, "b": 4.236687565418076, "matrix": [[4.23668627, -0.00200355, -0.0], [-0.20487458, 4.23173108, 0.0], [0.0, -0.0, 24.122461]], "volume": 432.47004957277295, "beta": 90.0, "alpha": 90.0, "gamma": 92.79884303450491}, "sites": [{"label": "Ag", "xyz": [2.015905845, 2.114863765, 15.009212336349002], "abc": [0.5, 0.5, 0.622209], "species": [{"occu": 1, "element": "Ag"}], "properties": {"magmom": 0.0}}, {"label": "Ag", "xyz": [0.0, 0.0, 15.009212336349002], "abc": [-0.0, -0.0, 0.622209], "species": [{"occu": 1, "element": "Ag"}], "properties": {"magmom": 0.0}}, {"label": "Cl", "xyz": [3.1262960575, 1.0564301075, 16.85093111572431], "abc": [0.75, 0.25, 0.69855771], "species": [{"occu": 1, "element": "Cl"}], "properties": {"magmom": 0.0}}, {"label": "Cl", "xyz": [0.9055156325, 3.1732974225, 13.167517679434692], "abc": [0.25, 0.75, 0.54586129], "species": [{"occu": 1, "element": "Cl"}], "properties": {"magmom": 0.0}}], "@class": "Structure", "@module": "pymatgen.core.structure"}