{"lattice": {"a": 3.90710354, "c": 21.250951, "b": 3.907103556579095, "matrix": [[3.90710354, 0.0, 0.0], [-1.95355177, 3.38365094, 0.0], [0.0, 0.0, 21.250951]], "volume": 280.94340700432656, "beta": 90.0, "alpha": 90.0, "gamma": 119.99999985963207}, "sites": [{"label": "Ga", "xyz": [0.0, 0.0, 11.204614704522891], "abc": [0.0, 0.0, 0.52725239], "species": [{"occu": 1, "element": "Ga"}], "properties": {"magmom": 0.258}}, {"label": "Se", "xyz": [1.95355372355177, 1.12788251878302, 10.04633629547711], "abc": [0.666667, 0.333333, 0.47274761], "species": [{"occu": 1, "element": "Se"}], "properties": {"magmom": 0.302}}], "@class": "Structure", "@module": "pymatgen.core.structure"}