{"lattice": {"a": 4.1085849, "c": 23.838, "b": 4.108585740151147, "matrix": [[4.1085849, 1e-08, 0.0], [-2.05429293, 3.55813959, -0.0], [-0.0, 0.0, 23.838]], "volume": 348.48578187545723, "beta": 90.0, "alpha": 90.0, "gamma": 120.00000082549337}, "sites": [{"label": "Pb", "xyz": [0.0, 0.0, 0.0], "abc": [-0.0, 0.0, -0.0], "species": [{"occu": 1, "element": "Pb"}], "properties": {"magmom": 0.0}}, {"label": "Cl", "xyz": [2.05429434429261, 1.18604535062014, 1.7263300815], "abc": [0.666667, 0.333333, 0.07241925], "species": [{"occu": 1, "element": "Cl"}], "properties": {"magmom": -0.0}}, {"label": "Cl", "xyz": [2.05429434429261, 1.18604535062014, 22.1116699185], "abc": [0.666667, 0.333333, 0.9275807500000001], "species": [{"occu": 1, "element": "Cl"}], "properties": {"magmom": -0.0}}], "@class": "Structure", "@module": "pymatgen.core.structure"}