{"lattice": {"a": 3.9390234, "c": 23.069546, "b": 3.939023632245333, "matrix": [[3.9390234, 0.0, 0.0], [-1.9695122, 3.41129431, 0.0], [0.0, 0.0, 23.069546]], "volume": 309.98936785514144, "beta": 90.0, "alpha": 90.0, "gamma": 120.00000644756751}, "sites": [{"label": "Co", "xyz": [0.0, 0.0, 11.534773], "abc": [0.0, 0.0, 0.5], "species": [{"occu": 1, "element": "Co"}], "properties": {"magmom": 2.148}}, {"label": "I", "xyz": [-2.302845200032633e-06, 2.27419734376477, 9.98109121407396], "abc": [0.333333, 0.666667, 0.43265226], "species": [{"occu": 1, "element": "I"}], "properties": {"magmom": 0.157}}, {"label": "I", "xyz": [1.9695135028452, 1.13709696623523, 13.08845478592604], "abc": [0.666667, 0.333333, 0.56734774], "species": [{"occu": 1, "element": "I"}], "properties": {"magmom": 0.157}}], "@class": "Structure", "@module": "pymatgen.core.structure"}