{"lattice": {"a": 3.435304179784692, "c": 23.436881, "b": 3.435304146780948, "matrix": [[3.43397154, 0.09567795, 0.0], [0.14742221, 3.43213946, 0.0], [0.0, 0.0, 23.436881]], "volume": 275.89343606189226, "beta": 90.0, "alpha": 90.0, "gamma": 85.94448811342085}, "sites": [{"label": "Te", "xyz": [3.115698029527874, 3.069088327099228, 13.199571225066979], "abc": [0.8699680200000001, 0.8699680200000001, 0.5631965800000001], "species": [{"occu": 1, "element": "Te"}], "properties": {"magmom": 0.0}}, {"label": "Te", "xyz": [1.056242480090875, 1.040441479087901, 10.23730977493302], "abc": [0.29492498, 0.29492498, 0.43680342], "species": [{"occu": 1, "element": "Te"}], "properties": {"magmom": 0.0}}, {"label": "N", "xyz": [0.958530490689062, 0.944191225292867, 12.97092945130814], "abc": [0.26764175, 0.26764175, 0.55344094], "species": [{"occu": 1, "element": "N"}], "properties": {"magmom": 0.0}}, {"label": "N", "xyz": [3.2134064375359372, 3.165335053076853, 10.46595154869186], "abc": [0.89725025, 0.89725025, 0.44655906], "species": [{"occu": 1, "element": "N"}], "properties": {"magmom": 0.0}}], "@class": "Structure", "@module": "pymatgen.core.structure"}