{"lattice": {"a": 4.93292699, "c": 22.957399, "b": 4.93899458, "matrix": [[4.93292699, 0.0, 0.0], [0.0, 4.93899458, 0.0], [0.0, 0.0, 22.957399]], "volume": 559.3271743748314, "beta": 90.0, "alpha": 90.0, "gamma": 90.0}, "sites": [{"label": "Ba", "xyz": [2.466463495, 0.0, 10.556718877460499], "abc": [0.5, 0.0, 0.45983949999999996], "species": [{"occu": 1, "element": "Ba"}], "properties": {"magmom": 0.036000000000000004}}, {"label": "Ba", "xyz": [0.0, 2.46949729, 7.18434606613149], "abc": [0.0, 0.5, 0.31294251], "species": [{"occu": 1, "element": "Ba"}], "properties": {"magmom": 0.042}}, {"label": "P", "xyz": [0.0, 0.0, 8.86706556018601], "abc": [-0.0, 0.0, 0.38623999000000003], "species": [{"occu": 1, "element": "P"}], "properties": {"magmom": 0.018000000000000002}}], "@class": "Structure", "@module": "pymatgen.core.structure"}