{"lattice": {"a": 3.953795, "c": 22.485034, "b": 3.953795, "matrix": [[3.953795, 0.0, 0.0], [0.0, 3.953795, 0.0], [0.0, 0.0, 22.485034]], "volume": 351.49717937685875, "beta": 90.0, "alpha": 90.0, "gamma": 90.0}, "sites": [{"label": "In", "xyz": [0.0, 0.0, 7.8178439564939985], "abc": [0.0, 0.0, 0.347691], "species": [{"occu": 1, "element": "In"}], "properties": {"magmom": 0.0}}, {"label": "Cl", "xyz": [0.0, 0.0, 5.447516642281999], "abc": [0.0, 0.0, 0.242273], "species": [{"occu": 1, "element": "Cl"}], "properties": {"magmom": 0.0}}], "@class": "Structure", "@module": "pymatgen.core.structure"}