{"lattice": {"a": 2.650882686447591, "c": 23.77031450411989, "b": 2.6508614975793563, "matrix": [[2.65046347, -0.012508140000000001, 0.04545281], [0.01634174, 2.6504324500000003, 0.04480463], [-1.33659075, -1.33008798, 23.69540552]], "volume": 166.78082245138563, "beta": 92.22731743562534, "alpha": 92.26060556071992, "gamma": 89.90054576266823}, "sites": [{"label": "Cr", "xyz": [2.32702024743595, 0.982356112248369, 4.974727012762035], "abc": [0.97948031, 0.47922306000000003, 0.20715979999999998], "species": [{"occu": 1, "element": "Cr"}], "properties": {"magmom": 0.0}}, {"label": "Cr", "xyz": [-0.3378678842767, 0.9812122618036501, 7.129124721283484], "abc": [0.02051969, 0.52077694, 0.2998412], "species": [{"occu": 1, "element": "Cr"}], "properties": {"magmom": 0.0}}, {"label": "N", "xyz": [0.973223003340219, -0.35603919690572505, 7.568060054304015], "abc": [0.52754425, 0.02790457, 0.31832464], "species": [{"occu": 1, "element": "N"}], "properties": {"magmom": -0.0}}, {"label": "N", "xyz": [1.01592935981903, 2.319607570957745, 4.535791679741505], "abc": [0.47245575, 0.97209543, 0.18867636000000002], "species": [{"occu": 1, "element": "N"}], "properties": {"magmom": -0.0}}], "@class": "Structure", "@module": "pymatgen.core.structure"}