{"lattice": {"a": 3.8543609, "c": 22.733189, "b": 3.854359985383574, "matrix": [[3.8543609, -2e-08, 0.0], [-1.92717998, 3.3379736700000002, 0.0], [0.0, 0.0, 22.733189]], "volume": 292.4796436875959, "beta": 90.0, "alpha": 90.0, "gamma": 120.0000000794512}, "sites": [{"label": "Te", "xyz": [1.9271825338469601, 1.11265676400877, 9.86591622382726], "abc": [0.666667, 0.333333, 0.43398734], "species": [{"occu": 1, "element": "Te"}], "properties": {"magmom": -0.0}}, {"label": "Te", "xyz": [-1.6138469599249808e-06, 2.22531688599123, 12.867272776172738], "abc": [0.333333, 0.666667, 0.5660126600000001], "species": [{"occu": 1, "element": "Te"}], "properties": {"magmom": -0.0}}, {"label": "Ir", "xyz": [0.0, 0.0, 11.3665945], "abc": [0.0, -0.0, 0.5], "species": [{"occu": 1, "element": "Ir"}], "properties": {"magmom": -0.0}}], "@class": "Structure", "@module": "pymatgen.core.structure"}