{"lattice": {"a": 4.544614, "c": 23.529845, "b": 4.544613848970009, "matrix": [[4.544614, 0.0, 0.0], [-2.272307, 3.9357509999999998, 0.0], [0.0, 0.0, 23.529845]], "volume": 420.8658454053228, "beta": 90.0, "alpha": 90.0, "gamma": 120.00000109933035}, "sites": [{"label": "Sr", "xyz": [0.0, 0.0, 0.0], "abc": [0.0, 0.0, 0.0], "species": [{"occu": 1, "element": "Sr"}], "properties": {"magmom": -0.0}}, {"label": "Br", "xyz": [2.272309272307, 1.311915688083, 1.57480546616], "abc": [0.666667, 0.333333, 0.066928], "species": [{"occu": 1, "element": "Br"}], "properties": {"magmom": 0.0}}, {"label": "Br", "xyz": [-2.2723070001000327e-06, 2.623835311917, 21.95503953384], "abc": [0.333333, 0.666667, 0.933072], "species": [{"occu": 1, "element": "Br"}], "properties": {"magmom": 0.0}}], "@class": "Structure", "@module": "pymatgen.core.structure"}