{"lattice": {"a": 4.04908485, "c": 23.530221, "b": 4.04908485, "matrix": [[4.04908485, 0.0, 0.0], [0.0, 4.04908485, 0.0], [0.0, 0.0, 23.530221]], "volume": 385.78004683688886, "beta": 90.0, "alpha": 90.0, "gamma": 90.0}, "sites": [{"label": "Au", "xyz": [2.024542425, 2.024542425, 0.0], "abc": [0.5, 0.5, 0.0], "species": [{"occu": 1, "element": "Au"}], "properties": {"magmom": 0.001}}, {"label": "I", "xyz": [2.024542425, 0.0, 1.84096731329082], "abc": [0.5, 0.0, 0.07823842], "species": [{"occu": 1, "element": "I"}], "properties": {"magmom": 0.001}}, {"label": "I", "xyz": [0.0, 2.024542425, 21.689230156488183], "abc": [0.0, 0.5, 0.92176058], "species": [{"occu": 1, "element": "I"}], "properties": {"magmom": 0.001}}], "@class": "Structure", "@module": "pymatgen.core.structure"}