{"lattice": {"a": 3.00467434, "c": 23.020983, "b": 3.004674362053502, "matrix": [[3.00467434, 1e-08, 0.0], [-1.50233664, 2.60212464, 0.0], [0.0, 0.0, 23.020983]], "volume": 179.99041082222644, "beta": 90.0, "alpha": 90.0, "gamma": 119.99998789652622}, "sites": [{"label": "Ga", "xyz": [1.50233884900366, 0.867374019291789, 11.329918132285622], "abc": [0.666667, 0.333333, 0.49215614], "species": [{"occu": 1, "element": "Ga"}], "properties": {"magmom": 0.0}}, {"label": "Ga", "xyz": [0.0, 0.0, 8.42874087810951], "abc": [0.0, 0.0, 0.36613297], "species": [{"occu": 1, "element": "Ga"}], "properties": {"magmom": 0.0}}, {"label": "O", "xyz": [-1.149003660015809e-06, 1.7347506307082101, 9.879567427056871], "abc": [0.333333, 0.666667, 0.42915489], "species": [{"occu": 1, "element": "O"}], "properties": {"magmom": -0.0}}], "@class": "Structure", "@module": "pymatgen.core.structure"}