{"lattice": {"a": 4.27353210643715, "c": 23.441293366808722, "b": 4.273531792741699, "matrix": [[4.27137587, -0.09073249, -0.1009577], [-1.50763267, 3.99748987, 0.10095769], [-0.52359757, 0.37040666, 23.43251756]], "volume": 396.58989275501494, "beta": 92.65235907017568, "alpha": 87.3476410243576, "gamma": 111.90221982575147}, "sites": [{"label": "Hg", "xyz": [3.020642498407607, 0.7940691294661351, 11.700250218313956], "abc": [0.8290697100000001, 0.17093029, 0.5021523800000001], "species": [{"occu": 1, "element": "Hg"}], "properties": {"magmom": -0.0}}, {"label": "I", "xyz": [-1.169431698063987, 3.758237620432321, 10.04834614732851], "abc": [0.09706032, 0.90293968, 0.42534851], "species": [{"occu": 1, "element": "I"}], "properties": {"magmom": -0.0}}, {"label": "Br", "xyz": [1.5002351096926612, 1.869645231644023, 13.400486466919553], "abc": [0.57235197, 0.42764803, 0.57249911], "species": [{"occu": 1, "element": "Br"}], "properties": {"magmom": -0.0}}], "@class": "Structure", "@module": "pymatgen.core.structure"}