{"lattice": {"a": 3.59764137, "c": 24.529133, "b": 3.597642035762703, "matrix": [[3.59764137, -2e-08, 0.0], [-1.79882122, 3.11564928, 0.0], [0.0, -0.0, 24.529133]], "volume": 274.946774818011, "beta": 90.0, "alpha": 90.0, "gamma": 120.00000403541488}, "sites": [{"label": "Th", "xyz": [-2.15548753011856e-06, 2.0771005518831, 13.423641621649], "abc": [0.333333, 0.666667, 0.547253], "species": [{"occu": 1, "element": "Th"}], "properties": {"magmom": -0.0}}, {"label": "F", "xyz": [0.0, 0.0, 11.970291227272991], "abc": [0.0, -0.0, 0.48800303], "species": [{"occu": 1, "element": "F"}], "properties": {"magmom": -0.0}}, {"label": "F", "xyz": [0.0, 0.0, 14.87701654515801], "abc": [0.0, -0.0, 0.60650397], "species": [{"occu": 1, "element": "F"}], "properties": {"magmom": -0.0}}], "@class": "Structure", "@module": "pymatgen.core.structure"}