{"lattice": {"a": 3.78315751, "c": 22.621078, "b": 3.78315751, "matrix": [[3.78315751, 0.0, 0.0], [0.0, 3.78315751, 0.0], [0.0, 0.0, 22.621078]], "volume": 323.7592191011615, "beta": 90.0, "alpha": 90.0, "gamma": 90.0}, "sites": [{"label": "Tb", "xyz": [0.0, 0.0, 11.310539], "abc": [-0.0, 0.0, 0.5], "species": [{"occu": 1, "element": "Tb"}], "properties": {"magmom": -0.0}}, {"label": "Sn", "xyz": [1.891578755, 1.891578755, 13.054202909327639], "abc": [0.5, 0.5, 0.57708138], "species": [{"occu": 1, "element": "Sn"}], "properties": {"magmom": -0.0}}, {"label": "Sn", "xyz": [1.891578755, 1.891578755, 9.566875090672362], "abc": [0.5, 0.5, 0.42291862], "species": [{"occu": 1, "element": "Sn"}], "properties": {"magmom": -0.0}}], "@class": "Structure", "@module": "pymatgen.core.structure"}