{"lattice": {"a": 5.53036874570246, "c": 20.0, "b": 7.000313881361167, "matrix": [[5.49567157, -0.61852442, 0.0], [-2.43401335, 6.56353361, 0.0], [0.0, 0.0, 20.0]], "volume": 691.3105672727091, "beta": 90.0, "alpha": 90.0, "gamma": 116.76821557657667}, "sites": [{"label": "K", "xyz": [0.0, 0.0, 10.0], "abc": [0.0, 0.0, 0.5], "species": [{"occu": 1, "element": "K"}], "properties": {"magmom": -0.001}}, {"label": "N", "xyz": [2.747835785, -0.30926221, 10.0], "abc": [0.5, 0.0, 0.5], "species": [{"occu": 1, "element": "N"}], "properties": {"magmom": 1.231}}, {"label": "N", "xyz": [3.9062911211971763, 3.077689482845691, 10.0], "abc": [0.95847545, 0.55923077, 0.5], "species": [{"occu": 1, "element": "N"}], "properties": {"magmom": -0.011}}, {"label": "N", "xyz": [-0.844632901197176, 2.867319707154309, 10.0], "abc": [0.04152455, 0.44076923, 0.5], "species": [{"occu": 1, "element": "N"}], "properties": {"magmom": -0.011}}], "@class": "Structure", "@module": "pymatgen.core.structure"}