{"lattice": {"a": 3.5828141799999997, "c": 23.042555, "b": 3.55994127, "matrix": [[3.5828141799999997, 0.0, 0.0], [0.0, 3.55994127, 0.0], [0.0, 0.0, 23.042555]], "volume": 293.89875777491744, "beta": 90.0, "alpha": 90.0, "gamma": 90.0}, "sites": [{"label": "Cu", "xyz": [0.0, 0.8899853175, 22.08893678749505], "abc": [0.0, 0.25, 0.95861491], "species": [{"occu": 1, "element": "Cu"}], "properties": {"magmom": 0.0}}, {"label": "Cu", "xyz": [0.0, 2.6699559525, 0.953618212504949], "abc": [0.0, 0.75, 0.04138509], "species": [{"occu": 1, "element": "Cu"}], "properties": {"magmom": 0.0}}, {"label": "Br", "xyz": [1.7914070899999999, 2.6699559525, 21.35736285645995], "abc": [0.5, 0.75, 0.92686609], "species": [{"occu": 1, "element": "Br"}], "properties": {"magmom": 0.0}}, {"label": "Br", "xyz": [1.7914070899999999, 0.8899853175, 1.685169100985049], "abc": [0.5, 0.25, 0.07313291], "species": [{"occu": 1, "element": "Br"}], "properties": {"magmom": 0.0}}], "@class": "Structure", "@module": "pymatgen.core.structure"}