{"lattice": {"a": 3.93672768, "c": 23.168812647494214, "b": 3.93678404565057, "matrix": [[3.93672768, 0.0, 0.0], [1.9683643499999999, 3.40937096, 0.00025465], [0.0, 0.00176848, 23.16881258]], "volume": 310.96635669118854, "beta": 90.0, "alpha": 89.99250634368678, "gamma": 60.00046505347326}, "sites": [{"label": "Y", "xyz": [3.9367276800524893, 0.00110194453428, 9.839514617990487], "abc": [0.99994854, 0.00010292, 0.42468791], "species": [{"occu": 1, "element": "Y"}], "properties": {"magmom": 0.115}}, {"label": "Y", "xyz": [1.9683643499475112, 3.41003749546572, 13.329552612009516], "abc": [5.1460000000000005e-05, 0.99989708, 0.57531209], "species": [{"occu": 1, "element": "Y"}], "properties": {"magmom": 0.115}}, {"label": "Co", "xyz": [3.936728020005851, 2.273836591807045, 11.57490261695995], "abc": [0.66666093, 0.66667814, 0.49958248], "species": [{"occu": 1, "element": "Co"}], "properties": {"magmom": 0.20600000000000002}}, {"label": "Co", "xyz": [1.968364009994148, 1.137302848192955, 11.59416461304005], "abc": [0.33333907, 0.33332186, 0.5004175200000001], "species": [{"occu": 1, "element": "Co"}], "properties": {"magmom": 0.20600000000000002}}], "@class": "Structure", "@module": "pymatgen.core.structure"}