{"lattice": {"a": 2.693756730230343, "c": 22.024152, "b": 4.665843476055953, "matrix": [[2.69375614, -0.00178322, 0.0], [-0.0029555, 4.66584254, 0.0], [0.0, 0.0, 22.024152]], "volume": 276.8135655560763, "beta": 90.0, "alpha": 90.0, "gamma": 90.0742218594535}, "sites": [{"label": "Pt", "xyz": [2.018823289337505, 2.723608118070549, 9.80128635075792], "abc": [0.75008622, 0.58402007, 0.44502446], "species": [{"occu": 1, "element": "Pt"}], "properties": {"magmom": 0.017}}, {"label": "Pt", "xyz": [0.6719773506624941, 1.94045120192945, 12.222865649242081], "abc": [0.24991378, 0.41597993, 0.55497554], "species": [{"occu": 1, "element": "Pt"}], "properties": {"magmom": 0.017}}, {"label": "Pt", "xyz": [2.017343511984018, 4.272909068732254, 12.22674718579056], "abc": [0.7499011999999999, 0.9160716999999999, 0.55515178], "species": [{"occu": 1, "element": "Pt"}], "properties": {"magmom": 0.02}}, {"label": "Pt", "xyz": [0.673457128015982, 0.39115025126774605, 9.797404814209441], "abc": [0.2500988, 0.0839283, 0.44484822], "species": [{"occu": 1, "element": "Pt"}], "properties": {"magmom": 0.02}}], "@class": "Structure", "@module": "pymatgen.core.structure"}