{"lattice": {"a": 3.8033022499999998, "c": 21.788418, "b": 6.12132033, "matrix": [[3.8033022499999998, 0.0, 0.0], [0.0, 6.12132033, 0.0], [0.0, 0.0, 21.788418]], "volume": 507.26120095061225, "beta": 90.0, "alpha": 90.0, "gamma": 90.0}, "sites": [{"label": "Si", "xyz": [0.0, 0.0, 11.11337891454618], "abc": [0.0, -0.0, 0.51005901], "species": [{"occu": 1, "element": "Si"}], "properties": {"magmom": -0.0}}, {"label": "Si", "xyz": [1.901651125, 3.060660165, 12.62410022922582], "abc": [0.5, 0.5, 0.57939499], "species": [{"occu": 1, "element": "Si"}], "properties": {"magmom": -0.0}}, {"label": "Te", "xyz": [1.901651125, 0.0, 12.969310694797501], "abc": [0.5, 0.0, 0.59523875], "species": [{"occu": 1, "element": "Te"}], "properties": {"magmom": 0.0}}, {"label": "Te", "xyz": [0.0, 3.060660165, 10.7681466605565], "abc": [0.0, 0.5, 0.49421425], "species": [{"occu": 1, "element": "Te"}], "properties": {"magmom": 0.0}}], "@class": "Structure", "@module": "pymatgen.core.structure"}