{"lattice": {"a": 4.162695, "c": 22.359770001778283, "b": 4.162643131140838, "matrix": [[4.162695, 0.0, 0.0], [-2.081347, 3.60494, 0.00031499999999999996], [0.0, 0.00028199999999999997, 22.35977]], "volume": 335.5366495385018, "beta": 90.0, "alpha": 89.99503845555304, "gamma": 120.00040424597792}, "sites": [{"label": "Sn", "xyz": [2.081345918635, 3.6049656716919998, 12.040067304095002], "abc": [0.9999819999999999, 0.999965, 0.5384559999999999], "species": [{"occu": 1, "element": "Sn"}], "properties": {"magmom": 0.0}}, {"label": "Te", "xyz": [2.414680000209776e-06, 2.403417741922, 10.340955191145001], "abc": [0.333333, 0.666665, 0.46247099999999997], "species": [{"occu": 1, "element": "Te"}], "properties": {"magmom": -0.0}}], "@class": "Structure", "@module": "pymatgen.core.structure"}