{"lattice": {"a": 4.82298913, "c": 24.623946, "b": 4.822988331833805, "matrix": [[4.82298913, 0.0, 0.0], [-2.41149456, 4.17683019, 0.0], [0.0, 0.0, 24.623946]], "volume": 496.0446300029003, "beta": 90.0, "alpha": 90.0, "gamma": 120.00000540584526}, "sites": [{"label": "As", "xyz": [0.0, 0.0, 7.028043547589999], "abc": [-0.0, -0.0, 0.285415], "species": [{"occu": 1, "element": "As"}], "properties": {"magmom": -0.0}}, {"label": "Br", "xyz": [2.41149697816123, 1.39227533772327, 7.028043547589999], "abc": [0.666667, 0.333333, 0.285415], "species": [{"occu": 1, "element": "Br"}], "properties": {"magmom": 0.0}}, {"label": "Br", "xyz": [0.0, 0.0, 9.514119981416039], "abc": [-0.0, -0.0, 0.38637674], "species": [{"occu": 1, "element": "Br"}], "properties": {"magmom": 0.0}}, {"label": "Br", "xyz": [0.0, 0.0, 4.5419671137639614], "abc": [-0.0, -0.0, 0.18445326], "species": [{"occu": 1, "element": "Br"}], "properties": {"magmom": 0.0}}], "@class": "Structure", "@module": "pymatgen.core.structure"}