{"lattice": {"a": 3.22143321, "c": 22.538735, "b": 3.221433865089264, "matrix": [[3.22143321, 0.0, 0.0], [1.6107166099999999, 2.78984375, 0.0], [0.0, 0.0, 22.538735]], "volume": 202.56226729033622, "beta": 90.0, "alpha": 90.0, "gamma": 60.000006624187}, "sites": [{"label": "Co", "xyz": [0.0, 0.0, 11.2693675], "abc": [0.0, -0.0, 0.5], "species": [{"occu": 1, "element": "Co"}], "properties": {"magmom": 0.385}}, {"label": "S", "xyz": [3.22143482404994, 1.8598967632812502, 12.541568425561149], "abc": [0.666667, 0.666667, 0.55644509], "species": [{"occu": 1, "element": "S"}], "properties": {"magmom": 0.049}}, {"label": "S", "xyz": [1.610714995950059, 0.92994698671875, 9.99716657443885], "abc": [0.333333, 0.333333, 0.44355491], "species": [{"occu": 1, "element": "S"}], "properties": {"magmom": 0.049}}], "@class": "Structure", "@module": "pymatgen.core.structure"}