{"lattice": {"a": 3.19580271, "c": 24.904260999999998, "b": 3.300768099575877, "matrix": [[3.19580271, 0.0, 0.0], [-1.5979013499999999, 2.88821421, 0.0], [0.0, 0.0, 24.904260999999998]], "volume": 229.87038342821307, "beta": 90.0, "alpha": 90.0, "gamma": 118.95351401251273}, "sites": [{"label": "La", "xyz": [0.0, 0.0, 12.452130499999999], "abc": [0.0, 0.0, 0.5], "species": [{"occu": 1, "element": "La"}], "properties": {"magmom": 0.013000000000000001}}, {"label": "As", "xyz": [-0.798950675, 1.444107105, 9.86574902949483], "abc": [0.0, 0.5, 0.39614703], "species": [{"occu": 1, "element": "As"}], "properties": {"magmom": 0.001}}, {"label": "As", "xyz": [0.79895068, 1.444107105, 15.038511970505173], "abc": [0.5, 0.5, 0.60385297], "species": [{"occu": 1, "element": "As"}], "properties": {"magmom": 0.0}}], "@class": "Structure", "@module": "pymatgen.core.structure"}