{"lattice": {"a": 5.08012333, "c": 22.353476, "b": 5.07307946, "matrix": [[5.08012333, 0.0, 0.0], [0.0, 5.07307946, 0.0], [0.0, 0.0, 22.353476]], "volume": 576.0908623128223, "beta": 90.0, "alpha": 90.0, "gamma": 90.0}, "sites": [{"label": "Sr", "xyz": [0.0, 2.53653973, 9.9857470340676], "abc": [-0.0, 0.5, 0.44672009999999995], "species": [{"occu": 1, "element": "Sr"}], "properties": {"magmom": 0.006}}, {"label": "Sr", "xyz": [0.0, 0.0, 12.851763535054559], "abc": [-0.0, 0.0, 0.5749335600000001], "species": [{"occu": 1, "element": "Sr"}], "properties": {"magmom": 0.041}}, {"label": "Sr", "xyz": [2.540061665, 0.0, 9.999482127395801], "abc": [0.5, 0.0, 0.44733455], "species": [{"occu": 1, "element": "Sr"}], "properties": {"magmom": 0.006}}, {"label": "Ge", "xyz": [2.540061665, 2.53653973, 11.86995930348204], "abc": [0.5, 0.5, 0.53101179], "species": [{"occu": 1, "element": "Ge"}], "properties": {"magmom": -0.003}}], "@class": "Structure", "@module": "pymatgen.core.structure"}