{"lattice": {"a": 5.047221741581159, "c": 20.000000000232127, "b": 5.046947791100919, "matrix": [[5.04722174, -0.00012454, 2.1230000000000005e-05], [-2.5237187199999997, 4.37064364, -2.34e-05], [7.984000000000001e-05, -5.395e-05, 20.0]], "volume": 441.1858658625377, "beta": 89.9995302696595, "alpha": 90.0005138679277, "gamma": 120.00462318062436}, "sites": [{"label": "Zn", "xyz": [1.261729229627621, 2.185269526309965, 6.234111114723234], "abc": [0.49999372000000003, 0.50000613, 0.31170561], "species": [{"occu": 1, "element": "Zn"}], "properties": {"magmom": 0.0}}, {"label": "Zn", "xyz": [-1.261778450836923, 2.1853323625468, 6.233875300155619], "abc": [1.4230000000000001e-05, 0.50000626, 0.31169435], "species": [{"occu": 1, "element": "Zn"}], "properties": {"magmom": 0.0}}, {"label": "Zn", "xyz": [-7.897569117726068e-05, 4.370503540796354, 6.233829415195251], "abc": [0.49999381, 0.99998604, 0.31169211], "species": [{"occu": 1, "element": "Zn"}], "properties": {"magmom": -0.0}}, {"label": "Cu", "xyz": [-2.5236914380110242, 4.370624911363476, 6.24621520001537], "abc": [2.5e-07, 0.9999995700000001, 0.31231193], "species": [{"occu": 1, "element": "Cu"}], "properties": {"magmom": -0.0}}], "@class": "Structure", "@module": "pymatgen.core.structure"}