{"lattice": {"a": 3.601376, "c": 22.379159, "b": 3.601376, "matrix": [[3.601376, 0.0, 0.0], [0.0, 3.601376, 0.0], [0.0, 0.0, 22.379159]], "volume": 290.2556578162074, "beta": 90.0, "alpha": 90.0, "gamma": 90.0}, "sites": [{"label": "Ge", "xyz": [0.0, 1.800688, 21.311919286449], "abc": [0.0, 0.5, 0.9523109999999999], "species": [{"occu": 1, "element": "Ge"}], "properties": {"magmom": 0.0}}, {"label": "Ge", "xyz": [1.800688, 0.0, 1.067239713551], "abc": [0.5, 0.0, 0.047688999999999995], "species": [{"occu": 1, "element": "Ge"}], "properties": {"magmom": 0.0}}, {"label": "O", "xyz": [1.800688, 1.800688, 0.0], "abc": [0.5, 0.5, 0.0], "species": [{"occu": 1, "element": "O"}], "properties": {"magmom": -0.0}}, {"label": "O", "xyz": [0.0, 0.0, 0.0], "abc": [0.0, 0.0, 0.0], "species": [{"occu": 1, "element": "O"}], "properties": {"magmom": -0.0}}], "@class": "Structure", "@module": "pymatgen.core.structure"}