{"lattice": {"a": 3.831899, "c": 21.231711, "b": 3.831897988992139, "matrix": [[3.831899, 0.0, 0.0], [-1.915949, 3.318521, 0.0], [0.0, 0.0, 21.231711]], "volume": 269.9874753902988, "beta": 90.0, "alpha": 90.0, "gamma": 120.00000009502786}, "sites": [{"label": "Pt", "xyz": [-1.5826159999331821e-06, 2.212348439507, 14.637120331689], "abc": [0.333333, 0.666667, 0.689399], "species": [{"occu": 1, "element": "Pt"}], "properties": {"magmom": 0.0}}, {"label": "Se", "xyz": [1.915951582616, 1.106172560493, 15.545306769714001], "abc": [0.666667, 0.333333, 0.732174], "species": [{"occu": 1, "element": "Se"}], "properties": {"magmom": 0.0}}], "@class": "Structure", "@module": "pymatgen.core.structure"}