{"lattice": {"a": 3.48138688, "c": 23.633843, "b": 3.50388343, "matrix": [[3.48138688, 0.0, 0.0], [0.0, 3.50388343, 0.0], [0.0, 0.0, 23.633843]], "volume": 288.2944512977226, "beta": 90.0, "alpha": 90.0, "gamma": 90.0}, "sites": [{"label": "Ga", "xyz": [0.0, 0.0, 14.791014229334058], "abc": [-0.0, 0.0, 0.6258404200000001], "species": [{"occu": 1, "element": "Ga"}], "properties": {"magmom": -0.0}}, {"label": "Ga", "xyz": [1.74069344, 1.751941715, 11.92567451927194], "abc": [0.5, 0.5, 0.50460158], "species": [{"occu": 1, "element": "Ga"}], "properties": {"magmom": -0.0}}, {"label": "F", "xyz": [0.0, 0.0, 12.69413861429257], "abc": [-0.0, 0.0, 0.53711699], "species": [{"occu": 1, "element": "F"}], "properties": {"magmom": -0.0}}, {"label": "F", "xyz": [1.74069344, 1.751941715, 14.02255013431343], "abc": [0.5, 0.5, 0.59332501], "species": [{"occu": 1, "element": "F"}], "properties": {"magmom": -0.0}}], "@class": "Structure", "@module": "pymatgen.core.structure"}