{"lattice": {"a": 3.53060884, "c": 26.10845122, "b": 3.5306084113684992, "matrix": [[3.53060884, 0.0, 0.0], [1.76530392, 3.05759674, 0.0], [0.0, 0.0, 26.10845122]], "volume": 281.8453802972068, "beta": 90.0, "alpha": 90.0, "gamma": 60.00000535338816}, "sites": [{"label": "Zr", "xyz": [3.53061027197092, 2.03839884586558, 11.882903103747749], "abc": [0.666667, 0.666667, 0.45513627], "species": [{"occu": 1, "element": "Zr"}], "properties": {"magmom": -0.0}}, {"label": "Zr", "xyz": [1.76530248802908, 1.01919789413442, 14.22554811625225], "abc": [0.333333, 0.333333, 0.54486373], "species": [{"occu": 1, "element": "Zr"}], "properties": {"magmom": -0.0}}, {"label": "Br", "xyz": [0.0, 0.0, 16.129468280962946], "abc": [-0.0, -0.0, 0.61778725], "species": [{"occu": 1, "element": "Br"}], "properties": {"magmom": 0.0}}, {"label": "Br", "xyz": [0.0, 0.0, 9.978982939037055], "abc": [-0.0, -0.0, 0.38221275], "species": [{"occu": 1, "element": "Br"}], "properties": {"magmom": 0.0}}], "@class": "Structure", "@module": "pymatgen.core.structure"}