{"lattice": {"a": 3.09796026, "c": 23.825805, "b": 3.097960203643705, "matrix": [[3.09796026, 0.0, 0.0], [-1.54898013, 2.68291222, 0.0], [0.0, 0.0, 23.825805]], "volume": 198.02949912744916, "beta": 90.0, "alpha": 90.0, "gamma": 120.00000060176733}, "sites": [{"label": "Sc", "xyz": [0.0, 0.0, 15.293426842425001], "abc": [0.0, 0.0, 0.6418849999999999], "species": [{"occu": 1, "element": "Sc"}], "properties": {"magmom": 0.705}}, {"label": "F", "xyz": [-1.548980130122568e-06, 1.78860904097074, 14.040789909711], "abc": [0.333333, 0.666667, 0.5893102], "species": [{"occu": 1, "element": "F"}], "properties": {"magmom": 0.016}}, {"label": "F", "xyz": [-1.548980130122568e-06, 1.78860904097074, 16.546063775138997], "abc": [0.333333, 0.666667, 0.6944598], "species": [{"occu": 1, "element": "F"}], "properties": {"magmom": 0.016}}], "@class": "Structure", "@module": "pymatgen.core.structure"}