{"lattice": {"a": 3.775595, "c": 22.670328, "b": 3.775595090303646, "matrix": [[3.775595, 0.0, 0.0], [-1.887798, 3.269761, 0.0], [0.0, 0.0, 22.670328]], "volume": 279.8718479771594, "beta": 90.0, "alpha": 90.0, "gamma": 120.00000797027056}, "sites": [{"label": "Te", "xyz": [-2.221131000131159e-06, 2.179841756587, 21.115891620024], "abc": [0.333333, 0.666667, 0.931433], "species": [{"occu": 1, "element": "Te"}], "properties": {"magmom": 0.013000000000000001}}, {"label": "Te", "xyz": [1.887799221131, 1.089919243412999, 1.554436379976], "abc": [0.666667, 0.333333, 0.068567], "species": [{"occu": 1, "element": "Te"}], "properties": {"magmom": 0.013000000000000001}}, {"label": "Ru", "xyz": [0.0, 0.0, 0.0], "abc": [0.0, 0.0, 0.0], "species": [{"occu": 1, "element": "Ru"}], "properties": {"magmom": 0.193}}], "@class": "Structure", "@module": "pymatgen.core.structure"}