{"lattice": {"a": 4.02507883, "c": 22.656191, "b": 4.02507883, "matrix": [[4.02507883, 0.0, 0.0], [0.0, 4.02507883, 0.0], [0.0, 0.0, 22.656191]], "volume": 367.05883165983346, "beta": 90.0, "alpha": 90.0, "gamma": 90.0}, "sites": [{"label": "Mg", "xyz": [0.0, 0.0, 0.0], "abc": [0.0, 0.0, -0.0], "species": [{"occu": 1, "element": "Mg"}], "properties": {"magmom": -0.0}}, {"label": "Br", "xyz": [0.0, 2.012539415, 21.14516647398903], "abc": [0.0, 0.5, 0.9333063300000001], "species": [{"occu": 1, "element": "Br"}], "properties": {"magmom": -0.0}}, {"label": "Br", "xyz": [2.012539415, 0.0, 1.511024526010969], "abc": [0.5, -0.0, 0.06669367], "species": [{"occu": 1, "element": "Br"}], "properties": {"magmom": -0.0}}], "@class": "Structure", "@module": "pymatgen.core.structure"}