{"lattice": {"a": 3.56276643, "c": 22.656793, "b": 3.562767403504946, "matrix": [[3.56276643, -0.0, -0.0], [-1.78138422, 3.08544678, 0.0], [-0.0, 0.0, 22.656793]], "volume": 249.05992223059124, "beta": 90.0, "alpha": 90.0, "gamma": 120.00000962369364}, "sites": [{"label": "Rh", "xyz": [0.0, 0.0, 0.0], "abc": [0.0, -0.0, 0.0], "species": [{"occu": 1, "element": "Rh"}], "properties": {"magmom": -0.0}}, {"label": "Se", "xyz": [-2.451383550196871e-06, 2.05696554848226, 21.22394138637913], "abc": [0.333333, 0.666667, 0.93675841], "species": [{"occu": 1, "element": "Se"}], "properties": {"magmom": -0.0}}, {"label": "Se", "xyz": [1.78138466138355, 1.028481231517739, 1.43285161362087], "abc": [0.666667, 0.333333, 0.06324159], "species": [{"occu": 1, "element": "Se"}], "properties": {"magmom": -0.0}}], "@class": "Structure", "@module": "pymatgen.core.structure"}