{"lattice": {"a": 6.122568088538235, "c": 20.0, "b": 6.150444311415014, "matrix": [[6.12253127, 0.02123315, 0.0], [-2.60142733, 5.57319846, 0.0], [0.0, 0.0, 20.0]], "volume": 683.5463668395568, "beta": 90.0, "alpha": 90.0, "gamma": 114.82326724380168}, "sites": [{"label": "Tl", "xyz": [0.0, 0.0, 10.0], "abc": [-0.0, 0.0, 0.5], "species": [{"occu": 1, "element": "Tl"}], "properties": {"magmom": -0.0}}, {"label": "In", "xyz": [3.061265635, 0.010616575000000001, 10.0], "abc": [0.5, 0.0, 0.5], "species": [{"occu": 1, "element": "In"}], "properties": {"magmom": -0.0}}, {"label": "S", "xyz": [2.795545344547908, 2.706803901445883, 10.0], "abc": [0.66189168, 0.48316059, 0.5], "species": [{"occu": 1, "element": "S"}], "properties": {"magmom": -0.0}}, {"label": "S", "xyz": [0.725558595452091, 2.887627708554117, 10.0], "abc": [0.33810832, 0.51683941, 0.5], "species": [{"occu": 1, "element": "S"}], "properties": {"magmom": -0.0}}], "@class": "Structure", "@module": "pymatgen.core.structure"}