{"lattice": {"a": 3.042097, "c": 25.019273, "b": 3.042097005108482, "matrix": [[3.042097, 0.0, 0.0], [-1.521049, 2.6345330000000002, 0.0], [0.0, 0.0, 25.019273]], "volume": 200.51708694615076, "beta": 90.0, "alpha": 90.0, "gamma": 120.00001081844142}, "sites": [{"label": "B", "xyz": [0.0, 0.0, 17.565731342024], "abc": [0.0, 0.0, 0.7020879999999999], "species": [{"occu": 1, "element": "B"}], "properties": {"magmom": -0.0}}, {"label": "B", "xyz": [0.0, 0.0, 19.285406052406], "abc": [0.0, 0.0, 0.770822], "species": [{"occu": 1, "element": "B"}], "properties": {"magmom": -0.0}}, {"label": "S", "xyz": [1.521049854382, 0.878176788488999, 20.132183347091], "abc": [0.666667, 0.333333, 0.8046669999999999], "species": [{"occu": 1, "element": "S"}], "properties": {"magmom": -0.0}}, {"label": "S", "xyz": [1.521049854382, 0.878176788488999, 16.718954047339], "abc": [0.666667, 0.333333, 0.6682429999999999], "species": [{"occu": 1, "element": "S"}], "properties": {"magmom": 0.0}}], "@class": "Structure", "@module": "pymatgen.core.structure"}