{"lattice": {"a": 4.064969, "c": 22.797818, "b": 4.064969, "matrix": [[4.064969, 0.0, -0.0], [0.0, 4.064969, 0.0], [0.0, 0.0, 22.797818]], "volume": 376.7105284288881, "beta": 90.0, "alpha": 90.0, "gamma": 90.0}, "sites": [{"label": "Te", "xyz": [0.0, 2.0324845, 1.6657020541338001], "abc": [-0.0, 0.5, 0.07306409999999999], "species": [{"occu": 1, "element": "Te"}], "properties": {"magmom": 0.0}}, {"label": "Te", "xyz": [2.0324845, 0.0, 21.1321159458662], "abc": [0.5, 0.0, 0.9269358999999999], "species": [{"occu": 1, "element": "Te"}], "properties": {"magmom": -0.0}}, {"label": "Ir", "xyz": [0.0, 0.0, 0.0], "abc": [0.0, 0.0, -0.0], "species": [{"occu": 1, "element": "Ir"}], "properties": {"magmom": 0.0}}, {"label": "Ir", "xyz": [2.0324845, 2.0324845, 0.0], "abc": [0.5, 0.5, 0.0], "species": [{"occu": 1, "element": "Ir"}], "properties": {"magmom": -0.0}}], "@class": "Structure", "@module": "pymatgen.core.structure"}