{"lattice": {"a": 3.39963368, "c": 22.379159, "b": 3.39963368, "matrix": [[3.39963368, 0.0, -0.0], [0.0, 3.39963368, 0.0], [0.0, 0.0, 22.379159]], "volume": 258.64733509509784, "beta": 90.0, "alpha": 90.0, "gamma": 90.0}, "sites": [{"label": "Si", "xyz": [0.0, 1.69981684, 21.3583672309535], "abc": [0.0, 0.5, 0.9543864999999999], "species": [{"occu": 1, "element": "Si"}], "properties": {"magmom": -0.0}}, {"label": "Si", "xyz": [1.69981684, 0.0, 1.0207917690465], "abc": [0.5, -0.0, 0.0456135], "species": [{"occu": 1, "element": "Si"}], "properties": {"magmom": -0.0}}, {"label": "O", "xyz": [1.69981684, 1.69981684, 0.0], "abc": [0.5, 0.5, -0.0], "species": [{"occu": 1, "element": "O"}], "properties": {"magmom": 0.0}}, {"label": "O", "xyz": [0.0, 0.0, 0.0], "abc": [-0.0, 0.0, 0.0], "species": [{"occu": 1, "element": "O"}], "properties": {"magmom": 0.0}}], "@class": "Structure", "@module": "pymatgen.core.structure"}