{"lattice": {"a": 3.32613161, "c": 22.120631, "b": 4.5732475, "matrix": [[3.32613161, 0.0, 0.0], [0.0, 4.5732475, 0.0], [0.0, 0.0, 22.120631]], "volume": 336.4818525924461, "beta": 90.0, "alpha": 90.0, "gamma": 90.0}, "sites": [{"label": "P", "xyz": [1.663065805, 1.8918062382949499, 12.12537610208704], "abc": [0.5, 0.41366802, 0.54814784], "species": [{"occu": 1, "element": "P"}], "properties": {"magmom": -0.0}}, {"label": "P", "xyz": [1.663065805, 2.68144126170505, 9.99525489791296], "abc": [0.5, 0.58633198, 0.45185216], "species": [{"occu": 1, "element": "P"}], "properties": {"magmom": -0.0}}, {"label": "P", "xyz": [0.0, 4.17842998829495, 9.99525489791296], "abc": [-0.0, 0.91366802, 0.45185216], "species": [{"occu": 1, "element": "P"}], "properties": {"magmom": -0.0}}, {"label": "P", "xyz": [0.0, 0.39481751170505003, 12.12537610208704], "abc": [0.0, 0.08633198, 0.54814784], "species": [{"occu": 1, "element": "P"}], "properties": {"magmom": -0.0}}], "@class": "Structure", "@module": "pymatgen.core.structure"}