{"lattice": {"a": 4.94188933, "c": 24.623946, "b": 4.941888498975463, "matrix": [[4.94188933, -0.0, -0.0], [-2.47094467, 4.27980074, 0.0], [-0.0, 0.0, 24.623946]], "volume": 520.8038847660795, "beta": 90.0, "alpha": 90.0, "gamma": 120.00000562960265}, "sites": [{"label": "Bi", "xyz": [0.0, 0.0, 7.028043547589999], "abc": [0.0, 0.0, 0.285415], "species": [{"occu": 1, "element": "Bi"}], "properties": {"magmom": 0.0}}, {"label": "Cl", "xyz": [2.470947134278, 1.42659882006642, 7.028043547589999], "abc": [0.666667, 0.333333, 0.285415], "species": [{"occu": 1, "element": "Cl"}], "properties": {"magmom": 0.0}}, {"label": "Cl", "xyz": [0.0, 0.0, 9.5792234784849], "abc": [0.0, 0.0, 0.38902065], "species": [{"occu": 1, "element": "Cl"}], "properties": {"magmom": 0.0}}, {"label": "Cl", "xyz": [0.0, 0.0, 4.4768636166951], "abc": [0.0, 0.0, 0.18180935], "species": [{"occu": 1, "element": "Cl"}], "properties": {"magmom": 0.0}}], "@class": "Structure", "@module": "pymatgen.core.structure"}