{"lattice": {"a": 6.06543315, "c": 20.02398985, "b": 6.065433854019864, "matrix": [[6.06543315, 0.0, -0.0], [-3.03271707, 5.25281972, -0.0], [-0.0, 0.0, 20.02398985]], "volume": 637.9768688725275, "beta": 90.0, "alpha": 90.0, "gamma": 120.0000015596818}, "sites": [{"label": "Sc", "xyz": [3.032719442716739, 1.7509381557267591, 10.011994925], "abc": [0.666667, 0.333333, 0.5], "species": [{"occu": 1, "element": "Sc"}], "properties": {"magmom": -0.0}}, {"label": "Sn", "xyz": [-1.516045602323762, 4.377168999630703, 10.011994925], "abc": [0.16670108, 0.83329892, 0.5], "species": [{"occu": 1, "element": "Sn"}], "properties": {"magmom": -0.0}}, {"label": "Sn", "xyz": [1.516056908224131, 4.377168999630703, 10.011994925], "abc": [0.66659984, 0.83329892, 0.5], "species": [{"occu": 1, "element": "Sn"}], "properties": {"magmom": -0.0}}, {"label": "Sn", "xyz": [5.900400070807288e-06, 1.751290935099155, 10.011994925], "abc": [0.16670108, 0.33340016, 0.5], "species": [{"occu": 1, "element": "Sn"}], "properties": {"magmom": -0.0}}], "@class": "Structure", "@module": "pymatgen.core.structure"}