{"lattice": {"a": 5.257611300071741, "c": 20.000000000004754, "b": 5.257614672159417, "matrix": [[5.2576113, -2.728e-05, -3.19e-06], [-2.62882928, 4.5532152, 3.1e-06], [-1.2110000000000001e-05, 6.5999999999999995e-06, 20.0]], "volume": 478.7792794475519, "beta": 90.0000694563003, "alpha": 89.99993249634073, "gamma": 120.00057342164615}, "sites": [{"label": "Zn", "xyz": [1.313907921734857, 2.276872536732594, 6.2373177553822154], "abc": [0.4999392, 0.5000607300000001, 0.31186589], "species": [{"occu": 1, "element": "Zn"}], "properties": {"magmom": 0.001}}, {"label": "Zn", "xyz": [-1.313932378296376, 2.276884259407372, 6.237405149795867], "abc": [0.0001226, 0.5000603100000001, 0.31187018], "species": [{"occu": 1, "element": "Zn"}], "properties": {"magmom": -0.0}}, {"label": "Zn", "xyz": [2.628806870883842, -0.00057016845123, 6.237398604812336], "abc": [0.49993961000000003, -0.00012268, 0.31187001000000003], "species": [{"occu": 1, "element": "Zn"}], "properties": {"magmom": -0.0}}, {"label": "Ag", "xyz": [-2.628829007503603, 4.553215618692705, 6.235961499997002], "abc": [5.9e-07, 0.99999964, 0.31179792], "species": [{"occu": 1, "element": "Ag"}], "properties": {"magmom": 0.0}}], "@class": "Structure", "@module": "pymatgen.core.structure"}