{"lattice": {"a": 3.59123592, "c": 23.788442, "b": 3.59012997, "matrix": [[3.59123592, 0.0, 0.0], [0.0, 3.59012997, 0.0], [0.0, 0.0, 23.788442]], "volume": 306.70447085960313, "beta": 90.0, "alpha": 90.0, "gamma": 90.0}, "sites": [{"label": "P", "xyz": [0.89780898, 2.678217894029859, 10.63702824547062], "abc": [0.25, 0.74599469, 0.44715111], "species": [{"occu": 1, "element": "P"}], "properties": {"magmom": -0.0}}, {"label": "P", "xyz": [2.69342694, 0.9119120759701401, 13.151413754529381], "abc": [0.75, 0.25400531, 0.55284889], "species": [{"occu": 1, "element": "P"}], "properties": {"magmom": -0.0}}, {"label": "P", "xyz": [0.89780898, 2.694473607619723, 12.85743333368034], "abc": [0.25, 0.75052258, 0.54049077], "species": [{"occu": 1, "element": "P"}], "properties": {"magmom": 0.0}}, {"label": "P", "xyz": [2.69342694, 0.895656362380277, 10.93100866631966], "abc": [0.75, 0.24947742, 0.45950923], "species": [{"occu": 1, "element": "P"}], "properties": {"magmom": 0.0}}], "@class": "Structure", "@module": "pymatgen.core.structure"}