{"lattice": {"a": 3.8689499400000003, "c": 23.775734, "b": 3.8689499400000003, "matrix": [[3.8689499400000003, 0.0, 0.0], [0.0, 3.8689499400000003, 0.0], [0.0, 0.0, 23.775734]], "volume": 355.89358032867364, "beta": 90.0, "alpha": 90.0, "gamma": 90.0}, "sites": [{"label": "Nd", "xyz": [0.0, 0.0, 11.887867], "abc": [-0.0, -0.0, 0.5], "species": [{"occu": 1, "element": "Nd"}], "properties": {"magmom": -0.0}}, {"label": "I", "xyz": [1.9344749700000001, 1.9344749700000001, 9.99378551427168], "abc": [0.5, 0.5, 0.42033552], "species": [{"occu": 1, "element": "I"}], "properties": {"magmom": 0.0}}, {"label": "I", "xyz": [1.9344749700000001, 1.9344749700000001, 13.781948485728321], "abc": [0.5, 0.5, 0.57966448], "species": [{"occu": 1, "element": "I"}], "properties": {"magmom": 0.0}}], "@class": "Structure", "@module": "pymatgen.core.structure"}