{"lattice": {"a": 2.83678102, "c": 20.816747, "b": 6.27355981, "matrix": [[2.83678102, 0.0, 0.0], [0.0, 6.27355981, 0.0], [0.0, 0.0, 20.816747]], "volume": 370.4697218470813, "beta": 90.0, "alpha": 90.0, "gamma": 90.0}, "sites": [{"label": "Ag", "xyz": [1.41839051, 0.0, 10.4083735], "abc": [0.5, 0.0, 0.5], "species": [{"occu": 1, "element": "Ag"}], "properties": {"magmom": 0.0}}, {"label": "N", "xyz": [1.41839051, 2.784709986944331, 9.9760075831353], "abc": [0.5, 0.44388036000000003, 0.4792299], "species": [{"occu": 1, "element": "N"}], "properties": {"magmom": 0.0}}, {"label": "N", "xyz": [1.41839051, 3.488849823055668, 10.8407394168647], "abc": [0.5, 0.55611964, 0.5207701], "species": [{"occu": 1, "element": "N"}], "properties": {"magmom": 0.0}}], "@class": "Structure", "@module": "pymatgen.core.structure"}