{"lattice": {"a": 3.155589, "c": 21.887078, "b": 3.155588543970205, "matrix": [[3.155589, 0.0, 0.0], [-1.577794, 2.7328200000000002, 0.0], [0.0, 0.0, 21.887078]], "volume": 188.74664751618423, "beta": 90.0, "alpha": 90.0, "gamma": 119.99999429761239}, "sites": [{"label": "Ir", "xyz": [0.0, 0.0, 0.0], "abc": [0.0, 0.0, 0.0], "species": [{"occu": 1, "element": "Ir"}], "properties": {"magmom": 0.024}}, {"label": "O", "xyz": [-1.2444610000029889e-06, 1.8218809109399992, 0.902316677627999], "abc": [0.333333, 0.666667, 0.041226], "species": [{"occu": 1, "element": "O"}], "properties": {"magmom": 0.006}}, {"label": "O", "xyz": [1.5777962444609992, 0.9109390890599991, 20.984761322371998], "abc": [0.666667, 0.333333, 0.9587739999999999], "species": [{"occu": 1, "element": "O"}], "properties": {"magmom": 0.006}}], "@class": "Structure", "@module": "pymatgen.core.structure"}