{"lattice": {"a": 4.82356764, "c": 24.159589, "b": 4.823567377496833, "matrix": [[4.82356764, -0.0, -0.0], [-2.41178382, 4.17733181, -0.0], [-0.0, 0.0, 24.159589]], "volume": 486.80708226956443, "beta": 90.0, "alpha": 90.0, "gamma": 120.00000180023088}, "sites": [{"label": "Ba", "xyz": [0.0, 0.0, 18.36294136386705], "abc": [0.0, -0.0, 0.76006845], "species": [{"occu": 1, "element": "Ba"}], "properties": {"magmom": -0.0}}, {"label": "Ba", "xyz": [0.0, 0.0, 14.12269431443595], "abc": [0.0, -0.0, 0.58455855], "species": [{"occu": 1, "element": "Ba"}], "properties": {"magmom": -0.0}}, {"label": "Ag", "xyz": [-2.411783820089702e-06, 2.78488926577727, 16.242805759357], "abc": [0.333333, 0.666667, 0.6723129999999999], "species": [{"occu": 1, "element": "Ag"}], "properties": {"magmom": -0.0}}, {"label": "Ag", "xyz": [2.41178623178382, 1.39244254422273, 16.242805759357], "abc": [0.666667, 0.333333, 0.6723129999999999], "species": [{"occu": 1, "element": "Ag"}], "properties": {"magmom": -0.0}}], "@class": "Structure", "@module": "pymatgen.core.structure"}