{"lattice": {"a": 3.854217154223929, "c": 22.957399000809716, "b": 3.854559145699933, "matrix": [[3.854215, 0.004075, 8e-06], [0.0040669999999999994, 3.854557, 3.1e-05], [4.7000000000000004e-05, 0.000187, 22.957399]], "volume": 341.06142901077544, "beta": 89.99976328078425, "alpha": 89.9990723754916, "gamma": 89.87896850801938}, "sites": [{"label": "Be", "xyz": [1.92712677047, 0.002114171869999, 9.412767163989999], "abc": [0.5, 0.0, 0.41001000000000004], "species": [{"occu": 1, "element": "Be"}], "properties": {"magmom": 0.0}}, {"label": "Be", "xyz": [3.856261674471, 1.931417409981, 8.319761940162], "abc": [0.999999, 0.49999899999999997, 0.36239899999999997], "species": [{"occu": 1, "element": "Be"}], "properties": {"magmom": 0.0}}, {"label": "P", "xyz": [2.2029093e-05, 7.615526300000001e-05, 8.875628899626], "abc": [1e-06, 1e-06, 0.386613], "species": [{"occu": 1, "element": "P"}], "properties": {"magmom": 0.0}}], "@class": "Structure", "@module": "pymatgen.core.structure"}