{"lattice": {"a": 4.93242922, "c": 22.656191, "b": 4.93242922, "matrix": [[4.93242922, 0.0, 0.0], [0.0, 4.93242922, 0.0], [0.0, 0.0, 22.656191]], "volume": 551.1992538934591, "beta": 90.0, "alpha": 90.0, "gamma": 90.0}, "sites": [{"label": "Sr", "xyz": [0.0, 0.0, 0.0], "abc": [0.0, 0.0, 0.0], "species": [{"occu": 1, "element": "Sr"}], "properties": {"magmom": -0.0}}, {"label": "Br", "xyz": [0.0, 2.46621461, 21.07879108434015], "abc": [0.0, 0.5, 0.93037665], "species": [{"occu": 1, "element": "Br"}], "properties": {"magmom": 0.0}}, {"label": "Br", "xyz": [2.46621461, 0.0, 1.57739991565985], "abc": [0.5, 0.0, 0.06962335], "species": [{"occu": 1, "element": "Br"}], "properties": {"magmom": 0.0}}], "@class": "Structure", "@module": "pymatgen.core.structure"}