{"lattice": {"a": 4.30134668, "c": 23.210158, "b": 4.30134668, "matrix": [[4.30134668, 0.0, 0.0], [0.0, 4.30134668, 0.0], [0.0, 0.0, 23.210158]], "volume": 429.42467075066173, "beta": 90.0, "alpha": 90.0, "gamma": 90.0}, "sites": [{"label": "Ce", "xyz": [0.0, 2.15067334, 11.80120158567788], "abc": [-0.0, 0.5, 0.50844986], "species": [{"occu": 1, "element": "Ce"}], "properties": {"magmom": 0.762}}, {"label": "Ce", "xyz": [2.15067334, 0.0, 9.404759271022119], "abc": [0.5, 0.0, 0.40520014], "species": [{"occu": 1, "element": "Ce"}], "properties": {"magmom": 0.762}}, {"label": "Te", "xyz": [2.15067334, 0.0, 12.606747255320679], "abc": [0.5, -0.0, 0.5431564600000001], "species": [{"occu": 1, "element": "Te"}], "properties": {"magmom": -0.017}}, {"label": "Te", "xyz": [0.0, 2.15067334, 8.59921360137932], "abc": [0.0, 0.5, 0.37049354], "species": [{"occu": 1, "element": "Te"}], "properties": {"magmom": -0.017}}], "@class": "Structure", "@module": "pymatgen.core.structure"}