{"lattice": {"a": 3.37404715, "c": 25.717573, "b": 3.374047883887505, "matrix": [[3.37404715, -0.0, 0.0], [-1.68702358, 2.9220113899999998, 0.0], [0.0, 0.0, 25.717573]], "volume": 253.5496602901679, "beta": 90.0, "alpha": 90.0, "gamma": 119.99999290288524}, "sites": [{"label": "Y", "xyz": [0.0, 0.0, 12.8587865], "abc": [0.0, -0.0, 0.5], "species": [{"occu": 1, "element": "Y"}], "properties": {"magmom": 0.109}}, {"label": "Mg", "xyz": [1.68702526035691, 0.9740028226628701, 10.09436754492488], "abc": [0.666667, 0.333333, 0.39250856], "species": [{"occu": 1, "element": "Mg"}], "properties": {"magmom": 0.021}}, {"label": "Mg", "xyz": [1.68702526035691, 0.9740028226628701, 15.623205455075121], "abc": [0.666667, 0.333333, 0.60749144], "species": [{"occu": 1, "element": "Mg"}], "properties": {"magmom": 0.021}}], "@class": "Structure", "@module": "pymatgen.core.structure"}