{"lattice": {"a": 3.719967, "c": 22.59032686206583, "b": 5.581544750050831, "matrix": [[3.719967, 0.0, 0.0], [0.0, 5.573522, -0.299156], [0.0, 1.201302, 22.558363]], "volume": 469.04658116202205, "beta": 90.0, "alpha": 90.02407748293145, "gamma": 90.0}, "sites": [{"label": "Ag", "xyz": [1.8599835, 2.786761, -0.149578], "abc": [0.5, 0.5, 0.0], "species": [{"occu": 1, "element": "Ag"}], "properties": {"magmom": 0.0}}, {"label": "Ag", "xyz": [0.0, 0.0, 0.0], "abc": [0.0, 0.0, 0.0], "species": [{"occu": 1, "element": "Ag"}], "properties": {"magmom": 0.0}}, {"label": "Se", "xyz": [0.0, 4.722677434542, 20.848308137519], "abc": [0.0, 0.646296, 0.932765], "species": [{"occu": 1, "element": "Se"}], "properties": {"magmom": -0.0}}, {"label": "Se", "xyz": [0.0, 2.052146565458, 1.410898862481], "abc": [0.0, 0.35370399999999996, 0.067235], "species": [{"occu": 1, "element": "Se"}], "properties": {"magmom": -0.0}}], "@class": "Structure", "@module": "pymatgen.core.structure"}