{"lattice": {"a": 5.530908, "c": 22.656191, "b": 5.530908, "matrix": [[5.530908, 0.0, 0.0], [0.0, 5.530908, 0.0], [0.0, 0.0, 22.656191]], "volume": 693.0742543761075, "beta": 90.0, "alpha": 90.0, "gamma": 90.0}, "sites": [{"label": "Ba", "xyz": [0.0, 0.0, 0.0], "abc": [0.0, 0.0, 0.0], "species": [{"occu": 1, "element": "Ba"}], "properties": {"magmom": 0.0}}, {"label": "I", "xyz": [0.0, 2.765454, 20.820903591853998], "abc": [0.0, 0.5, 0.918994], "species": [{"occu": 1, "element": "I"}], "properties": {"magmom": 0.0}}, {"label": "I", "xyz": [2.765454, 0.0, 1.835287408145999], "abc": [0.5, 0.0, 0.081006], "species": [{"occu": 1, "element": "I"}], "properties": {"magmom": -0.0}}], "@class": "Structure", "@module": "pymatgen.core.structure"}