{"lattice": {"a": 4.127218, "c": 24.623155, "b": 4.127218316137032, "matrix": [[4.127218, 0.0, 0.0], [-2.063609, 3.5742760000000002, 0.0], [0.0, 0.0, 24.623155]], "volume": 363.2362579116665, "beta": 90.0, "alpha": 90.0, "gamma": 119.99999746615568}, "sites": [{"label": "Al", "xyz": [0.0, 0.0, 0.193710360385], "abc": [0.0, 0.0, 0.007866999999999999], "species": [{"occu": 1, "element": "Al"}], "properties": {"magmom": 0.0}}, {"label": "Al", "xyz": [0.0, 0.0, 2.7577441136900003], "abc": [0.0, 0.0, 0.111998], "species": [{"occu": 1, "element": "Al"}], "properties": {"magmom": 0.0}}, {"label": "Te", "xyz": [2.063611063609, 1.191424141907999, 23.547492473825002], "abc": [0.666667, 0.333333, 0.9563149999999999], "species": [{"occu": 1, "element": "Te"}], "properties": {"magmom": -0.0}}, {"label": "Te", "xyz": [-2.063608999954883e-06, 2.382851858091999, 4.027092377095], "abc": [0.333333, 0.666667, 0.163549], "species": [{"occu": 1, "element": "Te"}], "properties": {"magmom": -0.0}}], "@class": "Structure", "@module": "pymatgen.core.structure"}