{"lattice": {"a": 3.883111830000246, "c": 20.000000000680217, "b": 3.883828834348994, "matrix": [[3.88311183, 1.38e-06, -8e-08], [-1.94155472, 3.36370208, 2.775e-05], [-4.0999999999999994e-07, 0.00016495, 20.0]], "volume": 261.23268035803346, "beta": 90.0000023548051, "alpha": 89.99918077092822, "gamma": 119.99385252988797}, "sites": [{"label": "P", "xyz": [1.9415593721793192, 1.120904877839269, 8.946785593339646], "abc": [0.66660747, 0.33321327, 0.44733882], "species": [{"occu": 1, "element": "P"}], "properties": {"magmom": 0.001}}, {"label": "Pt", "xyz": [-6.874345897235496e-07, 2.242962977481471, 8.946762076798866], "abc": [0.33339553, 0.66679173, 0.44733718], "species": [{"occu": 1, "element": "Pt"}], "properties": {"magmom": 0.001}}], "@class": "Structure", "@module": "pymatgen.core.structure"}