{"lattice": {"a": 3.67625419, "c": 23.825805, "b": 3.676254435059974, "matrix": [[3.67625419, 7e-08, 0.0], [-1.83812748, 3.18372958, 0.0], [0.0, -0.0, 23.825805]], "volume": 278.8619710837971, "beta": 90.0, "alpha": 90.0, "gamma": 120.0000036325483}, "sites": [{"label": "Sc", "xyz": [0.0, 0.0, 15.293426842425001], "abc": [-0.0, 0.0, 0.6418849999999999], "species": [{"occu": 1, "element": "Sc"}], "properties": {"magmom": 0.643}}, {"label": "Br", "xyz": [-2.0947938901450352e-06, 2.12248747124317, 13.54373096238195], "abc": [0.333333, 0.666667, 0.56844799], "species": [{"occu": 1, "element": "Br"}], "properties": {"magmom": 0.0}}, {"label": "Br", "xyz": [-2.0947938901450352e-06, 2.12248747124317, 17.04312272246805], "abc": [0.333333, 0.666667, 0.7153220100000001], "species": [{"occu": 1, "element": "Br"}], "properties": {"magmom": 0.0}}], "@class": "Structure", "@module": "pymatgen.core.structure"}