{"lattice": {"a": 3.551738014317992, "c": 23.25268824767825, "b": 3.551737707209935, "matrix": [[3.55173535, 0.00417284, 0.00123017], [1.77003306, 3.07925676, 0.00123017], [0.00782287, 0.0045325700000000005, 23.25268649]], "volume": 254.1359892278856, "beta": 89.9608661456777, "alpha": 89.96086613693122, "gamma": 60.04132475954332}, "sites": [{"label": "Tl", "xyz": [5.292013241767868, 3.0661894744069462, 13.165452031775631], "abc": [0.9935766500000001, 0.9935766500000001, 0.56608545], "species": [{"occu": 1, "element": "Tl"}], "properties": {"magmom": -0.0}}, {"label": "Tl", "xyz": [1.7460393938817762, 1.01165423658003, 10.090939935197529], "abc": [0.32745596, 0.32745596, 0.43393413000000003], "species": [{"occu": 1, "element": "Tl"}], "properties": {"magmom": -0.0}}, {"label": "O", "xyz": [3.510383988519605, 2.033914494793023, 11.627509056701337], "abc": [0.65889239, 0.65889239, 0.49998042000000004], "species": [{"occu": 1, "element": "O"}], "properties": {"magmom": -0.0}}], "@class": "Structure", "@module": "pymatgen.core.structure"}