{"lattice": {"a": 4.353438043140663, "c": 20.274504, "b": 4.353438136606648, "matrix": [[4.35339131, -0.0201717, 0.0], [-2.18781024, 3.7637627399999998, 0.0], [0.0, 0.0, 20.274504]], "volume": 331.3056729741005, "beta": 90.0, "alpha": 90.0, "gamma": 120.43417838121483}, "sites": [{"label": "Cd", "xyz": [-0.000938207383846, 2.498707637074901, 10.1447312645256], "abc": [0.33432268, 0.66567732, 0.5003689], "species": [{"occu": 1, "element": "Cd"}], "properties": {"magmom": 0.019}}, {"label": "P", "xyz": [2.165937110445896, 1.245220173090259, 10.1297727354744], "abc": [0.66558832, 0.33441168, 0.4996311], "species": [{"occu": 1, "element": "P"}], "properties": {"magmom": 0.324}}], "@class": "Structure", "@module": "pymatgen.core.structure"}