{"lattice": {"a": 3.957697, "c": 23.825805, "b": 3.957697992632838, "matrix": [[3.957697, 0.0, 0.0], [-1.9788489999999999, 3.427467, 0.0], [0.0, 0.0, 23.825805]], "volume": 323.1940871729338, "beta": 90.0, "alpha": 90.0, "gamma": 120.00000006157715}, "sites": [{"label": "Sc", "xyz": [0.0, 0.0, 15.293426842425001], "abc": [0.0, 0.0, 0.6418849999999999], "species": [{"occu": 1, "element": "Sc"}], "properties": {"magmom": 0.63}}, {"label": "I", "xyz": [-2.312182000106614e-06, 2.284979142489, 13.399489777169999], "abc": [0.333333, 0.666667, 0.562394], "species": [{"occu": 1, "element": "I"}], "properties": {"magmom": -0.008}}, {"label": "I", "xyz": [-2.312182000106614e-06, 2.284979142489, 17.187363907679998], "abc": [0.333333, 0.666667, 0.721376], "species": [{"occu": 1, "element": "I"}], "properties": {"magmom": -0.008}}], "@class": "Structure", "@module": "pymatgen.core.structure"}