{"lattice": {"a": 3.29633906, "c": 20.816747, "b": 4.73967665, "matrix": [[3.29633906, 0.0, 0.0], [0.0, 4.73967665, 0.0], [0.0, 0.0, 20.816747]], "volume": 325.23213859741264, "beta": 90.0, "alpha": 90.0, "gamma": 90.0}, "sites": [{"label": "Ag", "xyz": [1.64816953, 0.0, 10.4083735], "abc": [0.5, 0.0, 0.5], "species": [{"occu": 1, "element": "Ag"}], "properties": {"magmom": -0.0}}, {"label": "Bi", "xyz": [1.64816953, 2.375928335527585, 8.82516767246079], "abc": [0.5, 0.5012848999999999, 0.42394557], "species": [{"occu": 1, "element": "Bi"}], "properties": {"magmom": 0.0}}, {"label": "Bi", "xyz": [1.64816953, 2.363748314472415, 11.99157932753921], "abc": [0.5, 0.49871509999999997, 0.57605443], "species": [{"occu": 1, "element": "Bi"}], "properties": {"magmom": 0.0}}], "@class": "Structure", "@module": "pymatgen.core.structure"}