{"lattice": {"a": 3.3265173, "c": 21.478674, "b": 3.32651807255668, "matrix": [[3.3265173, 0.0, 0.0], [-1.66325865, 2.88084938, 0.0], [0.0, 0.0, 21.478674]], "volume": 205.83432775418714, "beta": 90.0, "alpha": 90.0, "gamma": 119.99999231750206}, "sites": [{"label": "Si", "xyz": [-1.6632586501105702e-06, 1.92056721361646, 3.49868569354836], "abc": [0.333333, 0.666667, 0.16289114], "species": [{"occu": 1, "element": "Si"}], "properties": {"magmom": 0.0}}, {"label": "S", "xyz": [1.6632603132586499, 0.960282166383539, 2.17477717150764], "abc": [0.666667, 0.333333, 0.10125286], "species": [{"occu": 1, "element": "S"}], "properties": {"magmom": -0.0}}], "@class": "Structure", "@module": "pymatgen.core.structure"}