{"lattice": {"a": 3.492209, "c": 22.225044, "b": 5.7802679999999995, "matrix": [[3.492209, 0.0, 0.0], [0.0, 5.7802679999999995, 0.0], [0.0, 0.0, 22.225044]], "volume": 448.6326030687397, "beta": 90.0, "alpha": 90.0, "gamma": 90.0}, "sites": [{"label": "Si", "xyz": [0.0, 0.0, 11.31854815788], "abc": [0.0, 0.0, 0.50927], "species": [{"occu": 1, "element": "Si"}], "properties": {"magmom": -0.0}}, {"label": "Si", "xyz": [1.7461045, 2.8901339999999998, 12.894614928096], "abc": [0.5, 0.5, 0.5801839999999999], "species": [{"occu": 1, "element": "Si"}], "properties": {"magmom": -0.0}}, {"label": "Se", "xyz": [1.7461045, 0.0, 13.025342636904], "abc": [0.5, 0.0, 0.586066], "species": [{"occu": 1, "element": "Se"}], "properties": {"magmom": 0.0}}, {"label": "Se", "xyz": [0.0, 2.8901339999999998, 11.187798224028], "abc": [0.0, 0.5, 0.503387], "species": [{"occu": 1, "element": "Se"}], "properties": {"magmom": 0.0}}], "@class": "Structure", "@module": "pymatgen.core.structure"}