{"lattice": {"a": 4.463016952972283, "c": 23.274051002564228, "b": 4.4630169164206634, "matrix": [[4.463007, 0.009287, -0.00161], [0.009739, 4.463006, -0.00161], [-0.004830999999999999, -0.00483, 23.27405]], "volume": 463.58029204507017, "beta": 90.03258663885711, "alpha": 90.03258538427417, "gamma": 89.75573842751807}, "sites": [{"label": "Sb", "xyz": [0.004899199966999001, 0.0048990870879999995, 17.468076075629998], "abc": [0.001906, 0.001906, 0.750539], "species": [{"occu": 1, "element": "Sb"}], "properties": {"magmom": -0.007}}, {"label": "Sb", "xyz": [2.241698419431, 2.241471832754, 20.62773295979], "abc": [0.5021479999999999, 0.5021479999999999, 0.8863669999999999], "species": [{"occu": 1, "element": "Sb"}], "properties": {"magmom": 0.007}}, {"label": "Te", "xyz": [0.0049133249329999995, 0.004913275801000001, 20.43830988261], "abc": [0.0020469999999999998, 0.0020469999999999998, 0.8781589999999999], "species": [{"occu": 1, "element": "Te"}], "properties": {"magmom": -0.002}}, {"label": "Te", "xyz": [2.241201199248999, 2.240974597757, 17.65768569297], "abc": [0.501899, 0.501899, 0.758755], "species": [{"occu": 1, "element": "Te"}], "properties": {"magmom": 0.002}}], "@class": "Structure", "@module": "pymatgen.core.structure"}