{"lattice": {"a": 3.21820647, "c": 22.129693, "b": 3.21820647, "matrix": [[3.21820647, 0.0, 0.0], [0.0, 3.21820647, 0.0], [0.0, 0.0, 22.129693]], "volume": 229.1939747591232, "beta": 90.0, "alpha": 90.0, "gamma": 90.0}, "sites": [{"label": "Ni", "xyz": [1.609103235, 1.609103235, 11.0648465], "abc": [0.5, 0.5, 0.5], "species": [{"occu": 1, "element": "Ni"}], "properties": {"magmom": -0.18}}, {"label": "S", "xyz": [0.0, 0.0, 10.0276012334584], "abc": [0.0, 0.0, 0.4531288], "species": [{"occu": 1, "element": "S"}], "properties": {"magmom": -0.075}}, {"label": "S", "xyz": [0.0, 0.0, 12.1020917665416], "abc": [-0.0, 0.0, 0.5468712], "species": [{"occu": 1, "element": "S"}], "properties": {"magmom": -0.075}}], "@class": "Structure", "@module": "pymatgen.core.structure"}