{"lattice": {"a": 3.21285097, "c": 26.166721, "b": 3.21285163555767, "matrix": [[3.21285097, 0.0, -0.0], [-1.60642548, 2.78241133, 0.0], [0.0, 0.0, 26.166721]], "volume": 233.91669432188473, "beta": 90.0, "alpha": 90.0, "gamma": 119.99999304441361}, "sites": [{"label": "Hf", "xyz": [-1.60309215001427e-06, 1.85494181413711, 4.02914070955718], "abc": [0.333333, 0.666667, 0.15397958], "species": [{"occu": 1, "element": "Hf"}], "properties": {"magmom": -0.0}}, {"label": "Hf", "xyz": [1.60642709309215, 0.92746951586289, 1.7241624034338199], "abc": [0.666667, 0.333333, 0.06589142], "species": [{"occu": 1, "element": "Hf"}], "properties": {"magmom": -0.0}}, {"label": "F", "xyz": [0.0, 0.0, 0.40308996365428], "abc": [-0.0, 0.0, 0.01540468], "species": [{"occu": 1, "element": "F"}], "properties": {"magmom": 0.0}}, {"label": "F", "xyz": [0.0, 0.0, 5.35021314933672], "abc": [0.0, 0.0, 0.20446632], "species": [{"occu": 1, "element": "F"}], "properties": {"magmom": 0.0}}], "@class": "Structure", "@module": "pymatgen.core.structure"}