{"lattice": {"a": 3.32921316, "c": 24.927071, "b": 3.4672633398754322, "matrix": [[3.32921316, 0.0, 0.0], [-1.66460658, 3.04154566, 0.0], [0.0, 0.0, 24.927071]], "volume": 252.41037026286975, "beta": 90.0, "alpha": 90.0, "gamma": 118.69143324180351}, "sites": [{"label": "Ho", "xyz": [1.66460658, 0.0, 12.4635355], "abc": [0.5, 0.0, 0.5], "species": [{"occu": 1, "element": "Ho"}], "properties": {"magmom": -0.0}}, {"label": "Sb", "xyz": [0.83230329, 1.5207728299999999, 9.862608019794921], "abc": [0.5, 0.5, 0.39565852], "species": [{"occu": 1, "element": "Sb"}], "properties": {"magmom": 0.0}}, {"label": "Sb", "xyz": [-0.83230329, 1.5207728299999999, 15.06446298020508], "abc": [0.0, 0.5, 0.60434148], "species": [{"occu": 1, "element": "Sb"}], "properties": {"magmom": 0.0}}], "@class": "Structure", "@module": "pymatgen.core.structure"}