{"lattice": {"a": 3.13823226, "c": 24.860633, "b": 3.138233750811576, "matrix": [[3.13823226, -0.0, 0.0], [1.56911712, 2.71779001, 0.0], [0.0, 0.0, 24.860633]], "volume": 212.0377381448814, "beta": 90.0, "alpha": 90.0, "gamma": 59.999994843525215}, "sites": [{"label": "Fe", "xyz": [0.0, 0.0, 13.43565837255663], "abc": [0.0, 0.0, 0.54043911], "species": [{"occu": 1, "element": "Fe"}], "properties": {"magmom": 1.495}}, {"label": "Ag", "xyz": [3.13823448911646, 1.81186091259667, 9.409899500116989], "abc": [0.666667, 0.666667, 0.37850603], "species": [{"occu": 1, "element": "Ag"}], "properties": {"magmom": 0.003}}, {"label": "S", "xyz": [3.13823448911646, 1.81186091259667, 12.0775217431603], "abc": [0.666667, 0.666667, 0.4858091], "species": [{"occu": 1, "element": "S"}], "properties": {"magmom": 0.061}}, {"label": "S", "xyz": [1.56911489088354, 0.905929097403329, 14.79818638416608], "abc": [0.333333, 0.333333, 0.59524576], "species": [{"occu": 1, "element": "S"}], "properties": {"magmom": 0.052000000000000005}}], "@class": "Structure", "@module": "pymatgen.core.structure"}