{"lattice": {"a": 3.63859075, "c": 22.746457, "b": 3.6385899848752583, "matrix": [[3.63859075, 1e-08, 0.0], [1.81929489, 3.15111142, 0.0], [0.0, 0.0, 22.746457]], "volume": 260.8018876276016, "beta": 90.0, "alpha": 90.0, "gamma": 60.00000170512788}, "sites": [{"label": "Mg", "xyz": [0.0, 0.0, 11.3732285], "abc": [-0.0, -0.0, 0.5], "species": [{"occu": 1, "element": "Mg"}], "properties": {"magmom": 0.0}}, {"label": "Cl", "xyz": [1.81929339403812, 1.05036942629619, 12.747104721823488], "abc": [0.333333, 0.333333, 0.56039957], "species": [{"occu": 1, "element": "Cl"}], "properties": {"magmom": -0.0}}, {"label": "Cl", "xyz": [3.6385922459618802, 2.10074200370381, 9.99935227817651], "abc": [0.666667, 0.666667, 0.43960043], "species": [{"occu": 1, "element": "Cl"}], "properties": {"magmom": -0.0}}], "@class": "Structure", "@module": "pymatgen.core.structure"}