{"lattice": {"a": 5.80478991, "c": 20.0, "b": 5.804790233814506, "matrix": [[5.80478991, 5e-08, -0.0], [-2.90239537, 5.02709566, 0.0], [0.0, -0.0, 20.0]], "volume": 583.6246861778511, "beta": 90.0, "alpha": 90.0, "gamma": 120.00000239107563}, "sites": [{"label": "La", "xyz": [2.90239771906176, 1.6756969109681301, 5.74646], "abc": [0.666667, 0.333333, 0.287323], "species": [{"occu": 1, "element": "La"}], "properties": {"magmom": -0.002}}, {"label": "Si", "xyz": [-1.702846416127929e-07, 1.7111590746201881, 5.74646], "abc": [0.1701936, 0.34038721, 0.287323], "species": [{"occu": 1, "element": "Si"}], "properties": {"magmom": 0.0}}, {"label": "Si", "xyz": [-1.420488161329792, 4.171516160589904, 5.74646], "abc": [0.1701936, 0.8298063999999999, 0.287323], "species": [{"occu": 1, "element": "Si"}], "properties": {"magmom": 0.0}}, {"label": "Si", "xyz": [1.42048741454258, 4.171516185060863, 5.74646], "abc": [0.6596127900000001, 0.8298063999999999, 0.287323], "species": [{"occu": 1, "element": "Si"}], "properties": {"magmom": 0.001}}], "@class": "Structure", "@module": "pymatgen.core.structure"}