{"lattice": {"a": 3.080952, "c": 24.927071, "b": 3.447728273993906, "matrix": [[3.080952, 0.0, 0.0], [-1.540476, 3.084439, 0.0], [0.0, 0.0, 24.927071]], "volume": 236.88216774087118, "beta": 90.0, "alpha": 90.0, "gamma": 116.5391358579037}, "sites": [{"label": "Ho", "xyz": [0.0, 0.0, 0.0], "abc": [0.0, 0.0, 0.0], "species": [{"occu": 1, "element": "Ho"}], "properties": {"magmom": 0.0}}, {"label": "P", "xyz": [0.770238, 1.5422194999999999, 2.1291706965359998], "abc": [0.5, 0.5, 0.08541599999999999], "species": [{"occu": 1, "element": "P"}], "properties": {"magmom": 0.0}}, {"label": "P", "xyz": [-0.770238, 1.5422194999999999, 22.797900303464], "abc": [0.0, 0.5, 0.914584], "species": [{"occu": 1, "element": "P"}], "properties": {"magmom": 0.0}}], "@class": "Structure", "@module": "pymatgen.core.structure"}