{"lattice": {"a": 3.498422, "c": 23.775734, "b": 3.498422, "matrix": [[3.498422, 0.0, 0.0], [0.0, 3.498422, 0.0], [0.0, 0.0, 23.775734]], "volume": 290.99017394581085, "beta": 90.0, "alpha": 90.0, "gamma": 90.0}, "sites": [{"label": "Nd", "xyz": [0.0, 0.0, 0.0], "abc": [0.0, 0.0, 0.0], "species": [{"occu": 1, "element": "Nd"}], "properties": {"magmom": 0.0}}, {"label": "Cl", "xyz": [1.7492109999999998, 1.7492109999999998, 22.158746330659998], "abc": [0.5, 0.5, 0.9319900000000001], "species": [{"occu": 1, "element": "Cl"}], "properties": {"magmom": -0.0}}, {"label": "Cl", "xyz": [1.7492109999999998, 1.7492109999999998, 1.6169876693399998], "abc": [0.5, 0.5, 0.06801], "species": [{"occu": 1, "element": "Cl"}], "properties": {"magmom": -0.0}}], "@class": "Structure", "@module": "pymatgen.core.structure"}