{"lattice": {"a": 3.4078288199999998, "c": 23.53633796, "b": 3.4078284130817362, "matrix": [[3.4078288199999998, 0.0, -0.0], [1.7039144099999999, 2.95126586, -0.0], [0.0, 0.0, 23.53633796]], "volume": 236.7145737705779, "beta": 90.0, "alpha": 90.0, "gamma": 59.99999605005111}, "sites": [{"label": "Zr", "xyz": [0.0, 0.0, 11.768192516337962], "abc": [-0.0, -0.0, 0.500001], "species": [{"occu": 1, "element": "Zr"}], "properties": {"magmom": -0.0}}, {"label": "Cl", "xyz": [1.7039127060855899, 0.98375430291138, 10.038827604580575], "abc": [0.333333, 0.333333, 0.42652462], "species": [{"occu": 1, "element": "Cl"}], "properties": {"magmom": -0.0}}, {"label": "Cl", "xyz": [1.7039127060855899, 0.98375430291138, 13.497486819081464], "abc": [0.333333, 0.333333, 0.5734743800000001], "species": [{"occu": 1, "element": "Cl"}], "properties": {"magmom": -0.0}}], "@class": "Structure", "@module": "pymatgen.core.structure"}