{"lattice": {"a": 2.181443288856035, "c": 23.344567, "b": 3.241969014033374, "matrix": [[2.1814414, 0.00287069, 0.0], [0.00251308, 3.24196804, 0.0], [0.0, 0.0, 23.344567]], "volume": 165.09642157612967, "beta": 90.0, "alpha": 90.0, "gamma": 89.88018705491882}, "sites": [{"label": "N", "xyz": [1.640478683537582, 3.21987380339364, 13.17484978503057], "abc": [0.75087252, 0.99252005, 0.56436471], "species": [{"occu": 1, "element": "N"}], "properties": {"magmom": 0.0}}, {"label": "N", "xyz": [0.544902475264822, 0.6772768545247141, 13.183024118611291], "abc": [0.24954969000000002, 0.2086882, 0.56471487], "species": [{"occu": 1, "element": "N"}], "properties": {"magmom": 0.0}}, {"label": "N", "xyz": [1.639067060273663, 2.567594671551224, 10.16161361542672], "abc": [0.7504571999999999, 0.79132191, 0.43528816000000004], "species": [{"occu": 1, "element": "N"}], "properties": {"magmom": 0.0}}, {"label": "N", "xyz": [0.5434607190843881, 0.024932098082033, 10.169646480931421], "abc": [0.24912058, 0.00746983, 0.43563226], "species": [{"occu": 1, "element": "N"}], "properties": {"magmom": 0.0}}], "@class": "Structure", "@module": "pymatgen.core.structure"}