{"lattice": {"a": 4.568065871720945, "c": 22.84119106063064, "b": 4.568065736902851, "matrix": [[4.56802801, 0.00033172000000000003, 0.018595650000000002], [0.0062730400000000006, 4.56802358, 0.018595650000000002], [-0.00107609, -0.00107469, 22.84119101]], "volume": 476.6240623960882, "beta": 89.76945960910398, "alpha": 89.76945959892795, "gamma": 89.91620981139461}, "sites": [{"label": "Sn", "xyz": [2.660497640512014, 2.657039483482571, 9.826610836800546], "abc": [0.58171938, 0.58171938, 0.42926728000000003], "species": [{"occu": 1, "element": "Sn"}], "properties": {"magmom": 0.0}}, {"label": "Sn", "xyz": [0.37786807610629203, 0.37737691750733804, 7.092403231581442], "abc": [0.08267975, 0.08267975, 0.31037472], "species": [{"occu": 1, "element": "Sn"}], "properties": {"magmom": 0.0}}, {"label": "Te", "xyz": [2.73152005715109, 2.727969583878738, 6.891285079365381], "abc": [0.59721554, 0.59721554, 0.30073186], "species": [{"occu": 1, "element": "Te"}], "properties": {"magmom": -0.0}}, {"label": "Te", "xyz": [0.432084368886933, 0.43152273924398904, 10.025435266881207], "abc": [0.09456232, 0.09456232, 0.43876514], "species": [{"occu": 1, "element": "Te"}], "properties": {"magmom": -0.0}}], "@class": "Structure", "@module": "pymatgen.core.structure"}