{"lattice": {"a": 5.6174944700000005, "c": 19.93380323, "b": 5.617494440770041, "matrix": [[5.6174944700000005, 0.0, 0.0], [-2.8087472399999998, 4.86489288, 0.0], [0.0, 0.0, 19.93380323]], "volume": 544.7611179960252, "beta": 90.0, "alpha": 90.0, "gamma": 120.00000023101343}, "sites": [{"label": "Pr", "xyz": [0.0, 0.0, 9.966901615], "abc": [0.0, -0.0, 0.5], "species": [{"occu": 1, "element": "Pr"}], "properties": {"magmom": 0.0}}, {"label": "S", "xyz": [1.404696340057493, 2.432260114602696, 9.966901615], "abc": [0.5000382999999999, 0.49996169999999995, 0.5], "species": [{"occu": 1, "element": "S"}], "properties": {"magmom": 0.0}}, {"label": "S", "xyz": [4.212798181117834, 2.432260114602696, 9.966901615], "abc": [0.9999234100000001, 0.49996169999999995, 0.5], "species": [{"occu": 1, "element": "S"}], "properties": {"magmom": 0.0}}, {"label": "S", "xyz": [2.8087472630870893, 0.00037260214567900004, 9.966901615], "abc": [0.5000382999999999, 7.659000000000001e-05, 0.5], "species": [{"occu": 1, "element": "S"}], "properties": {"magmom": -0.0}}], "@class": "Structure", "@module": "pymatgen.core.structure"}