{"lattice": {"a": 3.43954732, "c": 23.009323894895807, "b": 3.4705156729769673, "matrix": [[3.43954732, -2e-08, 0.0], [-1.7197727, 3.01439728, -0.0164297], [2e-08, 0.07054878, 23.00921574]], "volume": 238.56726423205316, "beta": 89.99999995121928, "alpha": 90.1186556317075, "gamma": 119.70523904342193}, "sites": [{"label": "Cu", "xyz": [4.513360000000001e-09, 0.015920602085040002, 5.19244369761432], "abc": [-0.0, 0.0, 0.22566799999999998], "species": [{"occu": 1, "element": "Cu"}], "properties": {"magmom": 0.0}}, {"label": "Se", "xyz": [1.719774013400452, 1.057912987412116, 6.638108984437022], "abc": [0.6720978400000001, 0.34419567, 0.28874361], "species": [{"occu": 1, "element": "Se"}], "properties": {"magmom": 0.0}}, {"label": "Se", "xyz": [6.156262678615006e-07, 1.988325476757963, 3.730348710791617], "abc": [0.32790216, 0.65580433, 0.16259239], "species": [{"occu": 1, "element": "Se"}], "properties": {"magmom": 0.0}}], "@class": "Structure", "@module": "pymatgen.core.structure"}