{"lattice": {"a": 3.09715442, "c": 21.12421, "b": 4.52022577, "matrix": [[3.09715442, 0.0, 0.0], [0.0, 4.52022577, 0.0], [0.0, 0.0, 21.12421]], "volume": 295.73550146348447, "beta": 90.0, "alpha": 90.0, "gamma": 90.0}, "sites": [{"label": "H", "xyz": [0.0, 2.260112885, 10.562105], "abc": [0.0, 0.5, 0.5], "species": [{"occu": 1, "element": "H"}], "properties": {"magmom": 0.0}}, {"label": "Au", "xyz": [1.54857721, 0.0, 10.562105], "abc": [0.5, 0.0, 0.5], "species": [{"occu": 1, "element": "Au"}], "properties": {"magmom": 0.0}}, {"label": "O", "xyz": [0.0, 3.333843427011637, 11.122871869775702], "abc": [0.0, 0.73753914, 0.52654617], "species": [{"occu": 1, "element": "O"}], "properties": {"magmom": -0.0}}, {"label": "O", "xyz": [0.0, 1.186382342988362, 10.001338130224301], "abc": [0.0, 0.26246086, 0.47345383], "species": [{"occu": 1, "element": "O"}], "properties": {"magmom": -0.0}}], "@class": "Structure", "@module": "pymatgen.core.structure"}