{"lattice": {"a": 3.982907, "c": 23.003991, "b": 3.982906193222858, "matrix": [[3.982907, 0.0, 0.0], [-1.991453, 3.4492979999999998, 0.0], [0.0, 0.0, 23.003991]], "volume": 316.0341917220768, "beta": 90.0, "alpha": 90.0, "gamma": 119.99999839520181}, "sites": [{"label": "Tc", "xyz": [0.0, 0.0, 0.0], "abc": [0.0, 0.0, 0.0], "species": [{"occu": 1, "element": "Tc"}], "properties": {"magmom": 0.874}}, {"label": "I", "xyz": [-1.65812000004271e-06, 2.299533149766, 21.47859635679], "abc": [0.333333, 0.666667, 0.9336900000000001], "species": [{"occu": 1, "element": "I"}], "properties": {"magmom": 0.005}}, {"label": "I", "xyz": [1.99145565812, 1.1497648502339999, 1.525394643209999], "abc": [0.666667, 0.333333, 0.06631000000000001], "species": [{"occu": 1, "element": "I"}], "properties": {"magmom": 0.005}}], "@class": "Structure", "@module": "pymatgen.core.structure"}