{"lattice": {"a": 2.86716703, "c": 22.803662, "b": 2.86716703, "matrix": [[2.86716703, 0.0, 0.0], [0.0, 2.86716703, 0.0], [0.0, 0.0, 22.803662]], "volume": 187.46085054505443, "beta": 90.0, "alpha": 90.0, "gamma": 90.0}, "sites": [{"label": "Fe", "xyz": [0.0, 0.0, 0.0], "abc": [0.0, -0.0, -0.0], "species": [{"occu": 1, "element": "Fe"}], "properties": {"magmom": 2.34}}, {"label": "C", "xyz": [1.433583515, 1.433583515, 0.66707803288882], "abc": [0.5, 0.5, 0.029253110000000002], "species": [{"occu": 1, "element": "C"}], "properties": {"magmom": 0.007}}, {"label": "C", "xyz": [1.433583515, 1.433583515, 22.13658396711118], "abc": [0.5, 0.5, 0.97074689], "species": [{"occu": 1, "element": "C"}], "properties": {"magmom": 0.007}}], "@class": "Structure", "@module": "pymatgen.core.structure"}