{"lattice": {"a": 3.4091839, "c": 24.904260999999998, "b": 3.475765087689118, "matrix": [[3.4091839, 0.0, 0.0], [-1.70459195, 3.02907729, 0.0], [0.0, 0.0, 24.904260999999998]], "volume": 257.17837206019317, "beta": 90.0, "alpha": 90.0, "gamma": 119.36832755832057}, "sites": [{"label": "Sc", "xyz": [0.0, 0.0, 12.452130499999999], "abc": [0.0, 0.0, 0.5], "species": [{"occu": 1, "element": "Sc"}], "properties": {"magmom": -0.001}}, {"label": "Bi", "xyz": [-0.8522959750000001, 1.514538645, 9.938089681634581], "abc": [0.0, 0.5, 0.39905178], "species": [{"occu": 1, "element": "Bi"}], "properties": {"magmom": 0.0}}, {"label": "Bi", "xyz": [0.8522959750000001, 1.514538645, 14.966171318365422], "abc": [0.5, 0.5, 0.60094822], "species": [{"occu": 1, "element": "Bi"}], "properties": {"magmom": 0.0}}], "@class": "Structure", "@module": "pymatgen.core.structure"}