{"lattice": {"a": 3.16441835, "c": 26.60755, "b": 3.16441835, "matrix": [[3.16441835, 0.0, -0.0], [0.0, 3.16441835, 0.0], [-0.0, 0.0, 26.60755]], "volume": 266.4358591889031, "beta": 90.0, "alpha": 90.0, "gamma": 90.0}, "sites": [{"label": "Zr", "xyz": [0.0, 1.582209175, 9.813949229813499], "abc": [0.0, 0.5, 0.36884077], "species": [{"occu": 1, "element": "Zr"}], "properties": {"magmom": 0.012}}, {"label": "Zr", "xyz": [1.582209175, 0.0, 7.5953175200865], "abc": [0.5, 0.0, 0.28545723], "species": [{"occu": 1, "element": "Zr"}], "properties": {"magmom": 0.012}}, {"label": "Hg", "xyz": [0.0, 1.582209175, 5.4320316429635], "abc": [0.0, 0.5, 0.20415377], "species": [{"occu": 1, "element": "Hg"}], "properties": {"magmom": 0.002}}, {"label": "Hg", "xyz": [1.582209175, 0.0, 11.977235106936499], "abc": [0.5, -0.0, 0.45014423000000003], "species": [{"occu": 1, "element": "Hg"}], "properties": {"magmom": 0.002}}], "@class": "Structure", "@module": "pymatgen.core.structure"}