{"lattice": {"a": 1.75633274, "c": 20.0, "b": 1.75633274, "matrix": [[1.75633274, 0.0, 0.0], [0.0, 1.75633274, 0.0], [0.0, 0.0, 20.0]], "volume": 61.69409387191814, "beta": 90.0, "alpha": 90.0, "gamma": 90.0}, "sites": [{"label": "B", "xyz": [0.87816637, 0.87816637, 10.0], "abc": [0.5, 0.5, 0.5], "species": [{"occu": 1, "element": "B"}], "properties": {"magmom": -0.0}}], "@class": "Structure", "@module": "pymatgen.core.structure"}