{"lattice": {"a": 4.64196612, "c": 23.438057, "b": 4.66635106, "matrix": [[4.64196612, 0.0, 0.0], [0.0, 4.66635106, 0.0], [0.0, 0.0, 23.438057]], "volume": 507.6927728077921, "beta": 90.0, "alpha": 90.0, "gamma": 90.0}, "sites": [{"label": "Tl", "xyz": [0.0, 2.33317553, 13.40739807683723], "abc": [0.0, 0.5, 0.57203539], "species": [{"occu": 1, "element": "Tl"}], "properties": {"magmom": -0.0}}, {"label": "Tl", "xyz": [2.32098306, 0.0, 10.03065892316277], "abc": [0.5, 0.0, 0.42796461], "species": [{"occu": 1, "element": "Tl"}], "properties": {"magmom": -0.0}}, {"label": "Br", "xyz": [2.32098306, 0.0, 13.142830226943511], "abc": [0.5, 0.0, 0.56074743], "species": [{"occu": 1, "element": "Br"}], "properties": {"magmom": -0.0}}, {"label": "Br", "xyz": [0.0, 2.33317553, 10.295226773056491], "abc": [0.0, 0.5, 0.43925257], "species": [{"occu": 1, "element": "Br"}], "properties": {"magmom": -0.0}}], "@class": "Structure", "@module": "pymatgen.core.structure"}