{"lattice": {"a": 4.06769511, "c": 22.803068, "b": 4.067695943789381, "matrix": [[4.06769511, 0.0, 0.0], [-2.03384756, 3.52272826, -0.0], [-0.0, 0.0, 22.803068]], "volume": 326.75392954068474, "beta": 90.0, "alpha": 90.0, "gamma": 119.9999933006958}, "sites": [{"label": "Pd", "xyz": [0.0, 0.0, 0.0], "abc": [0.0, -0.0, 0.0], "species": [{"occu": 1, "element": "Pd"}], "properties": {"magmom": 0.849}}, {"label": "I", "xyz": [-2.0371808899509196e-06, 2.34848668090942, 1.60750592715088], "abc": [0.333333, 0.666667, 0.07049516], "species": [{"occu": 1, "element": "I"}], "properties": {"magmom": 0.329}}, {"label": "I", "xyz": [2.03384958718089, 1.17424157909058, 21.19556207284912], "abc": [0.666667, 0.333333, 0.92950484], "species": [{"occu": 1, "element": "I"}], "properties": {"magmom": 0.329}}], "@class": "Structure", "@module": "pymatgen.core.structure"}