{"lattice": {"a": 5.075656, "c": 22.957399, "b": 5.086815, "matrix": [[5.075656, 0.0, 0.0], [0.0, 5.086815, 0.0], [0.0, 0.0, 22.957399]], "volume": 592.7353187977747, "beta": 90.0, "alpha": 90.0, "gamma": 90.0}, "sites": [{"label": "Ba", "xyz": [2.537828, 0.0, 10.579320436776], "abc": [0.5, 0.0, 0.46082399999999996], "species": [{"occu": 1, "element": "Ba"}], "properties": {"magmom": 0.041}}, {"label": "Ba", "xyz": [0.0, 2.5434075, 7.161422873656], "abc": [0.0, 0.5, 0.311944], "species": [{"occu": 1, "element": "Ba"}], "properties": {"magmom": 0.043000000000000003}}, {"label": "As", "xyz": [0.0, 0.0, 8.867387193346], "abc": [0.0, 0.0, 0.386254], "species": [{"occu": 1, "element": "As"}], "properties": {"magmom": 0.02}}], "@class": "Structure", "@module": "pymatgen.core.structure"}