{"lattice": {"a": 4.04868129, "c": 21.478674, "b": 4.04868119061917, "matrix": [[4.04868129, -0.0, 0.0], [-2.02434015, 3.50626102, 0.0], [0.0, -0.0, 21.478674]], "volume": 304.90552966463673, "beta": 90.0, "alpha": 90.0, "gamma": 119.99999272319985}, "sites": [{"label": "Pb", "xyz": [-1.6943404799535958e-06, 2.33750851542034, 3.6187570656636], "abc": [0.333333, 0.666667, 0.1684814], "species": [{"occu": 1, "element": "Pb"}], "properties": {"magmom": -0.0}}, {"label": "Se", "xyz": [2.02434283434048, 1.16875250457966, 2.0547057993924], "abc": [0.666667, 0.333333, 0.0956626], "species": [{"occu": 1, "element": "Se"}], "properties": {"magmom": 0.0}}], "@class": "Structure", "@module": "pymatgen.core.structure"}