{"lattice": {"a": 3.0735166, "c": 25.689944, "b": 3.0735166, "matrix": [[3.0735166, -0.0, 0.0], [-0.0, 3.0735166, 0.0], [0.0, 0.0, 25.689944]], "volume": 242.6801662180769, "beta": 90.0, "alpha": 90.0, "gamma": 90.0}, "sites": [{"label": "Zr", "xyz": [0.0, 1.5367583, 9.60373265068728], "abc": [0.0, 0.5, 0.37383237], "species": [{"occu": 1, "element": "Zr"}], "properties": {"magmom": -0.002}}, {"label": "Zr", "xyz": [1.5367583, 0.0, 7.20514632862472], "abc": [0.5, -0.0, 0.28046563], "species": [{"occu": 1, "element": "Zr"}], "properties": {"magmom": -0.002}}, {"label": "Zn", "xyz": [0.0, 1.5367583, 5.28925016267424], "abc": [0.0, 0.5, 0.20588796], "species": [{"occu": 1, "element": "Zn"}], "properties": {"magmom": -0.001}}, {"label": "Zn", "xyz": [1.5367583, 0.0, 11.519628816637761], "abc": [0.5, 0.0, 0.44841004], "species": [{"occu": 1, "element": "Zn"}], "properties": {"magmom": -0.001}}], "@class": "Structure", "@module": "pymatgen.core.structure"}