{"lattice": {"a": 3.842612013171899, "c": 23.904224, "b": 3.8426109744840162, "matrix": [[3.842517, 0.027021999999999997, 0.0], [-0.070128, 3.841971, 0.0], [0.0, 0.0, 23.904224]], "volume": 352.9395059636781, "beta": 90.0, "alpha": 90.0, "gamma": 90.64279278448237}, "sites": [{"label": "Cu", "xyz": [0.0, 0.0, 13.297393918272], "abc": [0.0, 0.0, 0.5562779999999999], "species": [{"occu": 1, "element": "Cu"}], "properties": {"magmom": -0.0}}, {"label": "Cu", "xyz": [1.8861945, 1.9344964999999998, 13.297393918272], "abc": [0.5, 0.5, 0.5562779999999999], "species": [{"occu": 1, "element": "Cu"}], "properties": {"magmom": -0.0}}, {"label": "Cl", "xyz": [0.90803325, 2.88823375, 11.616520599264], "abc": [0.25, 0.75, 0.485961], "species": [{"occu": 1, "element": "Cl"}], "properties": {"magmom": -0.0}}, {"label": "Cl", "xyz": [2.864355749999999, 0.98075925, 14.978291141504], "abc": [0.75, 0.25, 0.6265959999999999], "species": [{"occu": 1, "element": "Cl"}], "properties": {"magmom": 0.0}}], "@class": "Structure", "@module": "pymatgen.core.structure"}