{"lattice": {"a": 3.50039837, "c": 23.73272, "b": 3.500398698895898, "matrix": [[3.50039837, -0.0, 0.0], [-1.75019969, 3.031434, 0.0], [0.0, 0.0, 23.73272]], "volume": 251.83327052240406, "beta": 90.0, "alpha": 90.0, "gamma": 120.00000643662193}, "sites": [{"label": "C", "xyz": [0.0, 0.0, 8.35861651856], "abc": [0.0, 0.0, 0.352198], "species": [{"occu": 1, "element": "C"}], "properties": {"magmom": -0.0}}, {"label": "Br", "xyz": [1.75020076686602, 1.010476989522, 6.9354082563832], "abc": [0.666667, 0.333333, 0.29222981], "species": [{"occu": 1, "element": "Br"}], "properties": {"magmom": -0.0}}, {"label": "Br", "xyz": [-2.0868660200593718e-06, 2.020957010478, 9.7818959788968], "abc": [0.333333, 0.666667, 0.41216919], "species": [{"occu": 1, "element": "Br"}], "properties": {"magmom": -0.0}}], "@class": "Structure", "@module": "pymatgen.core.structure"}