{"lattice": {"a": 3.018678, "c": 22.803662, "b": 3.018678, "matrix": [[3.018678, 0.0, 0.0], [0.0, 3.018678, 0.0], [0.0, 0.0, 22.803662]], "volume": 207.79647425376467, "beta": 90.0, "alpha": 90.0, "gamma": 90.0}, "sites": [{"label": "Ge", "xyz": [1.509339, 1.509339, 1.582026854911999], "abc": [0.5, 0.5, 0.069376], "species": [{"occu": 1, "element": "Ge"}], "properties": {"magmom": -0.0}}, {"label": "Ge", "xyz": [1.509339, 1.509339, 21.221635145088], "abc": [0.5, 0.5, 0.930624], "species": [{"occu": 1, "element": "Ge"}], "properties": {"magmom": -0.0}}, {"label": "Os", "xyz": [0.0, 0.0, 0.0], "abc": [0.0, 0.0, 0.0], "species": [{"occu": 1, "element": "Os"}], "properties": {"magmom": 0.0}}], "@class": "Structure", "@module": "pymatgen.core.structure"}