{"lattice": {"a": 4.72058902, "c": 24.159589, "b": 4.720589009481353, "matrix": [[4.72058902, 0.0, 0.0], [-2.36029451, 4.08815, -0.0], [-0.0, 0.0, 24.159589]], "volume": 466.2432485374132, "beta": 90.0, "alpha": 90.0, "gamma": 120.00000007370988}, "sites": [{"label": "Sr", "xyz": [0.0, 0.0, 18.186712141057228], "abc": [-0.0, -0.0, 0.75277407], "species": [{"occu": 1, "element": "Sr"}], "properties": {"magmom": -0.0}}, {"label": "Sr", "xyz": [0.0, 0.0, 14.298923537245772], "abc": [-0.0, -0.0, 0.59185293], "species": [{"occu": 1, "element": "Sr"}], "properties": {"magmom": -0.0}}, {"label": "Ag", "xyz": [-2.3602945100639792e-06, 2.725434696049999, 16.242805759357], "abc": [0.333333, 0.666667, 0.6723129999999999], "species": [{"occu": 1, "element": "Ag"}], "properties": {"magmom": 0.0}}, {"label": "Ag", "xyz": [2.36029687029451, 1.36271530395, 16.242805759357], "abc": [0.666667, 0.333333, 0.6723129999999999], "species": [{"occu": 1, "element": "Ag"}], "properties": {"magmom": 0.0}}], "@class": "Structure", "@module": "pymatgen.core.structure"}