{"lattice": {"a": 3.89671763, "c": 23.814717, "b": 3.896717761802747, "matrix": [[3.89671763, 4e-08, 0.0], [-1.94835925, 3.37465636, -0.0], [0.0, -0.0, 23.814717]], "volume": 313.16550543675925, "beta": 90.0, "alpha": 90.0, "gamma": 120.00000567850675}, "sites": [{"label": "Cu", "xyz": [0.0, 0.0, 6.33072528060816], "abc": [-0.0, -0.0, 0.26583248], "species": [{"occu": 1, "element": "Cu"}], "properties": {"magmom": -0.0}}, {"label": "Cu", "xyz": [-2.238358960074307e-06, 2.24977204488544, 4.95594334395291], "abc": [0.333333, 0.666667, 0.20810423], "species": [{"occu": 1, "element": "Cu"}], "properties": {"magmom": -0.0}}, {"label": "Br", "xyz": [-2.238358960074307e-06, 2.24977204488544, 7.471245894636301], "abc": [0.333333, 0.666667, 0.3137239], "species": [{"occu": 1, "element": "Br"}], "properties": {"magmom": 0.0}}, {"label": "Br", "xyz": [0.0, 0.0, 3.7899074039838], "abc": [-0.0, 0.0, 0.1591414], "species": [{"occu": 1, "element": "Br"}], "properties": {"magmom": -0.0}}], "@class": "Structure", "@module": "pymatgen.core.structure"}