{"lattice": {"a": 2.380569, "c": 23.983674, "b": 2.380569, "matrix": [[2.380569, 0.0, 0.0], [0.0, 2.380569, 0.0], [0.0, 0.0, 23.983674]], "volume": 135.91808911258684, "beta": 90.0, "alpha": 90.0, "gamma": 90.0}, "sites": [{"label": "Be", "xyz": [1.1902845, 1.1902845, 17.058172279434], "abc": [0.5, 0.5, 0.711241], "species": [{"occu": 1, "element": "Be"}], "properties": {"magmom": 0.0}}, {"label": "Be", "xyz": [1.1902845, 1.1902845, 13.467120755088], "abc": [0.5, 0.5, 0.561512], "species": [{"occu": 1, "element": "Be"}], "properties": {"magmom": 0.0}}, {"label": "Zn", "xyz": [0.0, 0.0, 15.262658509098], "abc": [0.0, 0.0, 0.636377], "species": [{"occu": 1, "element": "Zn"}], "properties": {"magmom": 0.0}}], "@class": "Structure", "@module": "pymatgen.core.structure"}