{"lattice": {"a": 3.8439741400000003, "c": 23.119205, "b": 3.8439741400000003, "matrix": [[3.8439741400000003, 0.0, 0.0], [0.0, 3.8439741400000003, -0.0], [0.0, -0.0, 23.119205]], "volume": 341.61254478035437, "beta": 90.0, "alpha": 90.0, "gamma": 90.0}, "sites": [{"label": "Tc", "xyz": [0.0, 0.0, 0.0], "abc": [-0.0, -0.0, -0.0], "species": [{"occu": 1, "element": "Tc"}], "properties": {"magmom": 0.0}}, {"label": "Tc", "xyz": [1.9219870700000001, 1.9219870700000001, 0.0], "abc": [0.5, 0.5, -0.0], "species": [{"occu": 1, "element": "Tc"}], "properties": {"magmom": 0.0}}, {"label": "Se", "xyz": [0.0, 1.9219870700000001, 1.6154056678524502], "abc": [0.0, 0.5, 0.06987289], "species": [{"occu": 1, "element": "Se"}], "properties": {"magmom": -0.0}}, {"label": "Se", "xyz": [1.9219870700000001, 0.0, 21.50379933214755], "abc": [0.5, 0.0, 0.93012711], "species": [{"occu": 1, "element": "Se"}], "properties": {"magmom": -0.0}}], "@class": "Structure", "@module": "pymatgen.core.structure"}