{"lattice": {"a": 2.91043983, "c": 22.803662, "b": 2.91043983, "matrix": [[2.91043983, 0.0, 0.0], [0.0, 2.91043983, -0.0], [0.0, 0.0, 22.803662]], "volume": 193.16206764928464, "beta": 90.0, "alpha": 90.0, "gamma": 90.0}, "sites": [{"label": "Os", "xyz": [0.0, 0.0, 0.0], "abc": [-0.0, 0.0, 0.0], "species": [{"occu": 1, "element": "Os"}], "properties": {"magmom": 0.0}}, {"label": "C", "xyz": [1.455219915, 1.455219915, 0.73149632570924], "abc": [0.5, 0.5, 0.03207802], "species": [{"occu": 1, "element": "C"}], "properties": {"magmom": 0.0}}, {"label": "C", "xyz": [1.455219915, 1.455219915, 22.07216567429076], "abc": [0.5, 0.5, 0.9679219800000001], "species": [{"occu": 1, "element": "C"}], "properties": {"magmom": 0.0}}], "@class": "Structure", "@module": "pymatgen.core.structure"}