{"lattice": {"a": 3.5917809, "c": 22.510799, "b": 3.591780616697681, "matrix": [[3.5917809, 0.0, 0.0], [1.79588996, 3.11057346, 0.0], [0.0, 0.0, 22.510799]], "volume": 251.50186449727727, "beta": 90.0, "alpha": 90.0, "gamma": 60.000006416475706}, "sites": [{"label": "Ca", "xyz": [3.59178236922362, 2.07371667685782, 9.99467117171349], "abc": [0.666667, 0.666667, 0.44399451], "species": [{"occu": 1, "element": "Ca"}], "properties": {"magmom": 0.001}}, {"label": "Ca", "xyz": [1.7958884907763801, 1.03685678314218, 12.516127828286509], "abc": [0.333333, 0.333333, 0.55600549], "species": [{"occu": 1, "element": "Ca"}], "properties": {"magmom": 0.001}}, {"label": "N", "xyz": [0.0, 0.0, 11.2553995], "abc": [0.0, -0.0, 0.5], "species": [{"occu": 1, "element": "N"}], "properties": {"magmom": 0.001}}], "@class": "Structure", "@module": "pymatgen.core.structure"}