{"lattice": {"a": 2.8239911600000003, "c": 21.478674, "b": 2.823991398483753, "matrix": [[2.8239911600000003, 0.0, 0.0], [-1.4119955800000001, 2.44564836, -0.0], [-0.0, 0.0, 21.478674]], "volume": 148.3422332139736, "beta": 90.0, "alpha": 90.0, "gamma": 119.99999720644371}, "sites": [{"label": "C", "xyz": [-1.4119955800228911e-06, 1.6304330552161201, 3.29126463522318], "abc": [0.333333, 0.666667, 0.15323407], "species": [{"occu": 1, "element": "C"}], "properties": {"magmom": 0.0}}, {"label": "S", "xyz": [1.41199699199558, 0.815215304783879, 2.38219822983282], "abc": [0.666667, 0.333333, 0.11090993], "species": [{"occu": 1, "element": "S"}], "properties": {"magmom": 0.0}}], "@class": "Structure", "@module": "pymatgen.core.structure"}