{"lattice": {"a": 3.04673926, "c": 21.250951, "b": 3.046739270507138, "matrix": [[3.04673926, 0.0, 0.0], [-1.52336963, 2.6385536099999998, 0.0], [-0.0, 0.0, 21.250951]], "volume": 170.83607363015116, "beta": 90.0, "alpha": 90.0, "gamma": 119.99999988591958}, "sites": [{"label": "B", "xyz": [0.0, 0.0, 1.8720241123358101], "abc": [0.0, 0.0, 0.08809131], "species": [{"occu": 1, "element": "B"}], "properties": {"magmom": 0.41600000000000004}}, {"label": "S", "xyz": [1.523371153369629, 0.8795169904821301, 2.58874176112319], "abc": [0.666667, 0.333333, 0.12181769], "species": [{"occu": 1, "element": "S"}], "properties": {"magmom": 0.052000000000000005}}], "@class": "Structure", "@module": "pymatgen.core.structure"}