{"lattice": {"a": 5.3053501, "c": 22.353476, "b": 5.30227559, "matrix": [[5.3053501, 0.0, 0.0], [0.0, 5.30227559, 0.0], [0.0, 0.0, 22.353476]], "volume": 628.812854580902, "beta": 90.0, "alpha": 90.0, "gamma": 90.0}, "sites": [{"label": "Ba", "xyz": [0.0, 2.651137795, 9.788027409360959], "abc": [-0.0, 0.5, 0.43787496000000004], "species": [{"occu": 1, "element": "Ba"}], "properties": {"magmom": -0.004}}, {"label": "Ba", "xyz": [0.0, 0.0, 13.0581663675134], "abc": [-0.0, 0.0, 0.58416715], "species": [{"occu": 1, "element": "Ba"}], "properties": {"magmom": -0.063}}, {"label": "Ba", "xyz": [2.65267505, 0.0, 9.802535709424001], "abc": [0.5, -0.0, 0.43852399999999997], "species": [{"occu": 1, "element": "Ba"}], "properties": {"magmom": -0.004}}, {"label": "Sn", "xyz": [2.65267505, 2.651137795, 12.058222290166881], "abc": [0.5, 0.5, 0.53943388], "species": [{"occu": 1, "element": "Sn"}], "properties": {"magmom": 0.004}}], "@class": "Structure", "@module": "pymatgen.core.structure"}