{"lattice": {"a": 3.46533646, "c": 24.904260999999998, "b": 3.57387419868525, "matrix": [[3.46533646, 0.0, 0.0], [-1.73266823, 3.12576992, 0.0], [0.0, 0.0, 24.904260999999998]], "volume": 269.7590817760313, "beta": 90.0, "alpha": 90.0, "gamma": 119.0003599468682}, "sites": [{"label": "Y", "xyz": [0.0, 0.0, 12.452130499999999], "abc": [0.0, 0.0, 0.5], "species": [{"occu": 1, "element": "Y"}], "properties": {"magmom": 0.0}}, {"label": "Bi", "xyz": [-0.866334115, 1.5628849599999999, 9.77005017287796], "abc": [0.0, 0.5, 0.39230436], "species": [{"occu": 1, "element": "Bi"}], "properties": {"magmom": -0.0}}, {"label": "Bi", "xyz": [0.866334115, 1.5628849599999999, 15.134210827122041], "abc": [0.5, 0.5, 0.60769564], "species": [{"occu": 1, "element": "Bi"}], "properties": {"magmom": -0.0}}], "@class": "Structure", "@module": "pymatgen.core.structure"}