{"lattice": {"a": 4.473348547940735, "c": 22.475334658418333, "b": 4.797529332125665, "matrix": [[4.47144689, 0.009150460000000001, -0.13010077], [-0.01215807, 4.79606505, -0.11789788], [-0.23331539999999998, -0.17181552, 22.47346683]], "volume": 481.717686535125, "beta": 92.26224074709188, "alpha": 91.84459240872911, "gamma": 89.98702325109431}, "sites": [{"label": "Bi", "xyz": [2.795276632430593, 4.433696254202523, 5.970974849918006], "abc": [0.64198893, 0.93304635, 0.27430135], "species": [{"occu": 1, "element": "Bi"}], "properties": {"magmom": -0.0}}, {"label": "Bi", "xyz": [0.47108291506629, 1.947429206347564, 2.741981384714933], "abc": [0.11298199, 0.41030318, 0.12481627], "species": [{"occu": 1, "element": "Bi"}], "properties": {"magmom": -0.0}}, {"label": "Sb", "xyz": [2.7169469803265542, 3.976085005886718, 3.050962571076906], "abc": [0.61738465, 0.83300079, 0.14370252], "species": [{"occu": 1, "element": "Sb"}], "properties": {"magmom": 0.0}}, {"label": "Sb", "xyz": [0.554783052750307, 1.6363392153682592, 5.679460199690983], "abc": [0.13834843, 0.35006768, 0.25535587], "species": [{"occu": 1, "element": "Sb"}], "properties": {"magmom": 0.0}}], "@class": "Structure", "@module": "pymatgen.core.structure"}