{"lattice": {"a": 3.61661489, "c": 24.64035, "b": 3.616615769313109, "matrix": [[3.61661489, 0.0, 0.0], [-1.8083079400000002, 3.1320811, 0.0], [0.0, 0.0, 24.64035]], "volume": 279.1143319981284, "beta": 90.0, "alpha": 90.0, "gamma": 120.00000101240857}, "sites": [{"label": "Ga", "xyz": [0.0, 0.0, 11.0916502696125], "abc": [-0.0, 0.0, 0.45014175], "species": [{"occu": 1, "element": "Ga"}], "properties": {"magmom": 0.0}}, {"label": "Ga", "xyz": [0.0, 0.0, 13.5486997303875], "abc": [-0.0, 0.0, 0.54985825], "species": [{"occu": 1, "element": "Ga"}], "properties": {"magmom": 0.0}}, {"label": "S", "xyz": [-2.138307609940107e-06, 2.0880551106937, 10.0017134629755], "abc": [0.333333, 0.666667, 0.40590793000000003], "species": [{"occu": 1, "element": "S"}], "properties": {"magmom": -0.0}}, {"label": "S", "xyz": [-2.138307609940107e-06, 2.0880551106937, 14.6386365370245], "abc": [0.333333, 0.666667, 0.59409207], "species": [{"occu": 1, "element": "S"}], "properties": {"magmom": -0.0}}], "@class": "Structure", "@module": "pymatgen.core.structure"}