{"lattice": {"a": 4.047202, "c": 23.293072, "b": 4.047202, "matrix": [[4.047202, 0.0, 0.0], [0.0, 4.047202, 0.0], [0.0, 0.0, 23.293072]], "volume": 381.5368863117017, "beta": 90.0, "alpha": 90.0, "gamma": 90.0}, "sites": [{"label": "Sm", "xyz": [0.0, 2.023601, 20.116688943648], "abc": [0.0, 0.5, 0.863634], "species": [{"occu": 1, "element": "Sm"}], "properties": {"magmom": 0.0}}, {"label": "Sm", "xyz": [2.023601, 0.0, 22.482286749824], "abc": [0.5, 0.0, 0.9651919999999999], "species": [{"occu": 1, "element": "Sm"}], "properties": {"magmom": 0.0}}, {"label": "Se", "xyz": [0.0, 2.023601, 23.080802234864], "abc": [0.0, 0.5, 0.990887], "species": [{"occu": 1, "element": "Se"}], "properties": {"magmom": -0.0}}, {"label": "Se", "xyz": [2.023601, 0.0, 19.518173458607997], "abc": [0.5, 0.0, 0.837939], "species": [{"occu": 1, "element": "Se"}], "properties": {"magmom": -0.0}}], "@class": "Structure", "@module": "pymatgen.core.structure"}