{"lattice": {"a": 4.97248298, "c": 22.353476, "b": 4.97049011, "matrix": [[4.97248298, 0.0, 0.0], [0.0, 4.97049011, 0.0], [0.0, 0.0, 22.353476]], "volume": 552.4813032440153, "beta": 90.0, "alpha": 90.0, "gamma": 90.0}, "sites": [{"label": "Ca", "xyz": [0.0, 2.485245055, 10.00411197934492], "abc": [0.0, 0.5, 0.44754167], "species": [{"occu": 1, "element": "Ca"}], "properties": {"magmom": 0.0}}, {"label": "Ca", "xyz": [0.0, 0.0, 12.662880686480241], "abc": [0.0, -0.0, 0.56648374], "species": [{"occu": 1, "element": "Ca"}], "properties": {"magmom": 0.0}}, {"label": "Ca", "xyz": [2.48624149, 0.0, 10.02022123535908], "abc": [0.5, -0.0, 0.44826233], "species": [{"occu": 1, "element": "Ca"}], "properties": {"magmom": 0.0}}, {"label": "Pb", "xyz": [2.48624149, 2.485245055, 12.01973832235052], "abc": [0.5, 0.5, 0.53771227], "species": [{"occu": 1, "element": "Pb"}], "properties": {"magmom": -0.0}}], "@class": "Structure", "@module": "pymatgen.core.structure"}