{"lattice": {"a": 4.05831059, "c": 23.407847, "b": 4.0583102121792844, "matrix": [[4.05831059, 2e-08, 0.0], [-2.02915476, 3.51459994, 0.0], [0.0, 0.0, 23.407847]], "volume": 333.87403821757346, "beta": 90.0, "alpha": 90.0, "gamma": 119.99999407560783}, "sites": [{"label": "Na", "xyz": [2.02915750248845, 1.17153215513336, 18.34479008614526], "abc": [0.666667, 0.333333, 0.78370258], "species": [{"occu": 1, "element": "Na"}], "properties": {"magmom": -0.0}}, {"label": "Na", "xyz": [-1.672488450197729e-06, 2.34306780486664, 22.029673023476743], "abc": [0.333333, 0.666667, 0.94112342], "species": [{"occu": 1, "element": "Na"}], "properties": {"magmom": -0.0}}, {"label": "Br", "xyz": [0.0, 0.0, 20.187231554811], "abc": [0.0, 0.0, 0.862413], "species": [{"occu": 1, "element": "Br"}], "properties": {"magmom": -0.0}}], "@class": "Structure", "@module": "pymatgen.core.structure"}