{"lattice": {"a": 3.10253418, "c": 24.897091, "b": 3.420258887257717, "matrix": [[3.10253418, 4e-08, 0.0], [-1.55126751, 3.04823555, 0.0], [0.0, 0.0, 24.897091]], "volume": 235.4581394560335, "beta": 90.0, "alpha": 90.0, "gamma": 116.97184757707234}, "sites": [{"label": "Er", "xyz": [1.55126709, 2e-08, 12.4485455], "abc": [0.5, 0.0, 0.5], "species": [{"occu": 1, "element": "Er"}], "properties": {"magmom": -0.0}}, {"label": "P", "xyz": [0.7756333350000001, 1.524117795, 10.3224185787094], "abc": [0.5, 0.5, 0.41460339999999996], "species": [{"occu": 1, "element": "P"}], "properties": {"magmom": -0.0}}, {"label": "P", "xyz": [-0.7756337550000001, 1.5241177750000001, 14.5746724212906], "abc": [0.0, 0.5, 0.5853965999999999], "species": [{"occu": 1, "element": "P"}], "properties": {"magmom": -0.0}}], "@class": "Structure", "@module": "pymatgen.core.structure"}