{"lattice": {"a": 3.640403, "c": 23.425704, "b": 3.640402336028533, "matrix": [[3.640403, 0.0, 0.0], [-1.820201, 3.152681, 0.0], [0.0, 0.0, 23.425704]], "volume": 268.85749283130406, "beta": 90.0, "alpha": 90.0, "gamma": 119.99999694656437}, "sites": [{"label": "Zr", "xyz": [0.0, 0.0, 10.952289668232], "abc": [0.0, 0.0, 0.467533], "species": [{"occu": 1, "element": "Zr"}], "properties": {"magmom": 0.148}}, {"label": "O", "xyz": [0.0, 0.0, 9.077671131336], "abc": [0.0, 0.0, 0.387509], "species": [{"occu": 1, "element": "O"}], "properties": {"magmom": 0.492}}, {"label": "O", "xyz": [0.0, 0.0, 12.826931630832], "abc": [0.0, 0.0, 0.547558], "species": [{"occu": 1, "element": "O"}], "properties": {"magmom": 0.491}}], "@class": "Structure", "@module": "pymatgen.core.structure"}