{"lattice": {"a": 3.85710129, "c": 23.119205, "b": 3.85710129, "matrix": [[3.85710129, 0.0, 0.0], [0.0, 3.85710129, 0.0], [0.0, 0.0, 23.119205]], "volume": 343.9497385555734, "beta": 90.0, "alpha": 90.0, "gamma": 90.0}, "sites": [{"label": "Re", "xyz": [0.0, 0.0, 0.0], "abc": [-0.0, -0.0, -0.0], "species": [{"occu": 1, "element": "Re"}], "properties": {"magmom": 0.073}}, {"label": "Re", "xyz": [1.928550645, 1.928550645, 0.0], "abc": [0.5, 0.5, -0.0], "species": [{"occu": 1, "element": "Re"}], "properties": {"magmom": 0.073}}, {"label": "Se", "xyz": [0.0, 1.928550645, 1.6448486689961], "abc": [-0.0, 0.5, 0.07114642], "species": [{"occu": 1, "element": "Se"}], "properties": {"magmom": -0.001}}, {"label": "Se", "xyz": [1.928550645, 0.0, 21.4743563310039], "abc": [0.5, 0.0, 0.9288535800000001], "species": [{"occu": 1, "element": "Se"}], "properties": {"magmom": -0.001}}], "@class": "Structure", "@module": "pymatgen.core.structure"}