{"lattice": {"a": 4.080066, "c": 20.0, "b": 4.082264338517289, "matrix": [[4.080066, 0.0, 0.0], [-2.040033, 3.535979, 0.0], [0.0, 0.0, 20.0]], "volume": 288.54055389228006, "beta": 90.0, "alpha": 90.0, "gamma": 119.98218784421444}, "sites": [{"label": "As", "xyz": [2.040035040033, 1.178212954653, 8.946760000000001], "abc": [0.666604, 0.333207, 0.44733799999999996], "species": [{"occu": 1, "element": "As"}], "properties": {"magmom": -0.0}}, {"label": "Pt", "xyz": [-5.2953186354898214e-17, 2.357783725242, 8.946760000000001], "abc": [0.333399, 0.666798, 0.44733799999999996], "species": [{"occu": 1, "element": "Pt"}], "properties": {"magmom": -0.0}}], "@class": "Structure", "@module": "pymatgen.core.structure"}