{"lattice": {"a": 3.333374988194668, "c": 23.445355580719127, "b": 3.43231727, "matrix": [[3.333237, 0.0, -0.030330080000000002], [0.0, 3.43231727, 0.0], [-0.03453207, 0.0, 23.44533015]], "volume": 268.2280249244617, "beta": 90.60572588384137, "alpha": 90.0, "gamma": 90.0}, "sites": [{"label": "Ta", "xyz": [0.0, 0.0, 0.0], "abc": [0.0, -0.0, 0.0], "species": [{"occu": 1, "element": "Ta"}], "properties": {"magmom": -0.0}}, {"label": "S", "xyz": [1.6167269853724031, 0.0, 21.721694472555342], "abc": [0.49463703000000003, 0.0, 0.92712266], "species": [{"occu": 1, "element": "S"}], "properties": {"magmom": 0.0}}, {"label": "S", "xyz": [1.681977944627596, 0.0, 1.6933055974446631], "abc": [0.50536297, -0.0, 0.07287734], "species": [{"occu": 1, "element": "S"}], "properties": {"magmom": 0.0}}], "@class": "Structure", "@module": "pymatgen.core.structure"}