{"lattice": {"a": 3.215903, "c": 25.818897, "b": 3.215903, "matrix": [[3.215903, 0.0, 0.0], [0.0, 3.215903, 0.0], [0.0, 0.0, 25.818897]], "volume": 267.0198617002481, "beta": 90.0, "alpha": 90.0, "gamma": 90.0}, "sites": [{"label": "Tl", "xyz": [1.6079515, 1.6079515, 1.825370199003], "abc": [0.5, 0.5, 0.070699], "species": [{"occu": 1, "element": "Tl"}], "properties": {"magmom": -0.02}}, {"label": "Tl", "xyz": [1.6079515, 1.6079515, 23.993526800997], "abc": [0.5, 0.5, 0.9293009999999999], "species": [{"occu": 1, "element": "Tl"}], "properties": {"magmom": -0.02}}, {"label": "Fe", "xyz": [0.0, 0.0, 0.0], "abc": [0.0, 0.0, 0.0], "species": [{"occu": 1, "element": "Fe"}], "properties": {"magmom": 2.676}}], "@class": "Structure", "@module": "pymatgen.core.structure"}