{"lattice": {"a": 3.51205904, "c": 22.621078, "b": 3.51205904, "matrix": [[3.51205904, 0.0, 0.0], [0.0, 3.51205904, 0.0], [0.0, 0.0, 22.621078]], "volume": 279.0210144583613, "beta": 90.0, "alpha": 90.0, "gamma": 90.0}, "sites": [{"label": "Tb", "xyz": [0.0, 0.0, 11.310539], "abc": [0.0, 0.0, 0.5], "species": [{"occu": 1, "element": "Tb"}], "properties": {"magmom": 0.0}}, {"label": "C", "xyz": [1.75602952, 1.75602952, 11.96268409355902], "abc": [0.5, 0.5, 0.52882909], "species": [{"occu": 1, "element": "C"}], "properties": {"magmom": 0.0}}, {"label": "C", "xyz": [1.75602952, 1.75602952, 10.658393906440981], "abc": [0.5, 0.5, 0.47117091], "species": [{"occu": 1, "element": "C"}], "properties": {"magmom": 0.0}}], "@class": "Structure", "@module": "pymatgen.core.structure"}