{"lattice": {"a": 3.46849136, "c": 25.800151, "b": 3.468491117021994, "matrix": [[3.46849136, 0.0, 0.0], [1.73424568, 3.00380135, 0.0], [0.0, 0.0, 25.800151]], "volume": 268.80297618200194, "beta": 90.0, "alpha": 90.0, "gamma": 59.99999768266732}, "sites": [{"label": "Sc", "xyz": [0.0, 0.0, 14.15989403531339], "abc": [0.0, 0.0, 0.54882989], "species": [{"occu": 1, "element": "Sc"}], "properties": {"magmom": 0.465}}, {"label": "Sc", "xyz": [1.734243945754319, 1.00126611539955, 11.64025696468661], "abc": [0.333333, 0.333333, 0.45117011], "species": [{"occu": 1, "element": "Sc"}], "properties": {"magmom": 0.465}}, {"label": "Cl", "xyz": [3.468493094245679, 2.002535234600449, 10.00329569207787], "abc": [0.666667, 0.666667, 0.38772237], "species": [{"occu": 1, "element": "Cl"}], "properties": {"magmom": 0.001}}, {"label": "Cl", "xyz": [3.468493094245679, 2.002535234600449, 15.79685530792213], "abc": [0.666667, 0.666667, 0.61227763], "species": [{"occu": 1, "element": "Cl"}], "properties": {"magmom": 0.001}}], "@class": "Structure", "@module": "pymatgen.core.structure"}