{"lattice": {"a": 4.607542707441501, "c": 22.849215, "b": 4.916592904318608, "matrix": [[4.6075398100000005, 0.00516722, 0.0], [-0.050194960000000004, 4.91633667, 0.0], [0.0, 0.0, 22.849215]], "volume": 517.5913011420382, "beta": 90.0, "alpha": 90.0, "gamma": 90.5207043247879}, "sites": [{"label": "Bi", "xyz": [2.586997388188971, 2.968657921390228, 12.3665942644173], "abc": [0.56804217, 0.60323833, 0.54122622], "species": [{"occu": 1, "element": "Bi"}], "properties": {"magmom": -0.0}}, {"label": "Bi", "xyz": [0.254480245587349, 1.339066737207731, 10.482620735582701], "abc": [0.05819783, 0.27230967, 0.45877378], "species": [{"occu": 1, "element": "Bi"}], "properties": {"magmom": -0.0}}, {"label": "Te", "xyz": [0.305527509221857, 0.20088899531144902, 13.15310971465515], "abc": [0.06675472, 0.04079136, 0.57564821], "species": [{"occu": 1, "element": "Te"}], "properties": {"magmom": 0.0}}, {"label": "Te", "xyz": [2.535950124554462, 4.10683566328651, 9.696105285344851], "abc": [0.55948528, 0.83475664, 0.42435179], "species": [{"occu": 1, "element": "Te"}], "properties": {"magmom": 0.0}}], "@class": "Structure", "@module": "pymatgen.core.structure"}