{"lattice": {"a": 2.7507656, "c": 23.020983, "b": 2.750765271381173, "matrix": [[2.7507656, 0.0, 0.0], [-1.3753828, 2.38223251, 0.0], [0.0, 0.0, 23.020983]], "volume": 150.85565534098092, "beta": 90.0, "alpha": 90.0, "gamma": 120.00000395185427}, "sites": [{"label": "Al", "xyz": [1.3753841753828, 0.7940767092558301, 11.31573237235119], "abc": [0.666667, 0.333333, 0.49153993], "species": [{"occu": 1, "element": "Al"}], "properties": {"magmom": 0.0}}, {"label": "Al", "xyz": [0.0, 0.0, 8.4400978196529], "abc": [0.0, 0.0, 0.36662629999999996], "species": [{"occu": 1, "element": "Al"}], "properties": {"magmom": 0.0}}, {"label": "O", "xyz": [-1.375382800076571e-06, 1.58815580074417, 9.88237322446491], "abc": [0.333333, 0.666667, 0.42927677000000003], "species": [{"occu": 1, "element": "O"}], "properties": {"magmom": -0.0}}], "@class": "Structure", "@module": "pymatgen.core.structure"}