{"lattice": {"a": 3.567633, "c": 22.641327, "b": 3.56763428110744, "matrix": [[3.567633, 0.0, 0.0], [-1.783817, 3.089662, 0.0], [0.0, 0.0, 22.641327]], "volume": 249.57036892064747, "beta": 90.0, "alpha": 90.0, "gamma": 119.99999739352232}, "sites": [{"label": "Tc", "xyz": [0.0, 0.0, 0.0], "abc": [0.0, 0.0, 0.0], "species": [{"occu": 1, "element": "Tc"}], "properties": {"magmom": 0.891}}, {"label": "Te", "xyz": [1.78381811715, 1.029886303446, 1.787170505418], "abc": [0.666667, 0.333333, 0.07893399999999999], "species": [{"occu": 1, "element": "Te"}], "properties": {"magmom": -0.0}}, {"label": "Te", "xyz": [-2.1171500001084928e-06, 2.059775696554, 20.854156494582], "abc": [0.333333, 0.666667, 0.9210659999999999], "species": [{"occu": 1, "element": "Te"}], "properties": {"magmom": -0.0}}], "@class": "Structure", "@module": "pymatgen.core.structure"}