{"lattice": {"a": 4.93091607, "c": 22.353476, "b": 4.93082074, "matrix": [[4.93091607, 0.0, 0.0], [0.0, 4.93082074, 0.0], [0.0, 0.0, 22.353476]], "volume": 543.4904166803915, "beta": 90.0, "alpha": 90.0, "gamma": 90.0}, "sites": [{"label": "Ca", "xyz": [0.0, 2.46541037, 10.0154648627358], "abc": [-0.0, 0.5, 0.44804955], "species": [{"occu": 1, "element": "Ca"}], "properties": {"magmom": 0.0}}, {"label": "Ca", "xyz": [0.0, 0.0, 12.66168477551424], "abc": [0.0, 0.0, 0.56643024], "species": [{"occu": 1, "element": "Ca"}], "properties": {"magmom": 0.0}}, {"label": "Ca", "xyz": [2.465458035, 0.0, 10.02994946811428], "abc": [0.5, 0.0, 0.44869753], "species": [{"occu": 1, "element": "Ca"}], "properties": {"magmom": 0.0}}, {"label": "Sn", "xyz": [2.465458035, 2.46541037, 11.99985289363568], "abc": [0.5, 0.5, 0.53682268], "species": [{"occu": 1, "element": "Sn"}], "properties": {"magmom": 0.0}}], "@class": "Structure", "@module": "pymatgen.core.structure"}