{"lattice": {"a": 3.802963323623495, "c": 23.43835788524276, "b": 5.302963743950321, "matrix": [[3.72548138, -0.00599048, 0.76372943], [1.62946038, 4.82141524, 1.49004645], [-0.41654958000000003, -0.9349884900000001, 23.41599674]], "volume": 426.39312430520164, "beta": 79.43877979852739, "alpha": 76.17331135092998, "gamma": 69.1446767370236}, "sites": [{"label": "Ga", "xyz": [4.4531357353033645, 3.418920208934378, 6.651311454063978], "abc": [0.8902759, 0.75041048, 0.20726152], "species": [{"occu": 1, "element": "Ga"}], "properties": {"magmom": 0.0}}, {"label": "Ga", "xyz": [0.7180122700628171, 0.9839605146114111, 5.934281251529483], "abc": [0.10972409999999999, 0.24958952, 0.23396748], "species": [{"occu": 1, "element": "Ga"}], "properties": {"magmom": 0.0}}, {"label": "Se", "xyz": [2.362762741430339, -0.224279385684568, 7.364374058269004], "abc": [0.66209012, 0.010971680000000001, 0.29220913], "species": [{"occu": 1, "element": "Se"}], "properties": {"magmom": 0.0}}, {"label": "Se", "xyz": [2.808383634475461, 4.627155287815118, 5.221217157278006], "abc": [0.33790988, 0.98902732, 0.14901987], "species": [{"occu": 1, "element": "Se"}], "properties": {"magmom": 0.0}}], "@class": "Structure", "@module": "pymatgen.core.structure"}