{"lattice": {"a": 4.78081139, "c": 22.353476, "b": 4.78501244, "matrix": [[4.78081139, 0.0, 0.0], [0.0, 4.78501244, 0.0], [0.0, 0.0, 22.353476]], "volume": 511.3635259459197, "beta": 90.0, "alpha": 90.0, "gamma": 90.0}, "sites": [{"label": "Ca", "xyz": [0.0, 2.39250622, 10.08141857013904], "abc": [-0.0, 0.5, 0.45100004], "species": [{"occu": 1, "element": "Ca"}], "properties": {"magmom": 0.0}}, {"label": "Ca", "xyz": [0.0, 0.0, 12.67197028042612], "abc": [-0.0, -0.0, 0.56689037], "species": [{"occu": 1, "element": "Ca"}], "properties": {"magmom": 0.0}}, {"label": "Ca", "xyz": [2.390405695, 0.0, 10.09506067300708], "abc": [0.5, -0.0, 0.45161033], "species": [{"occu": 1, "element": "Ca"}], "properties": {"magmom": 0.0}}, {"label": "Ge", "xyz": [2.390405695, 2.39250622, 11.85850269996252], "abc": [0.5, 0.5, 0.53049927], "species": [{"occu": 1, "element": "Ge"}], "properties": {"magmom": -0.0}}], "@class": "Structure", "@module": "pymatgen.core.structure"}