{"lattice": {"a": 3.15527743, "c": 22.883476, "b": 3.15527743, "matrix": [[3.15527743, 0.0, 0.0], [0.0, 3.15527743, -0.0], [0.0, -0.0, 22.883476]], "volume": 227.8227533831133, "beta": 90.0, "alpha": 90.0, "gamma": 90.0}, "sites": [{"label": "Mg", "xyz": [0.0, 0.0, 11.4272973824702], "abc": [-0.0, 0.0, 0.49936895000000003], "species": [{"occu": 1, "element": "Mg"}], "properties": {"magmom": -0.0}}, {"label": "Mg", "xyz": [0.0, 0.0, 8.538329476245801], "abc": [0.0, -0.0, 0.37312205], "species": [{"occu": 1, "element": "Mg"}], "properties": {"magmom": -0.0}}, {"label": "Ir", "xyz": [1.577638715, 1.577638715, 9.982824871096001], "abc": [0.5, 0.5, 0.43624599999999997], "species": [{"occu": 1, "element": "Ir"}], "properties": {"magmom": 0.0}}], "@class": "Structure", "@module": "pymatgen.core.structure"}