{"lattice": {"a": 3.38016977, "c": 22.785332, "b": 4.6861950100000005, "matrix": [[3.38016977, 0.0, 0.0], [0.0, 4.6861950100000005, 0.0], [0.0, 0.0, 22.785332]], "volume": 360.92272827217863, "beta": 90.0, "alpha": 90.0, "gamma": 90.0}, "sites": [{"label": "Si", "xyz": [0.0, 4.022235265826108, 9.86549666740564], "abc": [-0.0, 0.85831581, 0.43297577], "species": [{"occu": 1, "element": "Si"}], "properties": {"magmom": 0.0}}, {"label": "Si", "xyz": [1.690084885, 1.6791377608261082, 12.41894537923836], "abc": [0.5, 0.35831581, 0.54504123], "species": [{"occu": 1, "element": "Si"}], "properties": {"magmom": 0.0}}, {"label": "S", "xyz": [1.690084885, 2.477531271628921, 10.2000202027236], "abc": [0.5, 0.52868719, 0.4476573], "species": [{"occu": 1, "element": "S"}], "properties": {"magmom": 0.0}}, {"label": "S", "xyz": [0.0, 0.134433766628921, 12.0844218439204], "abc": [0.0, 0.02868719, 0.5303597], "species": [{"occu": 1, "element": "S"}], "properties": {"magmom": 0.0}}], "@class": "Structure", "@module": "pymatgen.core.structure"}