{"lattice": {"a": 3.29271526, "c": 22.665532, "b": 3.292715318379913, "matrix": [[3.29271526, -0.0, 0.0], [-1.64635763, 2.85157513, -0.0], [0.0, 0.0, 22.665532]], "volume": 212.81631156581136, "beta": 90.0, "alpha": 90.0, "gamma": 119.99999941349564}, "sites": [{"label": "V", "xyz": [0.0, 0.0, 0.0], "abc": [0.0, 0.0, -0.0], "species": [{"occu": 1, "element": "V"}], "properties": {"magmom": 2.762}}, {"label": "F", "xyz": [-1.6463576299437528e-06, 1.90105103719171, 21.704637197004722], "abc": [0.333333, 0.666667, 0.95760546], "species": [{"occu": 1, "element": "F"}], "properties": {"magmom": 0.009000000000000001}}, {"label": "F", "xyz": [1.64635927635763, 0.95052409280829, 0.96089480299528], "abc": [0.666667, 0.333333, 0.04239454], "species": [{"occu": 1, "element": "F"}], "properties": {"magmom": 0.009000000000000001}}], "@class": "Structure", "@module": "pymatgen.core.structure"}