{"lattice": {"a": 3.367694, "c": 22.7332, "b": 3.367693518340556, "matrix": [[3.367694, 0.0, 0.0], [-1.683847, 2.916508, 0.0], [0.0, 0.0, 22.7332]], "volume": 223.2833646764831, "beta": 90.0, "alpha": 90.0, "gamma": 120.00000473118067}, "sites": [{"label": "Co", "xyz": [0.0, 0.0, 0.0], "abc": [0.0, 0.0, 0.0], "species": [{"occu": 1, "element": "Co"}], "properties": {"magmom": 0.001}}, {"label": "Se", "xyz": [1.6838486838470001, 0.972168361164, 1.3761997284], "abc": [0.666667, 0.333333, 0.060537], "species": [{"occu": 1, "element": "Se"}], "properties": {"magmom": 0.0}}, {"label": "Se", "xyz": [-1.683846999979291e-06, 1.944339638836, 21.3570002716], "abc": [0.333333, 0.666667, 0.9394629999999999], "species": [{"occu": 1, "element": "Se"}], "properties": {"magmom": 0.0}}], "@class": "Structure", "@module": "pymatgen.core.structure"}