{"lattice": {"a": 4.35224866, "c": 23.838, "b": 4.352249654736146, "matrix": [[4.35224866, -2e-08, -0.0], [-2.17612487, 3.76915874, 0.0], [0.0, -0.0, 23.838]], "volume": 391.0460855700959, "beta": 90.0, "alpha": 90.0, "gamma": 120.00000091134972}, "sites": [{"label": "Sn", "xyz": [0.0, 0.0, 0.0], "abc": [0.0, 0.0, -0.0], "species": [{"occu": 1, "element": "Sn"}], "properties": {"magmom": -0.0}}, {"label": "I", "xyz": [2.176126326124509, 1.256384976947079, 2.04261481092], "abc": [0.666667, 0.333333, 0.08568734], "species": [{"occu": 1, "element": "I"}], "properties": {"magmom": 0.0}}, {"label": "I", "xyz": [2.176126326124509, 1.256384976947079, 21.79538518908], "abc": [0.666667, 0.333333, 0.91431266], "species": [{"occu": 1, "element": "I"}], "properties": {"magmom": 0.0}}], "@class": "Structure", "@module": "pymatgen.core.structure"}