{"lattice": {"a": 3.52514366, "c": 23.55564256, "b": 3.5251433826772223, "matrix": [[3.52514366, -0.0, 0.0], [-1.76257133, 3.05286393, 0.0], [0.0, 0.0, 23.55564256]], "volume": 253.5007355084344, "beta": 90.0, "alpha": 90.0, "gamma": 119.9999932184406}, "sites": [{"label": "Mo", "xyz": [1.7625737592383302, 1.01762029237869, 11.77782128], "abc": [0.666667, 0.333333, 0.5], "species": [{"occu": 1, "element": "Mo"}], "properties": {"magmom": 0.267}}, {"label": "O", "xyz": [1.7625737592383302, 1.01762029237869, 9.992033390731837], "abc": [0.666667, 0.333333, 0.42418853], "species": [{"occu": 1, "element": "O"}], "properties": {"magmom": 0.221}}, {"label": "O", "xyz": [1.7625737592383302, 1.01762029237869, 13.563609169268162], "abc": [0.666667, 0.333333, 0.57581147], "species": [{"occu": 1, "element": "O"}], "properties": {"magmom": 0.221}}, {"label": "O", "xyz": [0.0, 0.0, 11.77782128], "abc": [0.0, 0.0, 0.5], "species": [{"occu": 1, "element": "O"}], "properties": {"magmom": -0.026000000000000002}}], "@class": "Structure", "@module": "pymatgen.core.structure"}