{"lattice": {"a": 3.15022179, "c": 22.883476, "b": 3.15022179, "matrix": [[3.15022179, 0.0, 0.0], [0.0, 3.15022179, 0.0], [0.0, 0.0, 22.883476]], "volume": 227.0932662903514, "beta": 90.0, "alpha": 90.0, "gamma": 90.0}, "sites": [{"label": "Mg", "xyz": [1.575110895, 1.575110895, 9.99406958236764], "abc": [0.5, 0.5, 0.43673739], "species": [{"occu": 1, "element": "Mg"}], "properties": {"magmom": -0.0}}, {"label": "Mg", "xyz": [1.575110895, 1.575110895, 12.889406417632362], "abc": [0.5, 0.5, 0.56326261], "species": [{"occu": 1, "element": "Mg"}], "properties": {"magmom": -0.0}}, {"label": "Rh", "xyz": [0.0, 0.0, 11.441738], "abc": [-0.0, -0.0, 0.5], "species": [{"occu": 1, "element": "Rh"}], "properties": {"magmom": -0.0}}], "@class": "Structure", "@module": "pymatgen.core.structure"}