{"lattice": {"a": 4.02620012, "c": 23.081241, "b": 4.02620012, "matrix": [[4.02620012, 0.0, 0.0], [0.0, 4.02620012, 0.0], [0.0, 0.0, 23.081241]], "volume": 374.1535503037986, "beta": 90.0, "alpha": 90.0, "gamma": 90.0}, "sites": [{"label": "Ag", "xyz": [0.0, 0.0, 0.0], "abc": [0.0, 0.0, 0.0], "species": [{"occu": 1, "element": "Ag"}], "properties": {"magmom": -0.0}}, {"label": "Ag", "xyz": [2.01310006, 2.01310006, 0.0], "abc": [0.5, 0.5, 0.0], "species": [{"occu": 1, "element": "Ag"}], "properties": {"magmom": 0.0}}, {"label": "Te", "xyz": [0.0, 2.01310006, 2.04041771113596], "abc": [0.0, 0.5, 0.08840156], "species": [{"occu": 1, "element": "Te"}], "properties": {"magmom": -0.0}}, {"label": "Te", "xyz": [2.01310006, 0.0, 21.04082328886404], "abc": [0.5, 0.0, 0.91159844], "species": [{"occu": 1, "element": "Te"}], "properties": {"magmom": 0.0}}], "@class": "Structure", "@module": "pymatgen.core.structure"}