{"lattice": {"a": 2.84317554889103, "c": 22.780419, "b": 2.8431761519978203, "matrix": [[2.84317554, -0.00022485000000000002, 0.0], [-1.4208215499999999, 2.46270517, 0.0], [0.0, 0.0, 22.780419]], "volume": 159.49900875152443, "beta": 90.0, "alpha": 90.0, "gamma": 119.98669606268382}, "sites": [{"label": "B", "xyz": [1.422120052211043, 0.820591897077368, 11.3902095], "abc": [0.6667316, 0.33326839999999996, 0.5], "species": [{"occu": 1, "element": "B"}], "properties": {"magmom": 0.0}}, {"label": "Pd", "xyz": [0.000314100934247, 1.641842119838256, 9.94618972095984], "abc": [0.3332872, 0.6667128, 0.43661136], "species": [{"occu": 1, "element": "Pd"}], "properties": {"magmom": -0.0}}, {"label": "Pd", "xyz": [0.000314100934247, 1.641842119838256, 12.834229279040159], "abc": [0.3332872, 0.6667128, 0.56338864], "species": [{"occu": 1, "element": "Pd"}], "properties": {"magmom": -0.0}}], "@class": "Structure", "@module": "pymatgen.core.structure"}