{"lattice": {"a": 3.201144, "c": 23.814717, "b": 3.201145344225719, "matrix": [[3.201144, 0.0, 0.0], [-1.600573, 2.772273, 0.0], [0.0, 0.0, 23.814717]], "volume": 211.34239811967262, "beta": 90.0, "alpha": 90.0, "gamma": 120.00000677658682}, "sites": [{"label": "Au", "xyz": [0.0, 0.0, 6.661833674712], "abc": [0.0, 0.0, 0.279736], "species": [{"occu": 1, "element": "Au"}], "properties": {"magmom": 0.161}}, {"label": "Au", "xyz": [-2.2672389999931163e-06, 1.8481829240910002, 4.6114579851630015], "abc": [0.333333, 0.666667, 0.19363899999999998], "species": [{"occu": 1, "element": "Au"}], "properties": {"magmom": 0.161}}, {"label": "F", "xyz": [-2.2672389999931163e-06, 1.8481829240910002, 8.104076750949002], "abc": [0.333333, 0.666667, 0.34029699999999996], "species": [{"occu": 1, "element": "F"}], "properties": {"magmom": 0.077}}, {"label": "F", "xyz": [0.0, 0.0, 3.170405644776], "abc": [0.0, 0.0, 0.133128], "species": [{"occu": 1, "element": "F"}], "properties": {"magmom": 0.077}}], "@class": "Structure", "@module": "pymatgen.core.structure"}