{"lattice": {"a": 5.930819689091977, "c": 20.0, "b": 5.9308194291754575, "matrix": [[5.76354011, 1.39865206, 0.0], [-1.39110527, 5.76536601, 0.0], [0.0, 0.0, 20.0]], "volume": 703.4918099805604, "beta": 90.0, "alpha": 90.0, "gamma": 89.92498930130759}, "sites": [{"label": "Ba", "xyz": [0.40822365126158006, 4.66717675200055, 10.0], "abc": [0.25149099999999996, 0.748509, 0.5], "species": [{"occu": 1, "element": "Ba"}], "properties": {"magmom": 0.0}}, {"label": "Ba", "xyz": [3.9642111887384193, 2.4968413179994497, 10.0], "abc": [0.748509, 0.25149099999999996, 0.5], "species": [{"occu": 1, "element": "Ba"}], "properties": {"magmom": 0.0}}], "@class": "Structure", "@module": "pymatgen.core.structure"}