{"lattice": {"a": 3.06085367, "c": 21.943227, "b": 3.060853636767503, "matrix": [[3.06085367, 0.0, 0.0], [-1.5304268300000001, 2.6507769999999997, -0.0], [0.0, 0.0, 21.943227]], "volume": 178.03945548102882, "beta": 90.0, "alpha": 90.0, "gamma": 120.00000025108186}, "sites": [{"label": "Ru", "xyz": [0.0, 0.0, 14.465852967480002], "abc": [0.0, -0.0, 0.65924], "species": [{"occu": 1, "element": "Ru"}], "properties": {"magmom": 1.083}}, {"label": "O", "xyz": [-1.5270934998389639e-06, 1.7671855502590001, 15.45543786654477], "abc": [0.333333, 0.666667, 0.70433751], "species": [{"occu": 1, "element": "O"}], "properties": {"magmom": 0.127}}, {"label": "O", "xyz": [1.5304283670935002, 0.883591449741, 13.47629001164223], "abc": [0.666667, 0.333333, 0.61414349], "species": [{"occu": 1, "element": "O"}], "properties": {"magmom": 0.127}}], "@class": "Structure", "@module": "pymatgen.core.structure"}