{"lattice": {"a": 3.98484277, "c": 23.555608, "b": 3.984843144690355, "matrix": [[3.98484277, -0.0, 0.0], [-1.9924218900000001, 3.45097521, 0.0], [0.0, 0.0, 23.555608]], "volume": 323.9271485706606, "beta": 90.0, "alpha": 90.0, "gamma": 120.00000527395274}, "sites": [{"label": "Hf", "xyz": [0.0, 0.0, 11.777804], "abc": [-0.0, 0.0, 0.5], "species": [{"occu": 1, "element": "Hf"}], "properties": {"magmom": 0.0}}, {"label": "Te", "xyz": [-2.329088219963866e-06, 2.30065129032507, 10.0207770659152], "abc": [0.333333, 0.666667, 0.4254094], "species": [{"occu": 1, "element": "Te"}], "properties": {"magmom": -0.0}}, {"label": "Te", "xyz": [1.9924232090882201, 1.15032391967493, 13.534830934084798], "abc": [0.666667, 0.333333, 0.5745906], "species": [{"occu": 1, "element": "Te"}], "properties": {"magmom": -0.0}}], "@class": "Structure", "@module": "pymatgen.core.structure"}