{"lattice": {"a": 3.921704651129429, "c": 23.293072, "b": 3.921704697840868, "matrix": [[3.92170465, -9.412000000000001e-05, 0.0], [-0.00067355, 3.9217046399999997, 0.0], [0.0, 0.0, 23.293072]], "volume": 358.24202611225536, "beta": 90.0, "alpha": 90.0, "gamma": 90.01121559492674}, "sites": [{"label": "Sm", "xyz": [0.9799209999999999, 2.9412549500000003, 12.83661119291936], "abc": [0.25, 0.75, 0.55109138], "species": [{"occu": 1, "element": "Sm"}], "properties": {"magmom": -0.0}}, {"label": "Sm", "xyz": [2.9411101, 0.9803555700000001, 10.456460807080639], "abc": [0.75, 0.25, 0.44890862000000004], "species": [{"occu": 1, "element": "Sm"}], "properties": {"magmom": -0.0}}, {"label": "S", "xyz": [0.9799209999999999, 2.9412549500000003, 9.999775206933599], "abc": [0.25, 0.75, 0.42930255], "species": [{"occu": 1, "element": "S"}], "properties": {"magmom": 0.0}}, {"label": "S", "xyz": [2.9411101, 0.9803555700000001, 13.2932967930664], "abc": [0.75, 0.25, 0.57069745], "species": [{"occu": 1, "element": "S"}], "properties": {"magmom": 0.0}}], "@class": "Structure", "@module": "pymatgen.core.structure"}