{"lattice": {"a": 4.14180853, "c": 23.72770304, "b": 4.14180853, "matrix": [[4.14180853, 0.0, 0.0], [0.0, 4.14180853, -0.0], [-0.0, -0.0, 23.72770304]], "volume": 407.0387301683081, "beta": 90.0, "alpha": 90.0, "gamma": 90.0}, "sites": [{"label": "Ba", "xyz": [2.070904265, 2.070904265, 13.822660249345127], "abc": [0.5, 0.5, 0.58255366], "species": [{"occu": 1, "element": "Ba"}], "properties": {"magmom": 0.0}}, {"label": "Ba", "xyz": [2.070904265, 2.070904265, 9.905042790654875], "abc": [0.5, 0.5, 0.41744634], "species": [{"occu": 1, "element": "Ba"}], "properties": {"magmom": 0.0}}, {"label": "Hg", "xyz": [0.0, 0.0, 11.86385152], "abc": [0.0, 0.0, 0.5], "species": [{"occu": 1, "element": "Hg"}], "properties": {"magmom": -0.0}}], "@class": "Structure", "@module": "pymatgen.core.structure"}