{"lattice": {"a": 3.02361717, "c": 25.028891, "b": 3.023616592943731, "matrix": [[3.02361717, -0.0, 0.0], [-1.5118080900000002, 2.6185289, 0.0], [0.0, 0.0, 25.028891]], "volume": 198.1644659940989, "beta": 90.0, "alpha": 90.0, "gamma": 119.99999548220882}, "sites": [{"label": "Mg", "xyz": [0.0, 0.0, 10.002792784105262], "abc": [-0.0, -0.0, 0.39964986], "species": [{"occu": 1, "element": "Mg"}], "properties": {"magmom": 0.034}}, {"label": "Mg", "xyz": [0.0, 0.0, 15.02609821589474], "abc": [-0.0, -0.0, 0.60035014], "species": [{"occu": 1, "element": "Mg"}], "properties": {"magmom": 0.034}}, {"label": "Ti", "xyz": [-1.181808420012548e-06, 1.7456868061763, 12.5144455], "abc": [0.333333, 0.666667, 0.5], "species": [{"occu": 1, "element": "Ti"}], "properties": {"magmom": 0.9450000000000001}}], "@class": "Structure", "@module": "pymatgen.core.structure"}