{"lattice": {"a": 3.87822016, "c": 25.052688, "b": 3.87821949043018, "matrix": [[3.87822016, 0.0, -0.0], [-1.93910907, 3.35863699, 0.0], [-0.0, 0.0, 25.052688]], "volume": 326.32463143727455, "beta": 90.0, "alpha": 90.0, "gamma": 119.99998848134608}, "sites": [{"label": "Ge", "xyz": [0.0, 0.0, 0.0], "abc": [0.0, 0.0, -0.0], "species": [{"occu": 1, "element": "Ge"}], "properties": {"magmom": 0.0}}, {"label": "Te", "xyz": [1.93911235577641, 1.119544543787669, 1.73868786306], "abc": [0.666667, 0.333333, 0.06940125], "species": [{"occu": 1, "element": "Te"}], "properties": {"magmom": 0.0}}, {"label": "Te", "xyz": [-1.265776409933592e-06, 2.23909244621233, 23.31400013694], "abc": [0.333333, 0.666667, 0.93059875], "species": [{"occu": 1, "element": "Te"}], "properties": {"magmom": 0.0}}], "@class": "Structure", "@module": "pymatgen.core.structure"}