{"lattice": {"a": 4.38102342, "c": 20.0, "b": 4.381538934939108, "matrix": [[4.38102342, 0.0, 0.0], [-2.19051171, 3.79467283, 0.0], [0.0, 0.0, 20.0]], "volume": 332.4910107893536, "beta": 90.0, "alpha": 90.0, "gamma": 119.99610804267719}, "sites": [{"label": "Sb", "xyz": [2.190513878606592, 1.263265748204791, 8.946760000000001], "abc": [0.6664530200000001, 0.33290505, 0.44733799999999996], "species": [{"occu": 1, "element": "Sb"}], "properties": {"magmom": 0.0}}, {"label": "Pd", "xyz": [2.190511731274309e-08, 2.531426055159358, 8.946760000000001], "abc": [0.33354998, 0.66709995, 0.44733799999999996], "species": [{"occu": 1, "element": "Pd"}], "properties": {"magmom": 0.0}}], "@class": "Structure", "@module": "pymatgen.core.structure"}