{"lattice": {"a": 3.49163097, "c": 23.529845, "b": 3.491630646498595, "matrix": [[3.49163097, 0.0, 0.0], [-1.74581548, 3.02384075, 0.0], [0.0, 0.0, 23.529845]], "volume": 248.43130382887844, "beta": 90.0, "alpha": 90.0, "gamma": 120.0000029701146}, "sites": [{"label": "Be", "xyz": [0.0, 0.0, 0.0], "abc": [0.0, 0.0, 0.0], "species": [{"occu": 1, "element": "Be"}], "properties": {"magmom": -0.0}}, {"label": "Br", "xyz": [1.7458172324821501, 1.00794590871975, 1.3682298979515], "abc": [0.666667, 0.333333, 0.0581487], "species": [{"occu": 1, "element": "Br"}], "properties": {"magmom": 0.0}}, {"label": "Br", "xyz": [-1.7424821500808619e-06, 2.01589484128025, 22.1616151020485], "abc": [0.333333, 0.666667, 0.9418513], "species": [{"occu": 1, "element": "Br"}], "properties": {"magmom": 0.0}}], "@class": "Structure", "@module": "pymatgen.core.structure"}