{"lattice": {"a": 3.711567, "c": 22.234055474112903, "b": 3.801878309549899, "matrix": [[3.711567, 0.0, 0.0], [0.0, 3.800799, -0.090585], [0.0, 0.010489, 22.234053]], "volume": 313.6575366355093, "beta": 90.0, "alpha": 91.33825075144149, "gamma": 90.0}, "sites": [{"label": "W", "xyz": [1.8557834999999998, 1.024085467623999, 9.382125979271999], "abc": [0.5, 0.268272, 0.423064], "species": [{"occu": 1, "element": "W"}], "properties": {"magmom": 0.0}}, {"label": "O", "xyz": [1.8557834999999998, 2.9344755314079993, 9.703528074875999], "abc": [0.5, 0.770855, 0.439567], "species": [{"occu": 1, "element": "O"}], "properties": {"magmom": -0.0}}, {"label": "O", "xyz": [0.0, 1.039928384449, 9.940185146505], "abc": [0.0, 0.272371, 0.44818], "species": [{"occu": 1, "element": "O"}], "properties": {"magmom": -0.0}}, {"label": "O", "xyz": [1.8557834999999998, 0.9814292173070001, 7.6592281642349995], "abc": [0.5, 0.25726299999999996, 0.34553], "species": [{"occu": 1, "element": "O"}], "properties": {"magmom": -0.0}}], "@class": "Structure", "@module": "pymatgen.core.structure"}