{"lattice": {"a": 3.7235989011356763, "c": 23.904224, "b": 3.723599019937351, "matrix": [[3.72346254, 0.03186675, 0.0], [-0.08529598000000001, 3.72262196, 0.0], [0.0, 0.0, 23.904224]], "volume": 331.4024609597365, "beta": 90.0, "alpha": 90.0, "gamma": 90.8222352934942}, "sites": [{"label": "Cu", "xyz": [0.0, 0.0, 13.297393918272], "abc": [0.0, 0.0, 0.5562779999999999], "species": [{"occu": 1, "element": "Cu"}], "properties": {"magmom": 0.0}}, {"label": "Cu", "xyz": [1.8190832799999992, 1.8772443550000002, 13.297393918272], "abc": [0.5, 0.5, 0.5562779999999999], "species": [{"occu": 1, "element": "Cu"}], "properties": {"magmom": 0.0}}, {"label": "F", "xyz": [0.8668936500000001, 2.7999331575, 11.9815070242528], "abc": [0.25, 0.75, 0.5012297], "species": [{"occu": 1, "element": "F"}], "properties": {"magmom": 0.0}}, {"label": "F", "xyz": [2.77127291, 0.9545555525, 14.6133047165152], "abc": [0.75, 0.25, 0.6113273], "species": [{"occu": 1, "element": "F"}], "properties": {"magmom": 0.0}}], "@class": "Structure", "@module": "pymatgen.core.structure"}