{"lattice": {"a": 4.081315, "c": 23.210158, "b": 4.081315, "matrix": [[4.081315, 0.0, 0.0], [0.0, 4.081315, 0.0], [0.0, 0.0, 23.210158]], "volume": 386.6146685461887, "beta": 90.0, "alpha": 90.0, "gamma": 90.0}, "sites": [{"label": "Ce", "xyz": [0.0, 2.0406575, 11.819099866918], "abc": [0.0, 0.5, 0.5092209999999999], "species": [{"occu": 1, "element": "Ce"}], "properties": {"magmom": 0.718}}, {"label": "Ce", "xyz": [2.0406575, 0.0, 9.386860989781999], "abc": [0.5, 0.0, 0.404429], "species": [{"occu": 1, "element": "Ce"}], "properties": {"magmom": 0.745}}, {"label": "Se", "xyz": [2.0406575, 0.0, 12.36381906502], "abc": [0.5, 0.0, 0.53269], "species": [{"occu": 1, "element": "Se"}], "properties": {"magmom": -0.018000000000000002}}, {"label": "Se", "xyz": [0.0, 2.0406575, 8.84214179168], "abc": [0.0, 0.5, 0.38096], "species": [{"occu": 1, "element": "Se"}], "properties": {"magmom": -0.017}}], "@class": "Structure", "@module": "pymatgen.core.structure"}