{"lattice": {"a": 5.6225539399999995, "c": 20.0, "b": 5.6225538358843625, "matrix": [[5.6225539399999995, -3.0000000000000004e-08, -0.0], [-2.8112765299999998, 4.86927468, 0.0], [-0.0, 0.0, 20.0]], "volume": 547.5551890527589, "beta": 90.0, "alpha": 90.0, "gamma": 119.99999574087242}, "sites": [{"label": "Cd", "xyz": [1.405420015775913, 2.43476358529323, 6.237019999999999], "abc": [0.49997407, 0.5000259300000001, 0.311851], "species": [{"occu": 1, "element": "Cd"}], "properties": {"magmom": -0.0}}, {"label": "Cd", "xyz": [-1.405413953199154, 2.434763600290866, 6.237019999999999], "abc": [5.286e-05, 0.5000259300000001, 0.311851], "species": [{"occu": 1, "element": "Cd"}], "properties": {"magmom": -0.0}}, {"label": "Cd", "xyz": [3.2512537115756677e-06, 4.869017275141193, 6.237019999999999], "abc": [0.49997407, 0.9999471400000001, 0.311851], "species": [{"occu": 1, "element": "Cd"}], "properties": {"magmom": -0.0}}, {"label": "Cu", "xyz": [0.0, 0.0, 6.237019999999999], "abc": [-0.0, -0.0, 0.311851], "species": [{"occu": 1, "element": "Cu"}], "properties": {"magmom": 0.0}}], "@class": "Structure", "@module": "pymatgen.core.structure"}