{"lattice": {"a": 2.77214649, "c": 20.0, "b": 4.921159, "matrix": [[2.77214649, 0.0, 0.0], [0.0, 4.921159, 0.0], [0.0, 0.0, 20.0]], "volume": 272.8434729716382, "beta": 90.0, "alpha": 90.0, "gamma": 90.0}, "sites": [{"label": "Pt", "xyz": [1.386073245, 2.4605795, 10.0], "abc": [0.5, 0.5, 0.5], "species": [{"occu": 1, "element": "Pt"}], "properties": {"magmom": -0.0}}, {"label": "N", "xyz": [1.386073245, 0.57292236422339, 10.0], "abc": [0.5, 0.11642021, 0.5], "species": [{"occu": 1, "element": "N"}], "properties": {"magmom": 0.0}}, {"label": "N", "xyz": [1.386073245, 4.34823663577661, 10.0], "abc": [0.5, 0.88357979, 0.5], "species": [{"occu": 1, "element": "N"}], "properties": {"magmom": 0.0}}], "@class": "Structure", "@module": "pymatgen.core.structure"}