{"lattice": {"a": 3.19866887, "c": 22.70130772, "b": 3.19866964602278, "matrix": [[3.19866887, -0.0, 0.0], [1.59933493, 2.77012911, 0.0], [0.0, 0.0, 22.70130772]], "volume": 201.15006187413604, "beta": 90.0, "alpha": 90.0, "gamma": 59.9999977871083}, "sites": [{"label": "Fe", "xyz": [0.0, 0.0, 11.35065386], "abc": [0.0, -0.0, 0.5], "species": [{"occu": 1, "element": "Fe"}], "properties": {"magmom": 1.651}}, {"label": "S", "xyz": [3.1986707993346, 1.84675366337637, 12.688270983092467], "abc": [0.666667, 0.666667, 0.5589224700000001], "species": [{"occu": 1, "element": "S"}], "properties": {"magmom": 0.047}}, {"label": "S", "xyz": [1.599333000665399, 0.92337544662363, 10.013036736907532], "abc": [0.333333, 0.333333, 0.44107753], "species": [{"occu": 1, "element": "S"}], "properties": {"magmom": 0.047}}], "@class": "Structure", "@module": "pymatgen.core.structure"}