{"lattice": {"a": 3.51289608, "c": 22.716782, "b": 3.512896533680605, "matrix": [[3.51289608, 0.0, 0.0], [1.75644804, 3.04225777, 0.0], [0.0, 0.0, 22.716782]], "volume": 242.7773249632156, "beta": 90.0, "alpha": 90.0, "gamma": 60.000004272153525}, "sites": [{"label": "Tb", "xyz": [3.51289783644804, 2.02817286075259, 9.9783839761903], "abc": [0.666667, 0.666667, 0.43925165], "species": [{"occu": 1, "element": "Tb"}], "properties": {"magmom": -0.003}}, {"label": "Tb", "xyz": [1.75644628355196, 1.01408490924741, 12.7383980238097], "abc": [0.333333, 0.333333, 0.56074835], "species": [{"occu": 1, "element": "Tb"}], "properties": {"magmom": -0.003}}, {"label": "C", "xyz": [0.0, 0.0, 11.358391], "abc": [0.0, 0.0, 0.5], "species": [{"occu": 1, "element": "C"}], "properties": {"magmom": 0.001}}], "@class": "Structure", "@module": "pymatgen.core.structure"}