{"lattice": {"a": 3.629022285883151, "c": 22.656792, "b": 3.629022203481087, "matrix": [[3.62902227, 0.00033953, 0.0], [1.81395985, 3.14314362, 0.0], [0.0, 0.0, 22.656792]], "volume": 258.4216091419308, "beta": 90.0, "alpha": 90.0, "gamma": 60.004688601713}, "sites": [{"label": "Co", "xyz": [0.0, 0.0, 11.328396], "abc": [-0.0, -0.0, 0.5], "species": [{"occu": 1, "element": "Co"}], "properties": {"magmom": -0.0}}, {"label": "Te", "xyz": [3.628531209115816, 2.095584086744105, 12.8025329833296], "abc": [0.66664397, 0.66664397, 0.5650638], "species": [{"occu": 1, "element": "Te"}], "properties": {"magmom": -0.0}}, {"label": "Te", "xyz": [1.814450910884183, 1.047899063255894, 9.854259016670401], "abc": [0.33335603, 0.33335603, 0.4349362], "species": [{"occu": 1, "element": "Te"}], "properties": {"magmom": -0.0}}], "@class": "Structure", "@module": "pymatgen.core.structure"}