{"lattice": {"a": 2.9835542848548773, "c": 24.82743700000001, "b": 2.983628035744176, "matrix": [[2.98355412, 0.00099182, -8e-08], [-1.49091811, 2.58441472, 5e-08], [-6.4e-07, 8e-08, 24.827437]], "volume": 191.47465389712065, "beta": 90.00000301321465, "alpha": 89.99999814187218, "gamma": 119.96108919685005}, "sites": [{"label": "V", "xyz": [1.492635895362243, 2.585406450928999, 4.445794741502969], "abc": [0.99999998, 0.99999996, 0.17906781], "species": [{"occu": 1, "element": "V"}], "properties": {"magmom": 1.909}}, {"label": "Se", "xyz": [1.4926358686307641, 2.585406494752711, 2.011233151940132], "abc": [0.99999996, 0.99999998, 0.08100849], "species": [{"occu": 1, "element": "Se"}], "properties": {"magmom": 0.03}}, {"label": "Se", "xyz": [-8.782532740000002e-08, 1.772973283999999e-07, 6.881214645562898], "abc": [6.000000000000001e-08, 6.000000000000001e-08, 0.2771617], "species": [{"occu": 1, "element": "Se"}], "properties": {"magmom": 0.03}}], "@class": "Structure", "@module": "pymatgen.core.structure"}