{"lattice": {"a": 4.10198727, "c": 23.835633, "b": 4.101987576545304, "matrix": [[4.10198727, 0.0, 0.0], [-2.05099413, 3.5524252499999998, 0.0], [0.0, 0.0, 23.835633]], "volume": 347.3329192327677, "beta": 90.0, "alpha": 90.0, "gamma": 120.0000055115964}, "sites": [{"label": "La", "xyz": [2.0509955209938, 1.18414056585825, 11.9178165], "abc": [0.666667, 0.333333, 0.5], "species": [{"occu": 1, "element": "La"}], "properties": {"magmom": 0.402}}, {"label": "Br", "xyz": [-2.3809937997423018e-06, 2.36828468414175, 13.835238958304492], "abc": [0.333333, 0.666667, 0.58044353], "species": [{"occu": 1, "element": "Br"}], "properties": {"magmom": 0.009000000000000001}}, {"label": "Br", "xyz": [-2.3809937997423018e-06, 2.36828468414175, 10.000394041695511], "abc": [0.333333, 0.666667, 0.41955647], "species": [{"occu": 1, "element": "Br"}], "properties": {"magmom": 0.009000000000000001}}], "@class": "Structure", "@module": "pymatgen.core.structure"}