{"lattice": {"a": 5.018379, "c": 22.957399, "b": 4.989447, "matrix": [[5.018379, 0.0, 0.0], [0.0, 4.989447, 0.0], [0.0, 0.0, 22.957399]], "volume": 574.8288453529858, "beta": 90.0, "alpha": 90.0, "gamma": 90.0}, "sites": [{"label": "Mg", "xyz": [2.5091894999999997, 0.0, 10.237989828444], "abc": [0.5, 0.0, 0.44595599999999996], "species": [{"occu": 1, "element": "Mg"}], "properties": {"magmom": -0.0}}, {"label": "Mg", "xyz": [0.0, 2.4947235, 7.482665757862999], "abc": [0.0, 0.5, 0.325937], "species": [{"occu": 1, "element": "Mg"}], "properties": {"magmom": -0.0}}, {"label": "Bi", "xyz": [0.0, 0.0, 8.887474917471], "abc": [0.0, 0.0, 0.387129], "species": [{"occu": 1, "element": "Bi"}], "properties": {"magmom": -0.0}}], "@class": "Structure", "@module": "pymatgen.core.structure"}