{"lattice": {"a": 4.265376000040911, "c": 20.000000000275627, "b": 4.265378255751534, "matrix": [[4.265376, 4.9999999999999996e-06, -1.8e-05], [-2.132689, 3.693926, 2.1000000000000002e-05], [-8.400000000000001e-05, 6.3e-05, 20.0]], "volume": 315.11987938361017, "beta": 90.00048243177359, "alpha": 89.99944128927804, "gamma": 119.99993085381477}, "sites": [{"label": "In", "xyz": [-3.517295500024722e-05, 2.462644511507, 7.708008000013001], "abc": [0.333333, 0.666667, 0.3854], "species": [{"occu": 1, "element": "In"}], "properties": {"magmom": -0.0}}, {"label": "P", "xyz": [-3.2367384e-05, 2.4275538000000002e-05, 7.70652], "abc": [0.0, 0.0, 0.385326], "species": [{"occu": 1, "element": "P"}], "properties": {"magmom": -0.0}}], "@class": "Structure", "@module": "pymatgen.core.structure"}