{"lattice": {"a": 2.802033100259255, "c": 20.0, "b": 2.8020332115184603, "matrix": [[2.72694757, 0.64431859, 0.0], [-0.64369161, 2.72709575, 0.0], [0.0, 0.0, 20.0]], "volume": 157.02779198339715, "beta": 90.0, "alpha": 90.0, "gamma": 89.98682637056662}, "sites": [{"label": "Be", "xyz": [1.884352154208338, 1.164973098956244, 10.0], "abc": [0.7500190999999999, 0.24998089999999998, 0.5], "species": [{"occu": 1, "element": "Be"}], "properties": {"magmom": 0.0}}, {"label": "Be", "xyz": [0.198903805791662, 2.206441241043756, 10.0], "abc": [0.24998089999999998, 0.7500190999999999, 0.5], "species": [{"occu": 1, "element": "Be"}], "properties": {"magmom": 0.0}}], "@class": "Structure", "@module": "pymatgen.core.structure"}