{"lattice": {"a": 6.210858, "c": 20.0, "b": 6.2108573008596, "matrix": [[6.210858, 0.0, 0.0], [-3.105429, 5.37876, 0.0], [0.0, 0.0, 20.0]], "volume": 668.1342915216, "beta": 90.0, "alpha": 90.0, "gamma": 120.00000372370151}, "sites": [{"label": "Mo", "xyz": [-3.1054290001444095e-06, 3.5858417929199993, 4.84002], "abc": [0.333333, 0.666667, 0.242001], "species": [{"occu": 1, "element": "Mo"}], "properties": {"magmom": 2.829}}, {"label": "Pb", "xyz": [1.554217527636, 0.8973277732799999, 4.84002], "abc": [0.333656, 0.166828, 0.242001], "species": [{"occu": 1, "element": "Pb"}], "properties": {"magmom": -0.01}}, {"label": "Pb", "xyz": [4.656640472364001, 0.8973277732799999, 4.84002], "abc": [0.8331719999999999, 0.166828, 0.242001], "species": [{"occu": 1, "element": "Pb"}], "properties": {"magmom": -0.011}}, {"label": "Pb", "xyz": [3.105429, 3.58410445344, 4.84002], "abc": [0.8331719999999999, 0.6663439999999999, 0.242001], "species": [{"occu": 1, "element": "Pb"}], "properties": {"magmom": -0.01}}], "@class": "Structure", "@module": "pymatgen.core.structure"}