{"lattice": {"a": 4.470391401165723, "c": 20.274504, "b": 4.470391495304667, "matrix": [[4.47035353, -0.01840099, 0.0], [-2.24458519, 3.8660364, 0.0], [0.0, 0.0, 20.274504]], "volume": 349.55772879732, "beta": 90.0, "alpha": 90.0, "gamma": 120.37489752491851}, "sites": [{"label": "Zn", "xyz": [-0.000994699629478, 2.568170976048121, 10.235315720947199], "abc": [0.33411928, 0.66588072, 0.5048368], "species": [{"occu": 1, "element": "Zn"}], "properties": {"magmom": 0.016}}, {"label": "Sb", "xyz": [2.226165410083398, 1.279810148879589, 10.039188279052802], "abc": [0.66579172, 0.33420828, 0.49516319999999997], "species": [{"occu": 1, "element": "Sb"}], "properties": {"magmom": 0.194}}], "@class": "Structure", "@module": "pymatgen.core.structure"}