{"lattice": {"a": 3.755567, "c": 23.440981, "b": 3.755566379674975, "matrix": [[3.755567, 0.0, 0.0], [-1.877783, 3.252416, 0.0], [0.0, 0.0, 23.440981]], "volume": 286.32375831254177, "beta": 90.0, "alpha": 90.0, "gamma": 119.9999966557516}, "sites": [{"label": "Ti", "xyz": [-1.5444499999888038e-06, 2.168278417472, 20.717326535648002], "abc": [0.333333, 0.666667, 0.8838079999999999], "species": [{"occu": 1, "element": "Ti"}], "properties": {"magmom": -0.0}}, {"label": "I", "xyz": [1.87778554445, 1.084137582528, 18.902010085046], "abc": [0.666667, 0.333333, 0.8063659999999999], "species": [{"occu": 1, "element": "I"}], "properties": {"magmom": -0.0}}, {"label": "I", "xyz": [1.87778554445, 1.084137582528, 22.532619545269], "abc": [0.666667, 0.333333, 0.9612489999999999], "species": [{"occu": 1, "element": "I"}], "properties": {"magmom": -0.0}}], "@class": "Structure", "@module": "pymatgen.core.structure"}