{"lattice": {"a": 3.2579587500000002, "c": 23.020983, "b": 3.257958759443969, "matrix": [[3.2579587500000002, 0.0, 0.0], [-1.62897938, 2.82147505, 0.0], [0.0, 0.0, 23.020983]], "volume": 211.6146154898759, "beta": 90.0, "alpha": 90.0, "gamma": 120.00000000564567}, "sites": [{"label": "In", "xyz": [1.6289810023127091, 0.94049074284165, 11.45484149653512], "abc": [0.666667, 0.333333, 0.49758264], "species": [{"occu": 1, "element": "In"}], "properties": {"magmom": -0.0}}, {"label": "In", "xyz": [0.0, 0.0, 8.30212109762274], "abc": [0.0, 0.0, 0.36063278], "species": [{"occu": 1, "element": "In"}], "properties": {"magmom": -0.0}}, {"label": "O", "xyz": [-1.6323127101812479e-06, 1.88098430715835, 9.88124082231114], "abc": [0.333333, 0.666667, 0.42922758], "species": [{"occu": 1, "element": "O"}], "properties": {"magmom": 0.0}}], "@class": "Structure", "@module": "pymatgen.core.structure"}