{"lattice": {"a": 3.50553209, "c": 28.784137, "b": 3.505531812148911, "matrix": [[3.50553209, 0.0, 0.0], [-1.75276605, 3.03587952, 0.0], [0.0, 0.0, 28.784137]], "volume": 306.3315247033854, "beta": 90.0, "alpha": 90.0, "gamma": 120.000002716289}, "sites": [{"label": "Ca", "xyz": [1.7527677960993802, 1.01195882804016, 12.71974237853344], "abc": [0.666667, 0.333333, 0.44190112000000004], "species": [{"occu": 1, "element": "Ca"}], "properties": {"magmom": 0.005}}, {"label": "Ca", "xyz": [-1.756099380125379e-06, 2.02392069195984, 16.06439462146656], "abc": [0.333333, 0.666667, 0.55809888], "species": [{"occu": 1, "element": "Ca"}], "properties": {"magmom": 0.005}}, {"label": "Be", "xyz": [-1.756099380125379e-06, 2.02392069195984, 10.66658802032975], "abc": [0.333333, 0.666667, 0.37057175000000003], "species": [{"occu": 1, "element": "Be"}], "properties": {"magmom": -0.001}}, {"label": "Be", "xyz": [1.7527677960993802, 1.01195882804016, 18.11754897967025], "abc": [0.666667, 0.333333, 0.62942825], "species": [{"occu": 1, "element": "Be"}], "properties": {"magmom": -0.001}}], "@class": "Structure", "@module": "pymatgen.core.structure"}