{"lattice": {"a": 3.93495687, "c": 27.090311, "b": 3.934957020318036, "matrix": [[3.93495687, 0.0, 0.0], [-1.96747893, 3.4077725, 0.0], [0.0, 0.0, 27.090311]], "volume": 363.2658406154295, "beta": 90.0, "alpha": 90.0, "gamma": 120.00000705889711}, "sites": [{"label": "Y", "xyz": [1.9674802374786, 1.1359230307425001, 14.941688393264108], "abc": [0.666667, 0.333333, 0.5515510100000001], "species": [{"occu": 1, "element": "Y"}], "properties": {"magmom": 0.329}}, {"label": "Y", "xyz": [-2.297478600052331e-06, 2.2718494692575, 12.14862260673589], "abc": [0.333333, 0.666667, 0.44844899], "species": [{"occu": 1, "element": "Y"}], "properties": {"magmom": 0.329}}, {"label": "I", "xyz": [-2.297478600052331e-06, 2.2718494692575, 17.08664774665321], "abc": [0.333333, 0.666667, 0.63072911], "species": [{"occu": 1, "element": "I"}], "properties": {"magmom": 0.008}}, {"label": "I", "xyz": [1.9674802374786, 1.1359230307425001, 10.00366325334679], "abc": [0.666667, 0.333333, 0.36927089], "species": [{"occu": 1, "element": "I"}], "properties": {"magmom": 0.008}}], "@class": "Structure", "@module": "pymatgen.core.structure"}