{"lattice": {"a": 3.719652158000444, "c": 22.299815, "b": 3.7196522094854023, "matrix": [[3.71965211, -0.00059757, 0.0], [-1.85776078, 3.22250484, 0.0], [0.0, 0.0, 22.299815]], "volume": 267.27413800119126, "beta": 90.0, "alpha": 90.0, "gamma": 119.97247665408845}, "sites": [{"label": "Cd", "xyz": [0.002119854353829, 2.147707999040614, 11.427155524941249], "abc": [0.33346655000000003, 0.66653345, 0.51243275], "species": [{"occu": 1, "element": "Cd"}], "properties": {"magmom": 0.003}}, {"label": "Cl", "xyz": [1.860585108638563, 1.073729084779814, 9.80860328650395], "abc": [0.66667933, 0.33332067, 0.43985133], "species": [{"occu": 1, "element": "Cl"}], "properties": {"magmom": 0.129}}, {"label": "O", "xyz": [3.719440837599727, -0.000475478880709, 12.213963911552948], "abc": [0.9999621200000001, 3.788e-05, 0.54771593], "species": [{"occu": 1, "element": "O"}], "properties": {"magmom": 0.664}}], "@class": "Structure", "@module": "pymatgen.core.structure"}