{"lattice": {"a": 3.05723686, "c": 24.42588, "b": 3.05723686, "matrix": [[3.05723686, -0.0, -0.0], [0.0, 3.05723686, 0.0], [-0.0, 0.0, 24.42588]], "volume": 228.30130464668645, "beta": 90.0, "alpha": 90.0, "gamma": 90.0}, "sites": [{"label": "Hf", "xyz": [0.0, 1.5286184299999999, 7.2311134796868], "abc": [0.0, 0.5, 0.29604311], "species": [{"occu": 1, "element": "Hf"}], "properties": {"magmom": 0.0}}, {"label": "Hf", "xyz": [1.5286184299999999, 0.0, 5.098826485513199], "abc": [0.5, -0.0, 0.20874689], "species": [{"occu": 1, "element": "Hf"}], "properties": {"magmom": 0.0}}, {"label": "Cu", "xyz": [0.0, 1.5286184299999999, 3.3465558668268], "abc": [0.0, 0.5, 0.13700861], "species": [{"occu": 1, "element": "Cu"}], "properties": {"magmom": 0.0}}, {"label": "Cu", "xyz": [1.5286184299999999, 0.0, 8.9833840983732], "abc": [0.5, 0.0, 0.36778139], "species": [{"occu": 1, "element": "Cu"}], "properties": {"magmom": 0.0}}], "@class": "Structure", "@module": "pymatgen.core.structure"}