{"lattice": {"a": 3.00012826, "c": 22.381326, "b": 3.000128321404306, "matrix": [[3.00012826, -0.0, 0.0], [-1.50006463, 2.59818707, 0.0], [0.0, 0.0, 22.381326]], "volume": 174.46007389878443, "beta": 90.0, "alpha": 90.0, "gamma": 120.00001034905641}, "sites": [{"label": "Nb", "xyz": [0.0, 0.0, 11.191091826206161], "abc": [0.0, 0.0, 0.50001916], "species": [{"occu": 1, "element": "Nb"}], "properties": {"magmom": 0.41600000000000004}}, {"label": "O", "xyz": [1.500065463397629, 0.866061490604309, 9.998532189833222], "abc": [0.666667, 0.333333, 0.44673547], "species": [{"occu": 1, "element": "O"}], "properties": {"magmom": 0.024}}, {"label": "O", "xyz": [1.500065463397629, 0.866061490604309, 12.382342378821361], "abc": [0.666667, 0.333333, 0.55324436], "species": [{"occu": 1, "element": "O"}], "properties": {"magmom": 0.024}}], "@class": "Structure", "@module": "pymatgen.core.structure"}