{"lattice": {"a": 3.20925003, "c": 23.042555, "b": 2.72908258, "matrix": [[3.20925003, 0.0, 0.0], [0.0, 2.72908258, 0.0], [0.0, 0.0, 23.042555]], "volume": 201.8138019018702, "beta": 90.0, "alpha": 90.0, "gamma": 90.0}, "sites": [{"label": "Cu", "xyz": [0.0, 0.682270645, 21.9501941074568], "abc": [0.0, 0.25, 0.9525937600000001], "species": [{"occu": 1, "element": "Cu"}], "properties": {"magmom": 0.0}}, {"label": "Cu", "xyz": [0.0, 2.046811935, 1.0923608925432], "abc": [-0.0, 0.75, 0.04740624], "species": [{"occu": 1, "element": "Cu"}], "properties": {"magmom": 0.0}}, {"label": "F", "xyz": [1.6046250149999999, 2.046811935, 21.50024651405725], "abc": [0.5, 0.75, 0.9330669500000001], "species": [{"occu": 1, "element": "F"}], "properties": {"magmom": 0.0}}, {"label": "F", "xyz": [1.6046250149999999, 0.682270645, 1.5422854433877502], "abc": [0.5, 0.25, 0.06693205], "species": [{"occu": 1, "element": "F"}], "properties": {"magmom": 0.0}}], "@class": "Structure", "@module": "pymatgen.core.structure"}