{"lattice": {"a": 5.58623713, "c": 20.039436, "b": 4.71167378, "matrix": [[5.58623713, 0.0, 0.0], [0.0, 4.71167378, 0.0], [0.0, 0.0, 20.039436]], "volume": 527.4485165890043, "beta": 90.0, "alpha": 90.0, "gamma": 90.0}, "sites": [{"label": "Na", "xyz": [0.0, 0.0, 10.019718], "abc": [0.0, -0.0, 0.5], "species": [{"occu": 1, "element": "Na"}], "properties": {"magmom": -0.008}}, {"label": "N", "xyz": [2.793118565, 2.9131804987357732, 10.007957656589038], "abc": [0.5, 0.61828994, 0.49941314000000003], "species": [{"occu": 1, "element": "N"}], "properties": {"magmom": 0.009000000000000001}}, {"label": "N", "xyz": [0.0, 2.35583689, 10.019718], "abc": [-0.0, 0.5, 0.5], "species": [{"occu": 1, "element": "N"}], "properties": {"magmom": 1.244}}, {"label": "N", "xyz": [2.793118565, 1.7984932812642271, 10.031478343410958], "abc": [0.5, 0.38171006, 0.50058686], "species": [{"occu": 1, "element": "N"}], "properties": {"magmom": 0.009000000000000001}}], "@class": "Structure", "@module": "pymatgen.core.structure"}