{"lattice": {"a": 3.639374, "c": 23.530221, "b": 3.639374, "matrix": [[3.639374, 0.0, 0.0], [0.0, 3.639374, 0.0], [0.0, 0.0, 23.530221]], "volume": 311.65879157697003, "beta": 90.0, "alpha": 90.0, "gamma": 90.0}, "sites": [{"label": "Ag", "xyz": [1.819687, 1.819687, 0.0], "abc": [0.5, 0.5, 0.0], "species": [{"occu": 1, "element": "Ag"}], "properties": {"magmom": 0.0}}, {"label": "Br", "xyz": [1.819687, 0.0, 1.8705584486159998], "abc": [0.5, 0.0, 0.079496], "species": [{"occu": 1, "element": "Br"}], "properties": {"magmom": 0.0}}, {"label": "Br", "xyz": [0.0, 1.819687, 21.659639021163], "abc": [0.0, 0.5, 0.920503], "species": [{"occu": 1, "element": "Br"}], "properties": {"magmom": 0.0}}], "@class": "Structure", "@module": "pymatgen.core.structure"}