{"lattice": {"a": 3.12638862, "c": 24.923409, "b": 3.492261702874893, "matrix": [[3.12638862, 0.0, 0.0], [-1.56319431, 3.12286973, 0.0], [0.0, 0.0, 24.923409]], "volume": 243.33482839416322, "beta": 90.0, "alpha": 90.0, "gamma": 116.5908700068776}, "sites": [{"label": "Tb", "xyz": [0.0, 0.0, 12.4617045], "abc": [-0.0, -0.0, 0.5], "species": [{"occu": 1, "element": "Tb"}], "properties": {"magmom": -0.0}}, {"label": "P", "xyz": [-0.781597155, 1.561434865, 10.319419110257249], "abc": [-0.0, 0.5, 0.41404525000000003], "species": [{"occu": 1, "element": "P"}], "properties": {"magmom": -0.0}}, {"label": "P", "xyz": [0.781597155, 1.561434865, 14.60398988974275], "abc": [0.5, 0.5, 0.58595475], "species": [{"occu": 1, "element": "P"}], "properties": {"magmom": -0.0}}], "@class": "Structure", "@module": "pymatgen.core.structure"}