{"lattice": {"a": 3.7061050399999997, "c": 23.77951, "b": 3.7061050399999997, "matrix": [[3.7061050399999997, 0.0, 0.0], [0.0, 3.7061050399999997, 0.0], [0.0, 0.0, 23.77951]], "volume": 326.6166721603306, "beta": 90.0, "alpha": 90.0, "gamma": 90.0}, "sites": [{"label": "Lu", "xyz": [0.0, 0.0, 0.0], "abc": [0.0, -0.0, -0.0], "species": [{"occu": 1, "element": "Lu"}], "properties": {"magmom": -0.0}}, {"label": "Si", "xyz": [1.8530525199999999, 1.8530525199999999, 22.5897157714707], "abc": [0.5, 0.5, 0.94996557], "species": [{"occu": 1, "element": "Si"}], "properties": {"magmom": -0.0}}, {"label": "Si", "xyz": [1.8530525199999999, 1.8530525199999999, 1.1897942285293], "abc": [0.5, 0.5, 0.05003443], "species": [{"occu": 1, "element": "Si"}], "properties": {"magmom": -0.0}}], "@class": "Structure", "@module": "pymatgen.core.structure"}