{"lattice": {"a": 3.9447669999999997, "c": 23.119205, "b": 3.9447669999999997, "matrix": [[3.9447669999999997, 0.0, 0.0], [0.0, 3.9447669999999997, 0.0], [0.0, 0.0, 23.119205]], "volume": 359.7622649973477, "beta": 90.0, "alpha": 90.0, "gamma": 90.0}, "sites": [{"label": "Tc", "xyz": [0.0, 0.0, 0.0], "abc": [0.0, 0.0, 0.0], "species": [{"occu": 1, "element": "Tc"}], "properties": {"magmom": 0.0}}, {"label": "Tc", "xyz": [1.9723834999999998, 1.9723834999999998, 0.0], "abc": [0.5, 0.5, 0.0], "species": [{"occu": 1, "element": "Tc"}], "properties": {"magmom": 0.0}}, {"label": "Te", "xyz": [0.0, 1.9723834999999998, 1.804569546275], "abc": [0.0, 0.5, 0.078055], "species": [{"occu": 1, "element": "Te"}], "properties": {"magmom": -0.0}}, {"label": "Te", "xyz": [1.9723834999999998, 0.0, 21.314635453725], "abc": [0.5, 0.0, 0.9219449999999999], "species": [{"occu": 1, "element": "Te"}], "properties": {"magmom": -0.0}}], "@class": "Structure", "@module": "pymatgen.core.structure"}