{"lattice": {"a": 3.49555204, "c": 21.529288002436385, "b": 3.495581308198248, "matrix": [[3.49555204, 0.0, 0.0], [-1.7477760199999999, 3.02727064, 0.00037193], [0.0, 0.00264467, 21.52928784]], "volume": 227.82253427676474, "beta": 90.0, "alpha": 89.98780840961246, "gamma": 119.99972302665331}, "sites": [{"label": "Ge", "xyz": [1.747776019999999, 3.028598119526394, 11.45404433529356], "abc": [0.99998687, 0.99997374, 0.53200424], "species": [{"occu": 1, "element": "Ge"}], "properties": {"magmom": 0.0}}, {"label": "S", "xyz": [1.100989619746826e-16, 2.019389068825895, 10.09582102423002], "abc": [0.33332813, 0.66665626, 0.46892276], "species": [{"occu": 1, "element": "S"}], "properties": {"magmom": -0.0}}], "@class": "Structure", "@module": "pymatgen.core.structure"}