{"lattice": {"a": 5.428211860000002, "c": 21.36463, "b": 4.1484748776408065, "matrix": [[5.42821186, -1.6e-07, 0.0], [-2.71410552, 3.13743128, 0.0], [0.0, 0.0, 21.36463]], "volume": 363.85334896416117, "beta": 90.0, "alpha": 90.0, "gamma": 130.86218311751776}, "sites": [{"label": "Ga", "xyz": [1.35705317, 1.56871556, 11.820583175480799], "abc": [0.5, 0.5, 0.55327816], "species": [{"occu": 1, "element": "Ga"}], "properties": {"magmom": -0.0}}, {"label": "Ga", "xyz": [-1.35705276, 1.56871564, 9.5440468245192], "abc": [-0.0, 0.5, 0.44672184000000004], "species": [{"occu": 1, "element": "Ga"}], "properties": {"magmom": -0.0}}, {"label": "Os", "xyz": [0.0, 0.0, 10.682315], "abc": [0.0, 0.0, 0.5], "species": [{"occu": 1, "element": "Os"}], "properties": {"magmom": -0.0}}], "@class": "Structure", "@module": "pymatgen.core.structure"}