{"lattice": {"a": 3.44036002, "c": 22.026078, "b": 3.440359997929914, "matrix": [[3.44036002, -0.0, 0.0], [-1.72018001, 2.97943915, 0.0], [0.0, 0.0, 22.026078]], "volume": 225.774861794477, "beta": 90.0, "alpha": 90.0, "gamma": 120.00000021220818}, "sites": [{"label": "Cd", "xyz": [0.0, 0.0, 11.013039], "abc": [-0.0, -0.0, 0.5], "species": [{"occu": 1, "element": "Cd"}], "properties": {"magmom": 0.132}}, {"label": "O", "xyz": [-1.720180010009653e-06, 1.9862937598130501, 10.009179570375899], "abc": [0.333333, 0.666667, 0.45442405], "species": [{"occu": 1, "element": "O"}], "properties": {"magmom": 0.786}}, {"label": "O", "xyz": [1.72018173018001, 0.99314539018695, 12.0168984296241], "abc": [0.666667, 0.333333, 0.54557595], "species": [{"occu": 1, "element": "O"}], "properties": {"magmom": 0.786}}], "@class": "Structure", "@module": "pymatgen.core.structure"}