{"lattice": {"a": 3.148065263766854, "c": 23.27419467290137, "b": 3.1480652577460972, "matrix": [[3.14654656, 0.09683023, -0.01354833], [0.09714894, 3.1465367300000002, -0.01354833], [-0.1068519, -0.10684108, 23.27370416]], "volume": 230.19876519885565, "beta": 90.51759401163345, "alpha": 90.51759401777736, "gamma": 86.46792875401269}, "sites": [{"label": "Se", "xyz": [0.089470988676251, 0.089461924261356, 20.66303442427587], "abc": [0.05683151, 0.05683151, 0.88789366], "species": [{"occu": 1, "element": "Se"}], "properties": {"magmom": 0.0}}, {"label": "Se", "xyz": [1.722783016283532, 1.722608521058202, 17.416680669129835], "abc": [0.55579011, 0.55579011, 0.74898867], "species": [{"occu": 1, "element": "Se"}], "properties": {"magmom": -0.0}}, {"label": "N", "xyz": [2.992412252344755, 2.992109161818624, 17.432064092161507], "abc": [0.94724133, 0.94724133, 0.7501053999999999], "species": [{"occu": 1, "element": "N"}], "properties": {"magmom": -0.0}}, {"label": "N", "xyz": [1.358863663132962, 1.358726027383176, 20.62772884714733], "abc": [0.44813805, 0.44813805, 0.88683227], "species": [{"occu": 1, "element": "N"}], "properties": {"magmom": 0.0}}], "@class": "Structure", "@module": "pymatgen.core.structure"}