{"lattice": {"a": 3.73595128, "c": 24.44792, "b": 3.73666, "matrix": [[3.73595128, 0.0, 0.0], [0.0, 3.73666, 0.0], [0.0, 0.0, 24.44792]], "volume": 341.2924671498647, "beta": 90.0, "alpha": 90.0, "gamma": 90.0}, "sites": [{"label": "Sc", "xyz": [0.0, 1.86833, 10.9261399664872], "abc": [-0.0, 0.5, 0.44691491], "species": [{"occu": 1, "element": "Sc"}], "properties": {"magmom": -0.0}}, {"label": "Se", "xyz": [0.0, 1.86833, 13.639415601218401], "abc": [0.0, 0.5, 0.55789677], "species": [{"occu": 1, "element": "Se"}], "properties": {"magmom": 0.0}}, {"label": "Se", "xyz": [1.86797564, 0.0, 14.0832739452776], "abc": [0.5, 0.0, 0.57605203], "species": [{"occu": 1, "element": "Se"}], "properties": {"magmom": -0.0}}, {"label": "Se", "xyz": [1.86797564, 0.0, 10.2469860390968], "abc": [0.5, -0.0, 0.41913529], "species": [{"occu": 1, "element": "Se"}], "properties": {"magmom": -0.0}}], "@class": "Structure", "@module": "pymatgen.core.structure"}