{"lattice": {"a": 3.934961, "c": 22.71677, "b": 3.934961452432412, "matrix": [[3.934961, 0.0, 0.0], [-1.9674800000000001, 3.407777, 0.0], [0.0, 0.0, 22.71677]], "volume": 304.6198365365746, "beta": 90.0, "alpha": 90.0, "gamma": 119.99998778995041}, "sites": [{"label": "Tb", "xyz": [1.967482634147, 1.135924530741, 17.005160669210003], "abc": [0.666667, 0.333333, 0.7485729999999999], "species": [{"occu": 1, "element": "Tb"}], "properties": {"magmom": 0.041}}, {"label": "Tb", "xyz": [-1.634147000022786e-06, 2.271852469259, 20.29979653908], "abc": [0.333333, 0.666667, 0.893604], "species": [{"occu": 1, "element": "Tb"}], "properties": {"magmom": 0.041}}, {"label": "Si", "xyz": [0.0, 0.0, 18.65246724576], "abc": [0.0, 0.0, 0.8210879999999999], "species": [{"occu": 1, "element": "Si"}], "properties": {"magmom": 0.002}}], "@class": "Structure", "@module": "pymatgen.core.structure"}