{"lattice": {"a": 3.65272895, "c": 22.677177, "b": 4.46212415, "matrix": [[3.65272895, 0.0, 0.0], [0.0, 4.46212415, 0.0], [0.0, 0.0, 22.677177]], "volume": 369.61372190843383, "beta": 90.0, "alpha": 90.0, "gamma": 90.0}, "sites": [{"label": "Ge", "xyz": [1.826364475, 1.635623779097621, 12.65967148394262], "abc": [0.5, 0.36655721, 0.55825606], "species": [{"occu": 1, "element": "Ge"}], "properties": {"magmom": -0.0}}, {"label": "Ge", "xyz": [0.0, 3.866685854097621, 10.01750551605738], "abc": [-0.0, 0.86655721, 0.44174394], "species": [{"occu": 1, "element": "Ge"}], "properties": {"magmom": -0.0}}, {"label": "S", "xyz": [1.826364475, 2.232239138729528, 10.302146947271911], "abc": [0.5, 0.50026379, 0.45429583], "species": [{"occu": 1, "element": "S"}], "properties": {"magmom": -0.0}}, {"label": "S", "xyz": [0.0, 0.0011770637295280002, 12.375030052728091], "abc": [0.0, 0.00026379, 0.54570417], "species": [{"occu": 1, "element": "S"}], "properties": {"magmom": -0.0}}], "@class": "Structure", "@module": "pymatgen.core.structure"}