{"lattice": {"a": 3.8003648500000002, "c": 23.119205, "b": 3.8003648500000002, "matrix": [[3.8003648500000002, 0.0, -0.0], [0.0, 3.8003648500000002, 0.0], [0.0, 0.0, 23.119205]], "volume": 333.9054295963013, "beta": 90.0, "alpha": 90.0, "gamma": 90.0}, "sites": [{"label": "Tc", "xyz": [0.0, 0.0, 0.0], "abc": [-0.0, 0.0, 0.0], "species": [{"occu": 1, "element": "Tc"}], "properties": {"magmom": -0.002}}, {"label": "Tc", "xyz": [1.9001824250000001, 1.9001824250000001, 0.0], "abc": [0.5, 0.5, 0.0], "species": [{"occu": 1, "element": "Tc"}], "properties": {"magmom": 0.002}}, {"label": "S", "xyz": [0.0, 1.9001824250000001, 1.44683522128365], "abc": [-0.0, 0.5, 0.06258153], "species": [{"occu": 1, "element": "S"}], "properties": {"magmom": -0.0}}, {"label": "S", "xyz": [1.9001824250000001, 0.0, 21.67236977871635], "abc": [0.5, -0.0, 0.93741847], "species": [{"occu": 1, "element": "S"}], "properties": {"magmom": 0.0}}], "@class": "Structure", "@module": "pymatgen.core.structure"}