{"lattice": {"a": 3.688904735082853, "c": 25.899122498525948, "b": 3.695068539004485, "matrix": [[3.67613066, -0.0072346400000000005, 0.30664177], [1.81799682, 3.20246074, 0.30440808], [0.038581660000000004, 0.00611184, 25.89909304]], "volume": 305.2005576901718, "beta": 85.14643589612781, "alpha": 85.22059636625129, "gamma": 60.3005163412979}, "sites": [{"label": "Zr", "xyz": [2.8675767715139253, 0.5885102801949721, 9.019397096398274], "abc": [0.6851786, 0.18467102, 0.33796849], "species": [{"occu": 1, "element": "Zr"}], "properties": {"magmom": -0.0}}, {"label": "Zr", "xyz": [2.656062939088214, 2.611390943464387, 11.402620093595887], "abc": [0.3148214, 0.81532898, 0.42696051], "species": [{"occu": 1, "element": "Zr"}], "properties": {"magmom": 0.0}}, {"label": "I", "xyz": [1.200514008075909, 1.765135214433037, 6.866842587489999], "abc": [0.05146625, 0.55080468, 0.25805504], "species": [{"occu": 1, "element": "I"}], "properties": {"magmom": 0.0}}, {"label": "I", "xyz": [4.323125702526231, 1.434766009226323, 13.555174602504161], "abc": [0.9485337500000001, 0.44919532, 0.50687396], "species": [{"occu": 1, "element": "I"}], "properties": {"magmom": 0.0}}], "@class": "Structure", "@module": "pymatgen.core.structure"}