{"lattice": {"a": 4.07365676, "c": 23.259981, "b": 4.07365723843005, "matrix": [[4.07365676, -0.0, 0.0], [2.03682887, 3.5278905099999998, 0.0], [0.0, 0.0, 23.259981]], "volume": 334.2788404153419, "beta": 90.0, "alpha": 90.0, "gamma": 59.99999592705037}, "sites": [{"label": "Zn", "xyz": [0.0, 0.0, 11.6299905], "abc": [0.0, -0.0, 0.5], "species": [{"occu": 1, "element": "Zn"}], "properties": {"magmom": 0.0}}, {"label": "I", "xyz": [4.073659123495211, 2.35192818263017, 9.990530742798661], "abc": [0.666667, 0.666667, 0.42951586], "species": [{"occu": 1, "element": "I"}], "properties": {"magmom": -0.0}}, {"label": "I", "xyz": [2.03682650650479, 1.17596232736983, 13.26945025720134], "abc": [0.333333, 0.333333, 0.57048414], "species": [{"occu": 1, "element": "I"}], "properties": {"magmom": -0.0}}], "@class": "Structure", "@module": "pymatgen.core.structure"}