{"lattice": {"a": 4.388203, "c": 22.485034, "b": 4.388203, "matrix": [[4.388203, 0.0, 0.0], [0.0, 4.388203, 0.0], [0.0, 0.0, 22.485034]], "volume": 432.9791351387337, "beta": 90.0, "alpha": 90.0, "gamma": 90.0}, "sites": [{"label": "Al", "xyz": [0.0, 0.0, 7.899329719709999], "abc": [0.0, 0.0, 0.351315], "species": [{"occu": 1, "element": "Al"}], "properties": {"magmom": 0.0}}, {"label": "I", "xyz": [0.0, 0.0, 5.366030879066], "abc": [0.0, 0.0, 0.238649], "species": [{"occu": 1, "element": "I"}], "properties": {"magmom": 0.0}}], "@class": "Structure", "@module": "pymatgen.core.structure"}