{"lattice": {"a": 4.76528834, "c": 24.79164, "b": 4.765289919912663, "matrix": [[4.76528834, -0.0, 0.0], [-2.38264518, 4.126862, 0.0], [0.0, -0.0, 24.79164]], "volume": 487.5446416144411, "beta": 90.0, "alpha": 90.0, "gamma": 120.0000030550024}, "sites": [{"label": "Np", "xyz": [-3.055977840198596e-06, 2.751242708954, 7.282345916880001], "abc": [0.333333, 0.666667, 0.293742], "species": [{"occu": 1, "element": "Np"}], "properties": {"magmom": 3.902}}, {"label": "Cl", "xyz": [-3.055977840198596e-06, 2.751242708954, 4.7704505062536], "abc": [0.333333, 0.666667, 0.19242174], "species": [{"occu": 1, "element": "Cl"}], "properties": {"magmom": -0.078}}, {"label": "Cl", "xyz": [-3.055977840198596e-06, 2.751242708954, 9.7942413275064], "abc": [0.333333, 0.666667, 0.39506226], "species": [{"occu": 1, "element": "Cl"}], "properties": {"magmom": -0.078}}, {"label": "Cl", "xyz": [2.38264621597784, 1.3756192910460001, 7.282345916880001], "abc": [0.666667, 0.333333, 0.293742], "species": [{"occu": 1, "element": "Cl"}], "properties": {"magmom": -0.041}}], "@class": "Structure", "@module": "pymatgen.core.structure"}