{"lattice": {"a": 4.4850484, "c": 23.529845, "b": 4.485047815862076, "matrix": [[4.4850484, -1e-08, 0.0], [-2.24252371, 3.88416546, 0.0], [0.0, 0.0, 23.529845]], "volume": 409.90566629107053, "beta": 90.0, "alpha": 90.0, "gamma": 119.99999720804445}, "sites": [{"label": "Ca", "xyz": [0.0, 0.0, 11.7649225], "abc": [0.0, 0.0, 0.5], "species": [{"occu": 1, "element": "Ca"}], "properties": {"magmom": -0.0}}, {"label": "I", "xyz": [-1.915857369935967e-06, 2.58944493138849, 10.0058656413737], "abc": [0.333333, 0.666667, 0.42524146], "species": [{"occu": 1, "element": "I"}], "properties": {"magmom": 0.0}}, {"label": "I", "xyz": [2.24252660585737, 1.29472051861151, 13.523979358626303], "abc": [0.666667, 0.333333, 0.57475854], "species": [{"occu": 1, "element": "I"}], "properties": {"magmom": 0.0}}], "@class": "Structure", "@module": "pymatgen.core.structure"}