{"lattice": {"a": 2.7683879300001273, "c": 20.0, "b": 2.768383795101021, "matrix": [[2.7683879300000003, 8.4e-07, 0.0], [-1.38419161, 2.39749086, 0.0], [0.0, 0.0, 20.0]], "volume": 132.74371843660543, "beta": 90.0, "alpha": 90.0, "gamma": 119.99997574304149}, "sites": [{"label": "Ga", "xyz": [0.0, 0.0, 10.0], "abc": [-0.0, 0.0, 0.5], "species": [{"occu": 1, "element": "Ga"}], "properties": {"magmom": -0.0}}], "@class": "Structure", "@module": "pymatgen.core.structure"}