{"lattice": {"a": 3.8545680059660272, "c": 23.530221, "b": 3.8545680268462092, "matrix": [[3.85456486, 0.0049247, 0.0], [0.00440485, 3.85456551, 0.0], [0.0, 0.0, 23.530221]], "volume": 349.6038132850284, "beta": 90.0, "alpha": 90.0, "gamma": 89.86132195118711}, "sites": [{"label": "Ag", "xyz": [1.9294848549999992, 1.929745105, 11.7651105], "abc": [0.5, 0.5, 0.5], "species": [{"occu": 1, "element": "Ag"}], "properties": {"magmom": 0.0}}, {"label": "I", "xyz": [0.002202425, 1.927282755, 13.77436430676735], "abc": [0.0, 0.5, 0.5853903500000001], "species": [{"occu": 1, "element": "I"}], "properties": {"magmom": -0.0}}, {"label": "I", "xyz": [1.92728243, 0.00246235, 9.75585669323265], "abc": [0.5, -0.0, 0.41460965], "species": [{"occu": 1, "element": "I"}], "properties": {"magmom": 0.0}}], "@class": "Structure", "@module": "pymatgen.core.structure"}