{"lattice": {"a": 4.94554137, "c": 22.957399, "b": 4.90275849, "matrix": [[4.94554137, 0.0, 0.0], [0.0, 4.90275849, 0.0], [0.0, 0.0, 22.957399]], "volume": 556.6433458953019, "beta": 90.0, "alpha": 90.0, "gamma": 90.0}, "sites": [{"label": "Sr", "xyz": [2.472770685, 0.0, 10.42907780518641], "abc": [0.5, 0.0, 0.45427959], "species": [{"occu": 1, "element": "Sr"}], "properties": {"magmom": 0.028}}, {"label": "Sr", "xyz": [0.0, 2.451379245, 7.30243089149784], "abc": [0.0, 0.5, 0.31808616], "species": [{"occu": 1, "element": "Sr"}], "properties": {"magmom": 0.014}}, {"label": "As", "xyz": [0.0, 0.0, 8.876621807093748], "abc": [0.0, 0.0, 0.38665625000000003], "species": [{"occu": 1, "element": "As"}], "properties": {"magmom": 0.025}}], "@class": "Structure", "@module": "pymatgen.core.structure"}