{"lattice": {"a": 4.02544575, "c": 23.838, "b": 4.025446535841648, "matrix": [[4.02544575, 2e-08, 0.0], [-2.01272334, 3.48613892, 0.0], [0.0, 0.0, 23.838]], "volume": 334.52492672364554, "beta": 90.0, "alpha": 90.0, "gamma": 120.00000089997572}, "sites": [{"label": "Sn", "xyz": [0.0, 0.0, 0.0], "abc": [0.0, 0.0, 0.0], "species": [{"occu": 1, "element": "Sn"}], "properties": {"magmom": 0.0}}, {"label": "Cl", "xyz": [2.01272473272303, 1.1620451579537, 1.7173062066], "abc": [0.666667, 0.333333, 0.0720407], "species": [{"occu": 1, "element": "Cl"}], "properties": {"magmom": -0.0}}, {"label": "Cl", "xyz": [2.01272473272303, 1.1620451579537, 22.1206937934], "abc": [0.666667, 0.333333, 0.9279592999999999], "species": [{"occu": 1, "element": "Cl"}], "properties": {"magmom": -0.0}}], "@class": "Structure", "@module": "pymatgen.core.structure"}