{"lattice": {"a": 2.70375401, "c": 22.806944, "b": 3.878584729550565, "matrix": [[2.70375401, -2e-08, 0.0], [-1.35187746, 3.63536062, 0.0], [0.0, 0.0, 22.806944]], "volume": 224.17220827252794, "beta": 90.0, "alpha": 90.0, "gamma": 110.39860150065259}, "sites": [{"label": "Si", "xyz": [1.351876686498507, 2.544764340982801, 11.351776184243521], "abc": [0.85000164, 0.70000328, 0.49773333000000003], "species": [{"occu": 1, "element": "Si"}], "properties": {"magmom": -0.004}}, {"label": "Si", "xyz": [1.351876932748056, 0.577278823038042, 9.9645385698464], "abc": [0.57939774, 0.15879548000000002, 0.43690809999999997], "species": [{"occu": 1, "element": "Si"}], "properties": {"magmom": 0.004}}, {"label": "O", "xyz": [1.351878070012135, 2.291993936994456, 12.89410124591008], "abc": [0.81523662, 0.63047224, 0.56535857], "species": [{"occu": 1, "element": "O"}], "properties": {"magmom": 0.156}}], "@class": "Structure", "@module": "pymatgen.core.structure"}