{"lattice": {"a": 3.94557923, "c": 21.93555489, "b": 3.9455797643918182, "matrix": [[3.94557923, 0.0, 0.0], [1.97278962, 3.41697246, -0.0], [0.0, -0.0, 21.93555489]], "volume": 295.7337376678055, "beta": 90.0, "alpha": 90.0, "gamma": 60.000004396499975}, "sites": [{"label": "Ge", "xyz": [0.0, 0.0, 10.18233278589816], "abc": [-0.0, -0.0, 0.46419308000000004], "species": [{"occu": 1, "element": "Ge"}], "properties": {"magmom": 0.0}}, {"label": "Te", "xyz": [3.94558120612295, 2.27798277899082, 11.753222104101837], "abc": [0.666667, 0.666667, 0.53580692], "species": [{"occu": 1, "element": "Te"}], "properties": {"magmom": -0.0}}], "@class": "Structure", "@module": "pymatgen.core.structure"}