{"lattice": {"a": 4.015134391099826, "c": 24.981638000255, "b": 4.015161234716325, "matrix": [[4.01513439, 9.389e-05, 4.07e-06], [-2.00748639, 3.47728603, -1.7330000000000002e-05], [2.5310000000000003e-05, -0.00011, 24.981638]], "volume": 348.7926106433675, "beta": 89.99988387830739, "alpha": 90.0004948098482, "gamma": 119.99710758348131}, "sites": [{"label": "Ge", "xyz": [7.243062950220116e-05, 2.318124413136578, 22.540423886676265], "abc": [0.33333251, 0.66666715, 0.90228007], "species": [{"occu": 1, "element": "Ge"}], "properties": {"magmom": 0.006}}, {"label": "Ge", "xyz": [2.007603424893334, 1.159151596527097, 1.4333988165999999e-06], "abc": [0.6666680700000001, 0.33333151, 1.8e-07], "species": [{"occu": 1, "element": "Ge"}], "properties": {"magmom": 0.001}}, {"label": "Ge", "xyz": [5.1866465862688034e-05, 2.318213888454417, 2.44118147895984], "abc": [0.3333326, 0.6666674300000001, 0.09771944], "species": [{"occu": 1, "element": "Ge"}], "properties": {"magmom": 0.006}}, {"label": "Rh", "xyz": [4.931293052786378e-05, 2.318226306677767, -2.7021989029000002e-06], "abc": [0.33333282000000003, 0.66666791, 3e-07], "species": [{"occu": 1, "element": "Rh"}], "properties": {"magmom": 0.004}}], "@class": "Structure", "@module": "pymatgen.core.structure"}