{"lattice": {"a": 4.64120895, "c": 22.990012, "b": 4.64120895, "matrix": [[4.64120895, 0.0, 0.0], [0.0, 4.64120895, 0.0], [0.0, 0.0, 22.990012]], "volume": 495.223722188553, "beta": 90.0, "alpha": 90.0, "gamma": 90.0}, "sites": [{"label": "Hg", "xyz": [2.320604475, 2.320604475, 0.0], "abc": [0.5, 0.5, 0.0], "species": [{"occu": 1, "element": "Hg"}], "properties": {"magmom": 0.0}}, {"label": "Hg", "xyz": [0.0, 0.0, 0.0], "abc": [0.0, 0.0, 0.0], "species": [{"occu": 1, "element": "Hg"}], "properties": {"magmom": 0.0}}, {"label": "Te", "xyz": [0.0, 2.320604475, 1.8436612522281202], "abc": [0.0, 0.5, 0.08019401], "species": [{"occu": 1, "element": "Te"}], "properties": {"magmom": 0.0}}, {"label": "Te", "xyz": [2.320604475, 0.0, 21.14635074777188], "abc": [0.5, 0.0, 0.9198059900000001], "species": [{"occu": 1, "element": "Te"}], "properties": {"magmom": 0.0}}], "@class": "Structure", "@module": "pymatgen.core.structure"}