{"lattice": {"a": 4.2852672, "c": 20.16693, "b": 4.285266942613606, "matrix": [[4.2852672, -0.0, 0.0], [-2.1426336, 3.71114996, 0.0], [0.0, 0.0, 20.16693]], "volume": 320.72011668458657, "beta": 90.0, "alpha": 90.0, "gamma": 120.00000198687121}, "sites": [{"label": "Hg", "xyz": [0.0, 0.0, 9.999565731136801], "abc": [0.0, 0.0, 0.49583976], "species": [{"occu": 1, "element": "Hg"}], "properties": {"magmom": -0.0}}, {"label": "S", "xyz": [2.1426357426336002, 1.23704874961668, 10.167364268863201], "abc": [0.666667, 0.333333, 0.50416024], "species": [{"occu": 1, "element": "S"}], "properties": {"magmom": -0.0}}], "@class": "Structure", "@module": "pymatgen.core.structure"}