{"lattice": {"a": 4.21307693, "c": 23.529845, "b": 4.213075023099739, "matrix": [[4.21307693, 7e-08, 0.0], [-2.10653685, 3.64863038, -0.0], [0.0, -0.0, 23.529845]], "volume": 361.6998509119475, "beta": 90.0, "alpha": 90.0, "gamma": 119.99998865947384}, "sites": [{"label": "Ba", "xyz": [0.0, 0.0, 0.0], "abc": [0.0, -0.0, -0.0], "species": [{"occu": 1, "element": "Ba"}], "properties": {"magmom": -0.0}}, {"label": "F", "xyz": [2.10654110987126, 1.21620895712323, 1.00845739140925], "abc": [0.666667, 0.333333, 0.04285865], "species": [{"occu": 1, "element": "F"}], "properties": {"magmom": -0.0}}, {"label": "F", "xyz": [-1.0298712601960108e-06, 2.4324214928767702, 22.52138760859075], "abc": [0.333333, 0.666667, 0.95714135], "species": [{"occu": 1, "element": "F"}], "properties": {"magmom": -0.0}}], "@class": "Structure", "@module": "pymatgen.core.structure"}