{"lattice": {"a": 2.99222746, "c": 21.93527, "b": 2.992227007123706, "matrix": [[2.99222746, 0.0, 0.0], [1.49611323, 2.59134476, 0.0], [0.0, 0.0, 21.93527]], "volume": 170.08373539177876, "beta": 90.0, "alpha": 90.0, "gamma": 60.00000604857384}, "sites": [{"label": "Ti", "xyz": [0.0, 0.0, 10.967635], "abc": [0.0, 0.0, 0.5], "species": [{"occu": 1, "element": "Ti"}], "properties": {"magmom": -0.0}}, {"label": "O", "xyz": [2.99222862278023, 1.7275640371149201, 11.9346518166554], "abc": [0.666667, 0.666667, 0.54408502], "species": [{"occu": 1, "element": "O"}], "properties": {"magmom": 0.0}}, {"label": "O", "xyz": [1.496112067219769, 0.86378072288508, 10.0006181833446], "abc": [0.333333, 0.333333, 0.45591498], "species": [{"occu": 1, "element": "O"}], "properties": {"magmom": 0.0}}], "@class": "Structure", "@module": "pymatgen.core.structure"}