{"lattice": {"a": 3.778631, "c": 25.019273, "b": 3.778630371090165, "matrix": [[3.778631, 0.0, 0.0], [-1.8893149999999999, 3.27239, 0.0], [0.0, 0.0, 25.019273]], "volume": 309.36717107103703, "beta": 90.0, "alpha": 90.0, "gamma": 119.99999675131929}, "sites": [{"label": "Al", "xyz": [0.0, 0.0, 17.127819006705], "abc": [0.0, 0.0, 0.684585], "species": [{"occu": 1, "element": "Al"}], "properties": {"magmom": -0.0}}, {"label": "Al", "xyz": [0.0, 0.0, 19.723318387725], "abc": [0.0, 0.0, 0.7883249999999999], "species": [{"occu": 1, "element": "Al"}], "properties": {"magmom": -0.0}}, {"label": "Se", "xyz": [1.8893175559820001, 1.09079557587, 20.877707643944998], "abc": [0.666667, 0.333333, 0.834465], "species": [{"occu": 1, "element": "Se"}], "properties": {"magmom": 0.0}}, {"label": "Se", "xyz": [1.8893175559820001, 1.09079557587, 15.973429750485], "abc": [0.666667, 0.333333, 0.6384449999999999], "species": [{"occu": 1, "element": "Se"}], "properties": {"magmom": 0.0}}], "@class": "Structure", "@module": "pymatgen.core.structure"}