{"lattice": {"a": 3.76300494, "c": 23.069546, "b": 3.763005239704391, "matrix": [[3.76300494, -0.0, 0.0], [-1.88150297, 3.25885793, 0.0], [-0.0, 0.0, 23.069546]], "volume": 282.9041147025482, "beta": 90.0, "alpha": 90.0, "gamma": 120.0000061561416}, "sites": [{"label": "Rh", "xyz": [0.0, 0.0, 0.0], "abc": [0.0, 0.0, 0.0], "species": [{"occu": 1, "element": "Rh"}], "properties": {"magmom": 0.6880000000000001}}, {"label": "Br", "xyz": [1.8815041848359702, 1.086284890380689, 1.42864669216972], "abc": [0.666667, 0.333333, 0.06192782], "species": [{"occu": 1, "element": "Br"}], "properties": {"magmom": 0.094}}, {"label": "Br", "xyz": [-2.21483597009591e-06, 2.17257303961931, 21.64089930783028], "abc": [0.333333, 0.666667, 0.93807218], "species": [{"occu": 1, "element": "Br"}], "properties": {"magmom": 0.094}}], "@class": "Structure", "@module": "pymatgen.core.structure"}