{"lattice": {"a": 3.538425637545946, "c": 22.957399000000578, "b": 3.52986922910682, "matrix": [[3.53842319, 0.00416184, -6.9e-07], [0.0041835200000000005, 3.52986675, 1.6e-07], [-4.91e-06, 1.57e-06, 22.957399]], "volume": 286.7412412921616, "beta": 90.00002342227386, "alpha": 89.99999349913666, "gamma": 89.86470394033903}, "sites": [{"label": "Mg", "xyz": [1.773394041253997, 3.531948166097892, 9.817348338360482], "abc": [0.50000029, 0.99999995, 0.42763331], "species": [{"occu": 1, "element": "Mg"}], "properties": {"magmom": 0.003}}, {"label": "Mg", "xyz": [3.540512868357966, 1.7690965325665071, 7.9174305335331905], "abc": [0.99999989, 0.50000022, 0.34487492000000003], "species": [{"occu": 1, "element": "Mg"}], "properties": {"magmom": 0.002}}, {"label": "N", "xyz": [3.542604174590016, 3.53402859600014, 8.873350306884326], "abc": [0.99999982, 0.99999983, 0.38651377000000003], "species": [{"occu": 1, "element": "N"}], "properties": {"magmom": 0.02}}], "@class": "Structure", "@module": "pymatgen.core.structure"}