{"lattice": {"a": 3.68660087, "c": 23.530221, "b": 3.68660087, "matrix": [[3.68660087, 0.0, 0.0], [0.0, 3.68660087, 0.0], [0.0, 0.0, 23.530221]], "volume": 319.7998448010727, "beta": 90.0, "alpha": 90.0, "gamma": 90.0}, "sites": [{"label": "Au", "xyz": [1.8433004350000002, 1.8433004350000002, 0.0], "abc": [0.5, 0.5, -0.0], "species": [{"occu": 1, "element": "Au"}], "properties": {"magmom": 0.261}}, {"label": "Cl", "xyz": [1.8433004350000002, 0.0, 1.63629086243337], "abc": [0.5, 0.0, 0.06953997], "species": [{"occu": 1, "element": "Cl"}], "properties": {"magmom": 0.171}}, {"label": "Cl", "xyz": [0.0, 1.8433004350000002, 21.89390660734563], "abc": [0.0, 0.5, 0.93045903], "species": [{"occu": 1, "element": "Cl"}], "properties": {"magmom": 0.085}}], "@class": "Structure", "@module": "pymatgen.core.structure"}