{"lattice": {"a": 3.811284, "c": 23.73272, "b": 3.811284703483853, "matrix": [[3.811284, 0.0, 0.0], [-1.905643, 3.300669, 0.0], [0.0, 0.0, 23.73272]], "volume": 298.5525613201764, "beta": 90.0, "alpha": 90.0, "gamma": 120.00001125300643}, "sites": [{"label": "Si", "xyz": [0.0, 0.0, 8.358663984], "abc": [0.0, 0.0, 0.3522], "species": [{"occu": 1, "element": "Si"}], "properties": {"magmom": 0.0}}, {"label": "Cl", "xyz": [1.905643572309, 1.100221899777, 6.873351702800001], "abc": [0.666667, 0.333333, 0.289615], "species": [{"occu": 1, "element": "Cl"}], "properties": {"magmom": -0.0}}, {"label": "Cl", "xyz": [-2.572309000022401e-06, 2.200447100223, 9.84388133432], "abc": [0.333333, 0.666667, 0.41478099999999996], "species": [{"occu": 1, "element": "Cl"}], "properties": {"magmom": -0.0}}], "@class": "Structure", "@module": "pymatgen.core.structure"}