{"lattice": {"a": 4.29099342, "c": 25.130912, "b": 4.2909928144820935, "matrix": [[4.29099342, 0.0, 0.0], [-2.14549671, 3.71610861, 0.0], [-0.0, 0.0, 25.130912]], "volume": 400.73243609244594, "beta": 90.0, "alpha": 90.0, "gamma": 120.000004668004}, "sites": [{"label": "In", "xyz": [0.0, 0.0, 7.795709426047999], "abc": [0.0, 0.0, 0.310204], "species": [{"occu": 1, "element": "In"}], "properties": {"magmom": 0.0}}, {"label": "In", "xyz": [-2.145496710067842e-06, 2.47740697870287, 5.2953797031616], "abc": [0.333333, 0.666667, 0.21071179999999998], "species": [{"occu": 1, "element": "In"}], "properties": {"magmom": 0.0}}, {"label": "In", "xyz": [-2.145496710067842e-06, 2.47740697870287, 10.296014018022401], "abc": [0.333333, 0.666667, 0.4096952], "species": [{"occu": 1, "element": "In"}], "properties": {"magmom": 0.0}}, {"label": "Co", "xyz": [-2.145496710067842e-06, 2.47740697870287, 7.795709426047999], "abc": [0.333333, 0.666667, 0.310204], "species": [{"occu": 1, "element": "Co"}], "properties": {"magmom": 0.0}}], "@class": "Structure", "@module": "pymatgen.core.structure"}