{"lattice": {"a": 2.977366693803466, "c": 22.480226349860764, "b": 4.019751125361859, "matrix": [[2.97615295, 0.0062368, -0.08477706], [-0.00910894, 4.01842144, -0.10298188], [0.03706954, -0.08383059, 22.48003948]], "volume": 268.8367357552024, "beta": 91.53760803460378, "alpha": 91.68189217440441, "gamma": 89.9680064683315}, "sites": [{"label": "As", "xyz": [1.898881409075027, 3.105999221800262, 5.437360546165913], "abc": [0.63732373, 0.77712128, 0.24783855000000002], "species": [{"occu": 1, "element": "As"}], "properties": {"magmom": 0.0}}, {"label": "As", "xyz": [0.353832272227365, 1.038602065729334, 3.362736477057191], "abc": [0.11780565, 0.26143226, 0.15122956], "species": [{"occu": 1, "element": "As"}], "properties": {"magmom": 0.0}}, {"label": "N", "xyz": [1.848459820039964, 3.9645725572384833, 3.683733123566916], "abc": [0.6219912, 0.98919612, 0.17074405], "species": [{"occu": 1, "element": "N"}], "properties": {"magmom": -0.0}}, {"label": "N", "xyz": [0.401487691925473, 1.985548846721414, 5.07094952521256], "abc": [0.13358342, 0.49866835000000004, 0.22836384], "species": [{"occu": 1, "element": "N"}], "properties": {"magmom": -0.0}}], "@class": "Structure", "@module": "pymatgen.core.structure"}