{"lattice": {"a": 3.2510181400000002, "c": 23.19661, "b": 3.251017934402077, "matrix": [[3.2510181400000002, -0.0, -0.0], [-1.6255090700000001, 2.81546406, 0.0], [-0.0, -0.0, 23.19661]], "volume": 212.32146467977066, "beta": 90.0, "alpha": 90.0, "gamma": 120.00000209199848}, "sites": [{"label": "Hf", "xyz": [0.0, 0.0, 0.0], "abc": [0.0, 0.0, -0.0], "species": [{"occu": 1, "element": "Hf"}], "properties": {"magmom": -0.0}}, {"label": "Cl", "xyz": [1.6255106955090701, 0.93848708151198, 21.3737192489804], "abc": [0.666667, 0.333333, 0.92141564], "species": [{"occu": 1, "element": "Cl"}], "properties": {"magmom": 0.0}}, {"label": "Cl", "xyz": [-1.6255090700245568e-06, 1.87697697848802, 1.8228907510196], "abc": [0.333333, 0.666667, 0.07858436], "species": [{"occu": 1, "element": "Cl"}], "properties": {"magmom": 0.0}}], "@class": "Structure", "@module": "pymatgen.core.structure"}