{"lattice": {"a": 3.60813, "c": 22.592014, "b": 3.60813, "matrix": [[3.60813, 0.0, 0.0], [0.0, 3.60813, 0.0], [0.0, 0.0, 22.592014]], "volume": 294.11644083359414, "beta": 90.0, "alpha": 90.0, "gamma": 90.0}, "sites": [{"label": "Sm", "xyz": [0.0, 0.0, 0.0], "abc": [0.0, 0.0, 0.0], "species": [{"occu": 1, "element": "Sm"}], "properties": {"magmom": 0.0}}, {"label": "C", "xyz": [1.804065, 1.804065, 0.648684497981999], "abc": [0.5, 0.5, 0.028713], "species": [{"occu": 1, "element": "C"}], "properties": {"magmom": -0.0}}, {"label": "C", "xyz": [1.804065, 1.804065, 21.943329502018], "abc": [0.5, 0.5, 0.971287], "species": [{"occu": 1, "element": "C"}], "properties": {"magmom": -0.0}}], "@class": "Structure", "@module": "pymatgen.core.structure"}