{"lattice": {"a": 3.49539035, "c": 23.33089924, "b": 3.63245729, "matrix": [[3.49539035, -0.0, 0.0], [-0.0, 3.63245729, 0.0], [0.0, 0.0, 23.33089924]], "volume": 296.22907169297775, "beta": 90.0, "alpha": 90.0, "gamma": 90.0}, "sites": [{"label": "V", "xyz": [0.0, 0.0, 11.66544962], "abc": [-0.0, -0.0, 0.5], "species": [{"occu": 1, "element": "V"}], "properties": {"magmom": 1.12}}, {"label": "Cl", "xyz": [1.747695175, 0.0, 9.997044183353019], "abc": [0.5, 0.0, 0.42848945], "species": [{"occu": 1, "element": "Cl"}], "properties": {"magmom": -0.027}}, {"label": "Cl", "xyz": [1.747695175, 0.0, 13.333855056646982], "abc": [0.5, 0.0, 0.5715105500000001], "species": [{"occu": 1, "element": "Cl"}], "properties": {"magmom": -0.027}}, {"label": "O", "xyz": [0.0, 1.816228645, 11.66544962], "abc": [-0.0, 0.5, 0.5], "species": [{"occu": 1, "element": "O"}], "properties": {"magmom": -0.117}}], "@class": "Structure", "@module": "pymatgen.core.structure"}