{"lattice": {"a": 3.582492250021204, "c": 20.000000000128193, "b": 3.5824924334031243, "matrix": [[3.58249225, -5.4e-06, -1.1080000000000002e-05], [-1.7912507999999998, 3.10252681, 1.1010000000000001e-05], [-6.220000000000001e-05, 3.5480000000000006e-05, 20.0]], "volume": 222.2953715869246, "beta": 90.00035539550142, "alpha": 89.99964679380278, "gamma": 120.00017100597861}, "sites": [{"label": "In", "xyz": [-2.9700711807562013e-05, 2.068364609497683, 7.707020846677454], "abc": [0.33333285, 0.66666716, 0.38535086], "species": [{"occu": 1, "element": "In"}], "properties": {"magmom": -0.0}}, {"label": "N", "xyz": [-2.31463597425e-05, 1.3176704867600001e-05, 7.707502799996576], "abc": [1.5e-07, -1.6e-07, 0.38537514], "species": [{"occu": 1, "element": "N"}], "properties": {"magmom": -0.0}}], "@class": "Structure", "@module": "pymatgen.core.structure"}