{"lattice": {"a": 3.890121001852899, "c": 24.159589000012627, "b": 3.8901467425786143, "matrix": [[3.8901209999999997, -0.00012000000000000002, 4e-06], [-1.9451649999999998, 3.368913, -1e-06], [2.3e-05, 9e-06, 24.159589]], "volume": 316.6173519979756, "beta": 89.99988654077124, "alpha": 90.00002351844998, "gamma": 120.00332575971896}, "sites": [{"label": "Be", "xyz": [1.6384993e-05, 6.411519e-06, 17.211073767299002], "abc": [0.0, 0.0, 0.712391], "species": [{"occu": 1, "element": "Be"}], "properties": {"magmom": 0.0}}, {"label": "Be", "xyz": [1.4543222000000002e-05, 5.690826000000001e-06, 15.276446358946002], "abc": [0.0, 0.0, 0.6323139999999999], "species": [{"occu": 1, "element": "Be"}], "properties": {"magmom": 0.0}}, {"label": "Cu", "xyz": [-6.392988799987473e-05, 2.245915911432, 16.241888361634], "abc": [0.33333199999999996, 0.666669, 0.672275], "species": [{"occu": 1, "element": "Cu"}], "properties": {"magmom": 0.0}}, {"label": "Cu", "xyz": [1.945054744613, 1.12288918938, 16.241841709142], "abc": [0.666669, 0.333331, 0.672273], "species": [{"occu": 1, "element": "Cu"}], "properties": {"magmom": 0.0}}], "@class": "Structure", "@module": "pymatgen.core.structure"}