{"lattice": {"a": 3.285608, "c": 24.445951, "b": 3.285608004436317, "matrix": [[3.285608, 0.0, 0.0], [-1.642804, 2.84542, 0.0], [0.0, 0.0, 24.445951]], "volume": 228.54359995388947, "beta": 90.0, "alpha": 90.0, "gamma": 119.99999995533484}, "sites": [{"label": "Sr", "xyz": [0.0, 0.0, 5.608365632469001], "abc": [0.0, 0.0, 0.22941899999999998], "species": [{"occu": 1, "element": "Sr"}], "properties": {"magmom": 0.0}}, {"label": "Si", "xyz": [-1.64280399997981e-06, 1.89694761514, 3.008538743619], "abc": [0.333333, 0.666667, 0.123069], "species": [{"occu": 1, "element": "Si"}], "properties": {"magmom": -0.0}}, {"label": "Si", "xyz": [1.642805642803999, 0.94847238486, 8.208192521319], "abc": [0.666667, 0.333333, 0.335769], "species": [{"occu": 1, "element": "Si"}], "properties": {"magmom": 0.0}}], "@class": "Structure", "@module": "pymatgen.core.structure"}