{"lattice": {"a": 3.95935, "c": 23.042555, "b": 3.7670529999999998, "matrix": [[3.95935, 0.0, 0.0], [0.0, 3.7670529999999998, 0.0], [0.0, 0.0, 23.042555]], "volume": 343.68158108218216, "beta": 90.0, "alpha": 90.0, "gamma": 90.0}, "sites": [{"label": "Au", "xyz": [0.0, 0.94176325, 22.011400663750003], "abc": [0.0, 0.25, 0.95525], "species": [{"occu": 1, "element": "Au"}], "properties": {"magmom": -0.0}}, {"label": "Au", "xyz": [0.0, 2.82528975, 1.03115433625], "abc": [0.0, 0.75, 0.044750000000000005], "species": [{"occu": 1, "element": "Au"}], "properties": {"magmom": -0.0}}, {"label": "Br", "xyz": [1.9796749999999999, 2.82528975, 21.21873677175], "abc": [0.5, 0.75, 0.9208500000000001], "species": [{"occu": 1, "element": "Br"}], "properties": {"magmom": -0.0}}, {"label": "Br", "xyz": [1.9796749999999999, 0.94176325, 1.823795185694999], "abc": [0.5, 0.25, 0.079149], "species": [{"occu": 1, "element": "Br"}], "properties": {"magmom": -0.0}}], "@class": "Structure", "@module": "pymatgen.core.structure"}