{"lattice": {"a": 3.33010843, "c": 23.942319, "b": 3.33010843, "matrix": [[3.33010843, 0.0, 0.0], [0.0, 3.33010843, 0.0], [0.0, 0.0, 23.942319]], "volume": 265.5112712378149, "beta": 90.0, "alpha": 90.0, "gamma": 90.0}, "sites": [{"label": "B", "xyz": [0.0, 0.0, 0.0], "abc": [-0.0, 0.0, 0.0], "species": [{"occu": 1, "element": "B"}], "properties": {"magmom": 0.0}}, {"label": "B", "xyz": [1.665054215, 1.665054215, 0.0], "abc": [0.5, 0.5, -0.0], "species": [{"occu": 1, "element": "B"}], "properties": {"magmom": 0.0}}, {"label": "As", "xyz": [1.665054215, 0.0, 22.54411031560305], "abc": [0.5, -0.0, 0.94160095], "species": [{"occu": 1, "element": "As"}], "properties": {"magmom": -0.0}}, {"label": "As", "xyz": [0.0, 1.665054215, 1.3982086843969501], "abc": [-0.0, 0.5, 0.05839905], "species": [{"occu": 1, "element": "As"}], "properties": {"magmom": -0.0}}], "@class": "Structure", "@module": "pymatgen.core.structure"}