{"lattice": {"a": 4.80222935, "c": 23.013137, "b": 4.802229411476995, "matrix": [[4.80222935, -0.0, -0.0], [-2.40111468, 4.15885268, 0.0], [-0.0, -0.0, 23.013137]], "volume": 459.6129503200616, "beta": 90.0, "alpha": 90.0, "gamma": 119.99999964540527}, "sites": [{"label": "Sr", "xyz": [-2.4044480099873874e-06, 2.7725698396175593, 1.7114577720060091], "abc": [0.333333, 0.666667, 0.07436873000000001], "species": [{"occu": 1, "element": "Sr"}], "properties": {"magmom": 0.015}}, {"label": "Sr", "xyz": [2.40111707444801, 1.386282840382439, 21.30167922799399], "abc": [0.666667, 0.333333, 0.92563127], "species": [{"occu": 1, "element": "Sr"}], "properties": {"magmom": 0.015}}, {"label": "Sb", "xyz": [0.0, 0.0, 0.0], "abc": [0.0, -0.0, 0.0], "species": [{"occu": 1, "element": "Sb"}], "properties": {"magmom": 0.007}}], "@class": "Structure", "@module": "pymatgen.core.structure"}