{"lattice": {"a": 2.87317329, "c": 26.632414, "b": 2.87317329, "matrix": [[2.87317329, 0.0, 0.0], [0.0, 2.87317329, 0.0], [0.0, 0.0, 26.632414]], "volume": 219.85390008001482, "beta": 90.0, "alpha": 90.0, "gamma": 90.0}, "sites": [{"label": "Ti", "xyz": [1.436586645, 0.0, 14.27256952966408], "abc": [0.5, -0.0, 0.53590972], "species": [{"occu": 1, "element": "Ti"}], "properties": {"magmom": 0.061}}, {"label": "Ti", "xyz": [0.0, 1.436586645, 12.35984447033592], "abc": [-0.0, 0.5, 0.46409028], "species": [{"occu": 1, "element": "Ti"}], "properties": {"magmom": 0.061}}, {"label": "Cd", "xyz": [1.436586645, 0.0, 10.01627087028136], "abc": [0.5, 0.0, 0.37609324], "species": [{"occu": 1, "element": "Cd"}], "properties": {"magmom": 0.004}}, {"label": "Cd", "xyz": [0.0, 1.436586645, 16.61614312971864], "abc": [0.0, 0.5, 0.62390676], "species": [{"occu": 1, "element": "Cd"}], "properties": {"magmom": 0.004}}], "@class": "Structure", "@module": "pymatgen.core.structure"}