{"lattice": {"a": 3.51404318763694, "c": 23.66238, "b": 3.514043386179408, "matrix": [[3.48258613, 0.4691411, 0.0], [-0.24459719, 3.50552038, 0.0], [0.0, 0.0, 23.66238]], "volume": 291.59215350658184, "beta": 90.0, "alpha": 90.0, "gamma": 86.31917617323349}, "sites": [{"label": "Te", "xyz": [2.428491705, 2.98099611, 9.3782927924784], "abc": [0.75, 0.75, 0.39633768], "species": [{"occu": 1, "element": "Te"}], "properties": {"magmom": -0.0}}, {"label": "Te", "xyz": [0.809497235, 0.99366537, 14.2840872075216], "abc": [0.25, 0.25, 0.60366232], "species": [{"occu": 1, "element": "Te"}], "properties": {"magmom": -0.0}}, {"label": "Ru", "xyz": [-0.12229859500000001, 1.75276019, 11.83119], "abc": [-0.0, 0.5, 0.5], "species": [{"occu": 1, "element": "Ru"}], "properties": {"magmom": -0.0}}, {"label": "Ru", "xyz": [1.741293065, 0.23457055000000002, 11.83119], "abc": [0.5, 0.0, 0.5], "species": [{"occu": 1, "element": "Ru"}], "properties": {"magmom": -0.0}}], "@class": "Structure", "@module": "pymatgen.core.structure"}