{"lattice": {"a": 3.25377768, "c": 25.019273, "b": 3.2537778117901413, "matrix": [[3.25377768, -0.0, 0.0], [-1.62688834, 2.81785457, -0.0], [0.0, 0.0, 25.019273]], "volume": 229.39351545514097, "beta": 90.0, "alpha": 90.0, "gamma": 119.99998849358607}, "sites": [{"label": "B", "xyz": [0.0, 0.0, 17.57221508662195], "abc": [0.0, 0.0, 0.70234715], "species": [{"occu": 1, "element": "B"}], "properties": {"magmom": 0.0}}, {"label": "B", "xyz": [0.0, 0.0, 19.27892230780805], "abc": [0.0, -0.0, 0.77056285], "species": [{"occu": 1, "element": "B"}], "properties": {"magmom": 0.0}}, {"label": "Se", "xyz": [1.6268906335553401, 0.93928391738181, 20.22405111523424], "abc": [0.666667, 0.333333, 0.80833888], "species": [{"occu": 1, "element": "Se"}], "properties": {"magmom": 0.0}}, {"label": "Se", "xyz": [1.6268906335553401, 0.93928391738181, 16.62708627919576], "abc": [0.666667, 0.333333, 0.66457112], "species": [{"occu": 1, "element": "Se"}], "properties": {"magmom": -0.0}}], "@class": "Structure", "@module": "pymatgen.core.structure"}