{"lattice": {"a": 2.770729, "c": 22.696945, "b": 2.770729, "matrix": [[2.770729, 0.0, 0.0], [0.0, 2.770729, 0.0], [0.0, 0.0, 22.696945]], "volume": 174.24306659648087, "beta": 90.0, "alpha": 90.0, "gamma": 90.0}, "sites": [{"label": "B", "xyz": [0.0, 0.0, 9.340814230025], "abc": [0.0, 0.0, 0.411545], "species": [{"occu": 1, "element": "B"}], "properties": {"magmom": 0.002}}, {"label": "B", "xyz": [0.0, 0.0, 7.330681993045], "abc": [0.0, 0.0, 0.32298099999999996], "species": [{"occu": 1, "element": "B"}], "properties": {"magmom": 0.002}}, {"label": "Ru", "xyz": [1.3853645, 1.3853645, 8.335748111535], "abc": [0.5, 0.5, 0.367263], "species": [{"occu": 1, "element": "Ru"}], "properties": {"magmom": 0.001}}], "@class": "Structure", "@module": "pymatgen.core.structure"}