{"lattice": {"a": 4.00242814, "c": 28.784137, "b": 4.002427710397974, "matrix": [[4.00242814, -0.0, 0.0], [-2.00121407, 3.46620395, 0.0], [0.0, 0.0, 28.784137]], "volume": 399.3290170967836, "beta": 90.0, "alpha": 90.0, "gamma": 120.00000355062527}, "sites": [{"label": "Sr", "xyz": [-2.001214070027976e-06, 2.31080378873465, 10.54433948775979], "abc": [0.333333, 0.666667, 0.36632467], "species": [{"occu": 1, "element": "Sr"}], "properties": {"magmom": -0.0}}, {"label": "Sr", "xyz": [2.00121607121407, 1.15540016126535, 18.23979751224021], "abc": [0.666667, 0.333333, 0.63367533], "species": [{"occu": 1, "element": "Sr"}], "properties": {"magmom": -0.0}}, {"label": "Mg", "xyz": [2.00121607121407, 1.15540016126535, 13.31051549019706], "abc": [0.666667, 0.333333, 0.46242538], "species": [{"occu": 1, "element": "Mg"}], "properties": {"magmom": -0.0}}, {"label": "Mg", "xyz": [-2.001214070027976e-06, 2.31080378873465, 15.47362150980294], "abc": [0.333333, 0.666667, 0.53757462], "species": [{"occu": 1, "element": "Mg"}], "properties": {"magmom": -0.0}}], "@class": "Structure", "@module": "pymatgen.core.structure"}