{"lattice": {"a": 3.16617825, "c": 20.0, "b": 4.81904765, "matrix": [[3.16617825, 0.0, 0.0], [0.0, 4.81904765, 0.0], [0.0, 0.0, 20.0]], "volume": 305.15927710287224, "beta": 90.0, "alpha": 90.0, "gamma": 90.0}, "sites": [{"label": "Mg", "xyz": [0.0, 4.378558069646959, 10.0], "abc": [-0.0, 0.90859406, 0.5], "species": [{"occu": 1, "element": "Mg"}], "properties": {"magmom": 0.0}}, {"label": "Sn", "xyz": [1.5830891249999999, 1.969101133028341, 10.0], "abc": [0.5, 0.40860794, 0.5], "species": [{"occu": 1, "element": "Sn"}], "properties": {"magmom": -0.0}}], "@class": "Structure", "@module": "pymatgen.core.structure"}