{"lattice": {"a": 4.30076658, "c": 21.250951, "b": 4.300766602493175, "matrix": [[4.30076658, 0.0, -0.0], [-2.15038329, 3.72457314, 0.0], [0.0, -0.0, 21.250951]], "volume": 340.40877692437107, "beta": 90.0, "alpha": 90.0, "gamma": 119.99999982699173}, "sites": [{"label": "Tl", "xyz": [0.0, 0.0, 1.6784808635938], "abc": [-0.0, 0.0, 0.07898379999999999], "species": [{"occu": 1, "element": "Tl"}], "properties": {"magmom": 0.165}}, {"label": "S", "xyz": [2.15038544038329, 1.24152313847562, 2.7822850098652], "abc": [0.666667, 0.333333, 0.1309252], "species": [{"occu": 1, "element": "S"}], "properties": {"magmom": 0.439}}], "@class": "Structure", "@module": "pymatgen.core.structure"}