{"lattice": {"a": 3.34388479, "c": 24.915313, "b": 3.461831916334596, "matrix": [[3.34388479, -2e-08, 0.0], [-1.67194195, 3.03131825, 0.0], [0.0, 0.0, 24.915313]], "volume": 252.55105438496008, "beta": 90.0, "alpha": 90.0, "gamma": 118.87919874935511}, "sites": [{"label": "Dy", "xyz": [0.0, 0.0, 12.4576565], "abc": [0.0, 0.0, 0.5], "species": [{"occu": 1, "element": "Dy"}], "properties": {"magmom": -0.001}}, {"label": "Sb", "xyz": [-0.8359709750000001, 1.515659125, 9.846333122555391], "abc": [0.0, 0.5, 0.39519203], "species": [{"occu": 1, "element": "Sb"}], "properties": {"magmom": 0.0}}, {"label": "Sb", "xyz": [0.83597142, 1.515659115, 15.06897987744461], "abc": [0.5, 0.5, 0.60480797], "species": [{"occu": 1, "element": "Sb"}], "properties": {"magmom": -0.0}}], "@class": "Structure", "@module": "pymatgen.core.structure"}