{"lattice": {"a": 3.87590945, "c": 20.688228, "b": 3.875456273297627, "matrix": [[3.87590945, 0.0, 0.0], [-1.93795473, 3.35611275, 0.0], [0.0, 0.0, 20.688228]], "volume": 269.11224479794726, "beta": 90.0, "alpha": 90.0, "gamma": 120.00386834132097}, "sites": [{"label": "Si", "xyz": [1.93795472166678, 2.2373320253774702, 10.0902270315726], "abc": [0.83332194, 0.66664388, 0.48772795], "species": [{"occu": 1, "element": "Si"}], "properties": {"magmom": 0.0}}, {"label": "Si", "xyz": [3.874242669430576e-06, 1.118780724622529, 10.5980009684274], "abc": [0.16667906, 0.33335612000000003, 0.51227205], "species": [{"occu": 1, "element": "Si"}], "properties": {"magmom": 0.0}}], "@class": "Structure", "@module": "pymatgen.core.structure"}