{"lattice": {"a": 3.44516409, "c": 23.354627, "b": 3.44516409, "matrix": [[3.44516409, 0.0, 0.0], [0.0, 3.44516409, 0.0], [0.0, 0.0, 23.354627]], "volume": 277.1997020070398, "beta": 90.0, "alpha": 90.0, "gamma": 90.0}, "sites": [{"label": "Cr", "xyz": [1.722582045, 1.722582045, 0.0], "abc": [0.5, 0.5, -0.0], "species": [{"occu": 1, "element": "Cr"}], "properties": {"magmom": -0.352}}, {"label": "Cr", "xyz": [0.0, 0.0, 0.0], "abc": [0.0, -0.0, 0.0], "species": [{"occu": 1, "element": "Cr"}], "properties": {"magmom": -0.352}}, {"label": "S", "xyz": [1.722582045, 0.0, 1.53801942817754], "abc": [0.5, 0.0, 0.06585502], "species": [{"occu": 1, "element": "S"}], "properties": {"magmom": 0.023}}, {"label": "S", "xyz": [0.0, 1.722582045, 21.816607571822463], "abc": [-0.0, 0.5, 0.93414498], "species": [{"occu": 1, "element": "S"}], "properties": {"magmom": 0.023}}], "@class": "Structure", "@module": "pymatgen.core.structure"}