{"lattice": {"a": 3.18451863, "c": 22.983646, "b": 3.184518206064929, "matrix": [[3.18451863, 0.0, 0.0], [-1.5922593200000001, 2.7578735400000003, 0.0], [0.0, 0.0, 22.983646]], "volume": 201.85386334866388, "beta": 90.0, "alpha": 90.0, "gamma": 120.00000450757572}, "sites": [{"label": "V", "xyz": [-1.5955926501117692e-06, 1.838583279291179, 11.491823], "abc": [0.333333, 0.666667, 0.5], "species": [{"occu": 1, "element": "V"}], "properties": {"magmom": 0.9470000000000001}}, {"label": "S", "xyz": [0.0, 0.0, 9.99830109464676], "abc": [0.0, 0.0, 0.43501806], "species": [{"occu": 1, "element": "S"}], "properties": {"magmom": -0.046}}, {"label": "S", "xyz": [0.0, 0.0, 12.98534490535324], "abc": [0.0, 0.0, 0.56498194], "species": [{"occu": 1, "element": "S"}], "properties": {"magmom": -0.046}}], "@class": "Structure", "@module": "pymatgen.core.structure"}