{"lattice": {"a": 3.984016, "c": 22.422642, "b": 3.984016, "matrix": [[3.984016, 0.0, 0.0], [0.0, 3.984016, 0.0], [0.0, 0.0, 22.422642]], "volume": 355.9007726438755, "beta": 90.0, "alpha": 90.0, "gamma": 90.0}, "sites": [{"label": "Ru", "xyz": [1.992008, 1.992008, 0.0], "abc": [0.5, 0.5, 0.0], "species": [{"occu": 1, "element": "Ru"}], "properties": {"magmom": -0.0}}, {"label": "Ru", "xyz": [0.0, 0.0, 0.0], "abc": [0.0, 0.0, 0.0], "species": [{"occu": 1, "element": "Ru"}], "properties": {"magmom": -0.0}}, {"label": "Se", "xyz": [0.0, 1.992008, 21.01517276166], "abc": [0.0, 0.5, 0.9372300000000001], "species": [{"occu": 1, "element": "Se"}], "properties": {"magmom": -0.0}}, {"label": "Se", "xyz": [1.992008, 0.0, 1.40746923834], "abc": [0.5, 0.0, 0.06277], "species": [{"occu": 1, "element": "Se"}], "properties": {"magmom": 0.0}}], "@class": "Structure", "@module": "pymatgen.core.structure"}