{"lattice": {"a": 4.16920176, "c": 25.68577998, "b": 4.169199975928271, "matrix": [[4.16920176, 7e-08, 0.0], [-2.08459975, 3.61063323, 0.0], [0.0, 0.0, 25.68577998]], "volume": 386.6598245911812, "beta": 90.0, "alpha": 90.0, "gamma": 119.99999526185285}, "sites": [{"label": "In", "xyz": [0.0, 0.0, 14.507055492862811], "abc": [0.0, 0.0, 0.56478937], "species": [{"occu": 1, "element": "In"}], "properties": {"magmom": 0.0}}, {"label": "In", "xyz": [0.0, 0.0, 20.00402457312545], "abc": [0.0, 0.0, 0.77879763], "species": [{"occu": 1, "element": "In"}], "properties": {"magmom": 0.0}}, {"label": "Se", "xyz": [-1.331267170248606e-06, 2.40709004687772, 18.57704952518975], "abc": [0.333333, 0.666667, 0.72324257], "species": [{"occu": 1, "element": "Se"}], "properties": {"magmom": 0.0}}, {"label": "Se", "xyz": [-1.331267170248606e-06, 2.40709004687772, 15.93403054079851], "abc": [0.333333, 0.666667, 0.6203444300000001], "species": [{"occu": 1, "element": "Se"}], "properties": {"magmom": 0.0}}], "@class": "Structure", "@module": "pymatgen.core.structure"}