{"lattice": {"a": 3.471662, "c": 22.641327, "b": 3.471662445697305, "matrix": [[3.471662, 0.0, 0.0], [-1.7358310000000001, 3.006548, 0.0], [0.0, 0.0, 22.641327]], "volume": 236.3237963968222, "beta": 90.0, "alpha": 90.0, "gamma": 119.99999575317356}, "sites": [{"label": "Mn", "xyz": [0.0, 0.0, 0.0], "abc": [0.0, 0.0, 0.0], "species": [{"occu": 1, "element": "Mn"}], "properties": {"magmom": 2.884}}, {"label": "Se", "xyz": [1.735832735830999, 1.002181664484, 1.448048709612], "abc": [0.666667, 0.333333, 0.063956], "species": [{"occu": 1, "element": "Se"}], "properties": {"magmom": -0.07200000000000001}}, {"label": "Se", "xyz": [-1.7358310001234919e-06, 2.004366335516, 21.193278290388], "abc": [0.333333, 0.666667, 0.936044], "species": [{"occu": 1, "element": "Se"}], "properties": {"magmom": -0.07200000000000001}}], "@class": "Structure", "@module": "pymatgen.core.structure"}