{"lattice": {"a": 4.484531285487926, "c": 23.39917607455519, "b": 6.268355525689812, "matrix": [[4.398114, -0.0026100000000000003, 0.8761319999999999], [1.993213, 5.744346, 1.523769], [-0.046883999999999995, -0.068786, 23.399028]], "volume": 591.8585300352509, "beta": 78.84855365309426, "alpha": 76.12782946382802, "gamma": 68.97280122189126}, "sites": [{"label": "Tl", "xyz": [5.402039641658, 4.305704635302, 6.722282545194], "abc": [0.8894559999999999, 0.7524139999999999, 0.204987], "species": [{"occu": 1, "element": "Tl"}], "properties": {"magmom": 0.0}}, {"label": "Tl", "xyz": [0.968600777906, 1.405680986704, 6.001948180218], "abc": [0.11054399999999999, 0.247586, 0.23624199999999998], "species": [{"occu": 1, "element": "Tl"}], "properties": {"magmom": 0.0}}, {"label": "Te", "xyz": [2.899733145672, 0.020909300242000002, 7.781096704896], "abc": [0.6591359999999999, 0.007620000000000001, 0.307363], "species": [{"occu": 1, "element": "Te"}], "properties": {"magmom": 0.0}}, {"label": "Te", "xyz": [3.470905280679, 5.690470577418001, 4.943132496747], "abc": [0.340864, 0.9923789999999999, 0.13386599999999999], "species": [{"occu": 1, "element": "Te"}], "properties": {"magmom": 0.0}}], "@class": "Structure", "@module": "pymatgen.core.structure"}