{"lattice": {"a": 4.0659796, "c": 23.983674, "b": 4.0659796, "matrix": [[4.0659796, 0.0, 0.0], [0.0, 4.0659796, 0.0], [0.0, 0.0, 23.983674]], "volume": 396.50265804709096, "beta": 90.0, "alpha": 90.0, "gamma": 90.0}, "sites": [{"label": "Ba", "xyz": [2.0329898, 2.0329898, 17.164083224471042], "abc": [0.5, 0.5, 0.71565696], "species": [{"occu": 1, "element": "Ba"}], "properties": {"magmom": -0.0}}, {"label": "Ba", "xyz": [2.0329898, 2.0329898, 13.36120981005096], "abc": [0.5, 0.5, 0.55709604], "species": [{"occu": 1, "element": "Ba"}], "properties": {"magmom": -0.0}}, {"label": "Zn", "xyz": [0.0, 0.0, 15.262658509098], "abc": [0.0, 0.0, 0.636377], "species": [{"occu": 1, "element": "Zn"}], "properties": {"magmom": 0.0}}], "@class": "Structure", "@module": "pymatgen.core.structure"}