{"lattice": {"a": 3.47520056, "c": 22.997972, "b": 3.988321393265756, "matrix": [[3.47520056, 0.0, 0.0], [-1.73760028, 3.58990986, 0.0], [0.0, 0.0, 22.997972]], "volume": 286.91480475199427, "beta": 90.0, "alpha": 90.0, "gamma": 115.82806712924106}, "sites": [{"label": "Cu", "xyz": [0.0, 0.0, 11.498986], "abc": [-0.0, -0.0, 0.5], "species": [{"occu": 1, "element": "Cu"}], "properties": {"magmom": 0.293}}, {"label": "Br", "xyz": [5.944141311156273e-17, 2.850142232821801, 9.977012410200802], "abc": [0.39696571, 0.79393142, 0.43382139999999997], "species": [{"occu": 1, "element": "Br"}], "properties": {"magmom": 0.137}}, {"label": "Br", "xyz": [1.73760028, 0.7397676271781981, 13.0209595897992], "abc": [0.60303429, 0.20606858, 0.5661786], "species": [{"occu": 1, "element": "Br"}], "properties": {"magmom": 0.137}}], "@class": "Structure", "@module": "pymatgen.core.structure"}