{"lattice": {"a": 3.94525117, "c": 23.448734, "b": 3.94525117, "matrix": [[3.94525117, 0.0, 0.0], [0.0, 3.94525117, 0.0], [0.0, 0.0, 23.448734]], "volume": 364.9797040297587, "beta": 90.0, "alpha": 90.0, "gamma": 90.0}, "sites": [{"label": "Nb", "xyz": [0.0, 0.0, 0.0], "abc": [0.0, 0.0, 0.0], "species": [{"occu": 1, "element": "Nb"}], "properties": {"magmom": 0.001}}, {"label": "Nb", "xyz": [1.972625585, 1.972625585, 0.0], "abc": [0.5, 0.5, 0.0], "species": [{"occu": 1, "element": "Nb"}], "properties": {"magmom": -0.003}}, {"label": "Te", "xyz": [1.972625585, 0.0, 21.359755227217963], "abc": [0.5, 0.0, 0.91091294], "species": [{"occu": 1, "element": "Te"}], "properties": {"magmom": 0.0}}, {"label": "Te", "xyz": [0.0, 1.972625585, 2.08897877278204], "abc": [0.0, 0.5, 0.08908706], "species": [{"occu": 1, "element": "Te"}], "properties": {"magmom": -0.0}}], "@class": "Structure", "@module": "pymatgen.core.structure"}