{"lattice": {"a": 4.162418, "c": 22.685916, "b": 4.162418, "matrix": [[4.162418, 0.0, 0.0], [0.0, 4.162418, 0.0], [0.0, 0.0, 22.685916]], "volume": 393.0499103813576, "beta": 90.0, "alpha": 90.0, "gamma": 90.0}, "sites": [{"label": "Th", "xyz": [2.081209, 2.081209, 16.805885374212], "abc": [0.5, 0.5, 0.740807], "species": [{"occu": 1, "element": "Th"}], "properties": {"magmom": 0.0}}, {"label": "Pb", "xyz": [0.0, 0.0, 15.203216152476], "abc": [0.0, 0.0, 0.670161], "species": [{"occu": 1, "element": "Pb"}], "properties": {"magmom": -0.0}}, {"label": "Pb", "xyz": [0.0, 0.0, 18.408554595947997], "abc": [0.0, 0.0, 0.811453], "species": [{"occu": 1, "element": "Pb"}], "properties": {"magmom": -0.0}}], "@class": "Structure", "@module": "pymatgen.core.structure"}