{"lattice": {"a": 3.56878971, "c": 24.817356, "b": 3.568790070408513, "matrix": [[3.56878971, 0.0, 0.0], [-1.78439535, 3.09066268, 0.0], [0.0, -0.0, 24.817356]], "volume": 273.7335795839738, "beta": 90.0, "alpha": 90.0, "gamma": 120.00000583579279}, "sites": [{"label": "B", "xyz": [-2.1143950202231273e-06, 2.06044281688756, 0.91024453085544], "abc": [0.333333, 0.666667, 0.03667774], "species": [{"occu": 1, "element": "B"}], "properties": {"magmom": 0.0}}, {"label": "B", "xyz": [-2.1143950202231273e-06, 2.06044281688756, 2.61617766996456], "abc": [0.333333, 0.666667, 0.10541726], "species": [{"occu": 1, "element": "B"}], "properties": {"magmom": 0.0}}, {"label": "Te", "xyz": [0.0, 0.0, 24.665011930284837], "abc": [0.0, -0.0, 0.9938613900000001], "species": [{"occu": 1, "element": "Te"}], "properties": {"magmom": 0.0}}, {"label": "Te", "xyz": [0.0, 0.0, 3.678766270535159], "abc": [0.0, 0.0, 0.14823361000000002], "species": [{"occu": 1, "element": "Te"}], "properties": {"magmom": 0.0}}], "@class": "Structure", "@module": "pymatgen.core.structure"}