{"lattice": {"a": 4.083314, "c": 23.825805, "b": 4.083314798234395, "matrix": [[4.083314, 0.0, 0.0], [-2.041658, 3.536254, 0.0], [0.0, 0.0, 23.825805]], "volume": 344.0359388781866, "beta": 90.0, "alpha": 90.0, "gamma": 120.00000973573928}, "sites": [{"label": "Y", "xyz": [0.0, 0.0, 15.293426842425001], "abc": [0.0, 0.0, 0.6418849999999999], "species": [{"occu": 1, "element": "Y"}], "properties": {"magmom": 0.457}}, {"label": "I", "xyz": [-2.708324000124839e-06, 2.357503845418, 13.267923681960001], "abc": [0.333333, 0.666667, 0.5568719999999999], "species": [{"occu": 1, "element": "I"}], "properties": {"magmom": 0.005}}, {"label": "I", "xyz": [-2.708324000124839e-06, 2.357503845418, 17.31893000289], "abc": [0.333333, 0.666667, 0.7268979999999999], "species": [{"occu": 1, "element": "I"}], "properties": {"magmom": 0.005}}], "@class": "Structure", "@module": "pymatgen.core.structure"}