{"lattice": {"a": 4.90897, "c": 23.529845, "b": 4.908969370905567, "matrix": [[4.90897, 0.0, 0.0], [-2.454485, 4.251292, 0.0], [0.0, 0.0, 23.529845]], "volume": 491.0552740767595, "beta": 90.0, "alpha": 90.0, "gamma": 120.00000423923541}, "sites": [{"label": "Ba", "xyz": [0.0, 0.0, 0.0], "abc": [0.0, 0.0, 0.0], "species": [{"occu": 1, "element": "Ba"}], "properties": {"magmom": 0.0}}, {"label": "Br", "xyz": [2.454487454485, 1.417095916236, 1.575017234765], "abc": [0.666667, 0.333333, 0.066937], "species": [{"occu": 1, "element": "Br"}], "properties": {"magmom": 0.0}}, {"label": "Br", "xyz": [-2.454484999966317e-06, 2.834196083764, 21.954827765235002], "abc": [0.333333, 0.666667, 0.933063], "species": [{"occu": 1, "element": "Br"}], "properties": {"magmom": 0.0}}], "@class": "Structure", "@module": "pymatgen.core.structure"}