{"lattice": {"a": 4.163645, "c": 22.46647, "b": 4.163643587499416, "matrix": [[4.163645, 0.0, 0.0], [-2.081822, 3.6058209999999997, 0.0], [0.0, 0.0, 22.46647]], "volume": 337.29717008165744, "beta": 90.0, "alpha": 90.0, "gamma": 120.00000327727612}, "sites": [{"label": "Y", "xyz": [-1.7484889999361299e-06, 2.403881868607, 7.45109464138], "abc": [0.333333, 0.666667, 0.331654], "species": [{"occu": 1, "element": "Y"}], "properties": {"magmom": -0.03}}, {"label": "Y", "xyz": [2.081824748489, 1.201939131393, 3.88546365415], "abc": [0.666667, 0.333333, 0.172945], "species": [{"occu": 1, "element": "Y"}], "properties": {"magmom": -0.03}}, {"label": "Sn", "xyz": [0.0, 0.0, 5.66826791453], "abc": [0.0, 0.0, 0.252299], "species": [{"occu": 1, "element": "Sn"}], "properties": {"magmom": -0.003}}], "@class": "Structure", "@module": "pymatgen.core.structure"}