{"lattice": {"a": 3.64683213, "c": 23.069546, "b": 3.646833070976664, "matrix": [[3.64683213, 0.0, 0.0], [-1.8234170600000001, 3.1582497800000002, 0.0], [0.0, -0.0, 23.069546]], "volume": 265.70595924278115, "beta": 90.0, "alpha": 90.0, "gamma": 120.00000951549293}, "sites": [{"label": "Ir", "xyz": [0.0, 0.0, 0.0], "abc": [0.0, 0.0, 0.0], "species": [{"occu": 1, "element": "Ir"}], "properties": {"magmom": 0.6880000000000001}}, {"label": "Cl", "xyz": [1.82341755674973, 1.052748873916739, 1.29286995640488], "abc": [0.666667, 0.333333, 0.05604228], "species": [{"occu": 1, "element": "Cl"}], "properties": {"magmom": 0.088}}, {"label": "Cl", "xyz": [-2.4867497300753538e-06, 2.105500906083259, 21.77667604359512], "abc": [0.333333, 0.666667, 0.94395772], "species": [{"occu": 1, "element": "Cl"}], "properties": {"magmom": 0.088}}], "@class": "Structure", "@module": "pymatgen.core.structure"}