{"lattice": {"a": 4.792205, "c": 22.957399, "b": 4.789526, "matrix": [[4.792205, 0.0, 0.0], [0.0, 4.789526, 0.0], [0.0, 0.0, 22.957399]], "volume": 526.9271854457498, "beta": 90.0, "alpha": 90.0, "gamma": 90.0}, "sites": [{"label": "Mg", "xyz": [2.3961025, 0.0, 10.259363166913], "abc": [0.5, 0.0, 0.446887], "species": [{"occu": 1, "element": "Mg"}], "properties": {"magmom": 0.0}}, {"label": "Mg", "xyz": [0.0, 2.394763, 7.472082396923999], "abc": [0.0, 0.5, 0.325476], "species": [{"occu": 1, "element": "Mg"}], "properties": {"magmom": 0.0}}, {"label": "Sb", "xyz": [0.0, 0.0, 8.87670789734], "abc": [0.0, 0.0, 0.38666000000000006], "species": [{"occu": 1, "element": "Sb"}], "properties": {"magmom": 0.0}}], "@class": "Structure", "@module": "pymatgen.core.structure"}