{"lattice": {"a": 2.971572, "c": 26.60755, "b": 2.971572, "matrix": [[2.971572, 0.0, 0.0], [0.0, 2.971572, 0.0], [0.0, 0.0, 26.60755]], "volume": 234.95105633463584, "beta": 90.0, "alpha": 90.0, "gamma": 90.0}, "sites": [{"label": "Ti", "xyz": [0.0, 1.485786, 9.6029308705], "abc": [0.0, 0.5, 0.36091], "species": [{"occu": 1, "element": "Ti"}], "properties": {"magmom": 0.0}}, {"label": "Ti", "xyz": [1.485786, 0.0, 7.8063358794], "abc": [0.5, 0.0, 0.293388], "species": [{"occu": 1, "element": "Ti"}], "properties": {"magmom": -0.0}}, {"label": "Hg", "xyz": [0.0, 1.485786, 5.5689069999], "abc": [0.0, 0.5, 0.20929799999999998], "species": [{"occu": 1, "element": "Hg"}], "properties": {"magmom": -0.0}}, {"label": "Hg", "xyz": [1.485786, 0.0, 11.84035975], "abc": [0.5, 0.0, 0.445], "species": [{"occu": 1, "element": "Hg"}], "properties": {"magmom": -0.0}}], "@class": "Structure", "@module": "pymatgen.core.structure"}