{"lattice": {"a": 4.44355296, "c": 24.623946, "b": 4.443552313580002, "matrix": [[4.44355296, 0.0, 0.0], [-2.22177648, 3.848229, 0.0], [0.0, 0.0, 24.623946]], "volume": 421.06478238223616, "beta": 90.0, "alpha": 90.0, "gamma": 120.00000481223138}, "sites": [{"label": "P", "xyz": [0.0, 0.0, 7.028043547589999], "abc": [0.0, -0.0, 0.285415], "species": [{"occu": 1, "element": "P"}], "properties": {"magmom": -0.0}}, {"label": "Cl", "xyz": [2.22177870177648, 1.282741717257, 7.028043547589999], "abc": [0.666667, 0.333333, 0.285415], "species": [{"occu": 1, "element": "Cl"}], "properties": {"magmom": 0.0}}, {"label": "Cl", "xyz": [0.0, 0.0, 9.225041257602], "abc": [-0.0, 0.0, 0.374637], "species": [{"occu": 1, "element": "Cl"}], "properties": {"magmom": 0.0}}, {"label": "Cl", "xyz": [0.0, 0.0, 4.831045837578], "abc": [-0.0, 0.0, 0.19619299999999998], "species": [{"occu": 1, "element": "Cl"}], "properties": {"magmom": 0.0}}], "@class": "Structure", "@module": "pymatgen.core.structure"}