{"lattice": {"a": 4.43576574, "c": 23.554197, "b": 4.435766011865573, "matrix": [[4.43576574, 0.0, 0.0], [-2.21788287, 3.84148613, 0.0], [0.0, 0.0, 23.554197]], "volume": 401.3619285295579, "beta": 90.0, "alpha": 90.0, "gamma": 119.99999797256197}, "sites": [{"label": "Yb", "xyz": [0.0, 0.0, 11.7770985], "abc": [0.0, 0.0, 0.5], "species": [{"occu": 1, "element": "Yb"}], "properties": {"magmom": 0.0}}, {"label": "I", "xyz": [2.21788508788287, 1.280494096171289, 13.546035889263807], "abc": [0.666667, 0.333333, 0.5751007300000001], "species": [{"occu": 1, "element": "I"}], "properties": {"magmom": 0.0}}, {"label": "I", "xyz": [-2.217882869964503e-06, 2.560992033828709, 10.00816111073619], "abc": [0.333333, 0.666667, 0.42489927], "species": [{"occu": 1, "element": "I"}], "properties": {"magmom": 0.0}}], "@class": "Structure", "@module": "pymatgen.core.structure"}