{"lattice": {"a": 3.42890333, "c": 24.664279, "b": 3.428903829014409, "matrix": [[3.42890333, 0.0, 0.0], [-1.71445166, 2.96951797, -0.0], [0.0, -0.0, 24.664279]], "volume": 251.13637636796344, "beta": 90.0, "alpha": 90.0, "gamma": 119.99999508937506}, "sites": [{"label": "Be", "xyz": [0.0, 0.0, 0.0], "abc": [0.0, 0.0, 0.0], "species": [{"occu": 1, "element": "Be"}], "properties": {"magmom": 0.0}}, {"label": "Pb", "xyz": [-1.7111183300161561e-06, 1.97967963650599, 22.73671996723385], "abc": [0.333333, 0.666667, 0.92184815], "species": [{"occu": 1, "element": "Pb"}], "properties": {"magmom": -0.0}}, {"label": "Pb", "xyz": [1.71445338111833, 0.98983833349401, 1.927559032766149], "abc": [0.666667, 0.333333, 0.07815185], "species": [{"occu": 1, "element": "Pb"}], "properties": {"magmom": -0.0}}], "@class": "Structure", "@module": "pymatgen.core.structure"}