{"lattice": {"a": 3.751026, "c": 22.741369, "b": 3.751026, "matrix": [[3.751026, 0.0, 0.0], [0.0, 3.751026, 0.0], [0.0, 0.0, 22.741369]], "volume": 319.97552033624834, "beta": 90.0, "alpha": 90.0, "gamma": 90.0}, "sites": [{"label": "Cd", "xyz": [1.875513, 1.875513, 0.0], "abc": [0.5, 0.5, 0.0], "species": [{"occu": 1, "element": "Cd"}], "properties": {"magmom": -0.0}}, {"label": "F", "xyz": [0.0, 1.875513, 21.698040473018], "abc": [0.0, 0.5, 0.9541219999999999], "species": [{"occu": 1, "element": "F"}], "properties": {"magmom": 0.0}}, {"label": "F", "xyz": [1.875513, 0.0, 1.043328526982], "abc": [0.5, 0.0, 0.045877999999999995], "species": [{"occu": 1, "element": "F"}], "properties": {"magmom": 0.0}}], "@class": "Structure", "@module": "pymatgen.core.structure"}