{"lattice": {"a": 6.637127731157511, "c": 20.0, "b": 6.6371272189892565, "matrix": [[6.63712567, -0.00523071, 0.0], [-2.96453591, 5.93826444, 0.0], [0.0, 0.0, 20.0]], "volume": 787.9500144468476, "beta": 90.0, "alpha": 90.0, "gamma": 116.5747166459274}, "sites": [{"label": "Ca", "xyz": [4.985118796066053, 1.01737300928179, 10.0], "abc": [0.82794573, 0.17205427, 0.5], "species": [{"occu": 1, "element": "Ca"}], "properties": {"magmom": 0.004}}, {"label": "Ca", "xyz": [-1.312529036066053, 4.91566072071821, 10.0], "abc": [0.17205427, 0.82794573, 0.5], "species": [{"occu": 1, "element": "Ca"}], "properties": {"magmom": 0.004}}], "@class": "Structure", "@module": "pymatgen.core.structure"}