{"lattice": {"a": 3.20812665, "c": 24.904260999999998, "b": 3.4956794651265612, "matrix": [[3.20812665, 0.0, 0.0], [-1.60406333, 3.10592269, 0.0], [0.0, 0.0, 24.904260999999998]], "volume": 248.15087195813845, "beta": 90.0, "alpha": 90.0, "gamma": 117.31423116538095}, "sites": [{"label": "Y", "xyz": [0.0, 0.0, 12.452130499999999], "abc": [0.0, -0.0, 0.5], "species": [{"occu": 1, "element": "Y"}], "properties": {"magmom": 0.0}}, {"label": "As", "xyz": [-0.802031665, 1.552961345, 10.187944170543181], "abc": [0.0, 0.5, 0.40908438], "species": [{"occu": 1, "element": "As"}], "properties": {"magmom": -0.0}}, {"label": "As", "xyz": [0.80203166, 1.552961345, 14.71631682945682], "abc": [0.5, 0.5, 0.59091562], "species": [{"occu": 1, "element": "As"}], "properties": {"magmom": -0.0}}], "@class": "Structure", "@module": "pymatgen.core.structure"}