{"lattice": {"a": 4.35064409, "c": 27.689007, "b": 4.350643261796943, "matrix": [[4.35064409, -0.0, 0.0], [-2.17532154, 3.7677676399999998, 0.0], [0.0, 0.0, 27.689007]], "volume": 453.8841839975633, "beta": 90.0, "alpha": 90.0, "gamma": 119.99999861772294}, "sites": [{"label": "In", "xyz": [-1.83865520995413e-06, 2.51184634925588, 0.5623424116346101], "abc": [0.333333, 0.666667, 0.02030923], "species": [{"occu": 1, "element": "In"}], "properties": {"magmom": 0.0}}, {"label": "In", "xyz": [-1.83865520995413e-06, 2.51184634925588, 3.3721270380303903], "abc": [0.333333, 0.666667, 0.12178577], "species": [{"occu": 1, "element": "In"}], "properties": {"magmom": 0.0}}, {"label": "Te", "xyz": [0.0, 0.0, 26.84828484978879], "abc": [0.0, 0.0, 0.96963697], "species": [{"occu": 1, "element": "Te"}], "properties": {"magmom": -0.0}}, {"label": "Te", "xyz": [0.0, 0.0, 4.7751915998762104], "abc": [0.0, 0.0, 0.17245803], "species": [{"occu": 1, "element": "Te"}], "properties": {"magmom": -0.0}}], "@class": "Structure", "@module": "pymatgen.core.structure"}