{"lattice": {"a": 4.074974003079896, "c": 21.9504980025914, "b": 4.074980110036613, "matrix": [[4.074974, -0.00015000000000000001, 5.1e-05], [-2.037617, 3.528963, -5.6e-05], [0.000278, -0.00019099999999999998, 21.950498]], "volume": 315.6509451349857, "beta": 89.99855725799293, "alpha": 90.00158197644814, "gamma": 120.0041701099788}, "sites": [{"label": "Ti", "xyz": [0.0, 0.0, 0.0], "abc": [0.0, 0.0, 0.0], "species": [{"occu": 1, "element": "Ti"}], "properties": {"magmom": 0.0}}, {"label": "Sb", "xyz": [2.037852287453, 1.175956573533, 20.519867678289], "abc": [0.6666909999999999, 0.33330899999999997, 0.934824], "species": [{"occu": 1, "element": "Sb"}], "properties": {"magmom": -0.0}}, {"label": "Sb", "xyz": [-0.00021728745300000001, 2.352665426467, 1.430625321710999], "abc": [0.33330899999999997, 0.6666909999999999, 0.065176], "species": [{"occu": 1, "element": "Sb"}], "properties": {"magmom": -0.0}}], "@class": "Structure", "@module": "pymatgen.core.structure"}