{"lattice": {"a": 3.22815286, "c": 23.530469, "b": 3.22815286, "matrix": [[3.22815286, 0.0, 0.0], [0.0, 3.22815286, 0.0], [-0.0, 0.0, 23.530469]], "volume": 245.2103324188372, "beta": 90.0, "alpha": 90.0, "gamma": 90.0}, "sites": [{"label": "Sb", "xyz": [0.0, 0.0, 14.78759453138457], "abc": [-0.0, -0.0, 0.62844453], "species": [{"occu": 1, "element": "Sb"}], "properties": {"magmom": 0.0}}, {"label": "Sb", "xyz": [0.0, 0.0, 11.20077313847943], "abc": [0.0, 0.0, 0.47601147], "species": [{"occu": 1, "element": "Sb"}], "properties": {"magmom": 0.0}}, {"label": "Pt", "xyz": [1.61407643, 1.61407643, 12.994183834932], "abc": [0.5, 0.5, 0.5522279999999999], "species": [{"occu": 1, "element": "Pt"}], "properties": {"magmom": -0.0}}], "@class": "Structure", "@module": "pymatgen.core.structure"}