{"lattice": {"a": 2.851198964655426, "c": 21.95801, "b": 2.851199089797044, "matrix": [[2.85117131, -0.01255775, 0.0], [-1.19066878, 2.5906841, 0.0], [0.0, 0.0, 21.95801]], "volume": 161.86417465193585, "beta": 90.0, "alpha": 90.0, "gamma": 114.93568866135602}, "sites": [{"label": "Co", "xyz": [0.830251264999999, 1.289063175, 10.979005], "abc": [0.5, 0.5, 0.5], "species": [{"occu": 1, "element": "Co"}], "properties": {"magmom": 2.482}}, {"label": "O", "xyz": [2.088001330480028, 0.4789797638827, 11.9616799642046], "abc": [0.81118254, 0.18881746, 0.54475246], "species": [{"occu": 1, "element": "O"}], "properties": {"magmom": 0.213}}, {"label": "O", "xyz": [-0.42749880048002803, 2.099146586117299, 9.9963300357954], "abc": [0.18881746, 0.81118254, 0.45524754], "species": [{"occu": 1, "element": "O"}], "properties": {"magmom": 0.213}}], "@class": "Structure", "@module": "pymatgen.core.structure"}