{"lattice": {"a": 4.096266110773884, "c": 23.42731476468835, "b": 5.5256752797693665, "matrix": [[4.0266577, 0.00184975, 0.75194441], [1.83031638, 5.04670171, 1.30913372], [-0.01657824, -0.04962957, 23.42725633]], "volume": 476.25011780597595, "beta": 79.46295505724322, "alpha": 76.42320101355456, "gamma": 68.31442483664573}, "sites": [{"label": "Al", "xyz": [4.950598726470963, 3.79035646527478, 6.499584692921167], "abc": [0.8881386, 0.75276497, 0.20686519], "species": [{"occu": 1, "element": "Al"}], "properties": {"magmom": -0.0}}, {"label": "Al", "xyz": [0.8990605532720771, 1.236296989183689, 5.898278320308402], "abc": [0.1118614, 0.24723503, 0.23436381], "species": [{"occu": 1, "element": "Al"}], "properties": {"magmom": -0.0}}, {"label": "Te", "xyz": [2.673163618700738, 0.040353559411886, 7.549757343702153], "abc": [0.66023597, 0.01070891, 0.30047382], "species": [{"occu": 1, "element": "Te"}], "properties": {"magmom": -0.0}}, {"label": "Te", "xyz": [3.176493830725922, 4.9862948483448735, 4.848104360393696], "abc": [0.33976403, 0.98929009, 0.14075518], "species": [{"occu": 1, "element": "Te"}], "properties": {"magmom": -0.0}}], "@class": "Structure", "@module": "pymatgen.core.structure"}