{"lattice": {"a": 3.80978829, "c": 23.448734, "b": 3.80978829, "matrix": [[3.80978829, 0.0, -0.0], [0.0, 3.80978829, 0.0], [0.0, 0.0, 23.448734]], "volume": 340.3463404625581, "beta": 90.0, "alpha": 90.0, "gamma": 90.0}, "sites": [{"label": "Ta", "xyz": [0.0, 0.0, 0.0], "abc": [0.0, -0.0, -0.0], "species": [{"occu": 1, "element": "Ta"}], "properties": {"magmom": -0.0}}, {"label": "Ta", "xyz": [1.904894145, 1.904894145, 0.0], "abc": [0.5, 0.5, -0.0], "species": [{"occu": 1, "element": "Ta"}], "properties": {"magmom": 0.0}}, {"label": "S", "xyz": [1.904894145, 0.0, 21.72239693314816], "abc": [0.5, -0.0, 0.92637824], "species": [{"occu": 1, "element": "S"}], "properties": {"magmom": 0.0}}, {"label": "S", "xyz": [0.0, 1.904894145, 1.72633706685184], "abc": [0.0, 0.5, 0.07362176000000001], "species": [{"occu": 1, "element": "S"}], "properties": {"magmom": -0.0}}], "@class": "Structure", "@module": "pymatgen.core.structure"}