{"lattice": {"a": 3.63112906, "c": 24.62312, "b": 3.631128757709487, "matrix": [[3.63112906, 0.0, 0.0], [1.81556403, 3.14464995, 0.0], [0.0, 0.0, 24.62312]], "volume": 281.16229221889307, "beta": 90.0, "alpha": 90.0, "gamma": 60.00000635616218}, "sites": [{"label": "Ga", "xyz": [0.0, 0.0, 13.537850225256799], "abc": [-0.0, -0.0, 0.54980239], "species": [{"occu": 1, "element": "Ga"}], "properties": {"magmom": 0.0}}, {"label": "Ga", "xyz": [0.0, 0.0, 11.085269774743201], "abc": [0.0, -0.0, 0.45019761], "species": [{"occu": 1, "element": "Ga"}], "properties": {"magmom": 0.0}}, {"label": "S", "xyz": [1.81556254776897, 1.04821560178335, 14.619747766290399], "abc": [0.333333, 0.333333, 0.59374067], "species": [{"occu": 1, "element": "S"}], "properties": {"magmom": -0.0}}, {"label": "S", "xyz": [3.63113054223103, 2.09643434821665, 10.0033722337096], "abc": [0.666667, 0.666667, 0.40625933000000003], "species": [{"occu": 1, "element": "S"}], "properties": {"magmom": -0.0}}], "@class": "Structure", "@module": "pymatgen.core.structure"}