{"lattice": {"a": 3.8629222, "c": 23.678848, "b": 3.862922071791113, "matrix": [[3.8629222, 0.0, 0.0], [1.9314611, 3.34538861, 0.0], [0.0, 0.0, 23.678848]], "volume": 306.0011827350942, "beta": 90.0, "alpha": 90.0, "gamma": 59.99999890209645}, "sites": [{"label": "Ni", "xyz": [1.9314591685389, 1.11512842153713, 12.543107979459839], "abc": [0.333333, 0.333333, 0.5297178300000001], "species": [{"occu": 1, "element": "Ni"}], "properties": {"magmom": 0.0}}, {"label": "Ni", "xyz": [0.0, 0.0, 11.13574002054016], "abc": [0.0, 0.0, 0.47028217], "species": [{"occu": 1, "element": "Ni"}], "properties": {"magmom": 0.0}}, {"label": "Te", "xyz": [1.9314591685389, 1.11512842153713, 9.99645521750272], "abc": [0.333333, 0.333333, 0.42216814], "species": [{"occu": 1, "element": "Te"}], "properties": {"magmom": 0.0}}, {"label": "Te", "xyz": [0.0, 0.0, 13.682392782497278], "abc": [0.0, 0.0, 0.57783186], "species": [{"occu": 1, "element": "Te"}], "properties": {"magmom": 0.0}}], "@class": "Structure", "@module": "pymatgen.core.structure"}