{"lattice": {"a": 3.7470713727577323, "c": 23.396581362998003, "b": 3.182459874909577, "matrix": [[3.74707107, -6.000000000000001e-08, 0.00150629], [9.616e-05, 3.18167617, -0.07062291], [0.00038344000000000003, -0.00386873, 23.39658104]], "volume": 278.9322351549018, "beta": 89.97602859162721, "alpha": 91.28104608510537, "gamma": 89.99878080871966}, "sites": [{"label": "Pt", "xyz": [1.873789742927952, 1.588707276578152, 12.885814356229089], "abc": [0.49999849999999996, 0.5000017800000001, 0.5522333700000001], "species": [{"occu": 1, "element": "Pt"}], "properties": {"magmom": -0.0}}, {"label": "N", "xyz": [3.127434403071292, 3.179380990202178, 12.845345256924329], "abc": [0.83455225, 0.99994983, 0.55199123], "species": [{"occu": 1, "element": "N"}], "properties": {"magmom": 0.0}}, {"label": "N", "xyz": [0.62016193801371, -0.001980183234168, 12.925907083860844], "abc": [0.16544925, 4.9390000000000007e-05, 0.55245941], "species": [{"occu": 1, "element": "N"}], "properties": {"magmom": -0.0}}], "@class": "Structure", "@module": "pymatgen.core.structure"}