{"lattice": {"a": 4.23944917, "c": 23.02727, "b": 4.42988586, "matrix": [[4.23944917, 0.0, 0.0], [0.0, 4.42988586, 0.0], [0.0, 0.0, 23.02727]], "volume": 432.45848456922573, "beta": 90.0, "alpha": 90.0, "gamma": 90.0}, "sites": [{"label": "Ge", "xyz": [0.0, 1.8090657127921501, 10.2895978964254], "abc": [-0.0, 0.4083775, 0.44684402], "species": [{"occu": 1, "element": "Ge"}], "properties": {"magmom": 0.0}}, {"label": "Ge", "xyz": [2.119724585, 4.024008642792149, 12.737672103574601], "abc": [0.5, 0.9083775, 0.55315598], "species": [{"occu": 1, "element": "Ge"}], "properties": {"magmom": 0.0}}, {"label": "Te", "xyz": [0.0, 2.11561824419001, 13.022877277250402], "abc": [0.0, 0.47757849999999996, 0.56554152], "species": [{"occu": 1, "element": "Te"}], "properties": {"magmom": 0.0}}, {"label": "Te", "xyz": [2.119724585, 4.330561174190009, 10.0043927227496], "abc": [0.5, 0.9775784999999999, 0.43445848000000004], "species": [{"occu": 1, "element": "Te"}], "properties": {"magmom": 0.0}}], "@class": "Structure", "@module": "pymatgen.core.structure"}