{"lattice": {"a": 3.41594, "c": 25.031709, "b": 3.508717488357961, "matrix": [[3.41594, 0.0, 0.0], [-1.70797, 3.064953, 0.0], [0.0, 0.0, 25.031709]], "volume": 262.07437234672096, "beta": 90.0, "alpha": 90.0, "gamma": 119.1290937171063}, "sites": [{"label": "Lu", "xyz": [0.0, 0.0, 0.0], "abc": [0.0, 0.0, 0.0], "species": [{"occu": 1, "element": "Lu"}], "properties": {"magmom": -0.0}}, {"label": "Bi", "xyz": [-0.853985, 1.5324765, 22.385206534266], "abc": [0.0, 0.5, 0.894274], "species": [{"occu": 1, "element": "Bi"}], "properties": {"magmom": -0.0}}, {"label": "Bi", "xyz": [0.853985, 1.5324765, 2.646502465733999], "abc": [0.5, 0.5, 0.105726], "species": [{"occu": 1, "element": "Bi"}], "properties": {"magmom": -0.0}}], "@class": "Structure", "@module": "pymatgen.core.structure"}