{"lattice": {"a": 3.27858708, "c": 22.855457, "b": 3.27858708, "matrix": [[3.27858708, 0.0, 0.0], [0.0, 3.27858708, 0.0], [0.0, 0.0, 22.855457]], "volume": 245.67635258021275, "beta": 90.0, "alpha": 90.0, "gamma": 90.0}, "sites": [{"label": "Te", "xyz": [1.6392935400000002, 0.0, 12.991688339678529], "abc": [0.5, 0.0, 0.5684282900000001], "species": [{"occu": 1, "element": "Te"}], "properties": {"magmom": -0.0}}, {"label": "Te", "xyz": [0.0, 1.6392935400000002, 9.86376866032147], "abc": [-0.0, 0.5, 0.43157171], "species": [{"occu": 1, "element": "Te"}], "properties": {"magmom": 0.0}}, {"label": "C", "xyz": [0.0, 0.0, 11.4277285], "abc": [-0.0, 0.0, 0.5], "species": [{"occu": 1, "element": "C"}], "properties": {"magmom": 0.0}}], "@class": "Structure", "@module": "pymatgen.core.structure"}