{"lattice": {"a": 5.030922, "c": 22.747784, "b": 5.030922277900942, "matrix": [[5.030922, 0.0, 0.0], [-2.515462, 4.356906, 0.0], [0.0, 0.0, 22.747784]], "volume": 498.614461059391, "beta": 90.0, "alpha": 90.0, "gamma": 120.00001132328794}, "sites": [{"label": "Ba", "xyz": [2.5154631821280002, 1.452300547698, 19.054658519815998], "abc": [0.666667, 0.333333, 0.837649], "species": [{"occu": 1, "element": "Ba"}], "properties": {"magmom": 0.046}}, {"label": "Ba", "xyz": [-3.182127999856021e-06, 2.904605452302, 0.107506027184], "abc": [0.333333, 0.666667, 0.004726], "species": [{"occu": 1, "element": "Ba"}], "properties": {"magmom": 0.046}}, {"label": "Bi", "xyz": [0.0, 0.0, 20.954985647392], "abc": [0.0, 0.0, 0.921188], "species": [{"occu": 1, "element": "Bi"}], "properties": {"magmom": 0.003}}], "@class": "Structure", "@module": "pymatgen.core.structure"}