{"lattice": {"a": 3.92497251, "c": 22.585765, "b": 3.92497251, "matrix": [[3.92497251, 0.0, 0.0], [0.0, 3.92497251, 0.0], [0.0, 0.0, 22.585765]], "volume": 347.9429520161562, "beta": 90.0, "alpha": 90.0, "gamma": 90.0}, "sites": [{"label": "Ce", "xyz": [0.0, 0.0, 16.20153715051], "abc": [0.0, 0.0, 0.7173339999999999], "species": [{"occu": 1, "element": "Ce"}], "properties": {"magmom": 0.001}}, {"label": "Si", "xyz": [1.962486255, 1.962486255, 15.040982296732247], "abc": [0.5, 0.5, 0.6659496500000001], "species": [{"occu": 1, "element": "Si"}], "properties": {"magmom": 0.0}}, {"label": "Si", "xyz": [1.962486255, 1.962486255, 17.36209200428775], "abc": [0.5, 0.5, 0.76871835], "species": [{"occu": 1, "element": "Si"}], "properties": {"magmom": 0.0}}], "@class": "Structure", "@module": "pymatgen.core.structure"}