{"lattice": {"a": 3.575376, "c": 26.854569, "b": 3.575375615414414, "matrix": [[3.575376, 0.0, 0.0], [-1.787688, 3.096366, 0.0], [0.0, 0.0, 26.854569]], "volume": 297.298143458581, "beta": 90.0, "alpha": 90.0, "gamma": 120.00000355822448}, "sites": [{"label": "Y", "xyz": [-1.787687999994234e-06, 2.064245032122, 3.631382238456], "abc": [0.333333, 0.666667, 0.13522399999999998], "species": [{"occu": 1, "element": "Y"}], "properties": {"magmom": 0.391}}, {"label": "Y", "xyz": [1.787689787688, 1.032120967878, 6.466821906321], "abc": [0.666667, 0.333333, 0.240809], "species": [{"occu": 1, "element": "Y"}], "properties": {"magmom": 0.391}}, {"label": "F", "xyz": [0.0, 0.0, 2.45262778677], "abc": [0.0, 0.0, 0.09133000000000001], "species": [{"occu": 1, "element": "F"}], "properties": {"magmom": 0.017}}, {"label": "F", "xyz": [0.0, 0.0, 7.645603212576001], "abc": [0.0, 0.0, 0.284704], "species": [{"occu": 1, "element": "F"}], "properties": {"magmom": 0.017}}], "@class": "Structure", "@module": "pymatgen.core.structure"}