{"lattice": {"a": 3.1582415, "c": 21.895886, "b": 3.158241137168801, "matrix": [[3.1582415, -0.0, 0.0], [-1.57912025, 2.73511724, 0.0], [0.0, 0.0, 21.895886]], "volume": 189.14018357323553, "beta": 90.0, "alpha": 90.0, "gamma": 119.99999332623045}, "sites": [{"label": "Pt", "xyz": [0.0, 0.0, 10.947943], "abc": [-0.0, 0.0, 0.5], "species": [{"occu": 1, "element": "Pt"}], "properties": {"magmom": -0.0}}, {"label": "O", "xyz": [-1.245787249928128e-06, 1.8234124050390799, 9.99421425930816], "abc": [0.333333, 0.666667, 0.45644256], "species": [{"occu": 1, "element": "O"}], "properties": {"magmom": 0.0}}, {"label": "O", "xyz": [1.5791224957872498, 0.91170483496092, 11.901671740691839], "abc": [0.666667, 0.333333, 0.5435574400000001], "species": [{"occu": 1, "element": "O"}], "properties": {"magmom": 0.0}}], "@class": "Structure", "@module": "pymatgen.core.structure"}