{"lattice": {"a": 4.234835259374678, "c": 23.436881, "b": 4.234835164315261, "matrix": [[4.23471466, -0.0319597, 0.0], [0.03186747, 4.23471526, 0.0], [0.0, 0.0, 23.436881]], "volume": 420.31302241035553, "beta": 90.0, "alpha": 90.0, "gamma": 90.00124786408284}, "sites": [{"label": "Te", "xyz": [3.578735492102257, 3.52519886619459, 13.11172393585873], "abc": [0.83878275, 0.83878275, 0.55944833], "species": [{"occu": 1, "element": "Te"}], "properties": {"magmom": -0.0}}, {"label": "Te", "xyz": [1.391376165059832, 1.370561666360489, 10.325157064141269], "abc": [0.32611025, 0.32611025, 0.44055167], "species": [{"occu": 1, "element": "Te"}], "properties": {"magmom": -0.0}}, {"label": "As", "xyz": [1.396874936108976, 1.375978177726218, 13.05073695285815], "abc": [0.32739905, 0.32739905, 0.55684615], "species": [{"occu": 1, "element": "As"}], "properties": {"magmom": -0.0}}, {"label": "As", "xyz": [3.573232454470983, 3.519778152073302, 10.38614404714185], "abc": [0.83749295, 0.83749295, 0.44315385], "species": [{"occu": 1, "element": "As"}], "properties": {"magmom": -0.0}}], "@class": "Structure", "@module": "pymatgen.core.structure"}