{"lattice": {"a": 3.49379841, "c": 22.995423, "b": 3.493798089290407, "matrix": [[3.49379841, 0.0, 0.0], [-1.7468987, 3.0257181, 0.0], [-0.0, -0.0, 22.995423]], "volume": 243.09034439135843, "beta": 90.0, "alpha": 90.0, "gamma": 119.99999347370918}, "sites": [{"label": "Zr", "xyz": [0.0, 0.0, 0.0], "abc": [0.0, 0.0, 0.0], "species": [{"occu": 1, "element": "Zr"}], "properties": {"magmom": -0.0}}, {"label": "Br", "xyz": [-1.41023237003603e-06, 2.0171464085727, 1.9232150740238692], "abc": [0.333333, 0.666667, 0.08363469], "species": [{"occu": 1, "element": "Br"}], "properties": {"magmom": 0.0}}, {"label": "Br", "xyz": [1.74690112023237, 1.0085716914273, 21.07220792597613], "abc": [0.666667, 0.333333, 0.91636531], "species": [{"occu": 1, "element": "Br"}], "properties": {"magmom": 0.0}}], "@class": "Structure", "@module": "pymatgen.core.structure"}