{"lattice": {"a": 4.769522, "c": 22.957399, "b": 4.806997, "matrix": [[4.769522, 0.0, 0.0], [0.0, 4.806997, 0.0], [0.0, 0.0, 22.957399]], "volume": 526.3460762974286, "beta": 90.0, "alpha": 90.0, "gamma": 90.0}, "sites": [{"label": "Sr", "xyz": [2.384761, 0.0, 10.414118993571998], "abc": [0.5, 0.0, 0.453628], "species": [{"occu": 1, "element": "Sr"}], "properties": {"magmom": 0.002}}, {"label": "Sr", "xyz": [0.0, 2.4034985, 7.332409581408], "abc": [0.0, 0.5, 0.319392], "species": [{"occu": 1, "element": "Sr"}], "properties": {"magmom": 0.002}}, {"label": "P", "xyz": [0.0, 0.0, 8.861601928798], "abc": [0.0, 0.0, 0.38600199999999996], "species": [{"occu": 1, "element": "P"}], "properties": {"magmom": 0.002}}], "@class": "Structure", "@module": "pymatgen.core.structure"}