{"lattice": {"a": 3.23558918, "c": 24.664279, "b": 3.235589157405344, "matrix": [[3.23558918, 0.0, 0.0], [-1.61779459, 2.8021024, -0.0], [0.0, -0.0, 24.664279]], "volume": 223.61750676601793, "beta": 90.0, "alpha": 90.0, "gamma": 120.00000023100128}, "sites": [{"label": "Ca", "xyz": [0.0, 0.0, 0.0], "abc": [0.0, 0.0, 0.0], "species": [{"occu": 1, "element": "Ca"}], "properties": {"magmom": 0.0}}, {"label": "Ge", "xyz": [-1.617794590136002e-06, 1.8680692007008002, 22.19414257900956], "abc": [0.333333, 0.666667, 0.89984964], "species": [{"occu": 1, "element": "Ge"}], "properties": {"magmom": 0.0}}, {"label": "Ge", "xyz": [1.617796207794589, 0.934033199299199, 2.47013642099044], "abc": [0.666667, 0.333333, 0.10015036000000001], "species": [{"occu": 1, "element": "Ge"}], "properties": {"magmom": 0.0}}], "@class": "Structure", "@module": "pymatgen.core.structure"}