{"lattice": {"a": 4.05176975, "c": 22.944182, "b": 4.29005408, "matrix": [[4.05176975, 0.0, 0.0], [0.0, 4.29005408, 0.0], [0.0, 0.0, 22.944182]], "volume": 398.8229151310074, "beta": 90.0, "alpha": 90.0, "gamma": 90.0}, "sites": [{"label": "Sn", "xyz": [0.0, 1.655113675000281, 9.9960711221762], "abc": [-0.0, 0.38580252, 0.4356691], "species": [{"occu": 1, "element": "Sn"}], "properties": {"magmom": -0.0}}, {"label": "Sn", "xyz": [2.025884875, 3.800140715000282, 12.9481108778238], "abc": [0.5, 0.88580252, 0.5643309], "species": [{"occu": 1, "element": "Sn"}], "properties": {"magmom": -0.0}}, {"label": "S", "xyz": [2.025884875, 4.154087165214438, 10.375139983461901], "abc": [0.5, 0.96830648, 0.45219045], "species": [{"occu": 1, "element": "S"}], "properties": {"magmom": 0.0}}, {"label": "S", "xyz": [0.0, 2.009060125214438, 12.5690420165381], "abc": [-0.0, 0.46830648, 0.54780955], "species": [{"occu": 1, "element": "S"}], "properties": {"magmom": 0.0}}], "@class": "Structure", "@module": "pymatgen.core.structure"}