{"lattice": {"a": 4.20969033, "c": 22.999467, "b": 4.20969033, "matrix": [[4.20969033, 0.0, -0.0], [0.0, 4.20969033, 0.0], [-0.0, 0.0, 22.999467]], "volume": 407.58488595780113, "beta": 90.0, "alpha": 90.0, "gamma": 90.0}, "sites": [{"label": "Pd", "xyz": [2.104845165, 2.104845165, 0.0], "abc": [0.5, 0.5, 0.0], "species": [{"occu": 1, "element": "Pd"}], "properties": {"magmom": 0.002}}, {"label": "Pd", "xyz": [0.0, 0.0, 0.0], "abc": [0.0, 0.0, 0.0], "species": [{"occu": 1, "element": "Pd"}], "properties": {"magmom": -0.002}}, {"label": "S", "xyz": [2.104845165, 0.0, 1.160208572804339], "abc": [0.5, -0.0, 0.05044502], "species": [{"occu": 1, "element": "S"}], "properties": {"magmom": 0.003}}, {"label": "S", "xyz": [0.0, 2.104845165, 21.83925842719566], "abc": [0.0, 0.5, 0.94955498], "species": [{"occu": 1, "element": "S"}], "properties": {"magmom": -0.003}}], "@class": "Structure", "@module": "pymatgen.core.structure"}