{"lattice": {"a": 4.183149218692845, "c": 23.904198, "b": 4.183149218692845, "matrix": [[4.1829668, -0.03906579, 0.0], [-0.03906579, 4.1829668, 0.0], [0.0, 0.0, 23.904198]], "volume": 418.22032110960697, "beta": 90.0, "alpha": 90.0, "gamma": 91.07016857868497}, "sites": [{"label": "Au", "xyz": [-0.019532895, 2.0914834, 11.952099], "abc": [-0.0, 0.5, 0.5], "species": [{"occu": 1, "element": "Au"}], "properties": {"magmom": 0.0}}, {"label": "Au", "xyz": [2.0914834, -0.019532895, 11.952099], "abc": [0.5, 0.0, 0.5], "species": [{"occu": 1, "element": "Au"}], "properties": {"magmom": 0.0}}, {"label": "Br", "xyz": [3.1274586525, 1.0164423575, 9.90734179146534], "abc": [0.75, 0.25, 0.41446033], "species": [{"occu": 1, "element": "Br"}], "properties": {"magmom": -0.0}}, {"label": "Br", "xyz": [1.0164423575, 3.1274586525, 13.996856208534659], "abc": [0.25, 0.75, 0.5855396700000001], "species": [{"occu": 1, "element": "Br"}], "properties": {"magmom": -0.0}}], "@class": "Structure", "@module": "pymatgen.core.structure"}