{"lattice": {"a": 3.69025682, "c": 21.250951, "b": 3.690256835061239, "matrix": [[3.69025682, 0.0, 0.0], [-1.84512841, 3.19585617, 0.0], [0.0, 0.0, 21.250951]], "volume": 250.62372872253934, "beta": 90.0, "alpha": 90.0, "gamma": 119.99999986498995}, "sites": [{"label": "Ga", "xyz": [0.0, 0.0, 1.6892827219871], "abc": [0.0, 0.0, 0.0794921], "species": [{"occu": 1, "element": "Ga"}], "properties": {"magmom": 0.281}}, {"label": "S", "xyz": [1.8451302551284101, 1.06528432471461, 2.7714831514719], "abc": [0.666667, 0.333333, 0.1304169], "species": [{"occu": 1, "element": "S"}], "properties": {"magmom": 0.268}}], "@class": "Structure", "@module": "pymatgen.core.structure"}