{"lattice": {"a": 3.959292, "c": 23.73272, "b": 3.959292473715474, "matrix": [[3.959292, 0.0, 0.0], [-1.9796459999999998, 3.428848, 0.0], [0.0, 0.0, 23.73272]], "volume": 322.19090831620696, "beta": 90.0, "alpha": 90.0, "gamma": 119.99999604212584}, "sites": [{"label": "Si", "xyz": [0.0, 0.0, 8.35856905312], "abc": [0.0, 0.0, 0.352196], "species": [{"occu": 1, "element": "Si"}], "properties": {"magmom": 0.0}}, {"label": "Br", "xyz": [1.979647979646, 1.142948190384, 6.75283695064], "abc": [0.666667, 0.333333, 0.284537], "species": [{"occu": 1, "element": "Br"}], "properties": {"magmom": -0.0}}, {"label": "Br", "xyz": [-1.97964599995599e-06, 2.285899809616, 9.96449101736], "abc": [0.333333, 0.666667, 0.419863], "species": [{"occu": 1, "element": "Br"}], "properties": {"magmom": -0.0}}], "@class": "Structure", "@module": "pymatgen.core.structure"}