{"lattice": {"a": 4.256698941081135, "c": 24.122461, "b": 4.256698941081135, "matrix": [[4.25570144, -0.09214732, 0.0], [-0.09214732, 4.25570144, 0.0], [0.0, 0.0, 24.122461]], "volume": 436.67693752358116, "beta": 90.0, "alpha": 90.0, "gamma": 92.48082612689291}, "sites": [{"label": "Au", "xyz": [-0.04607366, 2.12785072, 12.0612305], "abc": [0.0, 0.5, 0.5], "species": [{"occu": 1, "element": "Au"}], "properties": {"magmom": 0.0}}, {"label": "Au", "xyz": [2.12785072, -0.04607366, 12.0612305], "abc": [0.5, -0.0, 0.5], "species": [{"occu": 1, "element": "Au"}], "properties": {"magmom": 0.0}}, {"label": "I", "xyz": [3.16873925, 0.99481487, 14.28196645232412], "abc": [0.75, 0.25, 0.59206092], "species": [{"occu": 1, "element": "I"}], "properties": {"magmom": 0.0}}, {"label": "I", "xyz": [0.99481487, 3.16873925, 9.840494547675881], "abc": [0.25, 0.75, 0.40793908], "species": [{"occu": 1, "element": "I"}], "properties": {"magmom": 0.0}}], "@class": "Structure", "@module": "pymatgen.core.structure"}