{"lattice": {"a": 4.071417, "c": 23.016286, "b": 4.071416772473803, "matrix": [[4.071417, 0.0, 0.0], [-2.035709, 3.52595, 0.0], [0.0, 0.0, 23.016286]], "volume": 330.412889246041, "beta": 90.0, "alpha": 90.0, "gamma": 120.0000099734918}, "sites": [{"label": "Ca", "xyz": [0.0, 0.0, 0.0], "abc": [0.0, 0.0, 0.0], "species": [{"occu": 1, "element": "Ca"}], "properties": {"magmom": -0.0}}, {"label": "Cl", "xyz": [2.035710369042, 1.17531549135, 1.41975960191], "abc": [0.666667, 0.333333, 0.061685], "species": [{"occu": 1, "element": "Cl"}], "properties": {"magmom": -0.0}}, {"label": "Cl", "xyz": [-2.369042000134946e-06, 2.35063450865, 21.596526398090003], "abc": [0.333333, 0.666667, 0.938315], "species": [{"occu": 1, "element": "Cl"}], "properties": {"magmom": -0.0}}], "@class": "Structure", "@module": "pymatgen.core.structure"}