{"lattice": {"a": 3.91377969, "c": 23.679323, "b": 3.9137788713999, "matrix": [[3.91377969, 2e-08, 0.0], [-1.95688931, 3.3894320000000002, 0.0], [0.0, 0.0, 23.679323]], "volume": 314.1178262844939, "beta": 90.0, "alpha": 90.0, "gamma": 119.99999758234759}, "sites": [{"label": "Ca", "xyz": [0.0, 0.0, 10.58088431767318], "abc": [0.0, 0.0, 0.44684066], "species": [{"occu": 1, "element": "Ca"}], "properties": {"magmom": 0.001}}, {"label": "Fe", "xyz": [1.9568919802229998, 1.12980955018934, 12.76749717445851], "abc": [0.666667, 0.333333, 0.53918337], "species": [{"occu": 1, "element": "Fe"}], "properties": {"magmom": 3.649}}, {"label": "S", "xyz": [0.0, 0.0, 13.39008151215787], "abc": [0.0, 0.0, 0.56547569], "species": [{"occu": 1, "element": "S"}], "properties": {"magmom": 0.133}}, {"label": "O", "xyz": [1.9568919802229998, 1.12980955018934, 10.62018299571044], "abc": [0.666667, 0.333333, 0.44850028000000003], "species": [{"occu": 1, "element": "O"}], "properties": {"magmom": 0.034}}], "@class": "Structure", "@module": "pymatgen.core.structure"}