{"lattice": {"a": 3.64018482, "c": 23.10591604, "b": 3.640184611220694, "matrix": [[3.64018482, -5e-08, 0.0], [-1.8200919899999999, 3.15249253, -0.0], [-0.0, -0.0, 23.10591604]], "volume": 265.1555292952238, "beta": 90.0, "alpha": 90.0, "gamma": 119.99999505084908}, "sites": [{"label": "Pt", "xyz": [1.820094370092269, 1.05082975916914, 20.735702623427866], "abc": [0.666667, 0.333333, 0.89741963], "species": [{"occu": 1, "element": "Pt"}], "properties": {"magmom": -0.0}}, {"label": "Pt", "xyz": [-1.5400922700233281e-06, 2.10166272083086, 19.007558943426016], "abc": [0.333333, 0.666667, 0.82262737], "species": [{"occu": 1, "element": "Pt"}], "properties": {"magmom": -0.0}}, {"label": "S", "xyz": [0.0, 0.0, 21.762287844363687], "abc": [-0.0, -0.0, 0.94184917], "species": [{"occu": 1, "element": "S"}], "properties": {"magmom": -0.0}}, {"label": "S", "xyz": [0.0, 0.0, 17.980973722490194], "abc": [0.0, 0.0, 0.77819783], "species": [{"occu": 1, "element": "S"}], "properties": {"magmom": -0.0}}], "@class": "Structure", "@module": "pymatgen.core.structure"}