{"lattice": {"a": 3.068826530000001, "c": 22.613573, "b": 3.068826765315314, "matrix": [[3.06882653, 8e-08, 0.0], [-1.53441364, 2.65768179, -0.0], [0.0, 0.0, 22.613573]], "volume": 184.43549879165715, "beta": 90.0, "alpha": 90.0, "gamma": 120.0000040543084}, "sites": [{"label": "Ni", "xyz": [0.0, 0.0, 0.0], "abc": [-0.0, -0.0, 0.0], "species": [{"occu": 1, "element": "Ni"}], "properties": {"magmom": 1.816}}, {"label": "F", "xyz": [-1.784413390051673e-06, 1.7717887725605692, 0.9893411051212391], "abc": [0.333333, 0.666667, 0.04374988], "species": [{"occu": 1, "element": "F"}], "properties": {"magmom": 0.083}}, {"label": "F", "xyz": [1.53441467441339, 0.8858930974394291, 21.624231894878758], "abc": [0.666667, 0.333333, 0.95625012], "species": [{"occu": 1, "element": "F"}], "properties": {"magmom": 0.083}}], "@class": "Structure", "@module": "pymatgen.core.structure"}