{"lattice": {"a": 2.564594750011045, "c": 20.000000002392873, "b": 7.575588030852792, "matrix": [[2.56459475, 6.76e-06, 3.31e-06], [1.9980000000000002e-05, 7.5755880300000005, 0.0001119], [2.6400000000000005e-05, 0.00030825, 20.0]], "volume": 388.5662657061926, "beta": 89.99985041831629, "alpha": 89.99827060515813, "gamma": 89.9996978603254}, "sites": [{"label": "Au", "xyz": [2.564601642308043, 0.00011338639980400001, 5.959711710216947], "abc": [0.99999962, 1.95e-06, 0.29798542], "species": [{"occu": 1, "element": "Au"}], "properties": {"magmom": -0.083}}, {"label": "O", "xyz": [2.564596717151128, 4.404503528843129, 5.959971368017467], "abc": [0.99999317, 0.5813944600000001, 0.29799515], "species": [{"occu": 1, "element": "O"}], "properties": {"magmom": 0.447}}, {"label": "O", "xyz": [3.47215072277e-05, 3.171260202859065, 5.959955441765586], "abc": [7.21e-06, 0.41860359, 0.29799543], "species": [{"occu": 1, "element": "O"}], "properties": {"magmom": 0.447}}], "@class": "Structure", "@module": "pymatgen.core.structure"}