{"lattice": {"a": 3.884715762481301, "c": 20.412137679245465, "b": 3.884715902530396, "matrix": [[3.88431929, 0.00102072, 0.05549024], [0.00203711, 3.88431903, 0.05549024], [0.01193728, 0.011934150000000001, 20.4121307]], "volume": 307.97172237753074, "beta": 89.1480291205382, "alpha": 89.14802916924558, "gamma": 89.94321396337183}, "sites": [{"label": "Ho", "xyz": [1.9650554866720151, 1.964541431723863, 19.613692615696106], "abc": [0.50268621, 0.50268621, 0.9581510400000001], "species": [{"occu": 1, "element": "Ho"}], "properties": {"magmom": 0.002}}, {"label": "Se", "xyz": [0.015559802610384001, 0.015555725128636, 19.98907651522525], "abc": [0.00099579, 0.00099579, 0.97926896], "species": [{"occu": 1, "element": "Se"}], "properties": {"magmom": -0.0}}], "@class": "Structure", "@module": "pymatgen.core.structure"}