{"lattice": {"a": 2.7812574100000003, "c": 22.785332, "b": 3.96371845, "matrix": [[2.7812574100000003, 0.0, 0.0], [0.0, 3.96371845, 0.0], [0.0, 0.0, 22.785332]], "volume": 251.18826406155145, "beta": 90.0, "alpha": 90.0, "gamma": 90.0}, "sites": [{"label": "C", "xyz": [0.0, 3.263620019721754, 10.46874562341188], "abc": [0.0, 0.82337332, 0.45945109], "species": [{"occu": 1, "element": "C"}], "properties": {"magmom": -0.0}}, {"label": "C", "xyz": [1.3906287050000001, 1.281760794721754, 11.815696423232119], "abc": [0.5, 0.32337332, 0.51856591], "species": [{"occu": 1, "element": "C"}], "properties": {"magmom": -0.0}}, {"label": "S", "xyz": [1.3906287050000001, 2.234069361583596, 10.24351238873856], "abc": [0.5, 0.56362968, 0.44956608000000003], "species": [{"occu": 1, "element": "S"}], "properties": {"magmom": -0.0}}, {"label": "S", "xyz": [0.0, 0.25221013658359603, 12.04092965790544], "abc": [-0.0, 0.06362968000000001, 0.52845092], "species": [{"occu": 1, "element": "S"}], "properties": {"magmom": -0.0}}], "@class": "Structure", "@module": "pymatgen.core.structure"}