{"lattice": {"a": 3.6695299, "c": 23.514731, "b": 3.669529524710867, "matrix": [[3.6695299, -0.0, 0.0], [-1.83476495, 3.17790568, 0.0], [0.0, 0.0, 23.514731]], "volume": 274.2151523120118, "beta": 90.0, "alpha": 90.0, "gamma": 120.00000338312165}, "sites": [{"label": "Cd", "xyz": [0.0, 0.0, 12.139983093993402], "abc": [-0.0, 0.0, 0.5162713999999999], "species": [{"occu": 1, "element": "Cd"}], "properties": {"magmom": -0.0}}, {"label": "H", "xyz": [-1.83476494999798e-06, 2.11860484596856, 10.107420303025052], "abc": [0.333333, 0.666667, 0.42983355], "species": [{"occu": 1, "element": "H"}], "properties": {"magmom": -0.0}}, {"label": "Cl", "xyz": [1.83476678476495, 1.059300834031439, 13.697443678208801], "abc": [0.666667, 0.333333, 0.5825047999999999], "species": [{"occu": 1, "element": "Cl"}], "properties": {"magmom": -0.0}}, {"label": "O", "xyz": [-1.83476494999798e-06, 2.11860484596856, 11.08461515992006], "abc": [0.333333, 0.666667, 0.47139026], "species": [{"occu": 1, "element": "O"}], "properties": {"magmom": 0.0}}], "@class": "Structure", "@module": "pymatgen.core.structure"}