{"lattice": {"a": 3.69966882, "c": 22.903114, "b": 3.699669836403026, "matrix": [[3.69966882, 0.0, -0.0], [-1.84983541, 3.20400778, 0.0], [-0.0, 0.0, 22.903114]], "volume": 271.4881925664722, "beta": 90.0, "alpha": 90.0, "gamma": 120.000008794603}, "sites": [{"label": "Nb", "xyz": [0.0, 0.0, 0.0], "abc": [0.0, -0.0, 0.0], "species": [{"occu": 1, "element": "Nb"}], "properties": {"magmom": -0.0}}, {"label": "I", "xyz": [1.84983592650141, 1.06800152533074, 20.97301911249376], "abc": [0.666667, 0.333333, 0.9157278400000001], "species": [{"occu": 1, "element": "I"}], "properties": {"magmom": 0.0}}, {"label": "I", "xyz": [-2.516501410174107e-06, 2.13600625466926, 1.9300948875062391], "abc": [0.333333, 0.666667, 0.08427216], "species": [{"occu": 1, "element": "I"}], "properties": {"magmom": 0.0}}], "@class": "Structure", "@module": "pymatgen.core.structure"}