{"lattice": {"a": 4.478867, "c": 20.19552, "b": 4.478867594529336, "matrix": [[4.478867, 0.0, 0.0], [-2.239434, 3.878813, 0.0], [0.0, 0.0, 20.19552]], "volume": 350.8504587661932, "beta": 90.0, "alpha": 90.0, "gamma": 120.00000299469934}, "sites": [{"label": "Au", "xyz": [0.0, 0.0, 3.849205525439999], "abc": [0.0, 0.0, 0.190597], "species": [{"occu": 1, "element": "Au"}], "properties": {"magmom": -0.0}}, {"label": "Br", "xyz": [2.239435572767, 1.292936373729, 3.73358617344], "abc": [0.666667, 0.333333, 0.18487199999999998], "species": [{"occu": 1, "element": "Br"}], "properties": {"magmom": 0.0}}], "@class": "Structure", "@module": "pymatgen.core.structure"}