{"lattice": {"a": 3.77756371, "c": 22.995423, "b": 3.777563596130003, "matrix": [[3.77756371, 1e-08, 0.0], [-1.88878235, 3.27146572, 0.0], [0.0, -0.0, 22.995423]], "volume": 284.1813512841722, "beta": 90.0, "alpha": 90.0, "gamma": 120.00000951480199}, "sites": [{"label": "Zr", "xyz": [0.0, 0.0, 0.0], "abc": [0.0, 0.0, 0.0], "species": [{"occu": 1, "element": "Zr"}], "properties": {"magmom": -0.002}}, {"label": "I", "xyz": [-2.218782020031345e-06, 2.18097824048857, 2.018688621006419], "abc": [0.333333, 0.666667, 0.08778654], "species": [{"occu": 1, "element": "I"}], "properties": {"magmom": -0.0}}, {"label": "I", "xyz": [1.88878357878202, 1.09048748951143, 20.97673437899358], "abc": [0.666667, 0.333333, 0.91221346], "species": [{"occu": 1, "element": "I"}], "properties": {"magmom": -0.0}}], "@class": "Structure", "@module": "pymatgen.core.structure"}