{"lattice": {"a": 2.83893768, "c": 22.951059, "b": 2.83893768, "matrix": [[2.83893768, 0.0, 0.0], [0.0, 2.83893768, 0.0], [0.0, 0.0, 22.951059]], "volume": 184.97560119531363, "beta": 90.0, "alpha": 90.0, "gamma": 90.0}, "sites": [{"label": "Si", "xyz": [1.41946884, 1.41946884, 13.04884915208313], "abc": [0.5, 0.5, 0.56855107], "species": [{"occu": 1, "element": "Si"}], "properties": {"magmom": -0.0}}, {"label": "Si", "xyz": [1.41946884, 1.41946884, 9.90220984791687], "abc": [0.5, 0.5, 0.43144893], "species": [{"occu": 1, "element": "Si"}], "properties": {"magmom": -0.0}}, {"label": "Ru", "xyz": [0.0, 0.0, 11.4755295], "abc": [-0.0, 0.0, 0.5], "species": [{"occu": 1, "element": "Ru"}], "properties": {"magmom": -0.0}}], "@class": "Structure", "@module": "pymatgen.core.structure"}