{"lattice": {"a": 2.895628258116819, "c": 22.780419, "b": 2.895628807019265, "matrix": [[2.89562814, -0.0008270700000000001, 0.0], [-1.44755177, 2.5078397199999998, 0.0], [0.0, 0.0, 22.780419]], "volume": 165.3989187479218, "beta": 90.0, "alpha": 90.0, "gamma": 120.01036474773493}, "sites": [{"label": "In", "xyz": [1.448044451861437, 0.835312624747051, 11.3902095], "abc": [0.6666995800000001, 0.33330042, 0.5], "species": [{"occu": 1, "element": "In"}], "properties": {"magmom": 0.0}}, {"label": "Ni", "xyz": [4.4035610511092894e-05, 1.671693026072604, 9.366045346370639], "abc": [0.33330321, 0.66669679, 0.41114456], "species": [{"occu": 1, "element": "Ni"}], "properties": {"magmom": 0.0}}, {"label": "Ni", "xyz": [4.4035610511092894e-05, 1.671693026072604, 13.41437365362936], "abc": [0.33330321, 0.66669679, 0.58885544], "species": [{"occu": 1, "element": "Ni"}], "properties": {"magmom": 0.0}}], "@class": "Structure", "@module": "pymatgen.core.structure"}