{"lattice": {"a": 4.7813408299999995, "c": 24.159589, "b": 4.781340712377708, "matrix": [[4.7813408299999995, 0.0, 0.0], [-2.3906704100000002, 4.14076249, 0.0], [0.0, 0.0, 24.159589]], "volume": 478.3211285991217, "beta": 90.0, "alpha": 90.0, "gamma": 120.00000074458545}, "sites": [{"label": "Sr", "xyz": [0.0, 0.0, 18.058612201877867], "abc": [0.0, 0.0, 0.7474718300000001], "species": [{"occu": 1, "element": "Sr"}], "properties": {"magmom": -0.005}}, {"label": "Sr", "xyz": [0.0, 0.0, 14.427023476425129], "abc": [0.0, 0.0, 0.59715517], "species": [{"occu": 1, "element": "Sr"}], "properties": {"magmom": -0.005}}, {"label": "Au", "xyz": [-2.387337079871508e-06, 2.76050970692083, 16.242805759357], "abc": [0.333333, 0.666667, 0.6723129999999999], "species": [{"occu": 1, "element": "Au"}], "properties": {"magmom": -0.005}}, {"label": "Au", "xyz": [2.39067280733708, 1.38025278307917, 16.242805759357], "abc": [0.666667, 0.333333, 0.6723129999999999], "species": [{"occu": 1, "element": "Au"}], "properties": {"magmom": -0.005}}], "@class": "Structure", "@module": "pymatgen.core.structure"}