{"lattice": {"a": 4.781889, "c": 20.0, "b": 4.781888445092065, "matrix": [[4.781889, 0.0, 0.0], [-2.390944, 4.141237, 0.0], [0.0, 0.0, 20.0]], "volume": 396.05871313385995, "beta": 90.0, "alpha": 90.0, "gamma": 119.99999692098073}, "sites": [{"label": "Y", "xyz": [2.3909470576109992, 1.380410952921, 5.74646], "abc": [0.666667, 0.333333, 0.287323], "species": [{"occu": 1, "element": "Y"}], "properties": {"magmom": 0.0}}, {"label": "C", "xyz": [-4.549051000093302e-06, 1.928474681212, 5.74646], "abc": [0.232837, 0.465676, 0.287323], "species": [{"occu": 1, "element": "C"}], "properties": {"magmom": 0.0}}, {"label": "C", "xyz": [-0.7208430827790001, 3.177003800631, 5.74646], "abc": [0.232837, 0.7671629999999999, 0.287323], "species": [{"occu": 1, "element": "C"}], "properties": {"magmom": 0.0}}, {"label": "C", "xyz": [0.720834286163999, 3.177003800631, 5.74646], "abc": [0.534324, 0.7671629999999999, 0.287323], "species": [{"occu": 1, "element": "C"}], "properties": {"magmom": 0.0}}], "@class": "Structure", "@module": "pymatgen.core.structure"}