{"lattice": {"a": 4.53169613, "c": 23.013137, "b": 4.531696374284224, "matrix": [[4.53169613, -0.0, -0.0], [-2.26584807, 3.92456425, -0.0], [-0.0, -0.0, 23.013137]], "volume": 409.2870910040882, "beta": 90.0, "alpha": 90.0, "gamma": 119.99999828981048}, "sites": [{"label": "Sr", "xyz": [-2.269181399970054e-06, 2.61637747485475, 1.61762469759632], "abc": [0.333333, 0.666667, 0.07029136], "species": [{"occu": 1, "element": "Sr"}], "properties": {"magmom": 0.02}}, {"label": "Sr", "xyz": [2.2658503291814, 1.30818677514525, 21.39551230240368], "abc": [0.666667, 0.333333, 0.92970864], "species": [{"occu": 1, "element": "Sr"}], "properties": {"magmom": 0.02}}, {"label": "As", "xyz": [0.0, 0.0, 0.0], "abc": [-0.0, -0.0, -0.0], "species": [{"occu": 1, "element": "As"}], "properties": {"magmom": 0.016}}], "@class": "Structure", "@module": "pymatgen.core.structure"}