{"lattice": {"a": 2.87319573, "c": 24.445951, "b": 2.873195192464232, "matrix": [[2.87319573, -2e-08, 0.0], [-1.4365974, 2.48826014, -0.0], [0.0, 0.0, 24.445951]], "volume": 174.77042005959322, "beta": 90.0, "alpha": 90.0, "gamma": 119.99999588030194}, "sites": [{"label": "Mg", "xyz": [0.0, 0.0, 5.608365632469001], "abc": [0.0, 0.0, 0.22941899999999998], "species": [{"occu": 1, "element": "Mg"}], "properties": {"magmom": -0.0}}, {"label": "Si", "xyz": [-1.126597710048117e-06, 1.65884091608672, 3.30627502584987], "abc": [0.333333, 0.666667, 0.13524837], "species": [{"occu": 1, "element": "Si"}], "properties": {"magmom": -0.0}}, {"label": "Si", "xyz": [1.43659945659771, 0.82941920391328, 7.9104562390881314], "abc": [0.666667, 0.333333, 0.32358963], "species": [{"occu": 1, "element": "Si"}], "properties": {"magmom": -0.0}}], "@class": "Structure", "@module": "pymatgen.core.structure"}