{"lattice": {"a": 3.59315222, "c": 23.016286, "b": 3.5931531982490412, "matrix": [[3.59315222, -2e-08, -0.0], [-1.79657665, 3.11176192, 0.0], [0.0, 0.0, 23.016286]], "volume": 257.34588126886837, "beta": 90.0, "alpha": 90.0, "gamma": 120.00000125566886}, "sites": [{"label": "Ca", "xyz": [0.0, 0.0, 0.0], "abc": [-0.0, -0.0, 0.0], "species": [{"occu": 1, "element": "Ca"}], "properties": {"magmom": 0.0}}, {"label": "F", "xyz": [1.7965777265762901, 1.03725292274602, 0.96275029855974], "abc": [0.666667, 0.333333, 0.04182909], "species": [{"occu": 1, "element": "F"}], "properties": {"magmom": -0.0}}, {"label": "F", "xyz": [-2.1565762901180578e-06, 2.07450897725398, 22.05353570144026], "abc": [0.333333, 0.666667, 0.95817091], "species": [{"occu": 1, "element": "F"}], "properties": {"magmom": -0.0}}], "@class": "Structure", "@module": "pymatgen.core.structure"}