{"lattice": {"a": 3.917459032151453, "c": 25.875339661142462, "b": 3.793121, "matrix": [[3.9105090000000002, 0.0, -0.23324799999999998], [0.0, 3.793121, 0.0], [-1.409784, 0.0, 25.836906]], "volume": 381.9924108900383, "beta": 96.5366780052431, "alpha": 90.0, "gamma": 90.0}, "sites": [{"label": "Ba", "xyz": [2.300378289182999, 0.94828025, 0.13334968877199901], "abc": [0.592043, 0.25, 0.010506], "species": [{"occu": 1, "element": "Ba"}], "properties": {"magmom": 0.10400000000000001}}, {"label": "Ba", "xyz": [1.043707695297, 2.84484075, 10.014154403908], "abc": [0.40795699999999996, 0.75, 0.39127399999999996], "species": [{"occu": 1, "element": "Ba"}], "properties": {"magmom": 0.10300000000000001}}, {"label": "Na", "xyz": [0.510269523945, 0.94828025, 3.712015159236], "abc": [0.18287699999999998, 0.25, 0.145322], "species": [{"occu": 1, "element": "Na"}], "properties": {"magmom": 0.002}}, {"label": "Na", "xyz": [2.833817870319, 2.84484075, 6.435463096537999], "abc": [0.8171229999999999, 0.75, 0.256457], "species": [{"occu": 1, "element": "Na"}], "properties": {"magmom": 0.002}}], "@class": "Structure", "@module": "pymatgen.core.structure"}