{"lattice": {"a": 4.26550622, "c": 23.17336028885367, "b": 5.309199721884905, "matrix": [[4.26550622, 0.0, 0.0], [0.0, 5.3038907, -0.23737129], [0.0, 0.03940843, 23.17332678]], "volume": 524.3081198387498, "beta": 90.0, "alpha": 92.46507901939991, "gamma": 90.0}, "sites": [{"label": "Eu", "xyz": [2.13275311, 1.2741625679604471, 11.009165722445536], "abc": [0.5, 0.23668378, 0.47750363], "species": [{"occu": 1, "element": "Eu"}], "properties": {"magmom": 6.817}}, {"label": "Bi", "xyz": [0.0, 3.9435971206143092, 11.28397726244507], "abc": [-0.0, 0.7398547999999999, 0.49451672], "species": [{"occu": 1, "element": "Bi"}], "properties": {"magmom": -0.029}}, {"label": "Bi", "xyz": [2.13275311, 3.83890995027844, 9.019726771293353], "abc": [0.5, 0.72084443, 0.39661265], "species": [{"occu": 1, "element": "Bi"}], "properties": {"magmom": -0.01}}], "@class": "Structure", "@module": "pymatgen.core.structure"}