{"lattice": {"a": 3.39634769, "c": 24.664279, "b": 3.396347926651971, "matrix": [[3.39634769, 0.0, -0.0], [-1.6981738499999999, 2.94132365, 0.0], [-0.0, -0.0, 24.664279]], "volume": 246.39017313242064, "beta": 90.0, "alpha": 90.0, "gamma": 119.99999779245621}, "sites": [{"label": "Mg", "xyz": [0.0, 0.0, 0.0], "abc": [0.0, 0.0, 0.0], "species": [{"occu": 1, "element": "Mg"}], "properties": {"magmom": -0.0}}, {"label": "Pb", "xyz": [-1.701507180210318e-06, 1.96088341377455, 22.097158687696922], "abc": [0.333333, 0.666667, 0.89591748], "species": [{"occu": 1, "element": "Pb"}], "properties": {"magmom": -0.0}}, {"label": "Pb", "xyz": [1.69817554150718, 0.9804402362254501, 2.56712031230308], "abc": [0.666667, 0.333333, 0.10408252], "species": [{"occu": 1, "element": "Pb"}], "properties": {"magmom": -0.0}}], "@class": "Structure", "@module": "pymatgen.core.structure"}