{"lattice": {"a": 4.744069, "c": 22.656191, "b": 4.744069, "matrix": [[4.744069, 0.0, 0.0], [0.0, 4.744069, 0.0], [0.0, 0.0, 22.656191]], "volume": 509.90455465511644, "beta": 90.0, "alpha": 90.0, "gamma": 90.0}, "sites": [{"label": "Ca", "xyz": [0.0, 0.0, 0.0], "abc": [0.0, 0.0, 0.0], "species": [{"occu": 1, "element": "Ca"}], "properties": {"magmom": 0.0}}, {"label": "I", "xyz": [0.0, 2.3720345, 20.83599261506], "abc": [0.0, 0.5, 0.91966], "species": [{"occu": 1, "element": "I"}], "properties": {"magmom": -0.0}}, {"label": "I", "xyz": [2.3720345, 0.0, 1.820198384939999], "abc": [0.5, 0.0, 0.08034000000000001], "species": [{"occu": 1, "element": "I"}], "properties": {"magmom": -0.0}}], "@class": "Structure", "@module": "pymatgen.core.structure"}