{"lattice": {"a": 4.96280448936693, "c": 20.274504, "b": 4.962804632488047, "matrix": [[4.96279799, -0.00803182, 0.0], [-2.48109798, 4.29809058, 0.0], [0.0, 0.0, 20.274504]], "volume": 432.0624036851082, "beta": 90.0, "alpha": 90.0, "gamma": 120.08867068568496}, "sites": [{"label": "Hg", "xyz": [-0.0009894782340030002, 2.8634049238697203, 10.26077725405056], "abc": [0.33317345, 0.66682655, 0.50609264], "species": [{"occu": 1, "element": "Hg"}], "properties": {"magmom": 0.022}}, {"label": "Bi", "xyz": [2.482026981492674, 1.42703708102388, 10.013726745949441], "abc": [0.66673755, 0.33326245, 0.49390736], "species": [{"occu": 1, "element": "Bi"}], "properties": {"magmom": 0.41100000000000003}}], "@class": "Structure", "@module": "pymatgen.core.structure"}