{"lattice": {"a": 2.41052425, "c": 20.816747, "b": 6.68204076, "matrix": [[2.41052425, 0.0, 0.0], [0.0, 6.68204076, 0.0], [0.0, 0.0, 20.816747]], "volume": 335.2999504975115, "beta": 90.0, "alpha": 90.0, "gamma": 90.0}, "sites": [{"label": "Ag", "xyz": [1.205262125, 0.0, 10.4083735], "abc": [0.5, 0.0, 0.5], "species": [{"occu": 1, "element": "Ag"}], "properties": {"magmom": 0.0}}, {"label": "P", "xyz": [1.205262125, 4.656879051589549, 9.0668111778139], "abc": [0.5, 0.69692467, 0.4355537], "species": [{"occu": 1, "element": "P"}], "properties": {"magmom": 0.0}}, {"label": "P", "xyz": [1.205262125, 2.02516170841045, 11.7499358221861], "abc": [0.5, 0.30307533000000003, 0.5644463], "species": [{"occu": 1, "element": "P"}], "properties": {"magmom": 0.0}}], "@class": "Structure", "@module": "pymatgen.core.structure"}