{"lattice": {"a": 3.299069, "c": 21.950498, "b": 3.299069628593643, "matrix": [[3.299069, 0.0, 0.0], [-1.649535, 2.857078, 0.0], [0.0, 0.0, 21.950498]], "volume": 206.89875325272013, "beta": 90.0, "alpha": 90.0, "gamma": 120.00000372408739}, "sites": [{"label": "Zr", "xyz": [0.0, 0.0, 0.0], "abc": [0.0, 0.0, 0.0], "species": [{"occu": 1, "element": "Zr"}], "properties": {"magmom": -0.0}}, {"label": "Sb", "xyz": [1.6495359828679992, 0.952358380973999, 19.49774935348], "abc": [0.666667, 0.333333, 0.88826], "species": [{"occu": 1, "element": "Sb"}], "properties": {"magmom": -0.0}}, {"label": "Sb", "xyz": [-1.98286799998324e-06, 1.9047196190259998, 2.45274864652], "abc": [0.333333, 0.666667, 0.11174], "species": [{"occu": 1, "element": "Sb"}], "properties": {"magmom": -0.0}}], "@class": "Structure", "@module": "pymatgen.core.structure"}