{"lattice": {"a": 3.09896, "c": 23.075398667394612, "b": 3.889525994335557, "matrix": [[3.09896, 0.0, 0.0], [-1.54948, 3.562584, 0.188466], [0.0, 1.506859, 23.026146]], "volume": 253.33560313106875, "beta": 90.0, "alpha": 83.79052202885377, "gamma": 113.47647183055352}, "sites": [{"label": "Cu", "xyz": [0.0, 0.340049856812, 5.196264315528], "abc": [0.0, 0.0, 0.22566799999999998], "species": [{"occu": 1, "element": "Cu"}], "properties": {"magmom": -0.0}}, {"label": "Te", "xyz": [1.549479999999999, 1.743114552937, 7.017882188358], "abc": [0.680812, 0.361624, 0.301819], "species": [{"occu": 1, "element": "Te"}], "properties": {"magmom": 0.0}}, {"label": "Te", "xyz": [-5.105683385409065e-17, 2.499569160687, 3.5631124426980003], "abc": [0.31918799999999997, 0.6383759999999999, 0.14951699999999998], "species": [{"occu": 1, "element": "Te"}], "properties": {"magmom": 0.0}}], "@class": "Structure", "@module": "pymatgen.core.structure"}