{"lattice": {"a": 2.75814236, "c": 22.803662, "b": 2.75814236, "matrix": [[2.75814236, 0.0, 0.0], [0.0, 2.75814236, 0.0], [0.0, 0.0, 22.803662]], "volume": 173.47542165205735, "beta": 90.0, "alpha": 90.0, "gamma": 90.0}, "sites": [{"label": "Fe", "xyz": [0.0, 0.0, 0.0], "abc": [-0.0, -0.0, 0.0], "species": [{"occu": 1, "element": "Fe"}], "properties": {"magmom": -0.05}}, {"label": "Ge", "xyz": [1.37907118, 1.37907118, 1.6300214942867801], "abc": [0.5, 0.5, 0.07148069], "species": [{"occu": 1, "element": "Ge"}], "properties": {"magmom": 0.001}}, {"label": "Ge", "xyz": [1.37907118, 1.37907118, 21.17364050571322], "abc": [0.5, 0.5, 0.92851931], "species": [{"occu": 1, "element": "Ge"}], "properties": {"magmom": 0.001}}], "@class": "Structure", "@module": "pymatgen.core.structure"}