{"lattice": {"a": 3.7720279999999997, "c": 23.0098718951158, "b": 3.771626961203348, "matrix": [[3.7720279999999997, 0.0, 0.0], [-1.8860139999999999, 3.265934, -0.042381999999999996], [0.0, -0.14516199999999999, 23.009414]], "volume": 283.43423978100634, "beta": 90.0, "alpha": 90.95686470951067, "gamma": 120.00351744535213}, "sites": [{"label": "Au", "xyz": [0.0, -0.032758418216, 5.192488438552], "abc": [0.0, 0.0, 0.22566799999999998], "species": [{"occu": 1, "element": "Au"}], "properties": {"magmom": -0.0}}, {"label": "Se", "xyz": [1.8860139999999999, 1.076243017248, 6.640731647616], "abc": [0.671196, 0.342392, 0.28924], "species": [{"occu": 1, "element": "Se"}], "properties": {"magmom": -0.0}}, {"label": "Se", "xyz": [-2.6379094919093402e-17, 2.12417414632, 3.701863229487999], "abc": [0.328804, 0.657608, 0.162096], "species": [{"occu": 1, "element": "Se"}], "properties": {"magmom": -0.0}}], "@class": "Structure", "@module": "pymatgen.core.structure"}