{"lattice": {"a": 3.596183, "c": 23.678874, "b": 3.59618289319064, "matrix": [[3.596183, 0.0, 0.0], [-1.7980909999999999, 3.114386, 0.0], [0.0, 0.0, 23.678874]], "volume": 265.20106800130867, "beta": 90.0, "alpha": 90.0, "gamma": 119.9999917839253}, "sites": [{"label": "Ni", "xyz": [1.798093464758, 1.0381276285380001, 20.851332297912002], "abc": [0.666667, 0.333333, 0.8805879999999999], "species": [{"occu": 1, "element": "Ni"}], "properties": {"magmom": 0.0}}, {"label": "Ni", "xyz": [-1.464758000136723e-06, 2.076258371462, 19.33474777596], "abc": [0.333333, 0.666667, 0.81654], "species": [{"occu": 1, "element": "Ni"}], "properties": {"magmom": 0.0}}, {"label": "S", "xyz": [1.798093464758, 1.0381276285380001, 18.606432969468], "abc": [0.666667, 0.333333, 0.785782], "species": [{"occu": 1, "element": "S"}], "properties": {"magmom": 0.0}}, {"label": "S", "xyz": [-1.464758000136723e-06, 2.076258371462, 21.57962342553], "abc": [0.333333, 0.666667, 0.911345], "species": [{"occu": 1, "element": "S"}], "properties": {"magmom": 0.0}}], "@class": "Structure", "@module": "pymatgen.core.structure"}