{"lattice": {"a": 3.105000391506738, "c": 21.973272504241624, "b": 3.109250177805253, "matrix": [[3.104867, -0.002048, -0.028707999999999997], [-1.5528870000000001, 2.693553, -0.027402], [0.012733999999999999, 0.020768, 21.973259]], "volume": 183.69888213404712, "beta": 90.49658025262897, "alpha": 90.47462671856059, "gamma": 119.99400958603718}, "sites": [{"label": "As", "xyz": [-1.545601072230999, 2.6938794904970003, 5.559821880854], "abc": [0.000384, 0.998161, 0.254272], "species": [{"occu": 1, "element": "As"}], "properties": {"magmom": 0.007}}, {"label": "O", "xyz": [1.5525092679069998, 0.883957405607, 4.577826583912], "abc": [0.662744, 0.327063, 0.20961000000000002], "species": [{"occu": 1, "element": "O"}], "properties": {"magmom": 0.01}}, {"label": "O", "xyz": [0.013696319946999, 1.807729519757, 6.537577213222], "abc": [0.33782599999999996, 0.6690849999999999, 0.2988], "species": [{"occu": 1, "element": "O"}], "properties": {"magmom": 0.01}}], "@class": "Structure", "@module": "pymatgen.core.structure"}