{"lattice": {"a": 5.774117, "c": 20.0, "b": 5.774117244437023, "matrix": [[5.774117, 0.0, 0.0], [-2.887059, 5.000532, 0.0], [0.0, 0.0, 20.0]], "volume": 577.47313660488, "beta": 90.0, "alpha": 90.0, "gamma": 120.0000043285963}, "sites": [{"label": "Hg", "xyz": [-1.443500796079999, 4.16709333156, 5.778560000000001], "abc": [0.16667, 0.83333, 0.28892799999999996], "species": [{"occu": 1, "element": "Hg"}], "properties": {"magmom": -0.0}}, {"label": "Hg", "xyz": [-1.666699999062253e-07, 1.6668773368799998, 5.778560000000001], "abc": [0.16667, 0.33334, 0.28892799999999996], "species": [{"occu": 1, "element": "Hg"}], "properties": {"magmom": 0.0}}, {"label": "Hg", "xyz": [1.44349996275, 4.16709333156, 5.778560000000001], "abc": [0.66666, 0.83333, 0.28892799999999996], "species": [{"occu": 1, "element": "Hg"}], "properties": {"magmom": -0.0}}, {"label": "P", "xyz": [2.887061220392, 1.6668423331559992, 5.778560000000001], "abc": [0.666667, 0.333333, 0.28892799999999996], "species": [{"occu": 1, "element": "P"}], "properties": {"magmom": 0.0}}], "@class": "Structure", "@module": "pymatgen.core.structure"}