{"lattice": {"a": 3.601775945358761, "c": 23.44302957336754, "b": 3.147406, "matrix": [[3.601641, 0.0, -0.031177999999999997], [0.0, 3.147406, 0.0], [-0.025227, 0.0, 23.443016]], "volume": 265.74348633331306, "beta": 90.55763069777987, "alpha": 90.0, "gamma": 90.0}, "sites": [{"label": "V", "xyz": [0.0, 0.0, 0.0], "abc": [0.0, 0.0, 0.0], "species": [{"occu": 1, "element": "V"}], "properties": {"magmom": 1.7429999999999999}}, {"label": "Te", "xyz": [1.7561786203499992, 0.0, 21.4079511665], "abc": [0.494006, 0.0, 0.913848], "species": [{"occu": 1, "element": "Te"}], "properties": {"magmom": -0.077}}, {"label": "Te", "xyz": [1.8202353796500002, 0.0, 2.0038868335], "abc": [0.5059939999999999, 0.0, 0.08615199999999999], "species": [{"occu": 1, "element": "Te"}], "properties": {"magmom": -0.077}}], "@class": "Structure", "@module": "pymatgen.core.structure"}