{"lattice": {"a": 2.6540170400000003, "c": 19.985261, "b": 5.28376768, "matrix": [[2.6540170400000003, 0.0, 0.0], [0.0, 5.28376768, 0.0], [0.0, 0.0, 19.985261]], "volume": 280.2575010782221, "beta": 90.0, "alpha": 90.0, "gamma": 90.0}, "sites": [{"label": "Se", "xyz": [1.319639110885031, 1.32094192, 9.9926305], "abc": [0.4972233, 0.25, 0.5], "species": [{"occu": 1, "element": "Se"}], "properties": {"magmom": -0.0}}, {"label": "Se", "xyz": [1.334377929114967, 3.9628257600000003, 9.9926305], "abc": [0.5027767, 0.75, 0.5], "species": [{"occu": 1, "element": "Se"}], "properties": {"magmom": -0.0}}], "@class": "Structure", "@module": "pymatgen.core.structure"}