{"lattice": {"a": 3.337724333514977, "c": 22.841143855430975, "b": 3.337724534624449, "matrix": [[3.3376200000000003, 0.008036999999999999, -0.025137], [0.015901, 3.337592, -0.025137], [-0.0065179999999999995, -0.006502, 22.841142]], "volume": 254.43749344035422, "beta": 90.44789812246972, "alpha": 90.4478964436643, "gamma": 89.58583807812948}, "sites": [{"label": "C", "xyz": [1.82042130634, 1.81613749022, 9.22372055589], "abc": [0.5436259999999999, 0.5436259999999999, 0.40501699999999996], "species": [{"occu": 1, "element": "C"}], "properties": {"magmom": 0.0}}, {"label": "C", "xyz": [0.131336455604, 0.131027596396, 7.639616652774], "abc": [0.039813999999999995, 0.039813999999999995, 0.334555], "species": [{"occu": 1, "element": "C"}], "properties": {"magmom": 0.0}}, {"label": "Se", "xyz": [2.122938438555999, 2.117942638483999, 7.282401889086], "abc": [0.6336700000000001, 0.6336700000000001, 0.320223], "species": [{"occu": 1, "element": "Se"}], "properties": {"magmom": -0.0}}, {"label": "Se", "xyz": [0.463630820715, 0.462540013454999, 9.571304396490001], "abc": [0.139067, 0.139067, 0.419344], "species": [{"occu": 1, "element": "Se"}], "properties": {"magmom": -0.0}}], "@class": "Structure", "@module": "pymatgen.core.structure"}