{"lattice": {"a": 3.53560382, "c": 21.529288174869826, "b": 3.535450061924632, "matrix": [[3.53560382, -0.0, -0.0], [-1.7678014100000001, 3.06174544, 0.00041929], [-0.0, -0.0027440200000000002, 21.529288]], "volume": 233.05710593035113, "beta": 90.0, "alpha": 89.99952913919662, "gamma": 120.00142930398096}, "sites": [{"label": "Si", "xyz": [1.7678023923022161, 3.060160659095542, 11.484846361514586], "abc": [0.99998023, 0.99996047, 0.53343274], "species": [{"occu": 1, "element": "Si"}], "properties": {"magmom": -0.0}}, {"label": "Se", "xyz": [3.510127843396791e-07, 2.039889579865118, 10.065098089754114], "abc": [0.33333477, 0.6666695300000001, 0.46749426], "species": [{"occu": 1, "element": "Se"}], "properties": {"magmom": -0.0}}], "@class": "Structure", "@module": "pymatgen.core.structure"}