{"lattice": {"a": 3.95203831, "c": 23.119205, "b": 3.95203831, "matrix": [[3.95203831, 0.0, 0.0], [0.0, 3.95203831, 0.0], [-0.0, 0.0, 23.119205]], "volume": 361.08977250931207, "beta": 90.0, "alpha": 90.0, "gamma": 90.0}, "sites": [{"label": "Re", "xyz": [0.0, 0.0, 0.0], "abc": [0.0, 0.0, -0.0], "species": [{"occu": 1, "element": "Re"}], "properties": {"magmom": 0.006}}, {"label": "Re", "xyz": [1.976019155, 1.976019155, 0.0], "abc": [0.5, 0.5, 0.0], "species": [{"occu": 1, "element": "Re"}], "properties": {"magmom": -0.006}}, {"label": "Te", "xyz": [0.0, 1.976019155, 1.8276614706131], "abc": [0.0, 0.5, 0.07905382], "species": [{"occu": 1, "element": "Te"}], "properties": {"magmom": 0.0}}, {"label": "Te", "xyz": [1.976019155, 0.0, 21.2915435293869], "abc": [0.5, -0.0, 0.9209461800000001], "species": [{"occu": 1, "element": "Te"}], "properties": {"magmom": -0.0}}], "@class": "Structure", "@module": "pymatgen.core.structure"}