{"lattice": {"a": 3.69201043, "c": 23.77951, "b": 3.69201043, "matrix": [[3.69201043, 0.0, 0.0], [0.0, 3.69201043, 0.0], [0.0, 0.0, 23.77951]], "volume": 324.137098181043, "beta": 90.0, "alpha": 90.0, "gamma": 90.0}, "sites": [{"label": "Lu", "xyz": [0.0, 0.0, 0.0], "abc": [0.0, 0.0, 0.0], "species": [{"occu": 1, "element": "Lu"}], "properties": {"magmom": -0.0}}, {"label": "Sn", "xyz": [1.846005215, 1.846005215, 22.051934781172598], "abc": [0.5, 0.5, 0.92735026], "species": [{"occu": 1, "element": "Sn"}], "properties": {"magmom": -0.0}}, {"label": "Sn", "xyz": [1.846005215, 1.846005215, 1.7275752188274], "abc": [0.5, 0.5, 0.07264974], "species": [{"occu": 1, "element": "Sn"}], "properties": {"magmom": -0.0}}], "@class": "Structure", "@module": "pymatgen.core.structure"}