{"lattice": {"a": 4.47862383, "c": 28.110702, "b": 4.4786244145793, "matrix": [[4.47862383, 0.0, 0.0], [-2.23931241, 3.8786024, 0.0], [0.0, 0.0, 28.110702]], "volume": 488.30541422791356, "beta": 90.0, "alpha": 90.0, "gamma": 120.00000299449292}, "sites": [{"label": "Tl", "xyz": [-2.569312080168205e-06, 2.5857362262008, 0.54365366789748], "abc": [0.333333, 0.666667, 0.01933974], "species": [{"occu": 1, "element": "Tl"}], "properties": {"magmom": 0.0}}, {"label": "Tl", "xyz": [-2.569312080168205e-06, 2.5857362262008, 3.45073653279252], "abc": [0.333333, 0.666667, 0.12275526], "species": [{"occu": 1, "element": "Tl"}], "properties": {"magmom": 0.0}}, {"label": "Te", "xyz": [0.0, 0.0, 27.23122579840866], "abc": [0.0, 0.0, 0.96871383], "species": [{"occu": 1, "element": "Te"}], "properties": {"magmom": -0.0}}, {"label": "Te", "xyz": [0.0, 0.0, 4.87386640228134], "abc": [0.0, 0.0, 0.17338117], "species": [{"occu": 1, "element": "Te"}], "properties": {"magmom": -0.0}}], "@class": "Structure", "@module": "pymatgen.core.structure"}