{"lattice": {"a": 4.34522568, "c": 22.855457, "b": 4.34522568, "matrix": [[4.34522568, 0.0, 0.0], [0.0, 4.34522568, 0.0], [0.0, 0.0, 22.855457]], "volume": 431.53356844325276, "beta": 90.0, "alpha": 90.0, "gamma": 90.0}, "sites": [{"label": "Te", "xyz": [2.17261284, 0.0, 13.317134734202343], "abc": [0.5, -0.0, 0.58266762], "species": [{"occu": 1, "element": "Te"}], "properties": {"magmom": 0.0}}, {"label": "Te", "xyz": [0.0, 2.17261284, 9.53832226579766], "abc": [-0.0, 0.5, 0.41733238], "species": [{"occu": 1, "element": "Te"}], "properties": {"magmom": 0.0}}, {"label": "Pb", "xyz": [0.0, 0.0, 11.4277285], "abc": [0.0, -0.0, 0.5], "species": [{"occu": 1, "element": "Pb"}], "properties": {"magmom": -0.0}}], "@class": "Structure", "@module": "pymatgen.core.structure"}