{"lattice": {"a": 4.9542746300000005, "c": 21.297207, "b": 4.9542746300000005, "matrix": [[4.9542746300000005, 0.0, 0.0], [0.0, 4.9542746300000005, 0.0], [0.0, 0.0, 21.297207]], "volume": 522.736476701486, "beta": 90.0, "alpha": 90.0, "gamma": 90.0}, "sites": [{"label": "As", "xyz": [0.0, 0.0, 10.6486035], "abc": [0.0, -0.0, 0.5], "species": [{"occu": 1, "element": "As"}], "properties": {"magmom": 0.0}}, {"label": "As", "xyz": [2.4771373150000002, 2.4771373150000002, 10.6486035], "abc": [0.5, 0.5, 0.5], "species": [{"occu": 1, "element": "As"}], "properties": {"magmom": 0.0}}, {"label": "Se", "xyz": [0.0, 2.4771373150000002, 9.6378721313112], "abc": [0.0, 0.5, 0.4525416], "species": [{"occu": 1, "element": "Se"}], "properties": {"magmom": 0.0}}, {"label": "Se", "xyz": [2.4771373150000002, 0.0, 11.6593348686888], "abc": [0.5, 0.0, 0.5474584], "species": [{"occu": 1, "element": "Se"}], "properties": {"magmom": 0.0}}], "@class": "Structure", "@module": "pymatgen.core.structure"}