{"lattice": {"a": 3.21119894, "c": 20.005301, "b": 3.211434692320895, "matrix": [[3.21119894, -0.0, 0.0], [-1.60559997, 2.78125179, 0.0], [0.0, 0.0, 20.005301]], "volume": 178.67040003941443, "beta": 90.0, "alpha": 90.0, "gamma": 119.99758193754306}, "sites": [{"label": "Ga", "xyz": [-3.493867196666236e-07, 1.8541533511364952, 10.00062296274365], "abc": [0.33333072, 0.66666145, 0.49989865], "species": [{"occu": 1, "element": "Ga"}], "properties": {"magmom": -0.0}}, {"label": "N", "xyz": [1.602471969999062e-08, 0.000173967299464, 10.00467803725635], "abc": [3.1280000000000005e-05, 6.255e-05, 0.50010135], "species": [{"occu": 1, "element": "N"}], "properties": {"magmom": 0.0}}], "@class": "Structure", "@module": "pymatgen.core.structure"}