{"lattice": {"a": 3.59253768, "c": 24.623155, "b": 3.59253828194586, "matrix": [[3.59253768, -0.0, 0.0], [-1.79626884, 3.11122959, 0.0], [0.0, 0.0, 24.623155]], "volume": 275.2181628036078, "beta": 90.0, "alpha": 90.0, "gamma": 119.99999445734278}, "sites": [{"label": "B", "xyz": [0.0, 0.0, 0.63876083673785], "abc": [0.0, -0.0, 0.02594147], "species": [{"occu": 1, "element": "B"}], "properties": {"magmom": 0.0}}, {"label": "B", "xyz": [0.0, 0.0, 2.31269363733715], "abc": [0.0, 0.0, 0.09392353], "species": [{"occu": 1, "element": "B"}], "properties": {"magmom": 0.0}}, {"label": "Te", "xyz": [1.7962706362688392, 1.03707549292347, 24.22605811800965], "abc": [0.666667, 0.333333, 0.98387303], "species": [{"occu": 1, "element": "Te"}], "properties": {"magmom": -0.0}}, {"label": "Te", "xyz": [-1.79626883994598e-06, 2.07415409707653, 3.34852673291035], "abc": [0.333333, 0.666667, 0.13599097000000002], "species": [{"occu": 1, "element": "Te"}], "properties": {"magmom": -0.0}}], "@class": "Structure", "@module": "pymatgen.core.structure"}