{"lattice": {"a": 3.331411, "c": 22.37430708, "b": 3.331411140493791, "matrix": [[3.331411, -0.0, 0.0], [1.6657060000000001, 2.88508643, 0.0], [0.0, 0.0, 22.37430708]], "volume": 215.04860902828503, "beta": 90.0, "alpha": 90.0, "gamma": 59.99999146540714}, "sites": [{"label": "Ni", "xyz": [0.0, 0.0, 11.18715354], "abc": [-0.0, 0.0, 0.5], "species": [{"occu": 1, "element": "Ni"}], "properties": {"magmom": 0.0}}, {"label": "S", "xyz": [3.3314129990390002, 1.9233919150288101, 12.371399435805118], "abc": [0.666667, 0.666667, 0.55292883], "species": [{"occu": 1, "element": "S"}], "properties": {"magmom": -0.0}}, {"label": "S", "xyz": [1.665704000961, 0.96169451497119, 10.002907644194885], "abc": [0.333333, 0.333333, 0.44707117], "species": [{"occu": 1, "element": "S"}], "properties": {"magmom": -0.0}}], "@class": "Structure", "@module": "pymatgen.core.structure"}