{"lattice": {"a": 3.3890407, "c": 22.598526, "b": 3.3890407, "matrix": [[3.3890407, 0.0, 0.0], [0.0, 3.3890407, 0.0], [-0.0, 0.0, 22.598526]], "volume": 259.55755940761577, "beta": 90.0, "alpha": 90.0, "gamma": 90.0}, "sites": [{"label": "Nd", "xyz": [1.69452035, 1.69452035, 0.0], "abc": [0.5, 0.5, 0.0], "species": [{"occu": 1, "element": "Nd"}], "properties": {"magmom": -0.001}}, {"label": "Pb", "xyz": [0.0, 0.0, 2.52319638727164], "abc": [0.0, -0.0, 0.11165314], "species": [{"occu": 1, "element": "Pb"}], "properties": {"magmom": -0.0}}, {"label": "Pb", "xyz": [0.0, 0.0, 20.07532961272836], "abc": [-0.0, 0.0, 0.8883468600000001], "species": [{"occu": 1, "element": "Pb"}], "properties": {"magmom": -0.0}}], "@class": "Structure", "@module": "pymatgen.core.structure"}