{"lattice": {"a": 4.7598613499999995, "c": 20.0, "b": 4.75986318555963, "matrix": [[4.7598613499999995, 0.0, -0.0], [-2.3799306700000002, 4.12216297, 0.0], [0.0, 0.0, 20.0]], "volume": 392.4184839860842, "beta": 90.0, "alpha": 90.0, "gamma": 119.99998717387143}, "sites": [{"label": "In", "xyz": [-2.376597339732561e-06, 2.74811002072099, 7.70726], "abc": [0.333333, 0.666667, 0.38536299999999996], "species": [{"occu": 1, "element": "In"}], "properties": {"magmom": 0.0}}, {"label": "Sb", "xyz": [0.0, 0.0, 7.70726], "abc": [-0.0, 0.0, 0.38536299999999996], "species": [{"occu": 1, "element": "Sb"}], "properties": {"magmom": 0.0}}], "@class": "Structure", "@module": "pymatgen.core.structure"}