{"lattice": {"a": 3.055363, "c": 24.623155, "b": 3.05536277097254, "matrix": [[3.055363, 0.0, 0.0], [-1.5276809999999998, 2.646022, 0.0], [0.0, 0.0, 24.623155]], "volume": 199.06731774716926, "beta": 90.0, "alpha": 90.0, "gamma": 119.99999165285202}, "sites": [{"label": "B", "xyz": [0.0, 0.0, 0.6255266296199999], "abc": [0.0, 0.0, 0.025404], "species": [{"occu": 1, "element": "B"}], "properties": {"magmom": -0.0}}, {"label": "B", "xyz": [0.0, 0.0, 2.3259278444550002], "abc": [0.0, 0.0, 0.09446099999999999], "species": [{"occu": 1, "element": "B"}], "properties": {"magmom": -0.0}}, {"label": "S", "xyz": [1.527683194348, 0.882006451326, 24.412036069030002], "abc": [0.666667, 0.333333, 0.9914259999999999], "species": [{"occu": 1, "element": "S"}], "properties": {"magmom": 0.0}}, {"label": "S", "xyz": [-1.1943480002432668e-06, 1.7640155486740001, 3.16254878189], "abc": [0.333333, 0.666667, 0.128438], "species": [{"occu": 1, "element": "S"}], "properties": {"magmom": 0.0}}], "@class": "Structure", "@module": "pymatgen.core.structure"}