{"lattice": {"a": 4.279657, "c": 22.999467, "b": 4.279657, "matrix": [[4.279657, 0.0, 0.0], [0.0, 4.279657, 0.0], [0.0, 0.0, 22.999467]], "volume": 421.24591072359493, "beta": 90.0, "alpha": 90.0, "gamma": 90.0}, "sites": [{"label": "Pd", "xyz": [2.1398285, 2.1398285, 0.0], "abc": [0.5, 0.5, 0.0], "species": [{"occu": 1, "element": "Pd"}], "properties": {"magmom": -0.001}}, {"label": "Pd", "xyz": [0.0, 0.0, 0.0], "abc": [0.0, 0.0, 0.0], "species": [{"occu": 1, "element": "Pd"}], "properties": {"magmom": 0.001}}, {"label": "Se", "xyz": [2.1398285, 0.0, 1.318398446841], "abc": [0.5, 0.0, 0.057323], "species": [{"occu": 1, "element": "Se"}], "properties": {"magmom": -0.001}}, {"label": "Se", "xyz": [0.0, 2.1398285, 21.681068553158998], "abc": [0.0, 0.5, 0.942677], "species": [{"occu": 1, "element": "Se"}], "properties": {"magmom": 0.001}}], "@class": "Structure", "@module": "pymatgen.core.structure"}