{"lattice": {"a": 5.90496589, "c": 20.0, "b": 5.904966244418557, "matrix": [[5.90496589, 2e-08, 0.0], [-2.95248341, 5.11385061, 0.0], [0.0, 0.0, 20.0]], "volume": 603.9422695531072, "beta": 90.0, "alpha": 90.0, "gamma": 120.00000303035866}, "sites": [{"label": "Hg", "xyz": [1.475168868613248, 2.557544448890931, 10.0], "abc": [0.49987893, 0.5001210700000001, 0.5], "species": [{"occu": 1, "element": "Hg"}], "properties": {"magmom": 0.0}}, {"label": "Hg", "xyz": [-1.475169274676185, 2.557544438898195, 10.0], "abc": [0.00024215, 0.5001210700000001, 0.5], "species": [{"occu": 1, "element": "Hg"}], "properties": {"magmom": -0.0}}, {"label": "Hg", "xyz": [-4.353625710827862e-07, 5.112612301072366, 10.0], "abc": [0.49987893, 0.9997578500000001, 0.5], "species": [{"occu": 1, "element": "Hg"}], "properties": {"magmom": -0.0}}, {"label": "As", "xyz": [0.0, 0.0, 10.0], "abc": [0.0, 0.0, 0.5], "species": [{"occu": 1, "element": "As"}], "properties": {"magmom": 0.0}}], "@class": "Structure", "@module": "pymatgen.core.structure"}