{"lattice": {"a": 3.6977793, "c": 22.955682, "b": 3.6977795499451203, "matrix": [[3.6977793, 0.0, 0.0], [-1.84888965, 3.2023711, 0.0], [0.0, 0.0, 22.955682]], "volume": 271.8334172262439, "beta": 90.0, "alpha": 90.0, "gamma": 119.99999776403169}, "sites": [{"label": "Sn", "xyz": [0.0, 0.0, 11.477841], "abc": [0.0, 0.0, 0.5], "species": [{"occu": 1, "element": "Sn"}], "properties": {"magmom": -0.0}}, {"label": "S", "xyz": [-1.8488896499749161e-06, 2.1349151341237, 9.99388677653058], "abc": [0.333333, 0.666667, 0.43535569], "species": [{"occu": 1, "element": "S"}], "properties": {"magmom": -0.0}}, {"label": "S", "xyz": [1.84889149888965, 1.0674559658763, 12.961795223469421], "abc": [0.666667, 0.333333, 0.56464431], "species": [{"occu": 1, "element": "S"}], "properties": {"magmom": -0.0}}], "@class": "Structure", "@module": "pymatgen.core.structure"}