{"lattice": {"a": 4.36080574, "c": 21.07776426, "b": 4.360804942837359, "matrix": [[4.36080574, -0.0, -0.0], [-2.18040237, 3.7765679199999997, 0.0], [0.0, -0.0, 21.07776426]], "volume": 347.1271505171195, "beta": 90.0, "alpha": 90.0, "gamma": 119.9999984613378}, "sites": [{"label": "Sn", "xyz": [0.0, 0.0, 10.935946107018093], "abc": [0.0, 0.0, 0.51883805], "species": [{"occu": 1, "element": "Sn"}], "properties": {"magmom": -0.0}}, {"label": "Ge", "xyz": [-1.847069369922561e-06, 2.51771320552264, 10.141818152981907], "abc": [0.333333, 0.666667, 0.48116195], "species": [{"occu": 1, "element": "Ge"}], "properties": {"magmom": -0.0}}], "@class": "Structure", "@module": "pymatgen.core.structure"}