{"lattice": {"a": 3.91465099, "c": 21.598773, "b": 3.914651389310433, "matrix": [[3.91465099, -4e-08, 0.0], [1.9573259200000002, 3.39018742, 0.0], [0.0, 0.0, 21.598773]], "volume": 286.64596934632357, "beta": 90.0, "alpha": 90.0, "gamma": 59.99999677701576}, "sites": [{"label": "Pb", "xyz": [0.0, 0.0, 11.53182702694533], "abc": [-0.0, 0.0, 0.53391121], "species": [{"occu": 1, "element": "Pb"}], "properties": {"magmom": -0.0}}, {"label": "S", "xyz": [1.95732367934103, 1.13006132993754, 10.06694597305467], "abc": [0.333333, 0.333333, 0.46608879000000003], "species": [{"occu": 1, "element": "S"}], "properties": {"magmom": 0.0}}], "@class": "Structure", "@module": "pymatgen.core.structure"}