{"lattice": {"a": 4.01487505577693, "c": 20.00004110678896, "b": 4.010975679942869, "matrix": [[4.01486248, -0.00044051, 0.01003923], [-2.00623497, 3.47317441, 0.00258224], [0.0016721400000000001, 0.00103707, 20.00004101]], "volume": 278.86915904757956, "beta": 89.85194126344545, "alpha": 89.96293677531125, "gamma": 120.01840084456187}, "sites": [{"label": "Cr", "xyz": [0.001650242322505, 2.3177184986794392, 4.8463984870567405], "abc": [0.33375638, 0.6672899800000001, 0.24206574], "species": [{"occu": 1, "element": "Cr"}], "properties": {"magmom": 2.029}}, {"label": "C", "xyz": [0.7184684951526511, 0.41487713801240106, 4.842761634180544], "abc": [0.23852076, 0.11940985, 0.24200244], "species": [{"occu": 1, "element": "C"}], "properties": {"magmom": -0.073}}, {"label": "C", "xyz": [3.296894209024488, 0.414965282596348, 4.848512440955804], "abc": [0.8807943500000001, 0.11951669999999999, 0.24196757], "species": [{"occu": 1, "element": "C"}], "properties": {"magmom": -0.073}}, {"label": "C", "xyz": [2.008891166251348, 2.641040250727321, 4.8501557363313985], "abc": [0.8802614999999999, 0.76045046, 0.24196725], "species": [{"occu": 1, "element": "C"}], "properties": {"magmom": -0.074}}], "@class": "Structure", "@module": "pymatgen.core.structure"}