{"lattice": {"a": 4.81313723, "c": 20.0, "b": 4.813137030646225, "matrix": [[4.81313723, 0.0, -0.0], [-2.40656862, 4.16829888, 0.0], [0.0, 0.0, 20.0]], "volume": 401.2518905019061, "beta": 90.0, "alpha": 90.0, "gamma": 120.00000143884688}, "sites": [{"label": "Cr", "xyz": [-2.409901950038998e-06, 2.77886730943296, 4.84002], "abc": [0.333333, 0.666667, 0.242001], "species": [{"occu": 1, "element": "Cr"}], "properties": {"magmom": 1.798}}, {"label": "Si", "xyz": [1.204555504339601, 0.695450406278131, 4.84002], "abc": [0.33368548000000003, 0.16684274000000002, 0.242001], "species": [{"occu": 1, "element": "Si"}], "properties": {"magmom": -0.042}}, {"label": "Si", "xyz": [3.60858172399197, 0.695450406278131, 4.84002], "abc": [0.83315726, 0.16684274000000002, 0.242001], "species": [{"occu": 1, "element": "Si"}], "properties": {"magmom": -0.042}}, {"label": "Si", "xyz": [2.406568611668427, 2.777398067443737, 4.84002], "abc": [0.83315726, 0.66631452, 0.242001], "species": [{"occu": 1, "element": "Si"}], "properties": {"magmom": -0.046}}], "@class": "Structure", "@module": "pymatgen.core.structure"}