{"lattice": {"a": 2.631035129580361, "c": 20.0, "b": 2.631035185892313, "matrix": [[2.63097005, 0.018505380000000002, 0.0], [-0.11339927, 2.62859026, 0.0], [0.0, 0.0, 20.0]], "volume": 138.35681488729574, "beta": 90.0, "alpha": 90.0, "gamma": 92.06725625706277}, "sites": [{"label": "Cl", "xyz": [0.0, 0.0, 10.0], "abc": [-0.0, -0.0, 0.5], "species": [{"occu": 1, "element": "Cl"}], "properties": {"magmom": 0.0}}], "@class": "Structure", "@module": "pymatgen.core.structure"}