{"lattice": {"a": 4.02307043, "c": 23.155063183463138, "b": 4.025887080224535, "matrix": [[4.02307043, -0.0, -0.0], [-2.01153471, 3.48704986, 0.04447659], [-1e-08, -0.04107599, 23.15502675]], "volume": 324.84105053999696, "beta": 90.0000000247444, "alpha": 89.4550452647222, "gamma": 119.97685067148059}, "sites": [{"label": "W", "xyz": [0.0, 0.0, 0.0], "abc": [0.0, 0.0, 0.0], "species": [{"occu": 1, "element": "W"}], "properties": {"magmom": 1.564}}, {"label": "I", "xyz": [2.011535380330468, 1.143525823838339, 1.5962232363913702], "abc": [0.66436982, 0.32873964, 0.06830491], "species": [{"occu": 1, "element": "I"}], "properties": {"magmom": 0.01}}, {"label": "I", "xyz": [3.296695308920703e-07, 2.30244804616166, 21.60328010360863], "abc": [0.33563018, 0.67126036, 0.9316950900000001], "species": [{"occu": 1, "element": "I"}], "properties": {"magmom": 0.01}}], "@class": "Structure", "@module": "pymatgen.core.structure"}