{"lattice": {"a": 4.16510007, "c": 25.130912, "b": 4.165099588738672, "matrix": [[4.16510007, -0.0, 0.0], [-2.08254954, 3.6070822, 0.0], [0.0, 0.0, 25.130912]], "volume": 377.5632614337681, "beta": 90.0, "alpha": 90.0, "gamma": 119.99999595953493}, "sites": [{"label": "Ga", "xyz": [0.0, 0.0, 7.795709426047999], "abc": [-0.0, 0.0, 0.310204], "species": [{"occu": 1, "element": "Ga"}], "properties": {"magmom": 0.0}}, {"label": "Ga", "xyz": [-1.752549870085388e-06, 2.404722669027399, 5.38505911132448], "abc": [0.333333, 0.666667, 0.21428029], "species": [{"occu": 1, "element": "Ga"}], "properties": {"magmom": 0.0}}, {"label": "Ga", "xyz": [-1.752549870085388e-06, 2.404722669027399, 10.20633460985952], "abc": [0.333333, 0.666667, 0.40612671], "species": [{"occu": 1, "element": "Ga"}], "properties": {"magmom": 0.0}}, {"label": "Rh", "xyz": [-1.752549870085388e-06, 2.404722669027399, 7.795709426047999], "abc": [0.333333, 0.666667, 0.310204], "species": [{"occu": 1, "element": "Rh"}], "properties": {"magmom": -0.0}}], "@class": "Structure", "@module": "pymatgen.core.structure"}