{"lattice": {"a": 3.42116155, "c": 24.897091, "b": 3.539454653896723, "matrix": [[3.42116155, 1e-08, 0.0], [-1.7105812500000002, 3.0986531, 0.0], [0.0, 0.0, 24.897091]], "volume": 263.93388391616287, "beta": 90.0, "alpha": 90.0, "gamma": 118.90046522813665}, "sites": [{"label": "Er", "xyz": [1.710580775, 5e-09, 12.4485455], "abc": [0.5, -0.0, 0.5], "species": [{"occu": 1, "element": "Er"}], "properties": {"magmom": 0.0}}, {"label": "Bi", "xyz": [0.85529015, 1.549326555, 9.77693402064853], "abc": [0.5, 0.5, 0.39269383], "species": [{"occu": 1, "element": "Bi"}], "properties": {"magmom": 0.0}}, {"label": "Bi", "xyz": [-0.8552906250000001, 1.54932655, 15.120156979351469], "abc": [0.0, 0.5, 0.60730617], "species": [{"occu": 1, "element": "Bi"}], "properties": {"magmom": 0.0}}], "@class": "Structure", "@module": "pymatgen.core.structure"}