{"lattice": {"a": 3.11127439, "c": 20.0, "b": 3.11127439, "matrix": [[3.11127439, 0.0, 0.0], [0.0, 3.11127439, 0.0], [0.0, 0.0, 20.0]], "volume": 193.60056659739746, "beta": 90.0, "alpha": 90.0, "gamma": 90.0}, "sites": [{"label": "Bi", "xyz": [0.0, 0.0, 10.0], "abc": [-0.0, 0.0, 0.5], "species": [{"occu": 1, "element": "Bi"}], "properties": {"magmom": -0.0}}], "@class": "Structure", "@module": "pymatgen.core.structure"}