{"lattice": {"a": 4.22526334, "c": 22.485034, "b": 4.22526334, "matrix": [[4.22526334, 0.0, -0.0], [0.0, 4.22526334, 0.0], [0.0, 0.0, 22.485034]], "volume": 401.42194582035364, "beta": 90.0, "alpha": 90.0, "gamma": 90.0}, "sites": [{"label": "Ga", "xyz": [0.0, 0.0, 7.803361795795279], "abc": [-0.0, -0.0, 0.34704692], "species": [{"occu": 1, "element": "Ga"}], "properties": {"magmom": -0.0}}, {"label": "Br", "xyz": [0.0, 0.0, 5.46199880298072], "abc": [0.0, 0.0, 0.24291708], "species": [{"occu": 1, "element": "Br"}], "properties": {"magmom": -0.0}}], "@class": "Structure", "@module": "pymatgen.core.structure"}