{"lattice": {"a": 4.23101527, "c": 22.656191, "b": 4.23101527, "matrix": [[4.23101527, 0.0, -0.0], [0.0, 4.23101527, 0.0], [-0.0, 0.0, 22.656191]], "volume": 405.57958149506334, "beta": 90.0, "alpha": 90.0, "gamma": 90.0}, "sites": [{"label": "Sr", "xyz": [0.0, 0.0, 0.0], "abc": [0.0, -0.0, -0.0], "species": [{"occu": 1, "element": "Sr"}], "properties": {"magmom": 0.0}}, {"label": "F", "xyz": [0.0, 2.115507635, 21.6968780294398], "abc": [0.0, 0.5, 0.9576578], "species": [{"occu": 1, "element": "F"}], "properties": {"magmom": -0.0}}, {"label": "F", "xyz": [2.115507635, 0.0, 0.9593129705602], "abc": [0.5, 0.0, 0.042342199999999997], "species": [{"occu": 1, "element": "F"}], "properties": {"magmom": -0.0}}], "@class": "Structure", "@module": "pymatgen.core.structure"}