{"lattice": {"a": 3.5619712100000003, "c": 26.166721, "b": 3.561971351187593, "matrix": [[3.5619712100000003, 0.0, 0.0], [-1.7809851, 3.08475801, 0.0], [0.0, 0.0, 26.166721]], "volume": 287.51519996577633, "beta": 90.0, "alpha": 90.0, "gamma": 119.99998930901648}, "sites": [{"label": "Ti", "xyz": [-1.444318770282323e-06, 2.05650636825267, 3.89614678007142], "abc": [0.333333, 0.666667, 0.14889702], "species": [{"occu": 1, "element": "Ti"}], "properties": {"magmom": -0.004}}, {"label": "Ti", "xyz": [1.78098755431877, 1.02825164174733, 1.8571563329195802], "abc": [0.666667, 0.333333, 0.07097398], "species": [{"occu": 1, "element": "Ti"}], "properties": {"magmom": -0.004}}, {"label": "I", "xyz": [0.0, 0.0, 26.119177376279048], "abc": [0.0, 0.0, 0.9981830500000001], "species": [{"occu": 1, "element": "I"}], "properties": {"magmom": 0.0}}, {"label": "I", "xyz": [0.0, 0.0, 5.80084673671195], "abc": [0.0, 0.0, 0.22168795], "species": [{"occu": 1, "element": "I"}], "properties": {"magmom": 0.0}}], "@class": "Structure", "@module": "pymatgen.core.structure"}