{"lattice": {"a": 3.773302, "c": 23.814717, "b": 3.7733030298771393, "matrix": [[3.773302, 0.0, 0.0], [-1.886652, 3.267776, 0.0], [0.0, 0.0, 23.814717]], "volume": 293.6427411584052, "beta": 90.0, "alpha": 90.0, "gamma": 120.00000850485823}, "sites": [{"label": "Cu", "xyz": [0.0, 0.0, 6.396680615634001], "abc": [0.0, 0.0, 0.268602], "species": [{"occu": 1, "element": "Cu"}], "properties": {"magmom": -0.0}}, {"label": "Cu", "xyz": [-2.553317999951667e-06, 2.178518422592, 4.886136931041], "abc": [0.333333, 0.666667, 0.205173], "species": [{"occu": 1, "element": "Cu"}], "properties": {"magmom": -0.0}}, {"label": "Cl", "xyz": [-2.553317999951667e-06, 2.178518422592, 7.325930872974], "abc": [0.333333, 0.666667, 0.307622], "species": [{"occu": 1, "element": "Cl"}], "properties": {"magmom": -0.0}}, {"label": "Cl", "xyz": [0.0, 0.0, 3.939049450668], "abc": [0.0, 0.0, 0.165404], "species": [{"occu": 1, "element": "Cl"}], "properties": {"magmom": -0.0}}], "@class": "Structure", "@module": "pymatgen.core.structure"}