{"lattice": {"a": 4.56194124, "c": 24.445951, "b": 4.56194113225615, "matrix": [[4.56194124, 0.0, 0.0], [-2.28097062, 3.95075688, 0.0], [-0.0, 0.0, 24.445951]], "volume": 440.5923264792196, "beta": 90.0, "alpha": 90.0, "gamma": 120.00000078127661}, "sites": [{"label": "Ba", "xyz": [0.0, 0.0, 5.608365632469001], "abc": [-0.0, 0.0, 0.22941899999999998], "species": [{"occu": 1, "element": "Ba"}], "properties": {"magmom": 0.292}}, {"label": "C", "xyz": [-2.280970620129178e-06, 2.63383923691896, 4.26637019461407], "abc": [0.333333, 0.666667, 0.17452257000000002], "species": [{"occu": 1, "element": "C"}], "properties": {"magmom": 1.205}}, {"label": "C", "xyz": [2.28097290097062, 1.31691764308104, 6.95036107032393], "abc": [0.666667, 0.333333, 0.28431543], "species": [{"occu": 1, "element": "C"}], "properties": {"magmom": 1.205}}], "@class": "Structure", "@module": "pymatgen.core.structure"}