{"lattice": {"a": 3.54248333, "c": 22.570903, "b": 3.54248333, "matrix": [[3.54248333, 0.0, 0.0], [0.0, 3.54248333, 0.0], [0.0, 0.0, 22.570903]], "volume": 283.2465083118039, "beta": 90.0, "alpha": 90.0, "gamma": 90.0}, "sites": [{"label": "Gd", "xyz": [0.0, 0.0, 11.2854515], "abc": [0.0, 0.0, 0.5], "species": [{"occu": 1, "element": "Gd"}], "properties": {"magmom": 6.989}}, {"label": "C", "xyz": [1.771241665, 1.771241665, 11.93726103381393], "abc": [0.5, 0.5, 0.52887831], "species": [{"occu": 1, "element": "C"}], "properties": {"magmom": -0.018000000000000002}}, {"label": "C", "xyz": [1.771241665, 1.771241665, 10.63364196618607], "abc": [0.5, 0.5, 0.47112169000000004], "species": [{"occu": 1, "element": "C"}], "properties": {"magmom": -0.018000000000000002}}], "@class": "Structure", "@module": "pymatgen.core.structure"}