{"lattice": {"a": 3.58511551, "c": 23.448734, "b": 3.58511551, "matrix": [[3.58511551, 0.0, 0.0], [0.0, 3.58511551, 0.0], [0.0, 0.0, 23.448734]], "volume": 301.38782604462153, "beta": 90.0, "alpha": 90.0, "gamma": 90.0}, "sites": [{"label": "V", "xyz": [0.0, 0.0, 11.724367], "abc": [0.0, 0.0, 0.5], "species": [{"occu": 1, "element": "V"}], "properties": {"magmom": 0.20600000000000002}}, {"label": "V", "xyz": [1.792557755, 1.792557755, 11.724367], "abc": [0.5, 0.5, 0.5], "species": [{"occu": 1, "element": "V"}], "properties": {"magmom": 0.20600000000000002}}, {"label": "Se", "xyz": [0.0, 1.792557755, 13.481756990800701], "abc": [-0.0, 0.5, 0.57494605], "species": [{"occu": 1, "element": "Se"}], "properties": {"magmom": -0.006}}, {"label": "Se", "xyz": [1.792557755, 0.0, 9.9669770091993], "abc": [0.5, 0.0, 0.42505395], "species": [{"occu": 1, "element": "Se"}], "properties": {"magmom": -0.006}}], "@class": "Structure", "@module": "pymatgen.core.structure"}