{"lattice": {"a": 3.467813780000001, "c": 20.19552, "b": 3.467813472238106, "matrix": [[3.46781378, -9e-08, 0.0], [-1.73390655, 3.00321467, -0.0], [0.0, 0.0, 20.19552]], "volume": 210.3280416706331, "beta": 90.0, "alpha": 90.0, "gamma": 119.9999979361873}, "sites": [{"label": "Cu", "xyz": [0.0, 0.0, 3.81257085216], "abc": [0.0, 0.0, 0.18878299999999998], "species": [{"occu": 1, "element": "Cu"}], "properties": {"magmom": 0.03}}, {"label": "F", "xyz": [1.73390873724011, 1.00107049559508, 3.770220846719999], "abc": [0.666667, 0.333333, 0.186686], "species": [{"occu": 1, "element": "F"}], "properties": {"magmom": 0.006}}], "@class": "Structure", "@module": "pymatgen.core.structure"}