{"lattice": {"a": 3.85273341, "c": 23.983674, "b": 3.85273341, "matrix": [[3.85273341, 0.0, 0.0], [0.0, 3.85273341, 0.0], [0.0, 0.0, 23.983674]], "volume": 356.0029776102275, "beta": 90.0, "alpha": 90.0, "gamma": 90.0}, "sites": [{"label": "Sr", "xyz": [1.926366705, 1.926366705, 17.16053867729058], "abc": [0.5, 0.5, 0.71550917], "species": [{"occu": 1, "element": "Sr"}], "properties": {"magmom": 0.0}}, {"label": "Sr", "xyz": [1.926366705, 1.926366705, 13.364754357231421], "abc": [0.5, 0.5, 0.55724383], "species": [{"occu": 1, "element": "Sr"}], "properties": {"magmom": 0.0}}, {"label": "Zn", "xyz": [0.0, 0.0, 15.262658509098], "abc": [0.0, -0.0, 0.636377], "species": [{"occu": 1, "element": "Zn"}], "properties": {"magmom": -0.0}}], "@class": "Structure", "@module": "pymatgen.core.structure"}