{"lattice": {"a": 3.32558668, "c": 25.031709, "b": 3.442206673719814, "matrix": [[3.32558668, 1e-08, 0.0], [-1.66279383, 3.01395147, 0.0], [0.0, 0.0, 25.031709]], "volume": 250.89674626714861, "beta": 90.0, "alpha": 90.0, "gamma": 118.8854747454772}, "sites": [{"label": "Lu", "xyz": [0.0, 0.0, 12.5158545], "abc": [-0.0, -0.0, 0.5], "species": [{"occu": 1, "element": "Lu"}], "properties": {"magmom": 0.0}}, {"label": "Sb", "xyz": [-0.831396915, 1.5069757350000001, 9.970896165629581], "abc": [0.0, 0.5, 0.39833062], "species": [{"occu": 1, "element": "Sb"}], "properties": {"magmom": 0.0}}, {"label": "Sb", "xyz": [0.8313964249999991, 1.5069757400000001, 15.06081283437042], "abc": [0.5, 0.5, 0.60166938], "species": [{"occu": 1, "element": "Sb"}], "properties": {"magmom": 0.0}}], "@class": "Structure", "@module": "pymatgen.core.structure"}