{"lattice": {"a": 2.997723055124878, "c": 22.780419, "b": 2.99772363349276, "matrix": [[2.99772008, 0.00422341, 0.0], [-1.49418841, 2.59879741, 0.0], [0.0, 0.0, 22.780419]], "volume": 177.61386399673773, "beta": 90.0, "alpha": 90.0, "gamma": 119.81618937470618}, "sites": [{"label": "In", "xyz": [1.504338521408459, 0.86681644203238, 11.3902095], "abc": [0.66753963, 0.33246037, 0.5], "species": [{"occu": 1, "element": "In"}], "properties": {"magmom": -0.0}}, {"label": "Pt", "xyz": [0.0010924173392830002, 1.7351073401889399, 9.271634405671229], "abc": [0.33288319, 0.66711681, 0.40700017], "species": [{"occu": 1, "element": "Pt"}], "properties": {"magmom": -0.0}}, {"label": "Pt", "xyz": [0.0010924173392830002, 1.7351073401889399, 13.50878459432877], "abc": [0.33288319, 0.66711681, 0.59299983], "species": [{"occu": 1, "element": "Pt"}], "properties": {"magmom": -0.0}}], "@class": "Structure", "@module": "pymatgen.core.structure"}