{"lattice": {"a": 3.05106481, "c": 21.607113, "b": 3.421752573897463, "matrix": [[3.05106481, -0.0, 0.0], [-1.5255329, 3.06286468, 0.0], [0.0, 0.0, 21.607113]], "volume": 201.9184416628493, "beta": 90.0, "alpha": 90.0, "gamma": 116.47669641048626}, "sites": [{"label": "Mg", "xyz": [0.0, 0.0, 10.8035565], "abc": [-0.0, 0.0, 0.5], "species": [{"occu": 1, "element": "Mg"}], "properties": {"magmom": -0.012}}, {"label": "O", "xyz": [1.5255322078093352, 1.220138026990906, 9.99812500224714], "abc": [0.69918249, 0.39836498000000004, 0.46272378000000003], "species": [{"occu": 1, "element": "O"}], "properties": {"magmom": 0.8310000000000001}}, {"label": "O", "xyz": [-2.978093348550666e-07, 1.842726653009093, 11.608987997752859], "abc": [0.30081751, 0.60163502, 0.53727622], "species": [{"occu": 1, "element": "O"}], "properties": {"magmom": 0.8310000000000001}}], "@class": "Structure", "@module": "pymatgen.core.structure"}