{"lattice": {"a": 4.2004315, "c": 23.407847, "b": 4.200431088684694, "matrix": [[4.2004315, 4e-08, -0.0], [-2.10021518, 3.63768024, 0.0], [0.0, 0.0, 23.407847]], "volume": 357.667846774668, "beta": 90.0, "alpha": 90.0, "gamma": 119.9999937157579}, "sites": [{"label": "Rb", "xyz": [2.100218040215559, 1.2125588941066, 18.56212609357851], "abc": [0.666667, 0.333333, 0.79298733], "species": [{"occu": 1, "element": "Rb"}], "properties": {"magmom": -0.0}}, {"label": "Rb", "xyz": [-1.7202155603167138e-06, 2.425121385893399, 21.81233701604349], "abc": [0.333333, 0.666667, 0.93183867], "species": [{"occu": 1, "element": "Rb"}], "properties": {"magmom": -0.0}}, {"label": "F", "xyz": [0.0, 0.0, 20.187231554811], "abc": [0.0, 0.0, 0.862413], "species": [{"occu": 1, "element": "F"}], "properties": {"magmom": -0.0}}], "@class": "Structure", "@module": "pymatgen.core.structure"}