{"lattice": {"a": 3.6413487, "c": 23.014007, "b": 4.0200793305512, "matrix": [[3.6413487, 2e-08, 0.0], [1.82067387, 3.58415743, 0.0], [0.0, 0.0, 23.014007]], "volume": 300.35964781961985, "beta": 90.0, "alpha": 90.0, "gamma": 63.07042261117209}, "sites": [{"label": "Cr", "xyz": [0.0, 0.0, 11.5070035], "abc": [-0.0, 0.0, 0.5], "species": [{"occu": 1, "element": "Cr"}], "properties": {"magmom": 3.659}}, {"label": "Br", "xyz": [3.64135017900058, 2.687225880693449, 13.028537059973589], "abc": [0.62512497, 0.74975107, 0.5661133700000001], "species": [{"occu": 1, "element": "Br"}], "properties": {"magmom": -0.015}}, {"label": "Br", "xyz": [1.82067239099942, 0.89693156930655, 9.985469940026409], "abc": [0.37487503, 0.25024893, 0.43388663], "species": [{"occu": 1, "element": "Br"}], "properties": {"magmom": -0.015}}], "@class": "Structure", "@module": "pymatgen.core.structure"}