{"lattice": {"a": 3.67704182, "c": 20.0, "b": 3.67704182, "matrix": [[3.67704182, 0.0, 0.0], [0.0, 3.67704182, 0.0], [0.0, 0.0, 20.0]], "volume": 270.41273092057827, "beta": 90.0, "alpha": 90.0, "gamma": 90.0}, "sites": [{"label": "Li", "xyz": [1.8385209100000002, 1.8385209100000002, 10.0], "abc": [0.5, 0.5, 0.5], "species": [{"occu": 1, "element": "Li"}], "properties": {"magmom": 0.0}}, {"label": "Br", "xyz": [0.0, 0.0, 10.0], "abc": [-0.0, 0.0, 0.5], "species": [{"occu": 1, "element": "Br"}], "properties": {"magmom": 0.0}}], "@class": "Structure", "@module": "pymatgen.core.structure"}