{"lattice": {"a": 2.8733969999999998, "c": 23.889425, "b": 3.788443, "matrix": [[2.8733969999999998, 0.0, 0.0], [0.0, 3.788443, 0.0], [0.0, 0.0, 23.889425]], "volume": 260.05313166037644, "beta": 90.0, "alpha": 90.0, "gamma": 90.0}, "sites": [{"label": "Au", "xyz": [0.0, 1.8942215, 7.985685320725], "abc": [0.0, 0.5, 0.334277], "species": [{"occu": 1, "element": "Au"}], "properties": {"magmom": -0.0}}, {"label": "Au", "xyz": [1.4366984999999999, 0.0, 6.272049086624999], "abc": [0.5, 0.0, 0.262545], "species": [{"occu": 1, "element": "Au"}], "properties": {"magmom": -0.0}}, {"label": "Se", "xyz": [0.0, 0.0, 9.746168717249999], "abc": [0.0, 0.0, 0.40797000000000005], "species": [{"occu": 1, "element": "Se"}], "properties": {"magmom": 0.0}}, {"label": "Se", "xyz": [1.4366984999999999, 1.8942215, 4.511565690099999], "abc": [0.5, 0.5, 0.188852], "species": [{"occu": 1, "element": "Se"}], "properties": {"magmom": 0.0}}], "@class": "Structure", "@module": "pymatgen.core.structure"}