{"lattice": {"a": 3.064561903527527, "c": 22.458650829403215, "b": 3.709955392826128, "matrix": [[3.0645619, 0.00013519, -5.783000000000001e-05], [-0.00061053, 3.70995534, -0.00013863], [-0.00042269000000000003, -0.00083239, 22.45865081]], "volume": 255.3411116110827, "beta": 90.00215965011562, "alpha": 90.00426436169488, "gamma": 90.0069013135357}, "sites": [{"label": "V", "xyz": [1.491362333129306, 1.7340570376198432, 11.22930049284648], "abc": [0.48680991, 0.46750089, 0.50000303], "species": [{"occu": 1, "element": "V"}], "properties": {"magmom": 1.103}}, {"label": "O", "xyz": [1.490974629735872, 0.048113497045811006, 11.228729945556095], "abc": [0.48659286, 0.013063199999999999, 0.49997482], "species": [{"occu": 1, "element": "O"}], "properties": {"magmom": -0.129}}, {"label": "F", "xyz": [3.023393256922187, 1.9215949086902002, 12.479255584538585], "abc": [0.98674607, 0.5180450600000001, 0.55566047], "species": [{"occu": 1, "element": "F"}], "properties": {"magmom": 0.001}}, {"label": "F", "xyz": [3.023336399668033, 1.921772098821656, 9.979612464503315], "abc": [0.98671217, 0.51806785, 0.44436068], "species": [{"occu": 1, "element": "F"}], "properties": {"magmom": 0.001}}], "@class": "Structure", "@module": "pymatgen.core.structure"}