{"lattice": {"a": 3.37956974, "c": 23.541274, "b": 3.379569671842787, "matrix": [[3.37956974, -0.0, 0.0], [-1.68978487, 2.92679317, 0.0], [-0.0, -0.0, 23.541274]], "volume": 232.85384194899362, "beta": 90.0, "alpha": 90.0, "gamma": 120.00000066713302}, "sites": [{"label": "Te", "xyz": [1.689786559784869, 0.9755967477356091, 1.5515206207536], "abc": [0.666667, 0.333333, 0.0659064], "species": [{"occu": 1, "element": "Te"}], "properties": {"magmom": 0.0}}, {"label": "Te", "xyz": [-1.689784870109707e-06, 1.9511964222643892, 21.9897533792464], "abc": [0.333333, 0.666667, 0.9340936], "species": [{"occu": 1, "element": "Te"}], "properties": {"magmom": 0.0}}, {"label": "C", "xyz": [0.0, 0.0, 0.0], "abc": [-0.0, -0.0, -0.0], "species": [{"occu": 1, "element": "C"}], "properties": {"magmom": 0.0}}], "@class": "Structure", "@module": "pymatgen.core.structure"}