{"lattice": {"a": 2.8243277200000003, "c": 24.664279, "b": 2.824328456036322, "matrix": [[2.82432772, 4e-08, -0.0], [-1.4121643, 2.44594015, 0.0], [-0.0, 0.0, 24.664279]], "volume": 170.38420905440415, "beta": 90.0, "alpha": 90.0, "gamma": 120.00000087470295}, "sites": [{"label": "Be", "xyz": [0.0, 0.0, 0.0], "abc": [0.0, 0.0, 0.0], "species": [{"occu": 1, "element": "Be"}], "properties": {"magmom": 0.004}}, {"label": "Ge", "xyz": [-1.705497340054229e-06, 1.6306275953133702, 22.6713608610978], "abc": [0.333333, 0.666667, 0.9191982], "species": [{"occu": 1, "element": "Ge"}], "properties": {"magmom": 0.017}}, {"label": "Ge", "xyz": [1.41216512549734, 0.8153125946866301, 1.9929181389022], "abc": [0.666667, 0.333333, 0.0808018], "species": [{"occu": 1, "element": "Ge"}], "properties": {"magmom": 0.017}}], "@class": "Structure", "@module": "pymatgen.core.structure"}