{"lattice": {"a": 4.93808417, "c": 20.0, "b": 4.938083949718608, "matrix": [[4.93808417, 0.0, -0.0], [-2.46904209, 4.27650608, 0.0], [-0.0, 0.0, 20.0]], "volume": 422.3549395311351, "beta": 90.0, "alpha": 90.0, "gamma": 120.00000154263219}, "sites": [{"label": "Si", "xyz": [1.232222486939187, 0.7114239422216071, 4.84002], "abc": [0.3327127, 0.16635635000000001, 0.242001], "species": [{"occu": 1, "element": "Si"}], "properties": {"magmom": -0.006}}, {"label": "Si", "xyz": [3.705861681397248, 0.7114239422216071, 4.84002], "abc": [0.8336436500000001, 0.16635635000000001, 0.242001], "species": [{"occu": 1, "element": "Si"}], "properties": {"magmom": -0.01}}, {"label": "Si", "xyz": [2.469042081663563, 2.853658195556784, 4.84002], "abc": [0.8336436500000001, 0.6672872999999999, 0.242001], "species": [{"occu": 1, "element": "Si"}], "properties": {"magmom": -0.009000000000000001}}, {"label": "W", "xyz": [-2.472375420156164e-06, 2.85100547883536, 4.84002], "abc": [0.333333, 0.666667, 0.242001], "species": [{"occu": 1, "element": "W"}], "properties": {"magmom": 0.791}}], "@class": "Structure", "@module": "pymatgen.core.structure"}