{"lattice": {"a": 3.78666204, "c": 23.678874, "b": 3.78666126849145, "matrix": [[3.78666204, 0.0, 0.0], [-1.8933305200000001, 3.2793449199999998, 0.0], [0.0, 0.0, 23.678874]], "volume": 294.0388330851971, "beta": 90.0, "alpha": 90.0, "gamma": 119.99999800393125}, "sites": [{"label": "Pd", "xyz": [1.8933330799975199, 1.09311388021836, 20.96546731205688], "abc": [0.666667, 0.333333, 0.88540812], "species": [{"occu": 1, "element": "Pd"}], "properties": {"magmom": 0.0}}, {"label": "Pd", "xyz": [-1.559997519947722e-06, 2.18623103978164, 19.22061276181512], "abc": [0.333333, 0.666667, 0.8117198800000001], "species": [{"occu": 1, "element": "Pd"}], "properties": {"magmom": 0.0}}, {"label": "S", "xyz": [1.8933330799975199, 1.09311388021836, 18.336369965356983], "abc": [0.666667, 0.333333, 0.77437677], "species": [{"occu": 1, "element": "S"}], "properties": {"magmom": 0.0}}, {"label": "S", "xyz": [-1.559997519947722e-06, 2.18623103978164, 21.84968642964102], "abc": [0.333333, 0.666667, 0.92275023], "species": [{"occu": 1, "element": "S"}], "properties": {"magmom": 0.0}}], "@class": "Structure", "@module": "pymatgen.core.structure"}