{"lattice": {"a": 3.5281800000012753, "c": 24.445951000000207, "b": 3.5281827911368193, "matrix": [[3.52818, -3e-06, 0.0], [-1.764093, 3.055495, 0.0], [3e-06, -1e-06, 24.445951]], "volume": 263.5354447788244, "beta": 89.99999296867661, "alpha": 90.00000554543094, "gamma": 120.00007880425892}, "sites": [{"label": "Ba", "xyz": [6.88269e-07, -2.2942299999999987e-07, 5.608463416273], "abc": [0.0, 0.0, 0.229423], "species": [{"occu": 1, "element": "Ba"}], "properties": {"magmom": -0.001}}, {"label": "Pb", "xyz": [-3.466623000126524e-06, 2.03699658601, 2.423962717356], "abc": [0.333333, 0.666667, 0.099156], "species": [{"occu": 1, "element": "Pb"}], "properties": {"magmom": -0.0}}, {"label": "Pb", "xyz": [1.7640918431219998, 1.018494955157, 8.792646317827002], "abc": [0.666667, 0.333333, 0.35967699999999997], "species": [{"occu": 1, "element": "Pb"}], "properties": {"magmom": -0.0}}], "@class": "Structure", "@module": "pymatgen.core.structure"}