{"lattice": {"a": 3.45203909, "c": 24.923409, "b": 3.5615600495882243, "matrix": [[3.45203909, 0.0, 0.0], [-1.7260195500000002, 3.11537582, 0.0], [0.0, 0.0, 24.923409]], "volume": 268.03628758473394, "beta": 90.0, "alpha": 90.0, "gamma": 118.98787896751624}, "sites": [{"label": "Tb", "xyz": [0.0, 0.0, 12.4617045], "abc": [0.0, 0.0, 0.5], "species": [{"occu": 1, "element": "Tb"}], "properties": {"magmom": -0.0}}, {"label": "Bi", "xyz": [-0.8630097750000001, 1.55768791, 9.74733042011442], "abc": [-0.0, 0.5, 0.39109138], "species": [{"occu": 1, "element": "Bi"}], "properties": {"magmom": -0.0}}, {"label": "Bi", "xyz": [0.86300977, 1.55768791, 15.17607857988558], "abc": [0.5, 0.5, 0.60890862], "species": [{"occu": 1, "element": "Bi"}], "properties": {"magmom": -0.0}}], "@class": "Structure", "@module": "pymatgen.core.structure"}