{"lattice": {"a": 3.15234175, "c": 24.320905, "b": 3.15234175, "matrix": [[3.15234175, 0.0, 0.0], [0.0, 3.15234175, 0.0], [0.0, 0.0, 24.320905]], "volume": 241.68312015279773, "beta": 90.0, "alpha": 90.0, "gamma": 90.0}, "sites": [{"label": "Na", "xyz": [0.0, 0.0, 14.75739909282485], "abc": [0.0, -0.0, 0.60677837], "species": [{"occu": 1, "element": "Na"}], "properties": {"magmom": -0.0}}, {"label": "Pb", "xyz": [0.0, 0.0, 18.02265764526325], "abc": [-0.0, 0.0, 0.74103565], "species": [{"occu": 1, "element": "Pb"}], "properties": {"magmom": 0.0}}, {"label": "Pb", "xyz": [0.0, 0.0, 3.7013007619119], "abc": [0.0, -0.0, 0.15218598], "species": [{"occu": 1, "element": "Pb"}], "properties": {"magmom": -0.0}}], "@class": "Structure", "@module": "pymatgen.core.structure"}