{"lattice": {"a": 6.23678825, "c": 20.0, "b": 6.236788658518987, "matrix": [[6.23678825, 1e-08, 0.0], [-3.1183946, 5.40121726, 0.0], [-0.0, 0.0, 20.0]], "volume": 673.7249674809829, "beta": 90.0, "alpha": 90.0, "gamma": 120.00000278013111}, "sites": [{"label": "Y", "xyz": [3.11839708506095, 1.80040395959425, 5.74646], "abc": [0.666667, 0.333333, 0.287323], "species": [{"occu": 1, "element": "Y"}], "properties": {"magmom": 0.0}}, {"label": "Sn", "xyz": [-1.587299994641623e-07, 1.804916239521771, 5.74646], "abc": [0.16708421, 0.33416842, 0.287323], "species": [{"occu": 1, "element": "Sn"}], "properties": {"magmom": -0.0}}, {"label": "Sn", "xyz": [-1.555291264102201, 4.498759142745378, 5.74646], "abc": [0.16708421, 0.83291579, 0.287323], "species": [{"occu": 1, "element": "Sn"}], "properties": {"magmom": -0.0}}, {"label": "Sn", "xyz": [1.5552904728322, 4.4987591477328515, 5.74646], "abc": [0.66583158, 0.83291579, 0.287323], "species": [{"occu": 1, "element": "Sn"}], "properties": {"magmom": -0.0}}], "@class": "Structure", "@module": "pymatgen.core.structure"}