{"lattice": {"a": 3.60891805943956, "c": 22.999467000000106, "b": 3.608974059438638, "matrix": [[3.608918, -0.000655, 0.0], [-0.000655, 3.608974, 0.0], [-2e-06, -1e-06, 22.999467]], "volume": 299.556346371864, "beta": 90.00000498190495, "alpha": 90.00000249027428, "gamma": 90.0207976152435}, "sites": [{"label": "Ni", "xyz": [1.8041315, 1.8041595, 0.0], "abc": [0.5, 0.5, 0.0], "species": [{"occu": 1, "element": "Ni"}], "properties": {"magmom": 0.151}}, {"label": "Ni", "xyz": [0.0, 0.0, 0.0], "abc": [0.0, 0.0, 0.0], "species": [{"occu": 1, "element": "Ni"}], "properties": {"magmom": 0.15}}, {"label": "Te", "xyz": [1.804458843058, -0.000327578471, 1.804791174956999], "abc": [0.5, 0.0, 0.078471], "species": [{"occu": 1, "element": "Te"}], "properties": {"magmom": 0.008}}, {"label": "Te", "xyz": [-0.000329343058, 1.804486078471, 21.194675825043], "abc": [0.0, 0.5, 0.9215289999999999], "species": [{"occu": 1, "element": "Te"}], "properties": {"magmom": 0.008}}], "@class": "Structure", "@module": "pymatgen.core.structure"}