{"lattice": {"a": 3.3655897, "c": 24.770756, "b": 3.365589458452313, "matrix": [[3.3655897, 0.0, 0.0], [1.68279485, 2.9146859, 0.0], [0.0, 0.0, 24.770756]], "volume": 242.99212070576633, "beta": 90.0, "alpha": 90.0, "gamma": 59.99999762587405}, "sites": [{"label": "Ga", "xyz": [0.0, 0.0, 9.82448212501696], "abc": [-0.0, 0.0, 0.39661616], "species": [{"occu": 1, "element": "Ga"}], "properties": {"magmom": -0.0}}, {"label": "Cu", "xyz": [0.0, 0.0, 12.96764607864012], "abc": [-0.0, -0.0, 0.52350627], "species": [{"occu": 1, "element": "Cu"}], "properties": {"magmom": -0.0}}, {"label": "S", "xyz": [0.0, 0.0, 15.09314711853384], "abc": [-0.0, 0.0, 0.60931314], "species": [{"occu": 1, "element": "S"}], "properties": {"magmom": 0.0}}, {"label": "S", "xyz": [1.68279316720515, 0.9715609951047001, 11.656236677809078], "abc": [0.333333, 0.333333, 0.47056443000000003], "species": [{"occu": 1, "element": "S"}], "properties": {"magmom": -0.0}}], "@class": "Structure", "@module": "pymatgen.core.structure"}