{"lattice": {"a": 3.56852684, "c": 20.0, "b": 3.568526790180497, "matrix": [[3.56852684, 0.0, 0.0], [-1.78426342, 3.09043484, 0.0], [0.0, 0.0, 20.0]], "volume": 220.5659934762221, "beta": 90.0, "alpha": 90.0, "gamma": 120.00000046181968}, "sites": [{"label": "H", "xyz": [1.784263419959253e-06, 3.087346815699175, 10.0], "abc": [0.49950089000000003, 0.99900078, 0.5], "species": [{"occu": 1, "element": "H"}], "properties": {"magmom": -0.0}}, {"label": "H", "xyz": [0.8894582945899111, 1.5467629773678322, 10.0], "abc": [0.49950089000000003, 0.50050011, 0.5], "species": [{"occu": 1, "element": "H"}], "properties": {"magmom": 0.0}}, {"label": "H", "xyz": [-0.8894582945899111, 1.5467629773678322, 10.0], "abc": [0.00099922, 0.50050011, 0.5], "species": [{"occu": 1, "element": "H"}], "properties": {"magmom": 0.0}}, {"label": "Pt", "xyz": [0.0, 0.0, 10.0], "abc": [0.0, 0.0, 0.5], "species": [{"occu": 1, "element": "Pt"}], "properties": {"magmom": 0.0}}], "@class": "Structure", "@module": "pymatgen.core.structure"}