{"lattice": {"a": 5.088295, "c": 24.623946, "b": 5.088293250087892, "matrix": [[5.088295, 0.0, 0.0], [-2.5441469999999997, 4.406591, 0.0], [0.0, 0.0, 24.623946]], "volume": 552.1189778766558, "beta": 90.0, "alpha": 90.0, "gamma": 120.00000487528771}, "sites": [{"label": "Sb", "xyz": [0.0, 0.0, 7.028043547589999], "abc": [0.0, 0.0, 0.285415], "species": [{"occu": 1, "element": "Sb"}], "properties": {"magmom": 0.0}}, {"label": "Br", "xyz": [2.5441502108139993, 1.468862197802999, 7.028043547589999], "abc": [0.666667, 0.333333, 0.285415], "species": [{"occu": 1, "element": "Br"}], "properties": {"magmom": 0.0}}, {"label": "Br", "xyz": [0.0, 0.0, 9.659752400286001], "abc": [0.0, 0.0, 0.392291], "species": [{"occu": 1, "element": "Br"}], "properties": {"magmom": -0.0}}, {"label": "Br", "xyz": [0.0, 0.0, 4.396334694894], "abc": [0.0, 0.0, 0.178539], "species": [{"occu": 1, "element": "Br"}], "properties": {"magmom": -0.0}}], "@class": "Structure", "@module": "pymatgen.core.structure"}