{"lattice": {"a": 3.91215883, "c": 22.485034, "b": 3.91215883, "matrix": [[3.91215883, 0.0, 0.0], [0.0, 3.91215883, 0.0], [0.0, 0.0, 22.485034]], "volume": 344.13314656968777, "beta": 90.0, "alpha": 90.0, "gamma": 90.0}, "sites": [{"label": "Ga", "xyz": [0.0, 0.0, 7.523135314060079], "abc": [-0.0, 0.0, 0.33458412], "species": [{"occu": 1, "element": "Ga"}], "properties": {"magmom": 0.0}}, {"label": "F", "xyz": [0.0, 0.0, 5.74222528471592], "abc": [0.0, -0.0, 0.25537988], "species": [{"occu": 1, "element": "F"}], "properties": {"magmom": 0.0}}], "@class": "Structure", "@module": "pymatgen.core.structure"}