{"lattice": {"a": 3.911209, "c": 22.193332, "b": 3.916920902446844, "matrix": [[3.911209, 0.0, 0.0], [-1.9556049999999998, 3.3938, 0.0], [0.0, 0.0, 22.193332]], "volume": 294.59120640739724, "beta": 90.0, "alpha": 90.0, "gamma": 119.95178118861023}, "sites": [{"label": "Pd", "xyz": [1.955606289022, 1.130695377, 0.0], "abc": [0.6665829999999999, 0.333165, 0.0], "species": [{"occu": 1, "element": "Pd"}], "properties": {"magmom": -0.0}}, {"label": "Se", "xyz": [1.622191000034681e-06, 2.2630774726, 1.257673931108], "abc": [0.333414, 0.666827, 0.056669], "species": [{"occu": 1, "element": "Se"}], "properties": {"magmom": -0.0}}, {"label": "Se", "xyz": [1.622191000034681e-06, 2.2630774726, 20.935658068892003], "abc": [0.333414, 0.666827, 0.9433309999999999], "species": [{"occu": 1, "element": "Se"}], "properties": {"magmom": -0.0}}], "@class": "Structure", "@module": "pymatgen.core.structure"}