{"lattice": {"a": 4.09286727, "c": 22.353476, "b": 4.09575161, "matrix": [[4.09286727, 0.0, 0.0], [0.0, 4.09575161, 0.0], [0.0, 0.0, 22.353476]], "volume": 374.7195377984924, "beta": 90.0, "alpha": 90.0, "gamma": 90.0}, "sites": [{"label": "Mg", "xyz": [0.0, 2.047875805, 10.11662753018664], "abc": [-0.0, 0.5, 0.45257514], "species": [{"occu": 1, "element": "Mg"}], "properties": {"magmom": -0.0}}, {"label": "Mg", "xyz": [0.0, 0.0, 12.47874839862544], "abc": [-0.0, -0.0, 0.55824644], "species": [{"occu": 1, "element": "Mg"}], "properties": {"magmom": -0.0}}, {"label": "Mg", "xyz": [2.046433635, 0.0, 10.11802730485376], "abc": [0.5, 0.0, 0.45263776], "species": [{"occu": 1, "element": "Mg"}], "properties": {"magmom": 0.0}}, {"label": "Si", "xyz": [2.046433635, 2.047875805, 11.993548766334161], "abc": [0.5, 0.5, 0.53654066], "species": [{"occu": 1, "element": "Si"}], "properties": {"magmom": 0.0}}], "@class": "Structure", "@module": "pymatgen.core.structure"}