{"lattice": {"a": 2.8908834454119523, "c": 23.5304691366367, "b": 2.89086157804986, "matrix": [[2.89088333, 0.00081129, 9.536000000000001e-05], [0.00081153, 2.89086146, 0.00015476000000000002], [0.00105035, 0.00172452, 23.53046905]], "volume": 196.64748295643662, "beta": 89.99555127544771, "alpha": 89.99273285842378, "gamma": 89.96783634345356}, "sites": [{"label": "Ni", "xyz": [1.4464314449416371, 1.446791596262916, 13.007736820225187], "abc": [0.50000117, 0.50000066, 0.55279866], "species": [{"occu": 1, "element": "Ni"}], "properties": {"magmom": -0.0}}, {"label": "N", "xyz": [2.891474884035357, 0.001808895420544, 13.608581412466414], "abc": [0.9999945, 9e-08, 0.57833467], "species": [{"occu": 1, "element": "N"}], "properties": {"magmom": 0.0}}, {"label": "N", "xyz": [0.000564529081024, 0.000904186934078, 12.366454010244842], "abc": [4.33e-06, -7.4e-07, 0.52555068], "species": [{"occu": 1, "element": "N"}], "properties": {"magmom": 0.0}}], "@class": "Structure", "@module": "pymatgen.core.structure"}