{"lattice": {"a": 3.291319791386263, "c": 24.05638401275453, "b": 3.296110889116837, "matrix": [[3.15707272, 0.00906833, 0.93037389], [-0.28454863, 3.14953888, 0.92939976], [0.01862892, 0.02681929, 24.05636185]], "volume": 239.12203425252625, "beta": 73.53553474262804, "alpha": 73.5626496591869, "gamma": 90.0268844867796}, "sites": [{"label": "Bi", "xyz": [1.5934117584383851, 0.025315262264452004, 9.45590420951124], "abc": [0.5028152, 0.00340961, 0.37349493], "species": [{"occu": 1, "element": "Bi"}], "properties": {"magmom": 0.0}}, {"label": "Bi", "xyz": [1.288533175228077, 3.146959307172403, 4.600446405505763], "abc": [0.4971792, 0.99661263, 0.13350449], "species": [{"occu": 1, "element": "Bi"}], "properties": {"magmom": 0.0}}, {"label": "Mo", "xyz": [2.484502570117705, 1.001167158521093, 6.429466191874566], "abc": [0.81391175, 0.31362928, 0.22367209999999998], "species": [{"occu": 1, "element": "Mo"}], "properties": {"magmom": 0.0}}, {"label": "Mo", "xyz": [0.39749044119915705, 2.170967474245243, 7.626929512438131], "abc": [0.18609385, 0.68634847, 0.28333048], "species": [{"occu": 1, "element": "Mo"}], "properties": {"magmom": 0.0}}], "@class": "Structure", "@module": "pymatgen.core.structure"}