{"lattice": {"a": 3.4257314, "c": 22.994808, "b": 4.76005571, "matrix": [[3.4257314, 0.0, 0.0], [0.0, 4.76005571, 0.0], [0.0, 0.0, 22.994808]], "volume": 374.96879892177344, "beta": 90.0, "alpha": 90.0, "gamma": 90.0}, "sites": [{"label": "Yb", "xyz": [0.0, 0.0, 11.928497323395359], "abc": [0.0, 0.0, 0.51874742], "species": [{"occu": 1, "element": "Yb"}], "properties": {"magmom": 0.0}}, {"label": "P", "xyz": [1.7128657, 2.380027855, 12.061287510685679], "abc": [0.5, 0.5, 0.52452221], "species": [{"occu": 1, "element": "P"}], "properties": {"magmom": -0.0}}, {"label": "P", "xyz": [0.0, 2.380027855, 10.50242716591896], "abc": [0.0, 0.5, 0.45673037], "species": [{"occu": 1, "element": "P"}], "properties": {"magmom": -0.0}}], "@class": "Structure", "@module": "pymatgen.core.structure"}