{"lattice": {"a": 3.04708929, "c": 21.790565, "b": 3.047089593236429, "matrix": [[3.04708929, -0.0, 0.0], [-1.52354465, 2.63885708, -0.0], [0.0, 0.0, 21.790565]], "volume": 175.2142973287937, "beta": 90.0, "alpha": 90.0, "gamma": 119.99999681657447}, "sites": [{"label": "Cd", "xyz": [0.0, 0.0, 11.084832523576802], "abc": [0.0, 0.0, 0.50869872], "species": [{"occu": 1, "element": "Cd"}], "properties": {"magmom": 0.015}}, {"label": "H", "xyz": [0.0, 0.0, 12.871758218553202], "abc": [-0.0, -0.0, 0.59070328], "species": [{"occu": 1, "element": "H"}], "properties": {"magmom": 0.006}}], "@class": "Structure", "@module": "pymatgen.core.structure"}