{"lattice": {"a": 3.77086905, "c": 23.150314, "b": 3.770868851889986, "matrix": [[3.77086905, 0.0, 0.0], [-1.88543453, 3.26566816, 0.0], [0.0, 0.0, 23.150314]], "volume": 285.08238859124504, "beta": 90.0, "alpha": 90.0, "gamma": 120.00000182563333}, "sites": [{"label": "Hf", "xyz": [0.0, 0.0, 11.575157], "abc": [0.0, -0.0, 0.5], "species": [{"occu": 1, "element": "Hf"}], "properties": {"magmom": 0.0}}, {"label": "Se", "xyz": [1.88543640876786, 1.08855496477728, 13.13924453354964], "abc": [0.666667, 0.333333, 0.56756226], "species": [{"occu": 1, "element": "Se"}], "properties": {"magmom": 0.0}}, {"label": "Se", "xyz": [-1.888767860039045e-06, 2.17711319522272, 10.011069466450362], "abc": [0.333333, 0.666667, 0.43243774], "species": [{"occu": 1, "element": "Se"}], "properties": {"magmom": 0.0}}], "@class": "Structure", "@module": "pymatgen.core.structure"}