{"lattice": {"a": 1.70698769, "c": 20.0, "b": 1.7069868072813512, "matrix": [[1.70698769, -0.0, 0.0], [-0.85349335, 1.47829397, 0.0], [0.0, 0.0, 20.0]], "volume": 50.46859217982458, "beta": 90.0, "alpha": 90.0, "gamma": 119.99999792099241}, "sites": [{"label": "B", "xyz": [0.0, 0.0, 10.0], "abc": [0.0, 0.0, 0.5], "species": [{"occu": 1, "element": "B"}], "properties": {"magmom": -0.0}}], "@class": "Structure", "@module": "pymatgen.core.structure"}