{"lattice": {"a": 3.841389, "c": 22.592014, "b": 3.841389, "matrix": [[3.841389, 0.0, 0.0], [0.0, 3.841389, 0.0], [0.0, 0.0, 22.592014]], "volume": 333.3738459868323, "beta": 90.0, "alpha": 90.0, "gamma": 90.0}, "sites": [{"label": "Sm", "xyz": [0.0, 0.0, 0.0], "abc": [0.0, 0.0, 0.0], "species": [{"occu": 1, "element": "Sm"}], "properties": {"magmom": -0.0}}, {"label": "Pb", "xyz": [1.9206945, 1.9206945, 1.862191937977999], "abc": [0.5, 0.5, 0.082427], "species": [{"occu": 1, "element": "Pb"}], "properties": {"magmom": -0.0}}, {"label": "Pb", "xyz": [1.9206945, 1.9206945, 20.729822062022], "abc": [0.5, 0.5, 0.917573], "species": [{"occu": 1, "element": "Pb"}], "properties": {"magmom": -0.0}}], "@class": "Structure", "@module": "pymatgen.core.structure"}