{"lattice": {"a": 3.74411211, "c": 22.353476, "b": 3.74615285, "matrix": [[3.74411211, 0.0, 0.0], [0.0, 3.74615285, 0.0], [0.0, 0.0, 22.353476]], "volume": 313.5302176556615, "beta": 90.0, "alpha": 90.0, "gamma": 90.0}, "sites": [{"label": "Mg", "xyz": [0.0, 1.873076425, 10.30615415886976], "abc": [-0.0, 0.5, 0.46105376000000003], "species": [{"occu": 1, "element": "Mg"}], "properties": {"magmom": -0.0}}, {"label": "Mg", "xyz": [0.0, 0.0, 12.48141159175608], "abc": [-0.0, -0.0, 0.55836558], "species": [{"occu": 1, "element": "Mg"}], "properties": {"magmom": 0.0}}, {"label": "Mg", "xyz": [1.872056055, 0.0, 10.30844159006884], "abc": [0.5, 0.0, 0.46115609], "species": [{"occu": 1, "element": "Mg"}], "properties": {"magmom": -0.0}}, {"label": "C", "xyz": [1.872056055, 1.873076425, 11.61094465930532], "abc": [0.5, 0.5, 0.51942457], "species": [{"occu": 1, "element": "C"}], "properties": {"magmom": 0.0}}], "@class": "Structure", "@module": "pymatgen.core.structure"}