{"lattice": {"a": 4.78721749, "c": 23.942319, "b": 4.78721749, "matrix": [[4.78721749, 0.0, 0.0], [0.0, 4.78721749, 0.0], [0.0, 0.0, 23.942319]], "volume": 548.6969296092485, "beta": 90.0, "alpha": 90.0, "gamma": 90.0}, "sites": [{"label": "Tl", "xyz": [0.0, 0.0, 0.0], "abc": [0.0, 0.0, 0.0], "species": [{"occu": 1, "element": "Tl"}], "properties": {"magmom": 0.0}}, {"label": "Tl", "xyz": [2.393608745, 2.393608745, 0.0], "abc": [0.5, 0.5, 0.0], "species": [{"occu": 1, "element": "Tl"}], "properties": {"magmom": 0.0}}, {"label": "Bi", "xyz": [2.393608745, 0.0, 21.921909300590553], "abc": [0.5, 0.0, 0.91561345], "species": [{"occu": 1, "element": "Bi"}], "properties": {"magmom": -0.0}}, {"label": "Bi", "xyz": [0.0, 2.393608745, 2.02040969940945], "abc": [0.0, 0.5, 0.08438655], "species": [{"occu": 1, "element": "Bi"}], "properties": {"magmom": -0.0}}], "@class": "Structure", "@module": "pymatgen.core.structure"}