{"lattice": {"a": 4.73104, "c": 22.742717, "b": 4.731039650411102, "matrix": [[4.73104, 0.0, 0.0], [-2.365519, 4.097201, 0.0], [0.0, 0.0, 22.742717]], "volume": 440.84532255225196, "beta": 90.0, "alpha": 90.0, "gamma": 119.99998846022002}, "sites": [{"label": "Sr", "xyz": [0.0, 0.0, 0.0], "abc": [0.0, 0.0, 0.0], "species": [{"occu": 1, "element": "Sr"}], "properties": {"magmom": 0.0}}, {"label": "I", "xyz": [2.365522698853, 1.365732300933, 20.913861412444998], "abc": [0.666667, 0.333333, 0.919585], "species": [{"occu": 1, "element": "I"}], "properties": {"magmom": 0.0}}, {"label": "I", "xyz": [-1.698853000071973e-06, 2.7314686990670003, 1.8288555875549992], "abc": [0.333333, 0.666667, 0.080415], "species": [{"occu": 1, "element": "I"}], "properties": {"magmom": 0.0}}], "@class": "Structure", "@module": "pymatgen.core.structure"}