{"lattice": {"a": 4.24966214, "c": 22.861689900000002, "b": 4.24966214, "matrix": [[4.24966214, 0.0, 0.0], [0.0, 4.24966214, 0.0], [0.0, 0.0, 22.861689900000002]], "volume": 412.8736219987259, "beta": 90.0, "alpha": 90.0, "gamma": 90.0}, "sites": [{"label": "Al", "xyz": [2.12483107, 0.0, 4.661030591817747], "abc": [0.5, 0.0, 0.20387953], "species": [{"occu": 1, "element": "Al"}], "properties": {"magmom": -0.0}}, {"label": "Al", "xyz": [0.0, 2.12483107, 7.834071746407052], "abc": [0.0, 0.5, 0.34267247], "species": [{"occu": 1, "element": "Al"}], "properties": {"magmom": -0.0}}, {"label": "Cl", "xyz": [0.0, 2.12483107, 5.323368955223192], "abc": [0.0, 0.5, 0.23285107], "species": [{"occu": 1, "element": "Cl"}], "properties": {"magmom": 0.0}}, {"label": "Cl", "xyz": [2.12483107, 0.0, 7.171733383001606], "abc": [0.5, 0.0, 0.31370093], "species": [{"occu": 1, "element": "Cl"}], "properties": {"magmom": 0.0}}], "@class": "Structure", "@module": "pymatgen.core.structure"}