{"lattice": {"a": 5.22036316, "c": 22.353476, "b": 5.22124759, "matrix": [[5.22036316, 0.0, 0.0], [0.0, 5.22124759, 0.0], [0.0, 0.0, 22.353476]], "volume": 609.2844161630541, "beta": 90.0, "alpha": 90.0, "gamma": 90.0}, "sites": [{"label": "Sr", "xyz": [0.0, 2.610623795, 9.92174098502824], "abc": [0.0, 0.5, 0.44385674], "species": [{"occu": 1, "element": "Sr"}], "properties": {"magmom": 0.006}}, {"label": "Sr", "xyz": [0.0, 0.0, 12.84599969126796], "abc": [0.0, 0.0, 0.5746757100000001], "species": [{"occu": 1, "element": "Sr"}], "properties": {"magmom": 0.034}}, {"label": "Sr", "xyz": [2.61018158, 0.0, 9.933650246436759], "abc": [0.5, -0.0, 0.44438951], "species": [{"occu": 1, "element": "Sr"}], "properties": {"magmom": 0.006}}, {"label": "Sn", "xyz": [2.61018158, 2.610623795, 12.0055613008018], "abc": [0.5, 0.5, 0.53707805], "species": [{"occu": 1, "element": "Sn"}], "properties": {"magmom": -0.008}}], "@class": "Structure", "@module": "pymatgen.core.structure"}