{"lattice": {"a": 3.09001473, "c": 23.983674, "b": 3.09001473, "matrix": [[3.09001473, 0.0, 0.0], [0.0, 3.09001473, -0.0], [0.0, -0.0, 23.983674]], "volume": 229.00070099202517, "beta": 90.0, "alpha": 90.0, "gamma": 90.0}, "sites": [{"label": "Mg", "xyz": [1.545007365, 1.545007365, 17.08327551133632], "abc": [0.5, 0.5, 0.71228768], "species": [{"occu": 1, "element": "Mg"}], "properties": {"magmom": -0.0}}, {"label": "Mg", "xyz": [1.545007365, 1.545007365, 13.442017523185681], "abc": [0.5, 0.5, 0.56046532], "species": [{"occu": 1, "element": "Mg"}], "properties": {"magmom": -0.0}}, {"label": "Zn", "xyz": [0.0, 0.0, 15.262658509098], "abc": [0.0, 0.0, 0.636377], "species": [{"occu": 1, "element": "Zn"}], "properties": {"magmom": -0.0}}], "@class": "Structure", "@module": "pymatgen.core.structure"}