{"lattice": {"a": 4.060702, "c": 22.585765, "b": 4.060702, "matrix": [[4.060702, 0.0, 0.0], [0.0, 4.060702, 0.0], [0.0, 0.0, 22.585765]], "volume": 372.4234713654389, "beta": 90.0, "alpha": 90.0, "gamma": 90.0}, "sites": [{"label": "Ce", "xyz": [0.0, 0.0, 16.20153715051], "abc": [0.0, 0.0, 0.7173339999999999], "species": [{"occu": 1, "element": "Ce"}], "properties": {"magmom": 0.002}}, {"label": "Sn", "xyz": [2.030351, 2.030351, 14.720746639815], "abc": [0.5, 0.5, 0.651771], "species": [{"occu": 1, "element": "Sn"}], "properties": {"magmom": 0.0}}, {"label": "Sn", "xyz": [2.030351, 2.030351, 17.682327661204997], "abc": [0.5, 0.5, 0.782897], "species": [{"occu": 1, "element": "Sn"}], "properties": {"magmom": 0.0}}], "@class": "Structure", "@module": "pymatgen.core.structure"}