{"lattice": {"a": 3.2171911, "c": 23.88941, "b": 3.99678749, "matrix": [[3.2171911, 0.0, 0.0], [0.0, 3.99678749, 0.0], [0.0, 0.0, 23.88941]], "volume": 307.1802857153146, "beta": 90.0, "alpha": 90.0, "gamma": 90.0}, "sites": [{"label": "Cu", "xyz": [0.0, 1.998393745, 11.6734464829084], "abc": [0.0, 0.5, 0.48864524000000004], "species": [{"occu": 1, "element": "Cu"}], "properties": {"magmom": 0.0}}, {"label": "Cu", "xyz": [1.60859555, 0.0, 12.215963517091602], "abc": [0.5, -0.0, 0.51135476], "species": [{"occu": 1, "element": "Cu"}], "properties": {"magmom": -0.0}}, {"label": "Te", "xyz": [0.0, 0.0, 9.975891286659401], "abc": [0.0, -0.0, 0.41758634], "species": [{"occu": 1, "element": "Te"}], "properties": {"magmom": 0.001}}, {"label": "Te", "xyz": [1.60859555, 1.998393745, 13.913518713340602], "abc": [0.5, 0.5, 0.58241366], "species": [{"occu": 1, "element": "Te"}], "properties": {"magmom": -0.001}}], "@class": "Structure", "@module": "pymatgen.core.structure"}