{"lattice": {"a": 4.318165, "c": 23.590562, "b": 4.318165746745295, "matrix": [[4.318165, 0.0, 0.0], [-2.1590825, 3.73964145, 0.0], [0.0, 0.0, 23.590562]], "volume": 380.9495677040648, "beta": 90.0, "alpha": 90.0, "gamma": 119.99999427948434}, "sites": [{"label": "Bi", "xyz": [2.1590846590825, 1.24654590345285, 11.77531135336138], "abc": [0.666667, 0.333333, 0.49915349000000003], "species": [{"occu": 1, "element": "Bi"}], "properties": {"magmom": 0.0}}, {"label": "Te", "xyz": [0.0, 0.0, 10.006899131323978], "abc": [0.0, -0.0, 0.42419079], "species": [{"occu": 1, "element": "Te"}], "properties": {"magmom": 0.0}}, {"label": "Br", "xyz": [-2.159082500026297e-06, 2.49309554654715, 13.60363275122026], "abc": [0.333333, 0.666667, 0.57665573], "species": [{"occu": 1, "element": "Br"}], "properties": {"magmom": 0.0}}], "@class": "Structure", "@module": "pymatgen.core.structure"}