{"lattice": {"a": 3.481227, "c": 24.358006, "b": 3.481227, "matrix": [[3.481227, 0.0, 0.0], [0.0, 3.481227, 0.0], [0.0, 0.0, 24.358006]], "volume": 295.19324795668393, "beta": 90.0, "alpha": 90.0, "gamma": 90.0}, "sites": [{"label": "Ca", "xyz": [0.0, 0.0, 12.211886308099999], "abc": [0.0, 0.0, 0.5013500000000001], "species": [{"occu": 1, "element": "Ca"}], "properties": {"magmom": -0.0}}, {"label": "Ca", "xyz": [0.0, 0.0, 9.040254704846], "abc": [0.0, 0.0, 0.371141], "species": [{"occu": 1, "element": "Ca"}], "properties": {"magmom": -0.0}}, {"label": "Ir", "xyz": [1.7406134999999998, 1.7406134999999998, 10.626082685476], "abc": [0.5, 0.5, 0.43624599999999997], "species": [{"occu": 1, "element": "Ir"}], "properties": {"magmom": -0.0}}], "@class": "Structure", "@module": "pymatgen.core.structure"}