{"lattice": {"a": 3.30540102, "c": 25.269087, "b": 4.24878734, "matrix": [[3.30540102, 0.0, 0.0], [0.0, 4.24878734, 0.0], [0.0, 0.0, 25.269087]], "volume": 354.87769348427014, "beta": 90.0, "alpha": 90.0, "gamma": 90.0}, "sites": [{"label": "Ca", "xyz": [0.0, 0.0, 9.4598718623898], "abc": [0.0, 0.0, 0.37436539999999996], "species": [{"occu": 1, "element": "Ca"}], "properties": {"magmom": -0.0}}, {"label": "Ca", "xyz": [1.65270051, 2.12439367, 15.8092151376102], "abc": [0.5, 0.5, 0.6256345999999999], "species": [{"occu": 1, "element": "Ca"}], "properties": {"magmom": -0.0}}, {"label": "Ce", "xyz": [1.65270051, 0.0, 13.214467025123039], "abc": [0.5, 0.0, 0.52294992], "species": [{"occu": 1, "element": "Ce"}], "properties": {"magmom": -0.001}}, {"label": "Ce", "xyz": [0.0, 2.12439367, 12.054619974876958], "abc": [0.0, 0.5, 0.47705008], "species": [{"occu": 1, "element": "Ce"}], "properties": {"magmom": -0.0}}], "@class": "Structure", "@module": "pymatgen.core.structure"}