{"lattice": {"a": 2.83277861, "c": 20.0, "b": 4.63623575, "matrix": [[2.83277861, 0.0, 0.0], [-0.0, 4.63623575, 0.0], [0.0, 0.0, 20.0]], "volume": 262.66858927034616, "beta": 90.0, "alpha": 90.0, "gamma": 90.0}, "sites": [{"label": "Ni", "xyz": [1.416389305, 2.318117875, 10.0], "abc": [0.5, 0.5, 0.5], "species": [{"occu": 1, "element": "Ni"}], "properties": {"magmom": 0.04}}, {"label": "N", "xyz": [1.416389305, 0.5727828184866001, 10.0], "abc": [0.5, 0.1235448, 0.5], "species": [{"occu": 1, "element": "N"}], "properties": {"magmom": -0.001}}, {"label": "N", "xyz": [1.416389305, 4.0634529315134, 10.0], "abc": [0.5, 0.8764552, 0.5], "species": [{"occu": 1, "element": "N"}], "properties": {"magmom": -0.001}}], "@class": "Structure", "@module": "pymatgen.core.structure"}