{"lattice": {"a": 3.93960531, "c": 23.801584, "b": 3.93960531, "matrix": [[3.93960531, 0.0, 0.0], [0.0, 3.93960531, 0.0], [0.0, 0.0, 23.801584]], "volume": 369.4122464223664, "beta": 90.0, "alpha": 90.0, "gamma": 90.0}, "sites": [{"label": "La", "xyz": [0.0, 0.0, 11.900792], "abc": [0.0, 0.0, 0.5], "species": [{"occu": 1, "element": "La"}], "properties": {"magmom": 0.024}}, {"label": "I", "xyz": [1.969802655, 1.969802655, 9.99800673727424], "abc": [0.5, 0.5, 0.42005636], "species": [{"occu": 1, "element": "I"}], "properties": {"magmom": -0.0}}, {"label": "I", "xyz": [1.969802655, 1.969802655, 13.803577262725758], "abc": [0.5, 0.5, 0.57994364], "species": [{"occu": 1, "element": "I"}], "properties": {"magmom": -0.0}}], "@class": "Structure", "@module": "pymatgen.core.structure"}