{"lattice": {"a": 3.847565012621099, "c": 22.755683526810618, "b": 3.843485775918782, "matrix": [[3.847565, 2e-05, 0.00031099999999999997], [0.013902999999999999, 3.843459, -0.00354], [-0.004698, -0.011765999999999999, 22.75568]], "volume": 336.5098865303857, "beta": 90.00719785529014, "alpha": 90.08243946611655, "gamma": 89.79245057503141}, "sites": [{"label": "Zn", "xyz": [3.233545727813, 0.642939761441999, 0.035531954621], "abc": [0.839811, 0.167282, 0.001576], "species": [{"occu": 1, "element": "Zn"}], "properties": {"magmom": 0.0}}, {"label": "Br", "xyz": [3.214645948814, 2.559069345307, 21.277980237177], "abc": [0.8342269999999999, 0.6686829999999999, 0.935155], "species": [{"occu": 1, "element": "Br"}], "properties": {"magmom": 0.0}}, {"label": "Br", "xyz": [1.305801779496, 0.683894523021, 1.541991272213], "abc": [0.338823, 0.178143, 0.067786], "species": [{"occu": 1, "element": "Br"}], "properties": {"magmom": 0.0}}], "@class": "Structure", "@module": "pymatgen.core.structure"}