{"lattice": {"a": 3.32604387, "c": 24.89452, "b": 3.3260438020964562, "matrix": [[3.32604387, 0.0, 0.0], [-1.66302193, 2.88043841, 0.0], [0.0, 0.0, 24.89452]], "volume": 238.50106551512647, "beta": 90.0, "alpha": 90.0, "gamma": 120.00000057588954}, "sites": [{"label": "Mg", "xyz": [0.0, 0.0, 12.44726], "abc": [-0.0, 0.0, 0.5], "species": [{"occu": 1, "element": "Mg"}], "properties": {"magmom": -0.0}}, {"label": "Sn", "xyz": [-1.659688600069511e-06, 1.92029323347947, 9.9891636437208], "abc": [0.333333, 0.666667, 0.40125954], "species": [{"occu": 1, "element": "Sn"}], "properties": {"magmom": -0.0}}, {"label": "Sn", "xyz": [-1.659688600069511e-06, 1.92029323347947, 14.905356356279201], "abc": [0.333333, 0.666667, 0.59874046], "species": [{"occu": 1, "element": "Sn"}], "properties": {"magmom": -0.0}}], "@class": "Structure", "@module": "pymatgen.core.structure"}