{"lattice": {"a": 5.04178556, "c": 24.79164, "b": 5.041786955995479, "matrix": [[5.04178556, -0.0, 0.0], [-2.5208937799999998, 4.36631541, -0.0], [-0.0, 0.0, 24.79164]], "volume": 545.7638071594477, "beta": 90.0, "alpha": 90.0, "gamma": 120.00000396294196}, "sites": [{"label": "Np", "xyz": [-3.187559780095296e-06, 2.91087839543847, 7.282345916880001], "abc": [0.333333, 0.666667, 0.293742], "species": [{"occu": 1, "element": "Np"}], "properties": {"magmom": 3.99}}, {"label": "Br", "xyz": [-3.187559780095296e-06, 2.91087839543847, 4.605445035822], "abc": [0.333333, 0.666667, 0.18576605000000002], "species": [{"occu": 1, "element": "Br"}], "properties": {"magmom": -0.085}}, {"label": "Br", "xyz": [-3.187559780095296e-06, 2.91087839543847, 9.959246797938], "abc": [0.333333, 0.666667, 0.40171795], "species": [{"occu": 1, "element": "Br"}], "properties": {"magmom": -0.085}}, {"label": "Br", "xyz": [2.52089496755978, 1.45543701456153, 7.282345916880001], "abc": [0.666667, 0.333333, 0.293742], "species": [{"occu": 1, "element": "Br"}], "properties": {"magmom": -0.033}}], "@class": "Structure", "@module": "pymatgen.core.structure"}