{"lattice": {"a": 2.6860688881123282, "c": 24.050628031899144, "b": 5.090172606451572, "matrix": [[2.685161, -0.03202, -0.062057999999999995], [-1.286059, 4.923817, -0.10925000000000001], [-0.425674, -1.923889, 23.969776]], "volume": 315.0736430308422, "beta": 92.2789962120801, "alpha": 95.41091589687912, "gamma": 105.28408937036603}, "sites": [{"label": "Eu", "xyz": [0.97314475206, 2.967508234320999, 23.789856138524], "abc": [0.9997300000000001, 0.999776, 0.9996389999999999], "species": [{"occu": 1, "element": "Eu"}], "properties": {"magmom": 7.034}}, {"label": "C", "xyz": [-0.394849916632999, 0.7684076640029991, 23.890890489566], "abc": [0.27419099999999996, 0.548542, 0.999919], "species": [{"occu": 1, "element": "C"}], "properties": {"magmom": -0.023}}, {"label": "C", "xyz": [1.3685638497339991, 2.199900069655999, -0.083810690148], "abc": [0.7260800000000001, 0.451682, 0.00044199999999999996], "species": [{"occu": 1, "element": "C"}], "properties": {"magmom": -0.023}}], "@class": "Structure", "@module": "pymatgen.core.structure"}