{"lattice": {"a": 3.5324429999999998, "c": 21.231711, "b": 3.532442924876352, "matrix": [[3.5324429999999998, 0.0, 0.0], [-1.766222, 3.059185, 0.0], [0.0, 0.0, 21.231711]], "volume": 229.4382903896639, "beta": 90.0, "alpha": 90.0, "gamma": 120.00001006804824}, "sites": [{"label": "Ni", "xyz": [-2.0995550000259578e-06, 2.039457686395, 14.616589267152001], "abc": [0.333333, 0.666667, 0.6884319999999999], "species": [{"occu": 1, "element": "Ni"}], "properties": {"magmom": 0.0}}, {"label": "Se", "xyz": [1.766223099555, 1.019727313605, 15.565837834250999], "abc": [0.666667, 0.333333, 0.7331409999999999], "species": [{"occu": 1, "element": "Se"}], "properties": {"magmom": 0.0}}], "@class": "Structure", "@module": "pymatgen.core.structure"}