{"lattice": {"a": 3.86692891, "c": 20.0, "b": 3.86692891, "matrix": [[3.86692891, 0.0, 0.0], [0.0, 3.86692891, 0.0], [0.0, 0.0, 20.0]], "volume": 299.06278389987574, "beta": 90.0, "alpha": 90.0, "gamma": 90.0}, "sites": [{"label": "Rb", "xyz": [1.9334644550000002, 1.9334644550000002, 10.0], "abc": [0.5, 0.5, 0.5], "species": [{"occu": 1, "element": "Rb"}], "properties": {"magmom": -0.0}}, {"label": "F", "xyz": [0.0, 0.0, 10.0], "abc": [-0.0, 0.0, 0.5], "species": [{"occu": 1, "element": "F"}], "properties": {"magmom": 0.0}}], "@class": "Structure", "@module": "pymatgen.core.structure"}