{"lattice": {"a": 5.421932495445434, "c": 20.0, "b": 5.421932422968632, "matrix": [[5.42164649, -0.05568952, 0.0], [-2.52824287, 4.79638814, 0.0], [0.0, 0.0, 20.0]], "volume": 517.2704858406981, "beta": 90.0, "alpha": 90.0, "gamma": 118.38284220528199}, "sites": [{"label": "Mg", "xyz": [0.08998736563209801, 3.198396537882025, 10.0], "abc": [0.32934172, 0.67065828, 0.5], "species": [{"occu": 1, "element": "Mg"}], "properties": {"magmom": 0.0}}, {"label": "Mg", "xyz": [2.8034162543679013, 1.542302082117975, 10.0], "abc": [0.67065828, 0.32934172, 0.5], "species": [{"occu": 1, "element": "Mg"}], "properties": {"magmom": 0.0}}], "@class": "Structure", "@module": "pymatgen.core.structure"}