{"lattice": {"a": 3.519017178667646, "c": 22.479763344473646, "b": 3.711036263369707, "matrix": [[3.5177769999999997, 0.0070019999999999995, -0.093155], [-0.00982, 3.709994, -0.087397], [-0.020786, 0.011087999999999999, 22.479751]], "volume": 293.37948561940806, "beta": 91.56982642025457, "alpha": 91.32107124582834, "gamma": 90.00186781909444}, "sites": [{"label": "Bi", "xyz": [2.230813587655, 3.08562863856, 5.675222985336999], "abc": [0.6379969999999999, 0.829731, 0.258329], "species": [{"occu": 1, "element": "Bi"}], "properties": {"magmom": -0.0}}, {"label": "Bi", "xyz": [0.40728964987099997, 1.164951020272, 3.126323073475999], "abc": [0.117487, 0.313361, 0.140778], "species": [{"occu": 1, "element": "Bi"}], "properties": {"magmom": -0.0}}, {"label": "N", "xyz": [2.171965876354, 3.479966200922, 3.491561832793], "abc": [0.6209939999999999, 0.9363429999999999, 0.16153399999999998], "species": [{"occu": 1, "element": "N"}], "properties": {"magmom": -0.0}}, {"label": "N", "xyz": [0.46285388762900004, 1.661874183642, 5.288158851746], "abc": [0.13422699999999999, 0.446982, 0.237535], "species": [{"occu": 1, "element": "N"}], "properties": {"magmom": -0.0}}], "@class": "Structure", "@module": "pymatgen.core.structure"}