{"lattice": {"a": 3.629288191104743, "c": 22.739074284119123, "b": 3.626193313972409, "matrix": [[3.61666331, 0.09478675, 0.28721899], [1.5075853000000001, 3.28961185, 0.23434673], [0.16917925, 0.08814759, 22.73827407]], "volume": 267.08485260271544, "beta": 85.02898301012883, "alpha": 85.91515157802701, "gamma": 63.697522149641784}, "sites": [{"label": "Hg", "xyz": [0.022914883717518, 0.015983962800977, 0.036896862352324006], "abc": [0.00430813, 0.00469406, 0.00151988], "species": [{"occu": 1, "element": "Hg"}], "properties": {"magmom": 0.0}}, {"label": "F", "xyz": [3.771502561526871, 2.449833131330556, 22.10883737154486], "abc": [0.7068228999999999, 0.69872984, 0.95618864], "species": [{"occu": 1, "element": "F"}], "properties": {"magmom": -0.0}}, {"label": "F", "xyz": [1.5675576868494212, 1.054756243051635, 1.2238371654483071], "abc": [0.30172997, 0.31068409999999996, 0.04680948], "species": [{"occu": 1, "element": "F"}], "properties": {"magmom": -0.0}}], "@class": "Structure", "@module": "pymatgen.core.structure"}