{"lattice": {"a": 3.586907, "c": 26.270831, "b": 3.586906245096601, "matrix": [[3.586907, 0.0, 0.0], [-1.793453, 3.1063520000000002, 0.0], [0.0, 0.0, 26.270831]], "volume": 292.71474107749964, "beta": 90.0, "alpha": 90.0, "gamma": 119.99999773963141}, "sites": [{"label": "Sc", "xyz": [1.7934554601200001, 1.035449631216, 0.782555513828], "abc": [0.666667, 0.333333, 0.029788], "species": [{"occu": 1, "element": "Sc"}], "properties": {"magmom": 0.459}}, {"label": "Sc", "xyz": [-1.4601199999252541e-06, 2.070902368784, 3.26966762626], "abc": [0.333333, 0.666667, 0.12446000000000002], "species": [{"occu": 1, "element": "Sc"}], "properties": {"magmom": 0.459}}, {"label": "Br", "xyz": [0.0, 0.0, 5.053562134484], "abc": [0.0, 0.0, 0.19236399999999998], "species": [{"occu": 1, "element": "Br"}], "properties": {"magmom": 0.0}}, {"label": "Br", "xyz": [0.0, 0.0, 25.269518276435], "abc": [0.0, 0.0, 0.961885], "species": [{"occu": 1, "element": "Br"}], "properties": {"magmom": 0.0}}], "@class": "Structure", "@module": "pymatgen.core.structure"}