{"lattice": {"a": 4.28501571, "c": 23.407854, "b": 4.285015254242195, "matrix": [[4.28501571, -0.0, 0.0], [-2.14250736, 3.71093222, 0.0], [0.0, 0.0, 23.407854]], "volume": 372.2177165758909, "beta": 90.0, "alpha": 90.0, "gamma": 119.99999587572317}, "sites": [{"label": "Bi", "xyz": [0.0, 0.0, 11.75747106155376], "abc": [0.0, -0.0, 0.50228744], "species": [{"occu": 1, "element": "Bi"}], "properties": {"magmom": 0.0}}, {"label": "Te", "xyz": [-1.8125076902621262e-06, 2.47395605031074, 9.97191925619814], "abc": [0.333333, 0.666667, 0.42600741000000003], "species": [{"occu": 1, "element": "Te"}], "properties": {"magmom": 0.0}}, {"label": "Cl", "xyz": [2.14251016250769, 1.23697616968926, 13.382367274394099], "abc": [0.666667, 0.333333, 0.57170415], "species": [{"occu": 1, "element": "Cl"}], "properties": {"magmom": 0.0}}], "@class": "Structure", "@module": "pymatgen.core.structure"}