{"lattice": {"a": 4.363154, "c": 22.957399, "b": 4.358066, "matrix": [[4.363154, 0.0, 0.0], [0.0, 4.358066, 0.0], [0.0, 0.0, 22.957399]], "volume": 436.53294699079186, "beta": 90.0, "alpha": 90.0, "gamma": 90.0}, "sites": [{"label": "Be", "xyz": [2.181577, 0.0, 9.943630058466], "abc": [0.5, 0.0, 0.43313399999999996], "species": [{"occu": 1, "element": "Be"}], "properties": {"magmom": 0.132}}, {"label": "Be", "xyz": [0.0, 2.179033, 7.793669642116], "abc": [0.0, 0.5, 0.339484], "species": [{"occu": 1, "element": "Be"}], "properties": {"magmom": 0.132}}, {"label": "Bi", "xyz": [0.0, 0.0, 8.870830803196], "abc": [0.0, 0.0, 0.38640399999999997], "species": [{"occu": 1, "element": "Bi"}], "properties": {"magmom": -0.022}}], "@class": "Structure", "@module": "pymatgen.core.structure"}