{"lattice": {"a": 3.2972309168819383, "c": 25.897687738899318, "b": 3.297010332567276, "matrix": [[3.2821429, 0.01183559, 0.31484857], [1.63888818, 2.8435555, 0.31387065000000003], [0.12524134, 0.06368433, 25.8973066]], "volume": 241.05166812980585, "beta": 84.2429734220103, "alpha": 84.27684212331285, "gamma": 59.53614237938883}, "sites": [{"label": "Zr", "xyz": [2.6161359863588958, 0.5683375595227791, 8.983823083369233], "abc": [0.68964398, 0.18946815, 0.33622111], "species": [{"occu": 1, "element": "Zr"}], "properties": {"magmom": 0.0}}, {"label": "Zr", "xyz": [2.400695826605964, 2.33576752133979, 11.454496976862167], "abc": [0.31035602, 0.81053185, 0.42870789000000004], "species": [{"occu": 1, "element": "Zr"}], "properties": {"magmom": 0.0}}, {"label": "F", "xyz": [1.087724833551968, 1.572865469589322, 7.589017828513516], "abc": [0.04759646, 0.54653359, 0.2858402], "species": [{"occu": 1, "element": "F"}], "properties": {"magmom": -0.0}}, {"label": "F", "xyz": [3.929106979412892, 1.331239611273247, 12.849302231717884], "abc": [0.95240354, 0.45346641, 0.4790888], "species": [{"occu": 1, "element": "F"}], "properties": {"magmom": -0.0}}], "@class": "Structure", "@module": "pymatgen.core.structure"}