{"lattice": {"a": 3.42403, "c": 24.927071, "b": 3.548079654569356, "matrix": [[3.42403, 0.0, 0.0], [-1.712015, 3.107712, 0.0], [0.0, 0.0, 24.927071]], "volume": 265.2464478521242, "beta": 90.0, "alpha": 90.0, "gamma": 118.85003590714976}, "sites": [{"label": "Ho", "xyz": [0.0, 0.0, 0.0], "abc": [0.0, 0.0, 0.0], "species": [{"occu": 1, "element": "Ho"}], "properties": {"magmom": -0.0}}, {"label": "Bi", "xyz": [0.8560074999999999, 1.5538560000000001, 2.681579516967], "abc": [0.5, 0.5, 0.10757699999999999], "species": [{"occu": 1, "element": "Bi"}], "properties": {"magmom": -0.0}}, {"label": "Bi", "xyz": [-0.8560074999999999, 1.5538560000000001, 22.245491483033], "abc": [0.0, 0.5, 0.892423], "species": [{"occu": 1, "element": "Bi"}], "properties": {"magmom": -0.0}}], "@class": "Structure", "@module": "pymatgen.core.structure"}