{"lattice": {"a": 4.35878089, "c": 23.537958, "b": 4.35878089, "matrix": [[4.35878089, 0.0, 0.0], [0.0, 4.35878089, 0.0], [0.0, 0.0, 23.537958]], "volume": 447.19697784059764, "beta": 90.0, "alpha": 90.0, "gamma": 90.0}, "sites": [{"label": "Hg", "xyz": [2.179390445, 2.179390445, 11.768979], "abc": [0.5, 0.5, 0.5], "species": [{"occu": 1, "element": "Hg"}], "properties": {"magmom": -0.0}}, {"label": "I", "xyz": [2.179390445, 0.0, 9.92791571746476], "abc": [0.5, 0.0, 0.42178322], "species": [{"occu": 1, "element": "I"}], "properties": {"magmom": -0.0}}, {"label": "I", "xyz": [0.0, 2.179390445, 13.61004228253524], "abc": [0.0, 0.5, 0.57821678], "species": [{"occu": 1, "element": "I"}], "properties": {"magmom": -0.0}}], "@class": "Structure", "@module": "pymatgen.core.structure"}