{"lattice": {"a": 3.223339328198698, "c": 24.046764289783326, "b": 3.223528258864186, "matrix": [[3.07647778, -0.00079334, 0.96187331], [-0.29737335, 3.06599331, 0.94994134], [-0.00587482, -0.03375557, 24.04673988]], "volume": 226.9398808929021, "beta": 72.65192861881198, "alpha": 72.93975750174742, "gamma": 90.01969495395339}, "sites": [{"label": "Sb", "xyz": [1.188551264498829, 3.027442628660714, 10.353773718952617], "abc": [0.48289859, 0.99164778, 0.37207868], "species": [{"occu": 1, "element": "Sb"}], "properties": {"magmom": -0.0}}, {"label": "Sb", "xyz": [1.587522066717417, 0.020696300272829003, 3.749776462736288], "abc": [0.5170859999999999, 0.00836953, 0.13492285], "species": [{"occu": 1, "element": "Sb"}], "properties": {"magmom": -0.0}}, {"label": "Mo", "xyz": [2.4173824007201272, 0.974643174990203, 6.433522825735182], "abc": [0.8171713700000001, 0.32054594000000003, 0.2221926], "species": [{"occu": 1, "element": "Mo"}], "properties": {"magmom": 0.0}}, {"label": "Mo", "xyz": [0.358796048833985, 2.073389620585113, 7.669998624375673], "abc": [0.18284404, 0.67943675, 0.28480787], "species": [{"occu": 1, "element": "Mo"}], "properties": {"magmom": 0.0}}], "@class": "Structure", "@module": "pymatgen.core.structure"}