{"lattice": {"a": 3.049419, "c": 26.632396, "b": 3.049419, "matrix": [[3.049419, 0.0, 0.0], [0.0, 3.049419, 0.0], [0.0, 0.0, 26.632396]], "volume": 247.6534849053946, "beta": 90.0, "alpha": 90.0, "gamma": 90.0}, "sites": [{"label": "Hf", "xyz": [0.0, 1.5247095, 10.240981866276], "abc": [0.0, 0.5, 0.38453099999999996], "species": [{"occu": 1, "element": "Hf"}], "properties": {"magmom": -0.0}}, {"label": "Hf", "xyz": [1.5247095, 0.0, 7.973606200420001], "abc": [0.5, 0.0, 0.29939499999999997], "species": [{"occu": 1, "element": "Hf"}], "properties": {"magmom": -0.0}}, {"label": "Zn", "xyz": [0.0, 1.5247095, 6.07191996404], "abc": [0.0, 0.5, 0.22799000000000003], "species": [{"occu": 1, "element": "Zn"}], "properties": {"magmom": -0.0}}, {"label": "Zn", "xyz": [1.5247095, 0.0, 12.14264147026], "abc": [0.5, 0.0, 0.455935], "species": [{"occu": 1, "element": "Zn"}], "properties": {"magmom": -0.0}}], "@class": "Structure", "@module": "pymatgen.core.structure"}