{"lattice": {"a": 4.00577223, "c": 22.957399, "b": 4.01935397, "matrix": [[4.00577223, 0.0, 0.0], [0.0, 4.01935397, 0.0], [0.0, 0.0, 22.957399]], "volume": 369.6282774938441, "beta": 90.0, "alpha": 90.0, "gamma": 90.0}, "sites": [{"label": "Sr", "xyz": [2.002886115, 0.0, 10.22020679760461], "abc": [0.5, 0.0, 0.44518139], "species": [{"occu": 1, "element": "Sr"}], "properties": {"magmom": -0.0}}, {"label": "Sr", "xyz": [0.0, 2.009676985, 7.52196147858332], "abc": [-0.0, 0.5, 0.32764868], "species": [{"occu": 1, "element": "Sr"}], "properties": {"magmom": -0.0}}, {"label": "N", "xyz": [0.0, 0.0, 8.865962227590071], "abc": [-0.0, -0.0, 0.38619193], "species": [{"occu": 1, "element": "N"}], "properties": {"magmom": -0.0}}], "@class": "Structure", "@module": "pymatgen.core.structure"}