{"lattice": {"a": 4.015591, "c": 23.73272, "b": 4.015592274327786, "matrix": [[4.015591, 0.0, 0.0], [-2.007796, 3.477605, 0.0], [0.0, 0.0, 23.73272]], "volume": 331.41887534664374, "beta": 90.0, "alpha": 90.0, "gamma": 119.9999977401366}, "sites": [{"label": "Ge", "xyz": [0.0, 0.0, 8.35942343104], "abc": [0.0, 0.0, 0.352232], "species": [{"occu": 1, "element": "Ge"}], "properties": {"magmom": -0.0}}, {"label": "Br", "xyz": [2.007797341129, 1.159200507465, 6.72091644224], "abc": [0.666667, 0.333333, 0.283192], "species": [{"occu": 1, "element": "Br"}], "properties": {"magmom": -0.0}}, {"label": "Br", "xyz": [-2.341129000045682e-06, 2.318404492535, 9.99558088056], "abc": [0.333333, 0.666667, 0.42117299999999996], "species": [{"occu": 1, "element": "Br"}], "properties": {"magmom": 0.0}}], "@class": "Structure", "@module": "pymatgen.core.structure"}