{"lattice": {"a": 3.391820000521549, "c": 24.664279001083674, "b": 3.391815040883715, "matrix": [[3.39182, -5.3e-05, 2.7000000000000002e-05], [-1.695956, 2.93737, -2.7000000000000002e-05], [0.0002, -0.000116, 24.664279]], "volume": 245.72874234878844, "beta": 89.99907929723975, "alpha": 90.00092176977921, "gamma": 120.00184092572671}, "sites": [{"label": "Sr", "xyz": [0.0, 0.0, 0.0], "abc": [0.0, 0.0, 0.0], "species": [{"occu": 1, "element": "Sr"}], "properties": {"magmom": 0.001}}, {"label": "Ge", "xyz": [0.00014648100799900002, 1.958126249853, 22.055233238804], "abc": [0.333333, 0.666667, 0.894218], "species": [{"occu": 1, "element": "Ge"}], "properties": {"magmom": 0.003}}, {"label": "Ge", "xyz": [1.6959175189920002, 0.979074750147, 2.609045761196], "abc": [0.666667, 0.333333, 0.105782], "species": [{"occu": 1, "element": "Ge"}], "properties": {"magmom": 0.001}}], "@class": "Structure", "@module": "pymatgen.core.structure"}