{"lattice": {"a": 4.240036, "c": 20.0, "b": 4.24003609616298, "matrix": [[4.240036, 0.0, 0.0], [-2.120018, 3.671979, 0.0], [0.0, 0.0, 20.0]], "volume": 311.38646302487996, "beta": 90.0, "alpha": 90.0, "gamma": 119.99999924975975}, "sites": [{"label": "Mo", "xyz": [-2.120017999973137e-06, 2.447987223993, 4.84002], "abc": [0.333333, 0.666667, 0.242001], "species": [{"occu": 1, "element": "Mo"}], "properties": {"magmom": 1.419}}, {"label": "C", "xyz": [0.7244228707079999, 0.41824575205799996, 4.84002], "abc": [0.22780399999999998, 0.11390199999999999, 0.242001], "species": [{"occu": 1, "element": "C"}], "properties": {"magmom": 0.016}}, {"label": "C", "xyz": [3.5156131292920003, 0.41824575205799996, 4.84002], "abc": [0.8860979999999999, 0.11390199999999999, 0.242001], "species": [{"occu": 1, "element": "C"}], "properties": {"magmom": 0.016}}, {"label": "C", "xyz": [2.120018, 2.8354874958839993, 4.84002], "abc": [0.8860979999999999, 0.772196, 0.242001], "species": [{"occu": 1, "element": "C"}], "properties": {"magmom": 0.016}}], "@class": "Structure", "@module": "pymatgen.core.structure"}