{"lattice": {"a": 4.31690733, "c": 23.814717, "b": 4.316907632523027, "matrix": [[4.31690733, 0.0, 0.0], [-2.15845367, 3.73855176, -0.0], [0.0, 0.0, 23.814717]], "volume": 384.34527700329744, "beta": 90.0, "alpha": 90.0, "gamma": 119.9999977584455}, "sites": [{"label": "Ag", "xyz": [0.0, 0.0, 6.46266714793911], "abc": [-0.0, 0.0, 0.27137283], "species": [{"occu": 1, "element": "Ag"}], "properties": {"magmom": -0.0}}, {"label": "Ag", "xyz": [-2.161787000016643e-06, 2.49236908618392, 4.8122922565674005], "abc": [0.333333, 0.666667, 0.20207219999999998], "species": [{"occu": 1, "element": "Ag"}], "properties": {"magmom": -0.0}}, {"label": "Br", "xyz": [-2.161787000016643e-06, 2.49236908618392, 7.634653671245011], "abc": [0.333333, 0.666667, 0.32058553], "species": [{"occu": 1, "element": "Br"}], "properties": {"magmom": 0.0}}, {"label": "Br", "xyz": [0.0, 0.0, 3.63818455641831], "abc": [-0.0, 0.0, 0.15277043], "species": [{"occu": 1, "element": "Br"}], "properties": {"magmom": 0.0}}], "@class": "Structure", "@module": "pymatgen.core.structure"}