{"lattice": {"a": 4.631768, "c": 23.942319, "b": 4.631768, "matrix": [[4.631768, 0.0, 0.0], [0.0, 4.631768, 0.0], [0.0, 0.0, 23.942319]], "volume": 513.6411489957013, "beta": 90.0, "alpha": 90.0, "gamma": 90.0}, "sites": [{"label": "Tl", "xyz": [0.0, 0.0, 0.0], "abc": [0.0, 0.0, 0.0], "species": [{"occu": 1, "element": "Tl"}], "properties": {"magmom": 0.0}}, {"label": "Tl", "xyz": [2.315884, 2.315884, 0.0], "abc": [0.5, 0.5, 0.0], "species": [{"occu": 1, "element": "Tl"}], "properties": {"magmom": -0.0}}, {"label": "N", "xyz": [2.315884, 0.0, 23.876597334345], "abc": [0.5, 0.0, 0.997255], "species": [{"occu": 1, "element": "N"}], "properties": {"magmom": 0.0}}, {"label": "N", "xyz": [0.0, 2.315884, 0.06572166565500001], "abc": [0.0, 0.5, 0.002745], "species": [{"occu": 1, "element": "N"}], "properties": {"magmom": -0.0}}], "@class": "Structure", "@module": "pymatgen.core.structure"}