{"lattice": {"a": 3.6781120400000002, "c": 22.598526, "b": 3.6781120400000002, "matrix": [[3.6781120400000002, 0.0, 0.0], [0.0, 3.6781120400000002, 0.0], [0.0, 0.0, 22.598526]], "volume": 305.72434381966536, "beta": 90.0, "alpha": 90.0, "gamma": 90.0}, "sites": [{"label": "Nd", "xyz": [1.8390560200000001, 1.8390560200000001, 0.0], "abc": [0.5, 0.5, 0.0], "species": [{"occu": 1, "element": "Nd"}], "properties": {"magmom": -0.0}}, {"label": "C", "xyz": [0.0, 0.0, 0.64824120414786], "abc": [-0.0, 0.0, 0.02868511], "species": [{"occu": 1, "element": "C"}], "properties": {"magmom": 0.0}}, {"label": "C", "xyz": [0.0, 0.0, 21.95028479585214], "abc": [-0.0, 0.0, 0.97131489], "species": [{"occu": 1, "element": "C"}], "properties": {"magmom": 0.0}}], "@class": "Structure", "@module": "pymatgen.core.structure"}