{"lattice": {"a": 3.85569563, "c": 22.485034, "b": 3.85569563, "matrix": [[3.85569563, 0.0, -0.0], [0.0, 3.85569563, 0.0], [-0.0, 0.0, 22.485034]], "volume": 334.27125742737553, "beta": 90.0, "alpha": 90.0, "gamma": 90.0}, "sites": [{"label": "B", "xyz": [0.0, 0.0, 7.497738018456399], "abc": [-0.0, 0.0, 0.3334546], "species": [{"occu": 1, "element": "B"}], "properties": {"magmom": -0.0}}, {"label": "Cl", "xyz": [0.0, 0.0, 5.7676225803196], "abc": [0.0, -0.0, 0.2565094], "species": [{"occu": 1, "element": "Cl"}], "properties": {"magmom": 0.0}}], "@class": "Structure", "@module": "pymatgen.core.structure"}