{"lattice": {"a": 4.26858487, "c": 23.515878, "b": 4.268584239086092, "matrix": [[4.26858487, 0.0, 0.0], [-2.13429243, 3.6967022099999998, 0.0], [0.0, 0.0, 23.515878]], "volume": 371.0731972509178, "beta": 90.0, "alpha": 90.0, "gamma": 120.00000481182194}, "sites": [{"label": "Ge", "xyz": [0.0, 0.0, 11.757939], "abc": [0.0, 0.0, 0.5], "species": [{"occu": 1, "element": "Ge"}], "properties": {"magmom": 0.0}}, {"label": "I", "xyz": [-2.130959100045798e-06, 2.46446937223407, 9.99051876690798], "abc": [0.333333, 0.666667, 0.42484141000000003], "species": [{"occu": 1, "element": "I"}], "properties": {"magmom": 0.0}}, {"label": "I", "xyz": [2.134294570959099, 1.23223283776593, 13.52535923309202], "abc": [0.666667, 0.333333, 0.57515859], "species": [{"occu": 1, "element": "I"}], "properties": {"magmom": 0.0}}], "@class": "Structure", "@module": "pymatgen.core.structure"}