{"lattice": {"a": 3.52694563, "c": 25.269087, "b": 4.22923999, "matrix": [[3.52694563, 0.0, 0.0], [0.0, 4.22923999, 0.0], [0.0, 0.0, 25.269087]], "volume": 376.9212698076062, "beta": 90.0, "alpha": 90.0, "gamma": 90.0}, "sites": [{"label": "Ba", "xyz": [0.0, 0.0, 9.25993880299188], "abc": [-0.0, -0.0, 0.36645324], "species": [{"occu": 1, "element": "Ba"}], "properties": {"magmom": 0.007}}, {"label": "Ba", "xyz": [1.763472815, 2.114619995, 16.00914819700812], "abc": [0.5, 0.5, 0.63354676], "species": [{"occu": 1, "element": "Ba"}], "properties": {"magmom": 0.006}}, {"label": "Ce", "xyz": [1.763472815, 0.0, 13.1597412580254], "abc": [0.5, -0.0, 0.5207842], "species": [{"occu": 1, "element": "Ce"}], "properties": {"magmom": 0.002}}, {"label": "Ce", "xyz": [0.0, 2.114619995, 12.1093457419746], "abc": [0.0, 0.5, 0.47921579999999997], "species": [{"occu": 1, "element": "Ce"}], "properties": {"magmom": 0.003}}], "@class": "Structure", "@module": "pymatgen.core.structure"}