{"lattice": {"a": 4.35342434, "c": 22.695846, "b": 4.353423706161649, "matrix": [[4.35342434, -0.0, 0.0], [-2.17671217, 3.7701753399999998, 0.0], [0.0, 0.0, 22.695846]], "volume": 372.51084884975876, "beta": 90.0, "alpha": 90.0, "gamma": 120.00000481625632}, "sites": [{"label": "La", "xyz": [-2.176712170064559e-06, 2.51345148339178, 1.94765015236842], "abc": [0.333333, 0.666667, 0.08581527], "species": [{"occu": 1, "element": "La"}], "properties": {"magmom": 0.015}}, {"label": "La", "xyz": [2.17671434671217, 1.25672385660822, 20.748195847631578], "abc": [0.666667, 0.333333, 0.91418473], "species": [{"occu": 1, "element": "La"}], "properties": {"magmom": 0.015}}, {"label": "Pb", "xyz": [0.0, 0.0, 0.0], "abc": [0.0, 0.0, -0.0], "species": [{"occu": 1, "element": "Pb"}], "properties": {"magmom": -0.001}}], "@class": "Structure", "@module": "pymatgen.core.structure"}