{"lattice": {"a": 3.13594196, "c": 20.0, "b": 3.13594196, "matrix": [[3.13594196, 0.0, 0.0], [0.0, 3.13594196, 0.0], [0.0, 0.0, 20.0]], "volume": 196.6826395297728, "beta": 90.0, "alpha": 90.0, "gamma": 90.0}, "sites": [{"label": "Tl", "xyz": [1.5679709800000001, 1.5679709800000001, 10.0], "abc": [0.5, 0.5, 0.5], "species": [{"occu": 1, "element": "Tl"}], "properties": {"magmom": -0.0}}], "@class": "Structure", "@module": "pymatgen.core.structure"}