{"lattice": {"a": 3.08273752, "c": 27.017986, "b": 3.08273752, "matrix": [[3.08273752, 0.0, 0.0], [0.0, 3.08273752, 0.0], [0.0, 0.0, 27.017986]], "volume": 256.7592324901465, "beta": 90.0, "alpha": 90.0, "gamma": 90.0}, "sites": [{"label": "Zr", "xyz": [1.5413687600000001, 0.0, 14.67737526755546], "abc": [0.5, -0.0, 0.54324461], "species": [{"occu": 1, "element": "Zr"}], "properties": {"magmom": 0.0}}, {"label": "Zr", "xyz": [0.0, 1.5413687600000001, 12.34061073244454], "abc": [-0.0, 0.5, 0.45675539], "species": [{"occu": 1, "element": "Zr"}], "properties": {"magmom": -0.001}}, {"label": "Cd", "xyz": [1.5413687600000001, 0.0, 10.066009990062], "abc": [0.5, 0.0, 0.372567], "species": [{"occu": 1, "element": "Cd"}], "properties": {"magmom": -0.0}}, {"label": "Cd", "xyz": [0.0, 1.5413687600000001, 16.951976009938], "abc": [0.0, 0.5, 0.627433], "species": [{"occu": 1, "element": "Cd"}], "properties": {"magmom": 0.0}}], "@class": "Structure", "@module": "pymatgen.core.structure"}