{"lattice": {"a": 3.51083005, "c": 23.01431808, "b": 3.510829799906555, "matrix": [[3.51083005, 0.0, 0.0], [-1.75541503, 3.04046772, -0.0], [-0.0, 0.0, 23.01431808]], "volume": 245.66784434281107, "beta": 90.0, "alpha": 90.0, "gamma": 120.000002450652}, "sites": [{"label": "Ti", "xyz": [0.0, 0.0, 11.50715904], "abc": [-0.0, 0.0, 0.5], "species": [{"occu": 1, "element": "Ti"}], "properties": {"magmom": 1.613}}, {"label": "Cl", "xyz": [1.75541677874836, 1.01348822651076, 13.008730754704589], "abc": [0.666667, 0.333333, 0.56524511], "species": [{"occu": 1, "element": "Cl"}], "properties": {"magmom": 0.002}}, {"label": "Cl", "xyz": [-1.7587483600009238e-06, 2.02697949348924, 10.00558732529541], "abc": [0.333333, 0.666667, 0.43475489], "species": [{"occu": 1, "element": "Cl"}], "properties": {"magmom": 0.002}}], "@class": "Structure", "@module": "pymatgen.core.structure"}