{"lattice": {"a": 6.45427241, "c": 20.0, "b": 6.454272853021257, "matrix": [[6.45427241, -0.0, -0.0], [-3.22713671, 5.58956409, 0.0], [0.0, 0.0, 20.0]], "volume": 721.5313858002751, "beta": 90.0, "alpha": 90.0, "gamma": 120.00000290590538}, "sites": [{"label": "Y", "xyz": [3.227139263803039, 1.863186166811969, 5.74646], "abc": [0.666667, 0.333333, 0.287323], "species": [{"occu": 1, "element": "Y"}], "properties": {"magmom": -0.0}}, {"label": "Pb", "xyz": [-2.008442050888155e-07, 1.865839029824724, 5.74646], "abc": [0.1669038, 0.33380761000000003, 0.287323], "species": [{"occu": 1, "element": "Pb"}], "properties": {"magmom": 0.0}}, {"label": "Pb", "xyz": [-1.611272738517343, 4.656644603035457, 5.74646], "abc": [0.1669038, 0.8330962, 0.287323], "species": [{"occu": 1, "element": "Pb"}], "properties": {"magmom": 0.0}}, {"label": "Pb", "xyz": [1.611271832547457, 4.656644603035457, 5.74646], "abc": [0.66619239, 0.8330962, 0.287323], "species": [{"occu": 1, "element": "Pb"}], "properties": {"magmom": 0.0}}], "@class": "Structure", "@module": "pymatgen.core.structure"}