{"lattice": {"a": 4.69426406, "c": 22.353476, "b": 4.69459112, "matrix": [[4.69426406, 0.0, 0.0], [0.0, 4.69459112, 0.0], [0.0, 0.0, 22.353476]], "volume": 492.6180886647888, "beta": 90.0, "alpha": 90.0, "gamma": 90.0}, "sites": [{"label": "Sr", "xyz": [0.0, 2.34729556, 10.13346372124032], "abc": [0.0, 0.5, 0.45332832], "species": [{"occu": 1, "element": "Sr"}], "properties": {"magmom": 0.015}}, {"label": "Sr", "xyz": [0.0, 0.0, 12.995450561108761], "abc": [-0.0, 0.0, 0.58136151], "species": [{"occu": 1, "element": "Sr"}], "properties": {"magmom": -0.006}}, {"label": "Sr", "xyz": [2.34713203, 0.0, 10.14350624386808], "abc": [0.5, 0.0, 0.45377758], "species": [{"occu": 1, "element": "Sr"}], "properties": {"magmom": 0.015}}, {"label": "C", "xyz": [2.34713203, 2.34729556, 11.434531473782839], "abc": [0.5, 0.5, 0.5115325900000001], "species": [{"occu": 1, "element": "C"}], "properties": {"magmom": -0.006}}], "@class": "Structure", "@module": "pymatgen.core.structure"}