{"lattice": {"a": 3.45488411, "c": 22.883476, "b": 3.45488411, "matrix": [[3.45488411, 0.0, 0.0], [0.0, 3.45488411, 0.0], [0.0, 0.0, 22.883476]], "volume": 273.1423003209439, "beta": 90.0, "alpha": 90.0, "gamma": 90.0}, "sites": [{"label": "Ca", "xyz": [0.0, 0.0, 11.557091314168401], "abc": [0.0, 0.0, 0.5050409], "species": [{"occu": 1, "element": "Ca"}], "properties": {"magmom": -0.036000000000000004}}, {"label": "Ca", "xyz": [0.0, 0.0, 8.4085355445476], "abc": [-0.0, -0.0, 0.3674501], "species": [{"occu": 1, "element": "Ca"}], "properties": {"magmom": -0.036000000000000004}}, {"label": "Co", "xyz": [1.727442055, 1.727442055, 9.982824871096001], "abc": [0.5, 0.5, 0.43624599999999997], "species": [{"occu": 1, "element": "Co"}], "properties": {"magmom": 0.313}}], "@class": "Structure", "@module": "pymatgen.core.structure"}