{"lattice": {"a": 6.07621437, "c": 20.00082798, "b": 6.076213513458924, "matrix": [[6.07621437, -0.0, 0.0], [-3.03810669, 5.2621553, -0.0], [-0.0, 0.0, 20.00082798]], "volume": 639.5061468396166, "beta": 90.0, "alpha": 90.0, "gamma": 119.99999927343146}, "sites": [{"label": "Ac", "xyz": [0.0, 0.0, 10.00041399], "abc": [0.0, 0.0, 0.5], "species": [{"occu": 1, "element": "Ac"}], "properties": {"magmom": 0.0}}, {"label": "Se", "xyz": [1.516544728174652, 2.632529794376588, 10.00041399], "abc": [0.49972504, 0.50027596, 0.5], "species": [{"occu": 1, "element": "Se"}], "properties": {"magmom": -0.0}}, {"label": "Se", "xyz": [-1.5165381566870821, 2.632529794376588, 10.00041399], "abc": [0.00055192, 0.50027596, 0.5], "species": [{"occu": 1, "element": "Se"}], "properties": {"magmom": -0.0}}, {"label": "Se", "xyz": [6.570941169328837e-06, 5.259251011246824, 10.00041399], "abc": [0.49972504, 0.9994480800000001, 0.5], "species": [{"occu": 1, "element": "Se"}], "properties": {"magmom": -0.0}}], "@class": "Structure", "@module": "pymatgen.core.structure"}