{"lattice": {"a": 3.379904840054707, "c": 22.65619100350528, "b": 3.380110320539199, "matrix": [[3.37990484, 1.5200000000000002e-05, -1.178e-05], [1.5200000000000002e-05, 3.38011032, 5.843e-05], [-7.890000000000001e-05, 0.00039065, 22.656191]], "volume": 258.8345490583811, "beta": 90.00039922092071, "alpha": 89.99802163803804, "gamma": 89.99948468161992}, "sites": [{"label": "Mg", "xyz": [3.379891523127861, 3.5047310593e-06, -1.3366089124599992e-05], "abc": [0.9999960600000001, -3.46e-06, -7e-08], "species": [{"occu": 1, "element": "Mg"}], "properties": {"magmom": 0.0}}, {"label": "F", "xyz": [-6.82345809278e-05, 1.690447765036114, 21.805120689485953], "abc": [3.0000000000000004e-08, 0.50000492, 0.96243413], "species": [{"occu": 1, "element": "F"}], "properties": {"magmom": -0.0}}, {"label": "F", "xyz": [1.6899626714538551, 1.7340228919300003e-05, 0.8510949950412621], "abc": [0.50000391, -1.46e-06, 0.03756593], "species": [{"occu": 1, "element": "F"}], "properties": {"magmom": -0.0}}], "@class": "Structure", "@module": "pymatgen.core.structure"}