{"lattice": {"a": 4.32620357, "c": 22.656191, "b": 4.32620357, "matrix": [[4.32620357, 0.0, 0.0], [0.0, 4.32620357, 0.0], [0.0, 0.0, 22.656191]], "volume": 424.0341164907831, "beta": 90.0, "alpha": 90.0, "gamma": 90.0}, "sites": [{"label": "Mg", "xyz": [0.0, 0.0, 0.0], "abc": [0.0, -0.0, 0.0], "species": [{"occu": 1, "element": "Mg"}], "properties": {"magmom": -0.0}}, {"label": "I", "xyz": [0.0, 2.163101785, 20.95662754309669], "abc": [-0.0, 0.5, 0.92498459], "species": [{"occu": 1, "element": "I"}], "properties": {"magmom": -0.0}}, {"label": "I", "xyz": [2.163101785, 0.0, 1.69956345690331], "abc": [0.5, 0.0, 0.07501541], "species": [{"occu": 1, "element": "I"}], "properties": {"magmom": -0.0}}], "@class": "Structure", "@module": "pymatgen.core.structure"}