{"lattice": {"a": 3.064147, "c": 22.803662, "b": 3.064147, "matrix": [[3.064147, 0.0, 0.0], [0.0, 3.064147, 0.0], [0.0, 0.0, 22.803662]], "volume": 214.10351040390455, "beta": 90.0, "alpha": 90.0, "gamma": 90.0}, "sites": [{"label": "Fe", "xyz": [0.0, 0.0, 0.0], "abc": [0.0, 0.0, 0.0], "species": [{"occu": 1, "element": "Fe"}], "properties": {"magmom": 0.0}}, {"label": "Sn", "xyz": [1.5320735, 1.5320735, 1.690116212792], "abc": [0.5, 0.5, 0.074116], "species": [{"occu": 1, "element": "Sn"}], "properties": {"magmom": -0.0}}, {"label": "Sn", "xyz": [1.5320735, 1.5320735, 21.113545787208], "abc": [0.5, 0.5, 0.9258839999999999], "species": [{"occu": 1, "element": "Sn"}], "properties": {"magmom": -0.0}}], "@class": "Structure", "@module": "pymatgen.core.structure"}