{"lattice": {"a": 3.0175844, "c": 24.664279, "b": 3.017584731593356, "matrix": [[3.0175844, 2e-08, -0.0], [-1.50879267, 2.61330486, -0.0], [-0.0, 0.0, 24.664279]], "volume": 194.4992487103348, "beta": 90.0, "alpha": 90.0, "gamma": 120.00000628980341}, "sites": [{"label": "Mg", "xyz": [0.0, 0.0, 0.0], "abc": [-0.0, -0.0, -0.0], "species": [{"occu": 1, "element": "Mg"}], "properties": {"magmom": -0.0}}, {"label": "Ge", "xyz": [-1.822125690079055e-06, 1.74220411776828, 22.33646064833815], "abc": [0.333333, 0.666667, 0.90561985], "species": [{"occu": 1, "element": "Ge"}], "properties": {"magmom": -0.0}}, {"label": "Ge", "xyz": [1.5087935521256899, 0.87110076223172, 2.32781835166185], "abc": [0.666667, 0.333333, 0.09438015], "species": [{"occu": 1, "element": "Ge"}], "properties": {"magmom": -0.0}}], "@class": "Structure", "@module": "pymatgen.core.structure"}