{"lattice": {"a": 3.08620498, "c": 20.0, "b": 7.25587404, "matrix": [[3.08620498, 0.0, 0.0], [0.0, 7.25587404, 0.0], [0.0, 0.0, 20.0]], "volume": 447.8622919300144, "beta": 90.0, "alpha": 90.0, "gamma": 90.0}, "sites": [{"label": "Li", "xyz": [0.771551245, 1.536246883651903, 10.0], "abc": [0.25, 0.21172458, 0.5], "species": [{"occu": 1, "element": "Li"}], "properties": {"magmom": 0.048}}, {"label": "Li", "xyz": [2.3146537350000003, 5.719627156348096, 10.0], "abc": [0.75, 0.7882754200000001, 0.5], "species": [{"occu": 1, "element": "Li"}], "properties": {"magmom": 0.048}}, {"label": "B", "xyz": [1.5431024899999999, 3.62793702, 10.0], "abc": [0.5, 0.5, 0.5], "species": [{"occu": 1, "element": "B"}], "properties": {"magmom": 0.001}}, {"label": "B", "xyz": [0.0, 3.62793702, 10.0], "abc": [0.0, 0.5, 0.5], "species": [{"occu": 1, "element": "B"}], "properties": {"magmom": 0.001}}], "@class": "Structure", "@module": "pymatgen.core.structure"}