{"lattice": {"a": 4.2210296, "c": 21.250951, "b": 4.221029614093639, "matrix": [[4.2210296, 0.0, 0.0], [-2.1105148, 3.65551888, 0.0], [0.0, 0.0, 21.250951]], "volume": 327.9033086423549, "beta": 90.0, "alpha": 90.0, "gamma": 119.99999988954977}, "sites": [{"label": "Ga", "xyz": [0.0, 0.0, 1.599506804430539], "abc": [0.0, 0.0, 0.07526754000000001], "species": [{"occu": 1, "element": "Ga"}], "properties": {"magmom": -0.0}}, {"label": "Te", "xyz": [2.110516910514799, 1.218505074827039, 2.86125906902846], "abc": [0.666667, 0.333333, 0.13464146], "species": [{"occu": 1, "element": "Te"}], "properties": {"magmom": -0.0}}], "@class": "Structure", "@module": "pymatgen.core.structure"}