{"lattice": {"a": 5.101659, "c": 22.742717, "b": 5.101658494136687, "matrix": [[5.101659, 0.0, 0.0], [-2.5508290000000002, 4.418166, 0.0], [0.0, 0.0, 22.742717]], "volume": 512.6203030280483, "beta": 90.0, "alpha": 90.0, "gamma": 119.99999679596161}, "sites": [{"label": "Ba", "xyz": [0.0, 0.0, 0.0], "abc": [0.0, 0.0, 0.0], "species": [{"occu": 1, "element": "Ba"}], "properties": {"magmom": 0.0}}, {"label": "I", "xyz": [2.550832217495999, 1.472720527278, 20.926961217437], "abc": [0.666667, 0.333333, 0.920161], "species": [{"occu": 1, "element": "I"}], "properties": {"magmom": 0.0}}, {"label": "I", "xyz": [-2.2174960000984018e-06, 2.945445472722, 1.815755782562999], "abc": [0.333333, 0.666667, 0.079839], "species": [{"occu": 1, "element": "I"}], "properties": {"magmom": 0.0}}], "@class": "Structure", "@module": "pymatgen.core.structure"}