{"lattice": {"a": 2.679351510363749, "c": 22.780419, "b": 2.6793519670445, "matrix": [[2.67935151, 4.415e-05, 0.0], [-1.3387319, 2.32093168, 0.0], [0.0, 0.0, 22.780419]], "volume": 141.6634732631647, "beta": 90.0, "alpha": 90.0, "gamma": 119.97574699391492}, "sites": [{"label": "Ga", "xyz": [1.340390869100419, 0.7734419960702591, 11.3902095], "abc": [0.66676634, 0.33323366, 0.5], "species": [{"occu": 1, "element": "Ga"}], "properties": {"magmom": 0.0}}, {"label": "Ni", "xyz": [0.00037407497652, 1.54744988742778, 9.53746116521994], "abc": [0.33326983, 0.66673017, 0.41866926], "species": [{"occu": 1, "element": "Ni"}], "properties": {"magmom": -0.002}}, {"label": "Ni", "xyz": [0.00037407497652, 1.54744988742778, 13.242957834780059], "abc": [0.33326983, 0.66673017, 0.58133074], "species": [{"occu": 1, "element": "Ni"}], "properties": {"magmom": -0.002}}], "@class": "Structure", "@module": "pymatgen.core.structure"}