{"lattice": {"a": 4.41427535, "c": 20.769747, "b": 4.4142745188452555, "matrix": [[4.41427535, 1e-08, 0.0], [-2.20713716, 3.82287393, -0.0], [0.0, 0.0, 20.769747]], "volume": 350.4940121149806, "beta": 90.0, "alpha": 90.0, "gamma": 119.99999838009492}, "sites": [{"label": "Si", "xyz": [0.0, 0.0, 6.53357836091436], "abc": [-0.0, -0.0, 0.31457188], "species": [{"occu": 1, "element": "Si"}], "properties": {"magmom": -0.0}}, {"label": "Pb", "xyz": [2.20714005380417, 1.27429004237536, 5.737998186818639], "abc": [0.666667, 0.333333, 0.27626712000000003], "species": [{"occu": 1, "element": "Pb"}], "properties": {"magmom": -0.0}}], "@class": "Structure", "@module": "pymatgen.core.structure"}