{"lattice": {"a": 2.85289997, "c": 21.519401, "b": 2.85289997, "matrix": [[2.85289997, 0.0, 0.0], [0.0, 2.85289997, 0.0], [-0.0, -0.0, 21.519401]], "volume": 175.1472276156305, "beta": 90.0, "alpha": 90.0, "gamma": 90.0}, "sites": [{"label": "Mg", "xyz": [1.426449985, 1.426449985, 0.0], "abc": [0.5, 0.5, 0.0], "species": [{"occu": 1, "element": "Mg"}], "properties": {"magmom": 0.0}}, {"label": "O", "xyz": [0.0, 0.0, 20.73469324501287], "abc": [-0.0, -0.0, 0.96353487], "species": [{"occu": 1, "element": "O"}], "properties": {"magmom": -0.0}}, {"label": "O", "xyz": [0.0, 0.0, 0.7847077549871291], "abc": [0.0, 0.0, 0.03646513], "species": [{"occu": 1, "element": "O"}], "properties": {"magmom": -0.0}}], "@class": "Structure", "@module": "pymatgen.core.structure"}