{"lattice": {"a": 3.15386711, "c": 24.915313, "b": 3.343122850621641, "matrix": [[3.15386711, -4e-08, 0.0], [-1.57693315, 2.94783857, 0.0], [0.0, 0.0, 24.915313]], "volume": 231.63993346125886, "beta": 90.0, "alpha": 90.0, "gamma": 118.14435674875331}, "sites": [{"label": "Dy", "xyz": [0.0, 0.0, 12.4576565], "abc": [-0.0, -0.0, 0.5], "species": [{"occu": 1, "element": "Dy"}], "properties": {"magmom": -0.0}}, {"label": "As", "xyz": [-0.7884665750000001, 1.473919285, 10.09496352928865], "abc": [-0.0, 0.5, 0.40517105000000003], "species": [{"occu": 1, "element": "As"}], "properties": {"magmom": -0.0}}, {"label": "As", "xyz": [0.78846698, 1.4739192650000001, 14.820349470711351], "abc": [0.5, 0.5, 0.59482895], "species": [{"occu": 1, "element": "As"}], "properties": {"magmom": -0.0}}], "@class": "Structure", "@module": "pymatgen.core.structure"}