{"lattice": {"a": 3.87176423, "c": 21.993132, "b": 6.14017948, "matrix": [[3.87176423, 0.0, 0.0], [0.0, 6.14017948, 0.0], [0.0, 0.0, 21.993132]], "volume": 522.8499248700334, "beta": 90.0, "alpha": 90.0, "gamma": 90.0}, "sites": [{"label": "Sn", "xyz": [1.935882115, 0.0, 9.973485526860241], "abc": [0.5, -0.0, 0.45348182000000004], "species": [{"occu": 1, "element": "Sn"}], "properties": {"magmom": 0.0}}, {"label": "Sn", "xyz": [0.0, 3.07008974, 12.019646473139758], "abc": [0.0, 0.5, 0.54651818], "species": [{"occu": 1, "element": "Sn"}], "properties": {"magmom": 0.0}}, {"label": "Se", "xyz": [0.0, 0.0, 11.89445914655124], "abc": [0.0, 0.0, 0.54082607], "species": [{"occu": 1, "element": "Se"}], "properties": {"magmom": -0.0}}, {"label": "Se", "xyz": [1.935882115, 3.07008974, 10.09867285344876], "abc": [0.5, 0.5, 0.45917393], "species": [{"occu": 1, "element": "Se"}], "properties": {"magmom": -0.0}}], "@class": "Structure", "@module": "pymatgen.core.structure"}