{"lattice": {"a": 3.3652599, "c": 23.132218, "b": 3.365259889250755, "matrix": [[3.3652599, 0.0, 0.0], [-1.6826294499999999, 2.91440084, 0.0], [0.0, 0.0, 23.132218]], "volume": 226.87423105672812, "beta": 90.0, "alpha": 90.0, "gamma": 119.99999027589222}, "sites": [{"label": "Nb", "xyz": [0.0, 0.0, 11.566109], "abc": [0.0, 0.0, 0.5], "species": [{"occu": 1, "element": "Nb"}], "properties": {"magmom": 0.305}}, {"label": "S", "xyz": [1.6826317992964501, 0.9714659751997191, 9.99780915848822], "abc": [0.666667, 0.333333, 0.43220279], "species": [{"occu": 1, "element": "S"}], "properties": {"magmom": 0.008}}, {"label": "S", "xyz": [1.6826317992964501, 0.9714659751997191, 13.134408841511782], "abc": [0.666667, 0.333333, 0.56779721], "species": [{"occu": 1, "element": "S"}], "properties": {"magmom": 0.008}}], "@class": "Structure", "@module": "pymatgen.core.structure"}