{"lattice": {"a": 4.231431807572067, "c": 22.83918403018169, "b": 4.2314325659400325, "matrix": [[4.23141638, -0.00293199, 0.01104376], [0.02567653, 4.23134025, 0.01104376], [0.00096121, 0.00095473, 22.83918399]], "volume": 408.9272260176759, "beta": 89.84805190652796, "alpha": 89.84805194115091, "gamma": 89.69163583176996}, "sites": [{"label": "Si", "xyz": [2.407180421269816, 2.390960635790216, 9.638091335800908], "abc": [0.56535654, 0.56535654, 0.42145131], "species": [{"occu": 1, "element": "Si"}], "properties": {"magmom": 0.0}}, {"label": "Si", "xyz": [0.28384268987584105, 0.281930132918139, 7.267197245385669], "abc": [0.06660341, 0.06660341, 0.31812547], "species": [{"occu": 1, "element": "Si"}], "properties": {"magmom": 0.0}}, {"label": "Te", "xyz": [2.609276617866618, 2.5916950916011583, 6.992788202693526], "abc": [0.61285552, 0.61285552, 0.30558236], "species": [{"occu": 1, "element": "Te"}], "properties": {"magmom": 0.0}}, {"label": "Te", "xyz": [0.474493526552192, 0.47129634784470503, 9.914228409699536], "abc": [0.11136153, 0.11136153, 0.43398086], "species": [{"occu": 1, "element": "Te"}], "properties": {"magmom": 0.0}}], "@class": "Structure", "@module": "pymatgen.core.structure"}