{"lattice": {"a": 4.068767, "c": 23.838, "b": 4.068767825364066, "matrix": [[4.068767, 1e-08, -0.0], [-2.03438398, 3.52365626, -0.0], [-0.0, -0.0, 23.838]], "volume": 341.7638882434855, "beta": 90.0, "alpha": 90.0, "gamma": 120.00000095379318}, "sites": [{"label": "Si", "xyz": [0.0, 0.0, 0.0], "abc": [-0.0, 0.0, -0.0], "species": [{"occu": 1, "element": "Si"}], "properties": {"magmom": 0.0}}, {"label": "I", "xyz": [2.03438537438366, 1.17455091878125, 1.9119220224000002], "abc": [0.666667, 0.333333, 0.08020479999999999], "species": [{"occu": 1, "element": "I"}], "properties": {"magmom": 0.0}}, {"label": "I", "xyz": [2.03438537438366, 1.17455091878125, 21.926077977600002], "abc": [0.666667, 0.333333, 0.9197951999999999], "species": [{"occu": 1, "element": "I"}], "properties": {"magmom": 0.0}}], "@class": "Structure", "@module": "pymatgen.core.structure"}