{"lattice": {"a": 3.16147, "c": 24.827437, "b": 3.161469711351668, "matrix": [[3.16147, 0.0, 0.0], [-1.580735, 2.737913, 0.0], [0.0, 0.0, 24.827437]], "volume": 214.90206934288284, "beta": 90.0, "alpha": 90.0, "gamma": 120.00000302024407}, "sites": [{"label": "Nb", "xyz": [0.0, 0.0, 4.446072590522999], "abc": [0.0, 0.0, 0.179079], "species": [{"occu": 1, "element": "Nb"}], "properties": {"magmom": -0.0}}, {"label": "Te", "xyz": [0.0, 0.0, 1.602809677846], "abc": [0.0, 0.0, 0.06455799999999999], "species": [{"occu": 1, "element": "Te"}], "properties": {"magmom": -0.0}}, {"label": "Te", "xyz": [0.0, 0.0, 7.289360330637], "abc": [0.0, 0.0, 0.293601], "species": [{"occu": 1, "element": "Te"}], "properties": {"magmom": 0.0}}], "@class": "Structure", "@module": "pymatgen.core.structure"}