{"lattice": {"a": 3.327154665164966, "c": 23.664194400006814, "b": 3.326472018101159, "matrix": [[3.306688, 0.0038759999999999997, 0.368453], [0.102341, 3.3047269999999997, 0.36568], [-0.061085, -0.04794, 23.664067]], "volume": 258.71491799679626, "beta": 83.79000574549272, "alpha": 83.80931836486779, "gamma": 87.48347492883687}, "sites": [{"label": "Cr", "xyz": [3.1482723381030002, 1.4553410788910002, 5.671538145803], "abc": [0.942429, 0.442441, 0.218158], "species": [{"occu": 1, "element": "Cr"}], "properties": {"magmom": -0.005}}, {"label": "Cr", "xyz": [0.230040509069, 1.829177329418, 7.060683918736999], "abc": [0.057645999999999996, 0.557626, 0.288857], "species": [{"occu": 1, "element": "Cr"}], "properties": {"magmom": 0.005}}, {"label": "Bi", "xyz": [1.7274792365229992, 0.079152105131, 8.75513318154], "abc": [0.5282100000000001, 0.028572999999999998, 0.36131], "species": [{"occu": 1, "element": "Bi"}], "properties": {"magmom": -0.0}}, {"label": "Bi", "xyz": [1.6503257675610001, 3.204927583347, 3.976298721667], "abc": [0.471715, 0.9713609999999999, 0.145676], "species": [{"occu": 1, "element": "Bi"}], "properties": {"magmom": 0.0}}], "@class": "Structure", "@module": "pymatgen.core.structure"}