{"lattice": {"a": 4.3263066, "c": 23.73272, "b": 4.326307024213646, "matrix": [[4.3263066, 0.0, -0.0], [-2.1631533, 3.74669191, 0.0], [0.0, -0.0, 23.73272]], "volume": 384.6916786774151, "beta": 90.0, "alpha": 90.0, "gamma": 119.99999675638504}, "sites": [{"label": "Pb", "xyz": [0.0, 0.0, 8.3582232673896], "abc": [0.0, 0.0, 0.35218143], "species": [{"occu": 1, "element": "Pb"}], "properties": {"magmom": 0.0}}, {"label": "Cl", "xyz": [2.1631554631533, 1.24889605443603, 6.8462434780344], "abc": [0.666667, 0.333333, 0.28847277], "species": [{"occu": 1, "element": "Cl"}], "properties": {"magmom": -0.0}}, {"label": "Cl", "xyz": [-2.1631533001206157e-06, 2.49779585556397, 9.8714537710888], "abc": [0.333333, 0.666667, 0.41594279], "species": [{"occu": 1, "element": "Cl"}], "properties": {"magmom": -0.0}}], "@class": "Structure", "@module": "pymatgen.core.structure"}