{"lattice": {"a": 3.02064307, "c": 20.0, "b": 3.02064307, "matrix": [[3.02064307, 0.0, 0.0], [0.0, 3.02064307, 0.0], [0.0, 0.0, 20.0]], "volume": 182.48569112678052, "beta": 90.0, "alpha": 90.0, "gamma": 90.0}, "sites": [{"label": "In", "xyz": [1.510321535, 1.510321535, 10.0], "abc": [0.5, 0.5, 0.5], "species": [{"occu": 1, "element": "In"}], "properties": {"magmom": 0.0}}], "@class": "Structure", "@module": "pymatgen.core.structure"}