{"lattice": {"a": 1.977910560749154, "c": 20.0, "b": 1.977910583367074, "matrix": [[1.97754736, 0.03790284, 0.0], [-0.06127294, 1.97696128, 0.0], [0.0, 0.0, 20.0]], "volume": 78.23713957054741, "beta": 90.0, "alpha": 90.0, "gamma": 90.67719790156366}, "sites": [{"label": "F", "xyz": [0.0, 0.0, 10.0], "abc": [0.0, 0.0, 0.5], "species": [{"occu": 1, "element": "F"}], "properties": {"magmom": -0.0}}], "@class": "Structure", "@module": "pymatgen.core.structure"}