{"lattice": {"a": 3.544724, "c": 22.670328, "b": 3.5447239710709493, "matrix": [[3.544724, 0.0, 0.0], [-1.772362, 3.069821, 0.0], [0.0, 0.0, 22.670328]], "volume": 246.6909867008999, "beta": 90.0, "alpha": 90.0, "gamma": 120.00000026996894}, "sites": [{"label": "Os", "xyz": [0.0, 0.0, 0.0], "abc": [0.0, 0.0, 0.0], "species": [{"occu": 1, "element": "Os"}], "properties": {"magmom": 1.387}}, {"label": "Se", "xyz": [-1.772362000125697e-06, 2.046548356607, 21.166446451464], "abc": [0.333333, 0.666667, 0.9336629999999999], "species": [{"occu": 1, "element": "Se"}], "properties": {"magmom": 0.183}}, {"label": "Se", "xyz": [1.7723637723619992, 1.023272643393, 1.503881548536], "abc": [0.666667, 0.333333, 0.066337], "species": [{"occu": 1, "element": "Se"}], "properties": {"magmom": 0.183}}], "@class": "Structure", "@module": "pymatgen.core.structure"}