{"lattice": {"a": 4.19859129, "c": 22.300729, "b": 4.198591901101032, "matrix": [[4.19859129, 0.0, 0.0], [-2.09929565, 3.63608742, 0.0], [0.0, 0.0, 22.300729]], "volume": 340.4528520981639, "beta": 90.0, "alpha": 90.0, "gamma": 119.99999526406422}, "sites": [{"label": "Li", "xyz": [0.0, 0.0, 11.1503645], "abc": [0.0, 0.0, 0.5], "species": [{"occu": 1, "element": "Li"}], "properties": {"magmom": -0.0}}, {"label": "P", "xyz": [2.09929774262898, 1.2120279279708601, 12.257911919187219], "abc": [0.666667, 0.333333, 0.5496641800000001], "species": [{"occu": 1, "element": "P"}], "properties": {"magmom": -0.0}}, {"label": "P", "xyz": [2.09929774262898, 1.2120279279708601, 10.04281708081278], "abc": [0.666667, 0.333333, 0.45033582], "species": [{"occu": 1, "element": "P"}], "properties": {"magmom": -0.0}}, {"label": "P", "xyz": [-2.102628980138641e-06, 2.42405949202914, 11.1503645], "abc": [0.333333, 0.666667, 0.5], "species": [{"occu": 1, "element": "P"}], "properties": {"magmom": 0.0}}], "@class": "Structure", "@module": "pymatgen.core.structure"}