{"lattice": {"a": 3.9313619338799013, "c": 22.849215, "b": 4.8947935698125145, "matrix": [[3.93136169, -0.00138476, 0.0], [-0.05349397, 4.89450125, 0.0], [0.0, 0.0, 22.849215]], "volume": 439.6641524315022, "beta": 90.0, "alpha": 90.0, "gamma": 90.6463651862213}, "sites": [{"label": "Sb", "xyz": [2.20689433840397, 3.133533435675342, 12.280431931081651], "abc": [0.57006981, 0.64037635, 0.53745531], "species": [{"occu": 1, "element": "Sb"}], "properties": {"magmom": -0.0}}, {"label": "Sb", "xyz": [0.20824506789607003, 1.150970152657258, 10.56878306891835], "abc": [0.05617019, 0.23517165, 0.46254469000000004], "species": [{"occu": 1, "element": "Sb"}], "properties": {"magmom": -0.0}}, {"label": "S", "xyz": [0.250062276083566, 0.20993611741962, 12.8189721626733], "abc": [0.06419092, 0.0429104, 0.56102462], "species": [{"occu": 1, "element": "S"}], "properties": {"magmom": 0.0}}, {"label": "S", "xyz": [2.165077130216473, 4.074567470912979, 10.030242837326702], "abc": [0.56204908, 0.8326376, 0.43897538], "species": [{"occu": 1, "element": "S"}], "properties": {"magmom": 0.0}}], "@class": "Structure", "@module": "pymatgen.core.structure"}