{"lattice": {"a": 2.87975761, "c": 23.889425, "b": 4.39670166, "matrix": [[2.87975761, 0.0, 0.0], [0.0, 4.39670166, 0.0], [0.0, 0.0, 23.889425]], "volume": 302.4744033605979, "beta": 90.0, "alpha": 90.0, "gamma": 90.0}, "sites": [{"label": "Ag", "xyz": [0.0, 2.19835083, 7.785521562112], "abc": [-0.0, 0.5, 0.32589824], "species": [{"occu": 1, "element": "Ag"}], "properties": {"magmom": 0.0}}, {"label": "Ag", "xyz": [1.439878805, 0.0, 6.472212845238], "abc": [0.5, 0.0, 0.27092376], "species": [{"occu": 1, "element": "Ag"}], "properties": {"magmom": -0.0}}, {"label": "Se", "xyz": [0.0, 0.0, 9.248229487262499], "abc": [-0.0, -0.0, 0.3871265], "species": [{"occu": 1, "element": "Se"}], "properties": {"magmom": 0.0}}, {"label": "Se", "xyz": [1.439878805, 2.19835083, 5.0095049200875], "abc": [0.5, 0.5, 0.20969549999999998], "species": [{"occu": 1, "element": "Se"}], "properties": {"magmom": 0.0}}], "@class": "Structure", "@module": "pymatgen.core.structure"}