{"lattice": {"a": 4.03875047, "c": 20.688228, "b": 4.039502247142985, "matrix": [[4.03875047, 0.0, 0.0], [-2.01937523, 3.49852856, 0.0], [0.0, 0.0, 20.688228]], "volume": 292.3181213879037, "beta": 90.0, "alpha": 90.0, "gamma": 119.99384375952913}, "sites": [{"label": "Ge", "xyz": [2.019377257708823, 2.332530495084085, 9.99989457348024], "abc": [0.83335929, 0.66671758, 0.48336158], "species": [{"occu": 1, "element": "Ge"}], "properties": {"magmom": -0.0}}, {"label": "Ge", "xyz": [2.021041647009227e-06, 1.165998064915915, 10.68833342651976], "abc": [0.16664171, 0.33328242, 0.51663842], "species": [{"occu": 1, "element": "Ge"}], "properties": {"magmom": -0.0}}], "@class": "Structure", "@module": "pymatgen.core.structure"}