{"lattice": {"a": 4.459114, "c": 25.130912, "b": 4.459113497946873, "matrix": [[4.459114, 0.0, 0.0], [-2.229556, 3.861706, 0.0], [0.0, 0.0, 25.130912]], "volume": 432.7489590056099, "beta": 90.0, "alpha": 90.0, "gamma": 119.99998888754884}, "sites": [{"label": "In", "xyz": [0.0, 0.0, 7.795709426047999], "abc": [0.0, 0.0, 0.310204], "species": [{"occu": 1, "element": "In"}], "properties": {"magmom": 0.0}}, {"label": "In", "xyz": [-1.562890000164843e-06, 2.574471953902, 5.185964738496], "abc": [0.333333, 0.666667, 0.20635799999999999], "species": [{"occu": 1, "element": "In"}], "properties": {"magmom": 0.0}}, {"label": "In", "xyz": [-1.562890000164843e-06, 2.574471953902, 10.405428982687999], "abc": [0.333333, 0.666667, 0.414049], "species": [{"occu": 1, "element": "In"}], "properties": {"magmom": 0.0}}, {"label": "Rh", "xyz": [-1.562890000164843e-06, 2.574471953902, 7.795709426047999], "abc": [0.333333, 0.666667, 0.310204], "species": [{"occu": 1, "element": "Rh"}], "properties": {"magmom": 0.0}}], "@class": "Structure", "@module": "pymatgen.core.structure"}