{"lattice": {"a": 2.706965272440224, "c": 20.0, "b": 2.70705611099709, "matrix": [[2.70696527, -0.00011494000000000001, 0.0], [-1.35358059, 2.34434903, 0.0], [0.0, 0.0, 20.0]], "volume": 126.91831648830346, "beta": 90.0, "alpha": 90.0, "gamma": 120.00371675894559}, "sites": [{"label": "Al", "xyz": [3.789888515e-07, -3.2821690999999997e-07, 9.9999986], "abc": [7e-08, -1.3999999999999998e-07, 0.49999993000000004], "species": [{"occu": 1, "element": "Al"}], "properties": {"magmom": 0.0}}], "@class": "Structure", "@module": "pymatgen.core.structure"}