{"lattice": {"a": 4.56135, "c": 22.865869, "b": 4.56135, "matrix": [[4.56135, 0.0, 0.0], [0.0, 4.56135, 0.0], [0.0, 0.0, 22.865869]], "volume": 475.74529989057424, "beta": 90.0, "alpha": 90.0, "gamma": 90.0}, "sites": [{"label": "Zr", "xyz": [2.280675, 2.280675, 0.0], "abc": [0.5, 0.5, 0.0], "species": [{"occu": 1, "element": "Zr"}], "properties": {"magmom": 0.001}}, {"label": "Zr", "xyz": [0.0, 0.0, 0.0], "abc": [0.0, 0.0, 0.0], "species": [{"occu": 1, "element": "Zr"}], "properties": {"magmom": -0.001}}, {"label": "Te", "xyz": [0.0, 2.280675, 1.7877908336339998], "abc": [0.0, 0.5, 0.07818599999999999], "species": [{"occu": 1, "element": "Te"}], "properties": {"magmom": 0.002}}, {"label": "Te", "xyz": [2.280675, 0.0, 21.078078166366], "abc": [0.5, 0.0, 0.9218139999999999], "species": [{"occu": 1, "element": "Te"}], "properties": {"magmom": -0.002}}], "@class": "Structure", "@module": "pymatgen.core.structure"}