{"lattice": {"a": 3.92401412, "c": 22.77902, "b": 3.92401412, "matrix": [[3.92401412, 0.0, 0.0], [0.0, 3.92401412, 0.0], [0.0, 0.0, 22.77902]], "volume": 350.7487716929168, "beta": 90.0, "alpha": 90.0, "gamma": 90.0}, "sites": [{"label": "Os", "xyz": [0.0, 0.0, 0.0], "abc": [0.0, -0.0, 0.0], "species": [{"occu": 1, "element": "Os"}], "properties": {"magmom": -0.001}}, {"label": "Os", "xyz": [1.96200706, 1.96200706, 0.0], "abc": [0.5, 0.5, -0.0], "species": [{"occu": 1, "element": "Os"}], "properties": {"magmom": 0.001}}, {"label": "S", "xyz": [1.96200706, 0.0, 21.504437020165], "abc": [0.5, -0.0, 0.94404575], "species": [{"occu": 1, "element": "S"}], "properties": {"magmom": -0.0}}, {"label": "S", "xyz": [0.0, 1.96200706, 1.274582979835], "abc": [-0.0, 0.5, 0.055954250000000004], "species": [{"occu": 1, "element": "S"}], "properties": {"magmom": 0.0}}], "@class": "Structure", "@module": "pymatgen.core.structure"}