{"lattice": {"a": 3.752192, "c": 23.007692, "b": 3.752192353445116, "matrix": [[3.752192, 0.0, 0.0], [-1.876096, 3.249494, 0.0], [0.0, 0.0, 23.007692]], "volume": 280.52647043321036, "beta": 90.0, "alpha": 90.0, "gamma": 119.99999688398968}, "sites": [{"label": "Pt", "xyz": [0.0, 0.0, 0.0], "abc": [0.0, 0.0, 0.0], "species": [{"occu": 1, "element": "Pt"}], "properties": {"magmom": 1.245}}, {"label": "Cl", "xyz": [-1.876096000164343e-06, 2.166330416498, 1.355866297252], "abc": [0.333333, 0.666667, 0.058931], "species": [{"occu": 1, "element": "Cl"}], "properties": {"magmom": 0.279}}, {"label": "Cl", "xyz": [1.876097876095999, 1.083163583502, 21.651825702748], "abc": [0.666667, 0.333333, 0.9410689999999999], "species": [{"occu": 1, "element": "Cl"}], "properties": {"magmom": 0.279}}], "@class": "Structure", "@module": "pymatgen.core.structure"}