{"lattice": {"a": 3.67957623, "c": 22.7683183, "b": 3.67957623, "matrix": [[3.67957623, 0.0, 0.0], [0.0, 3.67957623, 0.0], [0.0, 0.0, 22.7683183]], "volume": 308.26666465206716, "beta": 90.0, "alpha": 90.0, "gamma": 90.0}, "sites": [{"label": "Fe", "xyz": [0.0, 0.0, 11.38415915], "abc": [0.0, 0.0, 0.5], "species": [{"occu": 1, "element": "Fe"}], "properties": {"magmom": -0.001}}, {"label": "Fe", "xyz": [1.8397881150000002, 1.8397881150000002, 11.38415915], "abc": [0.5, 0.5, 0.5], "species": [{"occu": 1, "element": "Fe"}], "properties": {"magmom": -0.001}}, {"label": "Se", "xyz": [1.8397881150000002, 0.0, 9.995722965648604], "abc": [0.5, 0.0, 0.43901894], "species": [{"occu": 1, "element": "Se"}], "properties": {"magmom": -0.0}}, {"label": "Se", "xyz": [0.0, 1.8397881150000002, 12.772595334351399], "abc": [0.0, 0.5, 0.56098106], "species": [{"occu": 1, "element": "Se"}], "properties": {"magmom": -0.0}}], "@class": "Structure", "@module": "pymatgen.core.structure"}