{"lattice": {"a": 2.576611458021618, "c": 20.0, "b": 2.576611510447777, "matrix": [[2.57661122, 0.00110751, 0.0], [0.0014893600000000001, 2.57661108, 0.0], [0.0, 0.0, 20.0]], "volume": 132.7784673764645, "beta": 90.0, "alpha": 90.0, "gamma": 89.94225373195073}, "sites": [{"label": "Ge", "xyz": [1.28905029, 1.288859295, 10.0], "abc": [0.5, 0.5, 0.5], "species": [{"occu": 1, "element": "Ge"}], "properties": {"magmom": -0.0}}], "@class": "Structure", "@module": "pymatgen.core.structure"}