{"lattice": {"a": 4.01365776, "c": 23.24151588, "b": 4.013657593500948, "matrix": [[4.01365776, 0.0, -0.0], [-2.00682888, 3.47592939, 0.0], [0.0, 0.0, 23.24151588]], "volume": 324.2468264598873, "beta": 90.0, "alpha": 90.0, "gamma": 120.00000137225067}, "sites": [{"label": "Cd", "xyz": [0.0, 0.0, 11.62052366551993], "abc": [-0.0, 0.0, 0.49998992000000003], "species": [{"occu": 1, "element": "Cd"}], "properties": {"magmom": -0.0}}, {"label": "Br", "xyz": [-2.0068288801429365e-06, 2.3172874186431303, 13.208595760651196], "abc": [0.333333, 0.666667, 0.5683190300000001], "species": [{"occu": 1, "element": "Br"}], "properties": {"magmom": 0.0}}, {"label": "Br", "xyz": [2.00683088682888, 1.15864197135687, 10.033177867759914], "abc": [0.666667, 0.333333, 0.43169206], "species": [{"occu": 1, "element": "Br"}], "properties": {"magmom": -0.0}}], "@class": "Structure", "@module": "pymatgen.core.structure"}