{"lattice": {"a": 6.43465567, "c": 20.0, "b": 6.434656018391346, "matrix": [[6.43465567, 0.0, 0.0], [-3.21732783, 5.57257568, 0.0], [0.0, 0.0, 20.0]], "volume": 717.1521139163222, "beta": 90.0, "alpha": 90.0, "gamma": 119.99999815755649}, "sites": [{"label": "Sr", "xyz": [-3.2139945000755617e-06, 3.7150523108585602, 10.0], "abc": [0.333333, 0.666667, 0.5], "species": [{"occu": 1, "element": "Sr"}], "properties": {"magmom": -0.002}}, {"label": "Br", "xyz": [4.8276569778733105, 0.9278011954265151, 10.0], "abc": [0.83350586, 0.16649414, 0.5], "species": [{"occu": 1, "element": "Br"}], "properties": {"magmom": 0.28200000000000003}}, {"label": "Br", "xyz": [1.6069986937916312, 0.9278011954265151, 10.0], "abc": [0.33298828, 0.16649414, 0.5], "species": [{"occu": 1, "element": "Br"}], "properties": {"magmom": 0.08}}, {"label": "Br", "xyz": [3.217327838335058, 3.716973289146969, 10.0], "abc": [0.83350586, 0.66701172, 0.5], "species": [{"occu": 1, "element": "Br"}], "properties": {"magmom": 0.216}}], "@class": "Structure", "@module": "pymatgen.core.structure"}