{"lattice": {"a": 3.070818, "c": 20.0, "b": 3.072060485173103, "matrix": [[3.070818, 0.0, 0.0], [-1.535409, 2.660841, 0.0], [0.0, 0.0, 20.0]], "volume": 163.41916875875998, "beta": 90.0, "alpha": 90.0, "gamma": 119.98662190764296}, "sites": [{"label": "Ni", "xyz": [7.415999552762287e-17, 1.7737591840559999, 8.946760000000001], "abc": [0.333308, 0.666616, 0.44733799999999996], "species": [{"occu": 1, "element": "Ni"}], "properties": {"magmom": -0.0}}, {"label": "N", "xyz": [1.535410535409, 0.887095120148999, 8.946760000000001], "abc": [0.6666949999999999, 0.333389, 0.44733799999999996], "species": [{"occu": 1, "element": "N"}], "properties": {"magmom": -0.0}}], "@class": "Structure", "@module": "pymatgen.core.structure"}