{"lattice": {"a": 5.92097632, "c": 20.0, "b": 5.9209762781483715, "matrix": [[5.92097632, 0.0, -0.0], [-2.96048816, 5.12771586, 0.0], [0.0, -0.0, 20.0]], "volume": 607.2216836549687, "beta": 90.0, "alpha": 90.0, "gamma": 120.00000023381969}, "sites": [{"label": "Pr", "xyz": [2.96049112048816, 1.7092369107613798, 5.689920000000001], "abc": [0.666667, 0.333333, 0.28449599999999997], "species": [{"occu": 1, "element": "Pr"}], "properties": {"magmom": -0.0}}, {"label": "Se", "xyz": [1.480046881883662, 4.272986081907989, 5.689920000000001], "abc": [0.66662259, 0.83331179, 0.28449599999999997], "species": [{"occu": 1, "element": "Se"}], "properties": {"magmom": 0.0}}, {"label": "Se", "xyz": [-1.480049783162059, 4.272980954192129, 5.689920000000001], "abc": [0.16668821, 0.83331079, 0.28449599999999997], "species": [{"occu": 1, "element": "Se"}], "properties": {"magmom": -0.0}}, {"label": "Se", "xyz": [-2.930883278354813e-06, 1.709464632622722, 5.689920000000001], "abc": [0.16668821, 0.33337741, 0.28449599999999997], "species": [{"occu": 1, "element": "Se"}], "properties": {"magmom": -0.0}}], "@class": "Structure", "@module": "pymatgen.core.structure"}