{"lattice": {"a": 3.42194912, "c": 22.353476, "b": 2.78768373, "matrix": [[3.42194912, 0.0, 0.0], [0.0, 2.78768373, 0.0], [0.0, 0.0, 22.353476]], "volume": 213.23677931612733, "beta": 90.0, "alpha": 90.0, "gamma": 90.0}, "sites": [{"label": "Be", "xyz": [0.0, 1.393841865, 9.8999119215752], "abc": [-0.0, 0.5, 0.4428802], "species": [{"occu": 1, "element": "Be"}], "properties": {"magmom": -0.0}}, {"label": "Be", "xyz": [0.0, 0.0, 11.56681219163852], "abc": [-0.0, -0.0, 0.51745027], "species": [{"occu": 1, "element": "Be"}], "properties": {"magmom": -0.0}}, {"label": "Be", "xyz": [1.71097456, 0.0, 10.11813281326048], "abc": [0.5, -0.0, 0.45264248], "species": [{"occu": 1, "element": "Be"}], "properties": {"magmom": 0.0}}, {"label": "Sn", "xyz": [1.71097456, 1.393841865, 13.1220950735258], "abc": [0.5, 0.5, 0.58702705], "species": [{"occu": 1, "element": "Sn"}], "properties": {"magmom": 0.0}}], "@class": "Structure", "@module": "pymatgen.core.structure"}