{"lattice": {"a": 2.68813443, "c": 17.291106239850826, "b": 5.379771078898981, "matrix": [[2.68813443, 0.0, 0.0], [0.0, 5.37536572, 0.21767002], [0.0, 1.10960423, 17.25546677]], "volume": 248.68715736205914, "beta": 90.0, "alpha": 84.00182118142932, "gamma": 90.0}, "sites": [{"label": "Li", "xyz": [0.0, 0.554802115, 8.627733385], "abc": [-0.0, -0.0, 0.5], "species": [{"occu": 1, "element": "Li"}], "properties": {"magmom": 0.0}}, {"label": "Cu", "xyz": [0.0, 3.242484975, 8.736568395], "abc": [0.0, 0.5, 0.5], "species": [{"occu": 1, "element": "Cu"}], "properties": {"magmom": 0.0}}, {"label": "O", "xyz": [1.344067215, 4.4755369876793445, 8.970259740626984], "abc": [0.5, 0.72718539, 0.51067719], "species": [{"occu": 1, "element": "O"}], "properties": {"magmom": -0.0}}, {"label": "O", "xyz": [1.344067215, 2.009432962320655, 8.502877049373017], "abc": [0.5, 0.27281461, 0.48932281], "species": [{"occu": 1, "element": "O"}], "properties": {"magmom": -0.0}}], "@class": "Structure", "@module": "pymatgen.core.structure"}