{"lattice": {"a": 4.08993229, "c": 22.353476, "b": 4.08846912, "matrix": [[4.08993229, 0.0, 0.0], [0.0, 4.08846912, 0.0], [0.0, 0.0, 22.353476]], "volume": 373.7850319559861, "beta": 90.0, "alpha": 90.0, "gamma": 90.0}, "sites": [{"label": "Mg", "xyz": [0.0, 2.04423456, 10.0587478983146], "abc": [0.0, 0.5, 0.44998585], "species": [{"occu": 1, "element": "Mg"}], "properties": {"magmom": 0.0}}, {"label": "Mg", "xyz": [0.0, 0.0, 12.50014603999168], "abc": [0.0, -0.0, 0.55920368], "species": [{"occu": 1, "element": "Mg"}], "properties": {"magmom": 0.0}}, {"label": "Mg", "xyz": [2.044966145, 0.0, 10.0951136507452], "abc": [0.5, 0.0, 0.4516127], "species": [{"occu": 1, "element": "Mg"}], "properties": {"magmom": -0.0}}, {"label": "Ge", "xyz": [2.044966145, 2.04423456, 12.052944410948522], "abc": [0.5, 0.5, 0.53919777], "species": [{"occu": 1, "element": "Ge"}], "properties": {"magmom": -0.0}}], "@class": "Structure", "@module": "pymatgen.core.structure"}