{"lattice": {"a": 4.05856325, "c": 22.598543, "b": 4.05856325, "matrix": [[4.05856325, 0.0, 0.0], [0.0, 4.05856325, 0.0], [0.0, 0.0, 22.598543]], "volume": 372.24174617581446, "beta": 90.0, "alpha": 90.0, "gamma": 90.0}, "sites": [{"label": "Nd", "xyz": [2.029281625, 2.029281625, 11.2992715], "abc": [0.5, 0.5, 0.5], "species": [{"occu": 1, "element": "Nd"}], "properties": {"magmom": -0.0}}, {"label": "Ge", "xyz": [0.0, 0.0, 10.079189948541229], "abc": [-0.0, 0.0, 0.44601061000000003], "species": [{"occu": 1, "element": "Ge"}], "properties": {"magmom": -0.006}}, {"label": "Ge", "xyz": [0.0, 0.0, 12.51935305145877], "abc": [-0.0, 0.0, 0.55398939], "species": [{"occu": 1, "element": "Ge"}], "properties": {"magmom": -0.006}}], "@class": "Structure", "@module": "pymatgen.core.structure"}