{"lattice": {"a": 3.45121139, "c": 22.353476, "b": 2.87524061, "matrix": [[3.45121139, 0.0, 0.0], [0.0, 2.87524061, 0.0], [0.0, 0.0, 22.353476]], "volume": 221.81495379615635, "beta": 90.0, "alpha": 90.0, "gamma": 90.0}, "sites": [{"label": "Be", "xyz": [0.0, 1.437620305, 9.9140382007334], "abc": [-0.0, 0.5, 0.44351215], "species": [{"occu": 1, "element": "Be"}], "properties": {"magmom": 0.0}}, {"label": "Be", "xyz": [0.0, 0.0, 11.529399402392082], "abc": [-0.0, 0.0, 0.51577658], "species": [{"occu": 1, "element": "Be"}], "properties": {"magmom": 0.0}}, {"label": "Be", "xyz": [1.725605695, 0.0, 10.08628469832948], "abc": [0.5, 0.0, 0.45121773], "species": [{"occu": 1, "element": "Be"}], "properties": {"magmom": -0.0}}, {"label": "Pb", "xyz": [1.725605695, 1.437620305, 13.17722947501028], "abc": [0.5, 0.5, 0.58949353], "species": [{"occu": 1, "element": "Pb"}], "properties": {"magmom": 0.0}}], "@class": "Structure", "@module": "pymatgen.core.structure"}