{"lattice": {"a": 13.73454783, "c": 20.0, "b": 13.734554312647338, "matrix": [[13.73454783, 0.0, 0.0], [-6.86727441, 11.89447453, 0.0], [0.0, 0.0, 20.0]], "volume": 3267.3045869000357, "beta": 90.0, "alpha": 90.0, "gamma": 119.9999867709359}, "sites": [{"label": "Al", "xyz": [-7.197274080333237e-06, 7.9296536514915115, 7.70726], "abc": [0.333333, 0.666667, 0.38536299999999996], "species": [{"occu": 1, "element": "Al"}], "properties": {"magmom": 0.12}}, {"label": "Bi", "xyz": [0.0, 0.0, 7.70726], "abc": [0.0, 0.0, 0.38536299999999996], "species": [{"occu": 1, "element": "Bi"}], "properties": {"magmom": 1.588}}], "@class": "Structure", "@module": "pymatgen.core.structure"}