{"lattice": {"a": 5.75469668, "c": 20.0, "b": 5.754696397715585, "matrix": [[5.75469668, -0.0, 0.0], [-2.87734834, 4.98371319, -0.0], [-0.0, -0.0, 20.0]], "volume": 573.5951549713042, "beta": 90.0, "alpha": 90.0, "gamma": 120.00000162265614}, "sites": [{"label": "Cd", "xyz": [-1.439582491323971, 4.153618744526606, 5.778560000000001], "abc": [0.16656144, 0.83343856, 0.28892799999999996], "species": [{"occu": 1, "element": "Cd"}], "properties": {"magmom": -0.0}}, {"label": "Cd", "xyz": [-2.8485748565491187e-06, 1.6601938248228452, 5.778560000000001], "abc": [0.16656144, 0.33312387, 0.28892799999999996], "species": [{"occu": 1, "element": "Cd"}], "properties": {"magmom": -0.0}}, {"label": "Cd", "xyz": [1.439576794174258, 4.153618744526606, 5.778560000000001], "abc": [0.66687613, 0.83343856, 0.28892799999999996], "species": [{"occu": 1, "element": "Cd"}], "properties": {"magmom": -0.0}}, {"label": "As", "xyz": [2.87735121734834, 1.661236068762269, 5.778560000000001], "abc": [0.666667, 0.333333, 0.28892799999999996], "species": [{"occu": 1, "element": "As"}], "properties": {"magmom": 0.0}}], "@class": "Structure", "@module": "pymatgen.core.structure"}