{"lattice": {"a": 2.6481742208057453, "c": 22.780419, "b": 2.6481746731775893, "matrix": [[2.64817421, -0.00023923, 0.0], [-1.32339925, 2.29378367, 0.0], [0.0, 0.0, 22.780419]], "volume": 138.36876985221846, "beta": 90.0, "alpha": 90.0, "gamma": 119.98798695969006}, "sites": [{"label": "Al", "xyz": [1.32466764919538, 0.764232178967981, 11.3902095], "abc": [0.66675511, 0.33324489, 0.5], "species": [{"occu": 1, "element": "Al"}], "properties": {"magmom": 0.0}}, {"label": "Ni", "xyz": [0.00022868208955600003, 1.5292421556921951, 9.54780757592136], "abc": [0.33327545000000003, 0.66672455, 0.41912344], "species": [{"occu": 1, "element": "Ni"}], "properties": {"magmom": -0.0}}, {"label": "Ni", "xyz": [0.00022868208955600003, 1.5292421556921951, 13.23261142407864], "abc": [0.33327545000000003, 0.66672455, 0.58087656], "species": [{"occu": 1, "element": "Ni"}], "properties": {"magmom": -0.0}}], "@class": "Structure", "@module": "pymatgen.core.structure"}