{"lattice": {"a": 3.20723369, "c": 23.2356631, "b": 3.207233786538836, "matrix": [[3.20723369, 0.0, 0.0], [-1.6036168499999999, 2.77754596, -0.0], [-0.0, -0.0, 23.2356631]], "volume": 206.98883971721293, "beta": 90.0, "alpha": 90.0, "gamma": 119.99999910742972}, "sites": [{"label": "V", "xyz": [0.0, 0.0, 11.61783155], "abc": [-0.0, -0.0, 0.5], "species": [{"occu": 1, "element": "V"}], "properties": {"magmom": 1.328}}, {"label": "O", "xyz": [0.0, 0.0, 9.931397345893764], "abc": [0.0, 0.0, 0.42742044], "species": [{"occu": 1, "element": "O"}], "properties": {"magmom": 0.223}}, {"label": "O", "xyz": [0.0, 0.0, 13.304265754106236], "abc": [-0.0, -0.0, 0.57257956], "species": [{"occu": 1, "element": "O"}], "properties": {"magmom": 0.223}}], "@class": "Structure", "@module": "pymatgen.core.structure"}