{"lattice": {"a": 3.84472, "c": 24.623946, "b": 3.844719835075762, "matrix": [[3.84472, 0.0, 0.0], [-1.92236, 3.329625, 0.0], [0.0, 0.0, 24.623946]], "volume": 315.2228495582252, "beta": 90.0, "alpha": 90.0, "gamma": 120.00000141899802}, "sites": [{"label": "P", "xyz": [0.0, 0.0, 7.028043547589999], "abc": [0.0, 0.0, 0.285415], "species": [{"occu": 1, "element": "P"}], "properties": {"magmom": -0.0}}, {"label": "F", "xyz": [1.92236192236, 1.109873890125, 7.028043547589999], "abc": [0.666667, 0.333333, 0.285415], "species": [{"occu": 1, "element": "F"}], "properties": {"magmom": 0.0}}, {"label": "F", "xyz": [0.0, 0.0, 8.690430765996], "abc": [0.0, 0.0, 0.35292599999999996], "species": [{"occu": 1, "element": "F"}], "properties": {"magmom": -0.0}}, {"label": "F", "xyz": [0.0, 0.0, 5.365656329184], "abc": [0.0, 0.0, 0.217904], "species": [{"occu": 1, "element": "F"}], "properties": {"magmom": -0.0}}], "@class": "Structure", "@module": "pymatgen.core.structure"}