{"lattice": {"a": 4.42981086, "c": 24.159589, "b": 4.429810947710887, "matrix": [[4.42981086, 0.0, 0.0], [-2.21490543, 3.83632884, -0.0], [0.0, -0.0, 24.159589]], "volume": 410.5731569556051, "beta": 90.0, "alpha": 90.0, "gamma": 119.99999934501656}, "sites": [{"label": "Be", "xyz": [0.0, 0.0, 17.23212305081114], "abc": [0.0, 0.0, 0.71326226], "species": [{"occu": 1, "element": "Be"}], "properties": {"magmom": -0.0}}, {"label": "Be", "xyz": [0.0, 0.0, 15.25351262749186], "abc": [0.0, 0.0, 0.63136474], "species": [{"occu": 1, "element": "Be"}], "properties": {"magmom": -0.0}}, {"label": "Au", "xyz": [-2.214905430138338e-06, 2.55755383877628, 16.242805759357], "abc": [0.333333, 0.666667, 0.6723129999999999], "species": [{"occu": 1, "element": "Au"}], "properties": {"magmom": -0.0}}, {"label": "Au", "xyz": [2.21490764490543, 1.27877500122372, 16.242805759357], "abc": [0.666667, 0.333333, 0.6723129999999999], "species": [{"occu": 1, "element": "Au"}], "properties": {"magmom": -0.0}}], "@class": "Structure", "@module": "pymatgen.core.structure"}