{"lattice": {"a": 4.04370434, "c": 23.942319, "b": 4.04370434, "matrix": [[4.04370434, 0.0, 0.0], [0.0, 4.04370434, 0.0], [0.0, 0.0, 23.942319]], "volume": 391.4939014890424, "beta": 90.0, "alpha": 90.0, "gamma": 90.0}, "sites": [{"label": "Ga", "xyz": [0.0, 0.0, 0.0], "abc": [0.0, 0.0, 0.0], "species": [{"occu": 1, "element": "Ga"}], "properties": {"magmom": -0.001}}, {"label": "Ga", "xyz": [2.02185217, 2.02185217, 0.0], "abc": [0.5, 0.5, 0.0], "species": [{"occu": 1, "element": "Ga"}], "properties": {"magmom": -0.001}}, {"label": "As", "xyz": [2.02185217, 0.0, 22.31848460519637], "abc": [0.5, 0.0, 0.93217723], "species": [{"occu": 1, "element": "As"}], "properties": {"magmom": 0.001}}, {"label": "As", "xyz": [0.0, 2.02185217, 1.62383439480363], "abc": [0.0, 0.5, 0.06782277], "species": [{"occu": 1, "element": "As"}], "properties": {"magmom": 0.001}}], "@class": "Structure", "@module": "pymatgen.core.structure"}