{"lattice": {"a": 4.38700546, "c": 22.947413, "b": 4.38684937, "matrix": [[4.38700546, 0.0, 0.0], [0.0, 4.38684937, 0.0], [0.0, 0.0, 22.947413]], "volume": 441.62599541915256, "beta": 90.0, "alpha": 90.0, "gamma": 90.0}, "sites": [{"label": "Pb", "xyz": [0.0, 0.0, 12.90986712996718], "abc": [-0.0, -0.0, 0.56258486], "species": [{"occu": 1, "element": "Pb"}], "properties": {"magmom": 0.0}}, {"label": "Pb", "xyz": [2.19350273, 2.193424685, 10.03754587003282], "abc": [0.5, 0.5, 0.43741514000000004], "species": [{"occu": 1, "element": "Pb"}], "properties": {"magmom": 0.0}}, {"label": "Se", "xyz": [0.0, 0.0, 10.08614642549965], "abc": [0.0, -0.0, 0.43953305000000004], "species": [{"occu": 1, "element": "Se"}], "properties": {"magmom": -0.0}}, {"label": "Se", "xyz": [2.19350273, 2.193424685, 12.861266574500352], "abc": [0.5, 0.5, 0.56046695], "species": [{"occu": 1, "element": "Se"}], "properties": {"magmom": -0.0}}], "@class": "Structure", "@module": "pymatgen.core.structure"}