{"lattice": {"a": 3.9398256789490063, "c": 23.409799013997254, "b": 5.8790088551275375, "matrix": [[3.857529, -0.007109, 0.801028], [1.67839, 5.404382, 1.593238], [-0.18498499999999998, -0.519589, 23.403301]], "volume": 491.47869507109, "beta": 78.72243027812875, "alpha": 75.62484366075904, "gamma": 70.55110593461636}, "sites": [{"label": "In", "xyz": [4.658098556293, 3.971434905439, 6.7412942061239995], "abc": [0.8885569999999999, 0.755846, 0.20618000000000003], "species": [{"occu": 1, "element": "In"}], "properties": {"magmom": 0.0}}, {"label": "In", "xyz": [0.796199697142, 1.19658035968, 5.979186890805], "abc": [0.111443, 0.24415399999999998, 0.23504899999999998], "species": [{"occu": 1, "element": "In"}], "properties": {"magmom": 0.0}}, {"label": "S", "xyz": [2.519049798223, -0.102322050406999, 7.337885004029999], "abc": [0.6626569999999999, 0.009838, 0.29019], "species": [{"occu": 1, "element": "S"}], "properties": {"magmom": -0.0}}, {"label": "S", "xyz": [2.935246776822, 5.270331911144, 5.382594499661], "abc": [0.337343, 0.990161, 0.151039], "species": [{"occu": 1, "element": "S"}], "properties": {"magmom": -0.0}}], "@class": "Structure", "@module": "pymatgen.core.structure"}