{"lattice": {"a": 2.958166620000002, "c": 22.806944, "b": 3.056890643996483, "matrix": [[2.95816662, 1.1e-07, 0.0], [-1.4790836600000001, 2.6752368, 0.0], [0.0, 0.0, 22.806944]], "volume": 180.48951052520883, "beta": 90.0, "alpha": 90.0, "gamma": 118.93730538121372}, "sites": [{"label": "Ge", "xyz": [-2.905583798274474e-08, 0.222089281915741, 11.90635781697792], "abc": [0.04150834, 0.08301668, 0.52204968], "species": [{"occu": 1, "element": "Ge"}], "properties": {"magmom": -0.0}}, {"label": "Ge", "xyz": [-3.3895274679682397e-07, 2.590796802508259, 9.43795291701088], "abc": [0.48421821000000004, 0.9684364200000001, 0.41381927], "species": [{"occu": 1, "element": "Ge"}], "properties": {"magmom": -0.0}}, {"label": "O", "xyz": [1.479084635847044, 1.171266636858759, 12.8661052660112], "abc": [0.7189094500000001, 0.4378179, 0.56413105], "species": [{"occu": 1, "element": "O"}], "properties": {"magmom": 0.0}}], "@class": "Structure", "@module": "pymatgen.core.structure"}