{"lattice": {"a": 4.334286636916213, "c": 23.40581993972576, "b": 6.096416485388399, "matrix": [[4.25338252, 0.01404495, 0.83341498], [1.88604604, 5.57347172, 1.5954739999999998], [0.00501797, -0.56142112, 23.3990852]], "volume": 556.9856169194765, "beta": 78.90936526727863, "alpha": 76.12709186154761, "gamma": 69.09132304043374}, "sites": [{"label": "In", "xyz": [5.198390477038612, 4.077058586133119, 6.757826422442041], "abc": [0.88935916, 0.75001993, 0.20599027], "species": [{"occu": 1, "element": "In"}], "properties": {"magmom": -0.0}}, {"label": "In", "xyz": [0.9432521568465171, 1.2627428045103999, 5.9954175212687595], "abc": [0.11064084, 0.24998007, 0.23523873], "species": [{"occu": 1, "element": "In"}], "properties": {"magmom": -0.0}}, {"label": "Te", "xyz": [2.8220264855279433, -0.119630272249649, 7.697035751948863], "abc": [0.65975326, 0.007589090000000001, 0.30492984], "species": [{"occu": 1, "element": "Te"}], "properties": {"magmom": 0.0}}, {"label": "Te", "xyz": [3.319614262311146, 5.459426089421449, 5.056206596287937], "abc": [0.34024674, 0.99240991, 0.13629916], "species": [{"occu": 1, "element": "Te"}], "properties": {"magmom": 0.0}}], "@class": "Structure", "@module": "pymatgen.core.structure"}