{"lattice": {"a": 4.128074, "c": 22.685916, "b": 4.128074, "matrix": [[4.128074, 0.0, 0.0], [0.0, 4.128074, 0.0], [0.0, 0.0, 22.685916]], "volume": 386.5905799802367, "beta": 90.0, "alpha": 90.0, "gamma": 90.0}, "sites": [{"label": "Th", "xyz": [2.064037, 2.064037, 16.805885374212], "abc": [0.5, 0.5, 0.740807], "species": [{"occu": 1, "element": "Th"}], "properties": {"magmom": 0.0}}, {"label": "Sn", "xyz": [0.0, 0.0, 15.289694864268], "abc": [0.0, 0.0, 0.6739729999999999], "species": [{"occu": 1, "element": "Sn"}], "properties": {"magmom": -0.0}}, {"label": "Sn", "xyz": [0.0, 0.0, 18.322075884156], "abc": [0.0, 0.0, 0.8076409999999999], "species": [{"occu": 1, "element": "Sn"}], "properties": {"magmom": -0.0}}], "@class": "Structure", "@module": "pymatgen.core.structure"}