{"lattice": {"a": 3.652031, "c": 22.766075, "b": 3.652031577870048, "matrix": [[3.652031, 0.0, 0.0], [-1.826016, 3.162752, 0.0], [0.0, 0.0, 22.766075]], "volume": 262.9588287255632, "beta": 90.0, "alpha": 90.0, "gamma": 120.00000382361061}, "sites": [{"label": "Tc", "xyz": [0.0, 0.0, 0.0], "abc": [0.0, 0.0, 0.0], "species": [{"occu": 1, "element": "Tc"}], "properties": {"magmom": 0.929}}, {"label": "Br", "xyz": [-2.159349000008917e-06, 2.108502387584, 1.51371632675], "abc": [0.333333, 0.666667, 0.06649000000000001], "species": [{"occu": 1, "element": "Br"}], "properties": {"magmom": -0.003}}, {"label": "Br", "xyz": [1.826017159349, 1.054249612416, 21.25235867325], "abc": [0.666667, 0.333333, 0.9335100000000001], "species": [{"occu": 1, "element": "Br"}], "properties": {"magmom": -0.003}}], "@class": "Structure", "@module": "pymatgen.core.structure"}