{"lattice": {"a": 4.903611, "c": 20.0, "b": 4.903612745083057, "matrix": [[4.903611, 0.0, 0.0], [-2.451805, 4.246654, 0.0], [0.0, 0.0, 20.0]], "volume": 416.47878535188, "beta": 90.0, "alpha": 90.0, "gamma": 119.99998148169261}, "sites": [{"label": "Tl", "xyz": [-2.118471999949532e-06, 2.8311040822180003, 7.70726], "abc": [0.333333, 0.666667, 0.38536299999999996], "species": [{"occu": 1, "element": "Tl"}], "properties": {"magmom": 0.0}}, {"label": "Sb", "xyz": [0.0, 0.0, 7.70726], "abc": [0.0, 0.0, 0.38536299999999996], "species": [{"occu": 1, "element": "Sb"}], "properties": {"magmom": -0.0}}], "@class": "Structure", "@module": "pymatgen.core.structure"}