{"lattice": {"a": 4.39675785, "c": 23.93099988, "b": 4.396758344065857, "matrix": [[4.39675785, -0.0, 0.0], [-2.19837893, 3.80770456, -0.0], [-0.0, 0.0, 23.93099988]], "volume": 400.64214865376096, "beta": 90.0, "alpha": 90.0, "gamma": 119.99999635805106}, "sites": [{"label": "Bi", "xyz": [0.0, 0.0, 12.080223478254728], "abc": [0.0, 0.0, 0.5047939300000001], "species": [{"occu": 1, "element": "Bi"}], "properties": {"magmom": -0.0}}, {"label": "Te", "xyz": [2.19838112171226, 1.269233584098479, 13.821600974122736], "abc": [0.666667, 0.333333, 0.57756053], "species": [{"occu": 1, "element": "Te"}], "properties": {"magmom": 0.0}}, {"label": "I", "xyz": [-2.201712260082355e-06, 2.53847097590152, 9.994675367622536], "abc": [0.333333, 0.666667, 0.41764554], "species": [{"occu": 1, "element": "I"}], "properties": {"magmom": -0.0}}], "@class": "Structure", "@module": "pymatgen.core.structure"}