{"lattice": {"a": 3.294082, "c": 22.803662, "b": 3.294082, "matrix": [[3.294082, 0.0, 0.0], [0.0, 3.294082, 0.0], [0.0, 0.0, 22.803662]], "volume": 247.4419941530348, "beta": 90.0, "alpha": 90.0, "gamma": 90.0}, "sites": [{"label": "Ru", "xyz": [0.0, 0.0, 0.0], "abc": [0.0, 0.0, 0.0], "species": [{"occu": 1, "element": "Ru"}], "properties": {"magmom": 0.0}}, {"label": "Pb", "xyz": [1.647041, 1.647041, 1.755334686112], "abc": [0.5, 0.5, 0.076976], "species": [{"occu": 1, "element": "Pb"}], "properties": {"magmom": -0.0}}, {"label": "Pb", "xyz": [1.647041, 1.647041, 21.048327313888], "abc": [0.5, 0.5, 0.923024], "species": [{"occu": 1, "element": "Pb"}], "properties": {"magmom": -0.0}}], "@class": "Structure", "@module": "pymatgen.core.structure"}