{"lattice": {"a": 3.177323000476187, "c": 22.999163267184677, "b": 3.176861580844844, "matrix": [[3.177323, 2.5e-05, 4.9000000000000005e-05], [-1.58864, 2.751122, -0.00044199999999999996], [0.000352, -0.0034879999999999998, 22.999163]], "volume": 201.04126612060819, "beta": 89.99823955860602, "alpha": 90.01593499502697, "gamma": 120.00390629236419}, "sites": [{"label": "Fe", "xyz": [0.0, 0.0, 0.0], "abc": [0.0, 0.0, 0.0], "species": [{"occu": 1, "element": "Fe"}], "properties": {"magmom": 3.823}}, {"label": "F", "xyz": [0.00034924585299900003, 1.830767168365, 21.98620851878], "abc": [0.333335, 0.666671, 0.955969], "species": [{"occu": 1, "element": "F"}], "properties": {"magmom": 0.07100000000000001}}, {"label": "F", "xyz": [1.5886857541469999, 0.916891831635, 1.01256148122], "abc": [0.666665, 0.333329, 0.044031], "species": [{"occu": 1, "element": "F"}], "properties": {"magmom": 0.07100000000000001}}], "@class": "Structure", "@module": "pymatgen.core.structure"}