{"lattice": {"a": 4.089903874231521, "c": 23.274014164891238, "b": 4.089903248876432, "matrix": [[4.089882, 0.013373, -0.000299], [0.013786999999999999, 4.08988, -0.000299], [0.001959, 0.001959, 23.274014]], "volume": 389.30309219495825, "beta": 89.99935032064228, "alpha": 89.99934983472903, "gamma": 89.61951242623014}, "sites": [{"label": "Te", "xyz": [0.011955780342999002, 0.011954742422999001, 20.400416547438], "abc": [0.002495, 0.002495, 0.876532], "species": [{"occu": 1, "element": "Te"}], "properties": {"magmom": 0.0}}, {"label": "Te", "xyz": [2.059602641179, 2.059394004699, 17.696119903974], "abc": [0.50153, 0.50153, 0.760351], "species": [{"occu": 1, "element": "Te"}], "properties": {"magmom": 0.0}}, {"label": "P", "xyz": [0.012237872125999999, 0.012236783454, 17.803851102572], "abc": [0.002617, 0.002617, 0.764967], "species": [{"occu": 1, "element": "P"}], "properties": {"magmom": 0.0}}, {"label": "P", "xyz": [2.059119575401, 2.058911010057, 20.293942174898003], "abc": [0.501359, 0.501359, 0.87197], "species": [{"occu": 1, "element": "P"}], "properties": {"magmom": -0.0}}], "@class": "Structure", "@module": "pymatgen.core.structure"}