{"lattice": {"a": 2.934751, "c": 23.192892, "b": 2.9347504534457443, "matrix": [[2.934751, 0.0, 0.0], [-1.467376, 2.541568, 0.0], [0.0, 0.0, 23.192892]], "volume": 172.9927484834938, "beta": 90.0, "alpha": 90.0, "gamma": 120.00001743235354}, "sites": [{"label": "C", "xyz": [0.0, 0.0, 0.0], "abc": [0.0, 0.0, 0.0], "species": [{"occu": 1, "element": "C"}], "properties": {"magmom": 0.0}}, {"label": "S", "xyz": [-1.8007090000958e-06, 1.6943795138559992, 1.248867655524], "abc": [0.333333, 0.666667, 0.053847], "species": [{"occu": 1, "element": "S"}], "properties": {"magmom": -0.0}}, {"label": "S", "xyz": [1.4673768007089991, 0.8471884861439991, 21.944024344476002], "abc": [0.666667, 0.333333, 0.9461529999999999], "species": [{"occu": 1, "element": "S"}], "properties": {"magmom": -0.0}}], "@class": "Structure", "@module": "pymatgen.core.structure"}