{"lattice": {"a": 2.96212821, "c": 20.0, "b": 5.0254793, "matrix": [[2.96212821, 0.0, 0.0], [0.0, 5.0254793, 0.0], [0.0, 0.0, 20.0]], "volume": 297.722280066021, "beta": 90.0, "alpha": 90.0, "gamma": 90.0}, "sites": [{"label": "Pd", "xyz": [1.481064105, 2.51273965, 10.0], "abc": [0.5, 0.5, 0.5], "species": [{"occu": 1, "element": "Pd"}], "properties": {"magmom": -0.0}}, {"label": "N", "xyz": [1.481064105, 0.5685894621442621, 10.0], "abc": [0.5, 0.11314134, 0.5], "species": [{"occu": 1, "element": "N"}], "properties": {"magmom": -0.0}}, {"label": "N", "xyz": [1.481064105, 4.456889837855738, 10.0], "abc": [0.5, 0.88685866, 0.5], "species": [{"occu": 1, "element": "N"}], "properties": {"magmom": -0.0}}], "@class": "Structure", "@module": "pymatgen.core.structure"}