{"lattice": {"a": 3.086316189049009, "c": 22.474507394609923, "b": 3.404412009976906, "matrix": [[3.072007, 0.024529, 0.295836], [-1.525843, 3.016751, -0.40129499999999996], [3.204454, -2.228606, 22.132968]], "volume": 201.3124289046581, "beta": 76.3771349523714, "alpha": 105.53685423995721, "gamma": 116.76767577421555}, "sites": [{"label": "N", "xyz": [1.016652979198, 0.41985100642600004, 5.475171266382], "abc": [0.22999599999999998, 0.322094, 0.250142], "species": [{"occu": 1, "element": "N"}], "properties": {"magmom": -0.0}}, {"label": "O", "xyz": [1.8892546828489991, 0.252189757955, 4.644662694333], "abc": [0.514334, 0.232477, 0.207193], "species": [{"occu": 1, "element": "O"}], "properties": {"magmom": -0.0}}, {"label": "O", "xyz": [1.095854588622, 0.65237363283, 6.657690033981], "abc": [0.256625, 0.439737, 0.305347], "species": [{"occu": 1, "element": "O"}], "properties": {"magmom": -0.0}}], "@class": "Structure", "@module": "pymatgen.core.structure"}