{"lattice": {"a": 3.533596, "c": 22.956052, "b": 3.533596084254679, "matrix": [[3.533596, 0.0, 0.0], [-1.766798, 3.060184, 0.0], [0.0, 0.0, 22.956052]], "volume": 248.23421098444376, "beta": 90.0, "alpha": 90.0, "gamma": 119.99999921125044}, "sites": [{"label": "Cd", "xyz": [0.0, 0.0, 0.0], "abc": [0.0, 0.0, 0.0], "species": [{"occu": 1, "element": "Cd"}], "properties": {"magmom": -0.0}}, {"label": "F", "xyz": [-1.766798000025974e-06, 2.040123686728, 1.009813771428], "abc": [0.333333, 0.666667, 0.043989], "species": [{"occu": 1, "element": "F"}], "properties": {"magmom": -0.0}}, {"label": "F", "xyz": [1.766799766798, 1.020060313272, 21.946238228572], "abc": [0.666667, 0.333333, 0.9560109999999999], "species": [{"occu": 1, "element": "F"}], "properties": {"magmom": -0.0}}], "@class": "Structure", "@module": "pymatgen.core.structure"}