{"lattice": {"a": 3.283086346210606, "c": 23.44667338429472, "b": 3.55299399, "matrix": [[3.28295738, 0.0, -0.02909979], [0.0, 3.55299399, 0.0], [-0.01000421, 0.0, 23.44667125]], "volume": 273.4886258809094, "beta": 90.532297405458, "alpha": 90.0, "gamma": 90.0}, "sites": [{"label": "Ta", "xyz": [0.0, 0.0, 0.0], "abc": [0.0, 0.0, 0.0], "species": [{"occu": 1, "element": "Ta"}], "properties": {"magmom": -0.0}}, {"label": "Se", "xyz": [1.613438164118961, 0.0, 21.52922927038545], "abc": [0.49425874000000003, -0.0, 0.91883457], "species": [{"occu": 1, "element": "Se"}], "properties": {"magmom": -0.0}}, {"label": "Se", "xyz": [1.6595150058810382, 0.0, 1.888342189614552], "abc": [0.50574126, 0.0, 0.08116543], "species": [{"occu": 1, "element": "Se"}], "properties": {"magmom": -0.0}}], "@class": "Structure", "@module": "pymatgen.core.structure"}