{"lattice": {"a": 3.69301108, "c": 22.99915, "b": 3.693011687226038, "matrix": [[3.69301108, 1e-08, 0.0], [-1.84650603, 3.19824183, 0.0], [0.0, 0.0, 22.99915]], "volume": 271.64623879186115, "beta": 90.0, "alpha": 90.0, "gamma": 120.00000318393406}, "sites": [{"label": "Fe", "xyz": [0.0, 0.0, 11.499575], "abc": [-0.0, -0.0, 0.5], "species": [{"occu": 1, "element": "Fe"}], "properties": {"magmom": 3.442}}, {"label": "Br", "xyz": [1.846507223172369, 1.06607955058606, 9.990121006231], "abc": [0.666667, 0.333333, 0.43436914], "species": [{"occu": 1, "element": "Br"}], "properties": {"magmom": 0.171}}, {"label": "Br", "xyz": [-2.173172370196356e-06, 2.13216228941394, 13.009028993768998], "abc": [0.333333, 0.666667, 0.56563086], "species": [{"occu": 1, "element": "Br"}], "properties": {"magmom": 0.171}}], "@class": "Structure", "@module": "pymatgen.core.structure"}