{"lattice": {"a": 3.70684105, "c": 22.797818, "b": 3.70684105, "matrix": [[3.70684105, 0.0, 0.0], [0.0, 3.70684105, 0.0], [0.0, 0.0, 22.797818]], "volume": 313.2573068520207, "beta": 90.0, "alpha": 90.0, "gamma": 90.0}, "sites": [{"label": "Co", "xyz": [0.0, 0.0, 11.398909], "abc": [0.0, -0.0, 0.5], "species": [{"occu": 1, "element": "Co"}], "properties": {"magmom": 0.358}}, {"label": "Co", "xyz": [1.8534205250000002, 1.8534205250000002, 11.398909], "abc": [0.5, 0.5, 0.5], "species": [{"occu": 1, "element": "Co"}], "properties": {"magmom": 0.358}}, {"label": "Se", "xyz": [0.0, 1.8534205250000002, 12.790345096379319], "abc": [-0.0, 0.5, 0.5610337400000001], "species": [{"occu": 1, "element": "Se"}], "properties": {"magmom": 0.015}}, {"label": "Se", "xyz": [1.8534205250000002, 0.0, 10.00747290362068], "abc": [0.5, 0.0, 0.43896626], "species": [{"occu": 1, "element": "Se"}], "properties": {"magmom": 0.015}}], "@class": "Structure", "@module": "pymatgen.core.structure"}