{"lattice": {"a": 3.244011277224842, "c": 20.0, "b": 3.244011304663144, "matrix": [[3.24396399, -0.01751566, 0.0], [-0.14511523, 3.24076394, 0.0], [0.0, 0.0, 20.0]], "volume": 210.20759464842035, "beta": 90.0, "alpha": 90.0, "gamma": 92.87324645259064}, "sites": [{"label": "I", "xyz": [0.0, 0.0, 10.0], "abc": [-0.0, -0.0, 0.5], "species": [{"occu": 1, "element": "I"}], "properties": {"magmom": 0.0}}], "@class": "Structure", "@module": "pymatgen.core.structure"}