{"lattice": {"a": 3.51333249, "c": 23.354627, "b": 3.51333249, "matrix": [[3.51333249, 0.0, 0.0], [0.0, 3.51333249, 0.0], [0.0, 0.0, 23.354627]], "volume": 288.2779594750045, "beta": 90.0, "alpha": 90.0, "gamma": 90.0}, "sites": [{"label": "Cr", "xyz": [1.756666245, 1.756666245, 11.6773135], "abc": [0.5, 0.5, 0.5], "species": [{"occu": 1, "element": "Cr"}], "properties": {"magmom": 0.331}}, {"label": "Cr", "xyz": [0.0, 0.0, 11.6773135], "abc": [0.0, -0.0, 0.5], "species": [{"occu": 1, "element": "Cr"}], "properties": {"magmom": 0.331}}, {"label": "Se", "xyz": [0.0, 1.756666245, 9.99447576653578], "abc": [0.0, 0.5, 0.42794414000000003], "species": [{"occu": 1, "element": "Se"}], "properties": {"magmom": -0.022}}, {"label": "Se", "xyz": [1.756666245, 0.0, 13.36015123346422], "abc": [0.5, 0.0, 0.57205586], "species": [{"occu": 1, "element": "Se"}], "properties": {"magmom": -0.022}}], "@class": "Structure", "@module": "pymatgen.core.structure"}