{"lattice": {"a": 4.01956716, "c": 21.02988897, "b": 4.01956716, "matrix": [[4.01956716, 0.0, 0.0], [0.0, 4.01956716, 0.0], [0.0, 0.0, 21.02988897]], "volume": 339.7782369305276, "beta": 90.0, "alpha": 90.0, "gamma": 90.0}, "sites": [{"label": "B", "xyz": [2.00978358, 0.0, 4.72373345014251], "abc": [0.5, 0.0, 0.22461999], "species": [{"occu": 1, "element": "B"}], "properties": {"magmom": 0.0}}, {"label": "B", "xyz": [0.0, 2.00978358, 6.7701944261889295], "abc": [0.0, 0.5, 0.32193201], "species": [{"occu": 1, "element": "B"}], "properties": {"magmom": 0.0}}, {"label": "I", "xyz": [0.0, 2.00978358, 4.380522717967654], "abc": [0.0, 0.5, 0.20829985], "species": [{"occu": 1, "element": "I"}], "properties": {"magmom": -0.0}}, {"label": "I", "xyz": [2.00978358, 0.0, 7.113405158363784], "abc": [0.5, 0.0, 0.33825215000000003], "species": [{"occu": 1, "element": "I"}], "properties": {"magmom": -0.0}}], "@class": "Structure", "@module": "pymatgen.core.structure"}