{"lattice": {"a": 4.08651135, "c": 23.677185, "b": 5.57032728, "matrix": [[4.08651135, 0.0, 0.0], [0.0, 5.57032728, 0.0], [0.0, 0.0, 23.677185]], "volume": 538.968631437579, "beta": 90.0, "alpha": 90.0, "gamma": 90.0}, "sites": [{"label": "Ce", "xyz": [0.0, 2.78516364, 11.8385925], "abc": [-0.0, 0.5, 0.5], "species": [{"occu": 1, "element": "Ce"}], "properties": {"magmom": 0.0}}, {"label": "Se", "xyz": [2.036947572619686, 2.78516364, 10.001652796072351], "abc": [0.49845636, 0.5, 0.42241731], "species": [{"occu": 1, "element": "Se"}], "properties": {"magmom": 0.0}}, {"label": "Se", "xyz": [2.049563777380314, 2.78516364, 13.67553220392765], "abc": [0.50154364, 0.5, 0.5775826900000001], "species": [{"occu": 1, "element": "Se"}], "properties": {"magmom": 0.0}}], "@class": "Structure", "@module": "pymatgen.core.structure"}