{"lattice": {"a": 3.79007163, "c": 20.0, "b": 3.79007163, "matrix": [[3.79007163, 0.0, 0.0], [0.0, 3.79007163, 0.0], [0.0, 0.0, 20.0]], "volume": 287.2928592106171, "beta": 90.0, "alpha": 90.0, "gamma": 90.0}, "sites": [{"label": "N", "xyz": [0.0, 0.0, 10.0], "abc": [-0.0, 0.0, 0.5], "species": [{"occu": 1, "element": "N"}], "properties": {"magmom": 1.9420000000000002}}], "@class": "Structure", "@module": "pymatgen.core.structure"}