{"lattice": {"a": 3.635567, "c": 23.314712, "b": 3.6355677876628842, "matrix": [[3.635567, 0.0, 0.0], [-1.817784, 3.148494, 0.0], [0.0, 0.0, 23.314712]], "volume": 266.87327044983965, "beta": 90.0, "alpha": 90.0, "gamma": 120.00000193203806}, "sites": [{"label": "Ge", "xyz": [0.0, 0.0, 0.0], "abc": [0.0, 0.0, 0.0], "species": [{"occu": 1, "element": "Ge"}], "properties": {"magmom": -0.0}}, {"label": "Se", "xyz": [1.8177851511169991, 1.049496950502, 1.517204883399999], "abc": [0.666667, 0.333333, 0.065075], "species": [{"occu": 1, "element": "Se"}], "properties": {"magmom": 0.0}}, {"label": "Se", "xyz": [-2.151117000102469e-06, 2.098997049498, 21.7975071166], "abc": [0.333333, 0.666667, 0.934925], "species": [{"occu": 1, "element": "Se"}], "properties": {"magmom": 0.0}}], "@class": "Structure", "@module": "pymatgen.core.structure"}