{"lattice": {"a": 3.4414564, "c": 25.583703, "b": 3.441456702973871, "matrix": [[3.4414564, -4e-08, 0.0], [1.72072863, 2.9803887700000002, 0.0], [0.0, 0.0, 25.583703]], "volume": 262.4089223993427, "beta": 90.0, "alpha": 90.0, "gamma": 59.99999531173963}, "sites": [{"label": "Ti", "xyz": [0.0, 0.0, 13.86343743616947], "abc": [0.0, 0.0, 0.54188549], "species": [{"occu": 1, "element": "Ti"}], "properties": {"magmom": 0.0}}, {"label": "Ag", "xyz": [3.44145840739501, 1.98692681346291, 9.57200841884628], "abc": [0.666667, 0.666667, 0.37414476], "species": [{"occu": 1, "element": "Ag"}], "properties": {"magmom": 0.0}}, {"label": "Se", "xyz": [3.44145840739501, 1.98692681346291, 12.286054272416129], "abc": [0.666667, 0.666667, 0.48022971000000003], "species": [{"occu": 1, "element": "Se"}], "properties": {"magmom": 0.0}}, {"label": "Se", "xyz": [1.72072662260499, 0.993461916537089, 15.44588054470215], "abc": [0.333333, 0.333333, 0.60373905], "species": [{"occu": 1, "element": "Se"}], "properties": {"magmom": -0.0}}], "@class": "Structure", "@module": "pymatgen.core.structure"}