{"lattice": {"a": 3.8980538300000003, "c": 22.485034, "b": 3.8980538300000003, "matrix": [[3.8980538300000003, 0.0, 0.0], [0.0, 3.8980538300000003, 0.0], [0.0, 0.0, 22.485034]], "volume": 341.6561266545783, "beta": 90.0, "alpha": 90.0, "gamma": 90.0}, "sites": [{"label": "Ga", "xyz": [0.0, 0.0, 7.7235428481497], "abc": [0.0, -0.0, 0.34349705], "species": [{"occu": 1, "element": "Ga"}], "properties": {"magmom": 0.0}}, {"label": "Cl", "xyz": [0.0, 0.0, 5.5418177506263], "abc": [-0.0, 0.0, 0.24646695000000002], "species": [{"occu": 1, "element": "Cl"}], "properties": {"magmom": 0.0}}], "@class": "Structure", "@module": "pymatgen.core.structure"}