{"lattice": {"a": 6.08220971, "c": 20.0, "b": 6.082209366086046, "matrix": [[6.08220971, 0.0, 0.0], [-3.04110486, 5.26734772, 0.0], [0.0, -0.0, 20.0]], "volume": 640.7422689706073, "beta": 90.0, "alpha": 90.0, "gamma": 120.00000192485636}, "sites": [{"label": "Cd", "xyz": [-1.521232909289394, 4.389849307241942, 5.778560000000001], "abc": [0.16659208, 0.83340792, 0.28892799999999996], "species": [{"occu": 1, "element": "Cd"}], "properties": {"magmom": 0.0}}, {"label": "Cd", "xyz": [-3.042770780650063e-06, 1.755002092863835, 5.778560000000001], "abc": [0.16659208, 0.33318516, 0.28892799999999996], "species": [{"occu": 1, "element": "Cd"}], "properties": {"magmom": -0.0}}, {"label": "Cd", "xyz": [1.521226818745605, 4.389849307241942, 5.778560000000001], "abc": [0.66681484, 0.83340792, 0.28892799999999996], "species": [{"occu": 1, "element": "Cd"}], "properties": {"magmom": -0.0}}, {"label": "Bi", "xyz": [3.04110789443819, 1.7557808175507592, 5.778560000000001], "abc": [0.666667, 0.333333, 0.28892799999999996], "species": [{"occu": 1, "element": "Bi"}], "properties": {"magmom": -0.0}}], "@class": "Structure", "@module": "pymatgen.core.structure"}