{"lattice": {"a": 2.8699969999999997, "c": 23.73272, "b": 2.869996480852197, "matrix": [[2.8699969999999997, 0.0, 0.0], [-1.434998, 2.48549, 0.0], [0.0, 0.0, 23.73272]], "volume": 169.2937707658213, "beta": 90.0, "alpha": 90.0, "gamma": 119.99999445767189}, "sites": [{"label": "C", "xyz": [0.0, 0.0, 8.358758914880001], "abc": [0.0, 0.0, 0.35220399999999996], "species": [{"occu": 1, "element": "C"}], "properties": {"magmom": -0.0}}, {"label": "F", "xyz": [1.435000101665, 0.828495838169999, 7.27856416408], "abc": [0.666667, 0.333333, 0.306689], "species": [{"occu": 1, "element": "F"}], "properties": {"magmom": 0.0}}, {"label": "F", "xyz": [-1.101664999948329e-06, 1.65699416183, 9.43859767488], "abc": [0.333333, 0.666667, 0.397704], "species": [{"occu": 1, "element": "F"}], "properties": {"magmom": -0.0}}], "@class": "Structure", "@module": "pymatgen.core.structure"}