{"lattice": {"a": 3.24021768, "c": 22.61712, "b": 3.24021768, "matrix": [[3.24021768, 0.0, -0.0], [0.0, 3.24021768, -0.0], [0.0, 0.0, 22.61712]], "volume": 237.4573829332396, "beta": 90.0, "alpha": 90.0, "gamma": 90.0}, "sites": [{"label": "Zr", "xyz": [1.6201088399999999, 1.6201088399999999, 0.0], "abc": [0.5, 0.5, -0.0], "species": [{"occu": 1, "element": "Zr"}], "properties": {"magmom": -0.0}}, {"label": "S", "xyz": [0.0, 0.0, 21.1321742141904], "abc": [0.0, 0.0, 0.93434417], "species": [{"occu": 1, "element": "S"}], "properties": {"magmom": -0.0}}, {"label": "S", "xyz": [0.0, 0.0, 1.4849457858096], "abc": [-0.0, -0.0, 0.06565583], "species": [{"occu": 1, "element": "S"}], "properties": {"magmom": -0.0}}], "@class": "Structure", "@module": "pymatgen.core.structure"}