{"lattice": {"a": 4.60074429, "c": 24.623946, "b": 4.60074357609808, "matrix": [[4.60074429, -0.0, 0.0], [-2.30037214, 3.98436061, 0.0], [0.0, 0.0, 24.623946]], "volume": 451.3821531221617, "beta": 90.0, "alpha": 90.0, "gamma": 120.00000506111422}, "sites": [{"label": "As", "xyz": [0.0, 0.0, 7.028043547589999], "abc": [0.0, -0.0, 0.285415], "species": [{"occu": 1, "element": "As"}], "properties": {"magmom": 0.0}}, {"label": "Cl", "xyz": [2.3003744470388092, 1.328118875213129, 7.028043547589999], "abc": [0.666667, 0.333333, 0.285415], "species": [{"occu": 1, "element": "Cl"}], "properties": {"magmom": -0.0}}, {"label": "Cl", "xyz": [0.0, 0.0, 9.33953915914956], "abc": [0.0, -0.0, 0.37928686], "species": [{"occu": 1, "element": "Cl"}], "properties": {"magmom": -0.0}}, {"label": "Cl", "xyz": [0.0, 0.0, 4.71654793603044], "abc": [0.0, -0.0, 0.19154314], "species": [{"occu": 1, "element": "Cl"}], "properties": {"magmom": -0.0}}], "@class": "Structure", "@module": "pymatgen.core.structure"}