{"lattice": {"a": 4.63859914, "c": 22.957399, "b": 4.69809485, "matrix": [[4.63859914, 0.0, 0.0], [0.0, 4.69809485, 0.0], [0.0, 0.0, 22.957399]], "volume": 500.30092516300107, "beta": 90.0, "alpha": 90.0, "gamma": 90.0}, "sites": [{"label": "Ca", "xyz": [2.31929957, 0.0, 10.34701635288692], "abc": [0.5, 0.0, 0.45070508000000004], "species": [{"occu": 1, "element": "Ca"}], "properties": {"magmom": 0.026000000000000002}}, {"label": "Ca", "xyz": [0.0, 2.349047425, 7.40499766301014], "abc": [-0.0, 0.5, 0.32255386], "species": [{"occu": 1, "element": "Ca"}], "properties": {"magmom": 0.039}}, {"label": "As", "xyz": [0.0, 0.0, 8.85611625830695], "abc": [0.0, 0.0, 0.38576305], "species": [{"occu": 1, "element": "As"}], "properties": {"magmom": 0.025}}], "@class": "Structure", "@module": "pymatgen.core.structure"}