{"lattice": {"a": 4.948669, "c": 20.0, "b": 4.948670922363903, "matrix": [[4.948669, 0.0, 0.0], [-2.474335, 4.285675, 0.0], [0.0, 0.0, 20.0]], "volume": 424.1677403315, "beta": 90.0, "alpha": 90.0, "gamma": 119.99999383439477}, "sites": [{"label": "In", "xyz": [-2.807668000116204e-06, 2.857118095225, 7.70726], "abc": [0.333333, 0.666667, 0.38536299999999996], "species": [{"occu": 1, "element": "In"}], "properties": {"magmom": 0.0}}, {"label": "Bi", "xyz": [0.0, 0.0, 7.70726], "abc": [0.0, 0.0, 0.38536299999999996], "species": [{"occu": 1, "element": "Bi"}], "properties": {"magmom": -0.0}}], "@class": "Structure", "@module": "pymatgen.core.structure"}