{"lattice": {"a": 3.3615316200001892, "c": 21.950498000000966, "b": 3.361530911715744, "matrix": [[3.36153162, 6.8e-07, -9e-07], [-1.68076472, 2.91117159, 8.199999999999999e-07], [-5.87e-06, 2.82e-06, 21.950498]], "volume": 214.80749646845263, "beta": 90.00003066212139, "alpha": 89.9999719877819, "gamma": 119.99997392703652}, "sites": [{"label": "Hf", "xyz": [-3.36047066e-08, 1.164417943999999e-07, -3.9510896376200004e-05], "abc": [1e-08, 4e-08, -1.8e-06], "species": [{"occu": 1, "element": "Hf"}], "properties": {"magmom": -0.0}}, {"label": "Bi", "xyz": [1.6807599702939782, 0.970394022274173, 19.424807082949712], "abc": [0.66666646, 0.33333352, 0.88493698], "species": [{"occu": 1, "element": "Bi"}], "properties": {"magmom": 0.0}}, {"label": "Bi", "xyz": [1.093310728456335e-06, 1.9407809512840322, 2.525730347946663], "abc": [0.33333353, 0.66666644, 0.11506482], "species": [{"occu": 1, "element": "Bi"}], "properties": {"magmom": -0.0}}], "@class": "Structure", "@module": "pymatgen.core.structure"}