{"lattice": {"a": 4.893662, "c": 24.159589, "b": 4.893661472127593, "matrix": [[4.893662, 0.0, 0.0], [-2.446831, 4.238035, 0.0], [0.0, 0.0, 24.159589]], "volume": 501.0580578145943, "beta": 90.0, "alpha": 90.0, "gamma": 120.00000356826459}, "sites": [{"label": "Ba", "xyz": [0.0, 0.0, 18.186130619750003], "abc": [0.0, 0.0, 0.75275], "species": [{"occu": 1, "element": "Ba"}], "properties": {"magmom": -0.0}}, {"label": "Ba", "xyz": [0.0, 0.0, 14.299505058553], "abc": [0.0, 0.0, 0.591877], "species": [{"occu": 1, "element": "Ba"}], "properties": {"magmom": -0.0}}, {"label": "Au", "xyz": [-2.4468310001213627e-06, 2.825358079345, 16.242805759357], "abc": [0.333333, 0.666667, 0.6723129999999999], "species": [{"occu": 1, "element": "Au"}], "properties": {"magmom": 0.0}}, {"label": "Au", "xyz": [2.446833446831, 1.412676920655, 16.242805759357], "abc": [0.666667, 0.333333, 0.6723129999999999], "species": [{"occu": 1, "element": "Au"}], "properties": {"magmom": 0.0}}], "@class": "Structure", "@module": "pymatgen.core.structure"}