{"lattice": {"a": 3.945952, "c": 23.73272, "b": 3.945952282225547, "matrix": [[3.945952, 0.0, 0.0], [-1.972976, 3.417295, 0.0], [0.0, 0.0, 23.73272]], "volume": 320.0234365965516, "beta": 90.0, "alpha": 90.0, "gamma": 119.99999763404493}, "sites": [{"label": "Pb", "xyz": [0.0, 0.0, 8.362223892], "abc": [0.0, 0.0, 0.35235000000000005], "species": [{"occu": 1, "element": "Pb"}], "properties": {"magmom": -0.0}}, {"label": "F", "xyz": [1.972977972976, 1.139097194235, 7.33457338328], "abc": [0.666667, 0.333333, 0.30904899999999996], "species": [{"occu": 1, "element": "F"}], "properties": {"magmom": -0.0}}, {"label": "F", "xyz": [-1.972976000106111e-06, 2.278197805765, 9.37912347856], "abc": [0.333333, 0.666667, 0.395198], "species": [{"occu": 1, "element": "F"}], "properties": {"magmom": 0.0}}], "@class": "Structure", "@module": "pymatgen.core.structure"}