{"lattice": {"a": 3.96236879, "c": 23.013137, "b": 3.962368672423233, "matrix": [[3.96236879, -1e-08, 0.0], [-1.9811834, 3.43151247, 0.0], [0.0, 0.0, 23.013137]], "volume": 312.9077342680465, "beta": 90.0, "alpha": 90.0, "gamma": 119.99998451272349}, "sites": [{"label": "Mg", "xyz": [-1.3178507300425858e-06, 2.28767612050416, 1.20009298050929], "abc": [0.333333, 0.666667, 0.05214817], "species": [{"occu": 1, "element": "Mg"}], "properties": {"magmom": 0.026000000000000002}}, {"label": "Mg", "xyz": [1.9811867078507301, 1.14383633949584, 21.81304401949071], "abc": [0.666667, 0.333333, 0.9478518300000001], "species": [{"occu": 1, "element": "Mg"}], "properties": {"magmom": 0.026000000000000002}}, {"label": "P", "xyz": [0.0, 0.0, 0.0], "abc": [0.0, 0.0, 0.0], "species": [{"occu": 1, "element": "P"}], "properties": {"magmom": 0.0}}], "@class": "Structure", "@module": "pymatgen.core.structure"}