{"lattice": {"a": 3.05982694, "c": 23.607919, "b": 3.059826514587544, "matrix": [[3.05982694, -0.0, 0.0], [-1.5299134699999999, 2.64988737, 0.0], [0.0, 0.0, 23.607919]], "volume": 191.41765240968903, "beta": 90.0, "alpha": 90.0, "gamma": 120.00000459912712}, "sites": [{"label": "W", "xyz": [0.0, 0.0, 11.8039595], "abc": [0.0, -0.0, 0.5], "species": [{"occu": 1, "element": "W"}], "properties": {"magmom": 0.436}}, {"label": "O", "xyz": [0.0, 0.0, 9.99424607282105], "abc": [-0.0, 0.0, 0.42334295], "species": [{"occu": 1, "element": "O"}], "properties": {"magmom": 0.336}}, {"label": "O", "xyz": [0.0, 0.0, 13.61367292717895], "abc": [0.0, -0.0, 0.57665705], "species": [{"occu": 1, "element": "O"}], "properties": {"magmom": 0.336}}], "@class": "Structure", "@module": "pymatgen.core.structure"}