{"lattice": {"a": 3.37169813, "c": 22.485215, "b": 3.37169876931891, "matrix": [[3.37169813, -3.0000000000000004e-08, 0.0], [1.68584952, 2.9199767100000003, 0.0], [0.0, 0.0, 22.485215]], "volume": 221.37323895909955, "beta": 90.0, "alpha": 90.0, "gamma": 59.9999978541426}, "sites": [{"label": "Sn", "xyz": [3.37170011918255, 1.94665209332556, 12.52936912365715], "abc": [0.666667, 0.666667, 0.55722701], "species": [{"occu": 1, "element": "Sn"}], "properties": {"magmom": 0.0}}, {"label": "Sn", "xyz": [1.6858475308174499, 0.9733245866744391, 9.95582339112785], "abc": [0.333333, 0.333333, 0.44277199], "species": [{"occu": 1, "element": "Sn"}], "properties": {"magmom": 0.0}}], "@class": "Structure", "@module": "pymatgen.core.structure"}