{"lattice": {"a": 3.714049, "c": 22.766075, "b": 3.714048070256495, "matrix": [[3.714049, 0.0, 0.0], [-1.857024, 3.21646, 0.0], [0.0, 0.0, 22.766075]], "volume": 271.96558195628313, "beta": 90.0, "alpha": 90.0, "gamma": 119.99999937424985}, "sites": [{"label": "Re", "xyz": [0.0, 0.0, 0.0], "abc": [0.0, 0.0, 0.0], "species": [{"occu": 1, "element": "Re"}], "properties": {"magmom": 0.914}}, {"label": "Br", "xyz": [-1.523691000086984e-06, 2.14430773882, 1.454957087175], "abc": [0.333333, 0.666667, 0.063909], "species": [{"occu": 1, "element": "Br"}], "properties": {"magmom": -0.0}}, {"label": "Br", "xyz": [1.8570265236910002, 1.07215226118, 21.311117912825], "abc": [0.666667, 0.333333, 0.936091], "species": [{"occu": 1, "element": "Br"}], "properties": {"magmom": -0.0}}], "@class": "Structure", "@module": "pymatgen.core.structure"}