{"lattice": {"a": 3.87449, "c": 23.73272, "b": 3.874491568061544, "matrix": [[3.87449, 0.0, 0.0], [-1.937246, 3.355408, 0.0], [0.0, 0.0, 23.73272]], "volume": 308.53710157145963, "beta": 90.0, "alpha": 90.0, "gamma": 120.00000368781534}, "sites": [{"label": "Sn", "xyz": [0.0, 0.0, 8.36006421448], "abc": [0.0, 0.0, 0.352259], "species": [{"occu": 1, "element": "Sn"}], "properties": {"magmom": -0.0}}, {"label": "F", "xyz": [1.937246603912, 1.118468214864, 7.3720948136], "abc": [0.666667, 0.333333, 0.31063], "species": [{"occu": 1, "element": "F"}], "properties": {"magmom": 0.0}}, {"label": "F", "xyz": [-2.603912000019183e-06, 2.2369397851360002, 9.34376172576], "abc": [0.333333, 0.666667, 0.393708], "species": [{"occu": 1, "element": "F"}], "properties": {"magmom": 0.0}}], "@class": "Structure", "@module": "pymatgen.core.structure"}