{"lattice": {"a": 3.70509148, "c": 22.423865, "b": 4.69018996, "matrix": [[3.70509148, 0.0, 0.0], [0.0, 4.69018996, 0.0], [0.0, 0.0, 22.423865]], "volume": 389.6725720874198, "beta": 90.0, "alpha": 90.0, "gamma": 90.0}, "sites": [{"label": "As", "xyz": [0.0, 4.368935492493599, 12.4217950939376], "abc": [0.0, 0.93150502, 0.55395424], "species": [{"occu": 1, "element": "As"}], "properties": {"magmom": 0.0}}, {"label": "As", "xyz": [0.0, 0.3212544675064, 10.0020699060624], "abc": [-0.0, 0.06849498, 0.44604576], "species": [{"occu": 1, "element": "As"}], "properties": {"magmom": 0.0}}, {"label": "As", "xyz": [1.85254574, 2.023840512493599, 10.0020699060624], "abc": [0.5, 0.43150502, 0.44604576], "species": [{"occu": 1, "element": "As"}], "properties": {"magmom": 0.0}}, {"label": "As", "xyz": [1.85254574, 2.6663494475064002, 12.4217950939376], "abc": [0.5, 0.56849498, 0.55395424], "species": [{"occu": 1, "element": "As"}], "properties": {"magmom": 0.0}}], "@class": "Structure", "@module": "pymatgen.core.structure"}