{"lattice": {"a": 3.479846, "c": 22.600363639092226, "b": 4.9692344422480215, "matrix": [[3.479846, 0.0, 0.0], [0.0, 4.960282, -0.29815], [0.0, 1.302131, 22.562821]], "volume": 390.80822945891265, "beta": 90.0, "alpha": 90.13681234256049, "gamma": 90.0}, "sites": [{"label": "Cu", "xyz": [1.739923, 2.480141, -0.14907499999999999], "abc": [0.5, 0.5, 0.0], "species": [{"occu": 1, "element": "Cu"}], "properties": {"magmom": -0.0}}, {"label": "Cu", "xyz": [0.0, 0.0, 0.0], "abc": [0.0, 0.0, 0.0], "species": [{"occu": 1, "element": "Cu"}], "properties": {"magmom": -0.0}}, {"label": "Se", "xyz": [0.0, 4.423274317402, 20.928406116157998], "abc": [0.0, 0.646002, 0.936098], "species": [{"occu": 1, "element": "Se"}], "properties": {"magmom": -0.0}}, {"label": "Se", "xyz": [0.0, 1.839138682598, 1.336264883842], "abc": [0.0, 0.353998, 0.063902], "species": [{"occu": 1, "element": "Se"}], "properties": {"magmom": -0.0}}], "@class": "Structure", "@module": "pymatgen.core.structure"}