{"lattice": {"a": 4.03561223, "c": 23.396832, "b": 4.03561223, "matrix": [[4.03561223, 0.0, 0.0], [0.0, 4.03561223, 0.0], [0.0, 0.0, 23.396832]], "volume": 381.0446914855457, "beta": 90.0, "alpha": 90.0, "gamma": 90.0}, "sites": [{"label": "Cu", "xyz": [2.017806115, 2.017806115, 11.698416], "abc": [0.5, 0.5, 0.5], "species": [{"occu": 1, "element": "Cu"}], "properties": {"magmom": 0.0}}, {"label": "Cu", "xyz": [0.0, 0.0, 11.698416], "abc": [0.0, -0.0, 0.5], "species": [{"occu": 1, "element": "Cu"}], "properties": {"magmom": 0.0}}, {"label": "I", "xyz": [0.0, 2.017806115, 9.93119455299168], "abc": [0.0, 0.5, 0.42446749], "species": [{"occu": 1, "element": "I"}], "properties": {"magmom": 0.0}}, {"label": "I", "xyz": [2.017806115, 0.0, 13.465637447008321], "abc": [0.5, -0.0, 0.57553251], "species": [{"occu": 1, "element": "I"}], "properties": {"magmom": 0.0}}], "@class": "Structure", "@module": "pymatgen.core.structure"}