{"lattice": {"a": 3.97780215, "c": 22.592014, "b": 3.97780215, "matrix": [[3.97780215, 0.0, -0.0], [0.0, 3.97780215, 0.0], [0.0, -0.0, 22.592014]], "volume": 357.47140298789134, "beta": 90.0, "alpha": 90.0, "gamma": 90.0}, "sites": [{"label": "Sm", "xyz": [0.0, 0.0, 0.0], "abc": [-0.0, -0.0, -0.0], "species": [{"occu": 1, "element": "Sm"}], "properties": {"magmom": 0.002}}, {"label": "Si", "xyz": [1.988901075, 1.988901075, 1.14435870722536], "abc": [0.5, 0.5, 0.05065324], "species": [{"occu": 1, "element": "Si"}], "properties": {"magmom": -0.009000000000000001}}, {"label": "Si", "xyz": [1.988901075, 1.988901075, 21.447655292774638], "abc": [0.5, 0.5, 0.9493467600000001], "species": [{"occu": 1, "element": "Si"}], "properties": {"magmom": -0.009000000000000001}}], "@class": "Structure", "@module": "pymatgen.core.structure"}