{"lattice": {"a": 4.56492479, "c": 22.300729, "b": 4.564925337854528, "matrix": [[4.56492479, -0.0, 0.0], [-2.28246239, 3.95334147, 0.0], [0.0, 0.0, 22.300729]], "volume": 402.45471054718206, "beta": 90.0, "alpha": 90.0, "gamma": 119.99999595750697}, "sites": [{"label": "Na", "xyz": [0.0, 0.0, 11.1503645], "abc": [-0.0, 0.0, 0.5], "species": [{"occu": 1, "element": "Na"}], "properties": {"magmom": 0.017}}, {"label": "N", "xyz": [2.28246467912906, 1.3177791722195091, 11.71621762246375], "abc": [0.666667, 0.333333, 0.52537375], "species": [{"occu": 1, "element": "N"}], "properties": {"magmom": 0.009000000000000001}}, {"label": "N", "xyz": [2.28246467912906, 1.3177791722195091, 10.58451137753625], "abc": [0.666667, 0.333333, 0.47462625], "species": [{"occu": 1, "element": "N"}], "properties": {"magmom": 0.009000000000000001}}, {"label": "N", "xyz": [-2.279129060025976e-06, 2.6355622977804902, 11.1503645], "abc": [0.333333, 0.666667, 0.5], "species": [{"occu": 1, "element": "N"}], "properties": {"magmom": 1.299}}], "@class": "Structure", "@module": "pymatgen.core.structure"}