{"lattice": {"a": 3.05835553, "c": 22.225044, "b": 4.49915253, "matrix": [[3.05835553, 0.0, 0.0], [0.0, 4.49915253, 0.0], [0.0, 0.0, 22.225044]], "volume": 305.81678369460946, "beta": 90.0, "alpha": 90.0, "gamma": 90.0}, "sites": [{"label": "C", "xyz": [0.0, 0.0, 11.734135366888202], "abc": [-0.0, 0.0, 0.52796905], "species": [{"occu": 1, "element": "C"}], "properties": {"magmom": -0.0}}, {"label": "C", "xyz": [1.529177765, 2.249576265, 12.4790277190878], "abc": [0.5, 0.5, 0.56148495], "species": [{"occu": 1, "element": "C"}], "properties": {"magmom": -0.0}}, {"label": "Se", "xyz": [1.529177765, 0.0, 13.011904041798962], "abc": [0.5, 0.0, 0.58546134], "species": [{"occu": 1, "element": "Se"}], "properties": {"magmom": -0.0}}, {"label": "Se", "xyz": [0.0, 2.249576265, 11.201236819133038], "abc": [-0.0, 0.5, 0.5039916600000001], "species": [{"occu": 1, "element": "Se"}], "properties": {"magmom": -0.0}}], "@class": "Structure", "@module": "pymatgen.core.structure"}