{"lattice": {"a": 6.37098905, "c": 20.0, "b": 6.371037312231411, "matrix": [[6.37098905, 0.0, 0.0], [-3.18549453, 5.51749409, 0.0], [0.0, 0.0, 20.0]], "volume": 703.0378886165943, "beta": 90.0, "alpha": 90.0, "gamma": 119.9997494648244}, "sites": [{"label": "Eu", "xyz": [-3.518826558535395e-08, 3.678315066240346, 10.0], "abc": [0.33333203, 0.66666407, 0.5], "species": [{"occu": 1, "element": "Eu"}], "properties": {"magmom": 6.829}}, {"label": "Ge", "xyz": [5.129704692576175, 0.716762484123152, 10.0], "abc": [0.8701197700000001, 0.12990725, 0.5], "species": [{"occu": 1, "element": "Ge"}], "properties": {"magmom": -0.011}}, {"label": "Ge", "xyz": [3.185494553153728, 4.084288750186329, 10.0], "abc": [0.87012172, 0.74024343, 0.5], "species": [{"occu": 1, "element": "Ge"}], "properties": {"magmom": -0.012}}, {"label": "Ge", "xyz": [1.241284356124751, 0.716762484123152, 10.0], "abc": [0.25978748, 0.12990725, 0.5], "species": [{"occu": 1, "element": "Ge"}], "properties": {"magmom": -0.014}}], "@class": "Structure", "@module": "pymatgen.core.structure"}