{"lattice": {"a": 4.26630396, "c": 20.769747, "b": 4.266303209368777, "matrix": [[4.26630396, -1e-08, 0.0], [-2.1331515, 3.69472702, 0.0], [0.0, 0.0, 20.769747]], "volume": 327.38995984997484, "beta": 90.0, "alpha": 90.0, "gamma": 119.9999985109109}, "sites": [{"label": "Si", "xyz": [2.13315427315182, 1.23157443509099, 5.76893867122707], "abc": [0.666667, 0.333333, 0.27775681], "species": [{"occu": 1, "element": "Si"}], "properties": {"magmom": 0.0}}, {"label": "Sn", "xyz": [0.0, 0.0, 6.502637876505929], "abc": [0.0, -0.0, 0.31308219], "species": [{"occu": 1, "element": "Sn"}], "properties": {"magmom": 0.0}}], "@class": "Structure", "@module": "pymatgen.core.structure"}