{"lattice": {"a": 3.17317304, "c": 26.632396, "b": 3.17317304, "matrix": [[3.17317304, 0.0, 0.0], [0.0, 3.17317304, 0.0], [0.0, 0.0, 26.632396]], "volume": 268.1623181747088, "beta": 90.0, "alpha": 90.0, "gamma": 90.0}, "sites": [{"label": "Hf", "xyz": [0.0, 1.58658652, 10.14326414314052], "abc": [0.0, 0.5, 0.38086187], "species": [{"occu": 1, "element": "Hf"}], "properties": {"magmom": -0.001}}, {"label": "Hf", "xyz": [1.58658652, 0.0, 8.071323923555479], "abc": [0.5, 0.0, 0.30306413], "species": [{"occu": 1, "element": "Hf"}], "properties": {"magmom": -0.001}}, {"label": "Hg", "xyz": [0.0, 1.58658652, 5.9733388186262], "abc": [0.0, 0.5, 0.22428845], "species": [{"occu": 1, "element": "Hg"}], "properties": {"magmom": -0.0}}, {"label": "Hg", "xyz": [1.58658652, 0.0, 12.241222615673799], "abc": [0.5, 0.0, 0.45963655000000003], "species": [{"occu": 1, "element": "Hg"}], "properties": {"magmom": -0.0}}], "@class": "Structure", "@module": "pymatgen.core.structure"}