{"lattice": {"a": 3.562800756091415, "c": 23.66238, "b": 3.562800970907633, "matrix": [[3.5541427199999998, 0.24823125000000001, 0.0], [-0.47541179, 3.53093959, 0.0], [0.0, 0.0, 23.66238]], "volume": 299.74261422363617, "beta": 90.0, "alpha": 90.0, "gamma": 93.67307707509528}, "sites": [{"label": "Fe", "xyz": [-0.23770589500000003, 1.765469795, 11.83119], "abc": [-0.0, 0.5, 0.5], "species": [{"occu": 1, "element": "Fe"}], "properties": {"magmom": 2.581}}, {"label": "Fe", "xyz": [1.7770713599999999, 0.12411562500000001, 11.83119], "abc": [0.5, -0.0, 0.5], "species": [{"occu": 1, "element": "Fe"}], "properties": {"magmom": 2.581}}, {"label": "Se", "xyz": [2.3090481975, 2.83437813, 9.906958396309799], "abc": [0.75, 0.75, 0.41867971], "species": [{"occu": 1, "element": "Se"}], "properties": {"magmom": 0.225}}, {"label": "Se", "xyz": [0.7696827325000001, 0.94479271, 13.755421603690198], "abc": [0.25, 0.25, 0.58132029], "species": [{"occu": 1, "element": "Se"}], "properties": {"magmom": 0.225}}], "@class": "Structure", "@module": "pymatgen.core.structure"}