{"lattice": {"a": 3.92226068, "c": 22.166363, "b": 5.95462898, "matrix": [[3.92226068, 0.0, 0.0], [0.0, 5.95462898, 0.0], [0.0, 0.0, 22.166363]], "volume": 517.7088653353492, "beta": 90.0, "alpha": 90.0, "gamma": 90.0}, "sites": [{"label": "Pb", "xyz": [1.96113034, 4.327161116088208, 10.008368029338131], "abc": [0.5, 0.72668862, 0.45151151], "species": [{"occu": 1, "element": "Pb"}], "properties": {"magmom": 0.0}}, {"label": "Pb", "xyz": [0.0, 1.349846626088207, 12.15799497066187], "abc": [-0.0, 0.22668862, 0.54848849], "species": [{"occu": 1, "element": "Pb"}], "properties": {"magmom": 0.0}}, {"label": "S", "xyz": [0.0, 4.253197240416672, 11.84986457020784], "abc": [0.0, 0.71426738, 0.53458768], "species": [{"occu": 1, "element": "S"}], "properties": {"magmom": -0.0}}, {"label": "S", "xyz": [1.96113034, 1.275882750416672, 10.31649842979216], "abc": [0.5, 0.21426738, 0.46541232], "species": [{"occu": 1, "element": "S"}], "properties": {"magmom": -0.0}}], "@class": "Structure", "@module": "pymatgen.core.structure"}