{"lattice": {"a": 3.157813, "c": 23.451494, "b": 3.157812508897892, "matrix": [[3.157813, 0.0, 0.0], [-1.578906, 2.734746, 0.0], [0.0, 0.0, 23.451494]], "volume": 202.522798142985, "beta": 90.0, "alpha": 90.0, "gamma": 119.99999466902919}, "sites": [{"label": "Zn", "xyz": [0.0, 0.0, 6.789887606325999], "abc": [0.0, 0.0, 0.289529], "species": [{"occu": 1, "element": "Zn"}], "properties": {"magmom": 0.0}}, {"label": "F", "xyz": [-1.245572999960717e-06, 1.823164911582, 7.778438432908], "abc": [0.333333, 0.666667, 0.331682], "species": [{"occu": 1, "element": "F"}], "properties": {"magmom": -0.0}}, {"label": "F", "xyz": [1.578908245573, 0.9115810884179991, 5.802696966396], "abc": [0.666667, 0.333333, 0.247434], "species": [{"occu": 1, "element": "F"}], "properties": {"magmom": -0.0}}], "@class": "Structure", "@module": "pymatgen.core.structure"}