{"lattice": {"a": 3.98538925, "c": 22.858091, "b": 3.985391116949515, "matrix": [[3.98538925, -0.0, -0.0], [-1.99269563, 3.45144991, 0.0], [-0.0, -0.0, 22.858091]], "volume": 314.42153047373796, "beta": 90.0, "alpha": 90.0, "gamma": 120.00000118735448}, "sites": [{"label": "Ir", "xyz": [0.0, 0.0, 0.0], "abc": [-0.0, 0.0, -0.0], "species": [{"occu": 1, "element": "Ir"}], "properties": {"magmom": 0.01}}, {"label": "I", "xyz": [1.9926962826949601, 1.15048215285003, 21.364711798190672], "abc": [0.666667, 0.333333, 0.93466737], "species": [{"occu": 1, "element": "I"}], "properties": {"magmom": 0.002}}, {"label": "I", "xyz": [-2.662694960075272e-06, 2.3009677571499703, 1.4933792018093301], "abc": [0.333333, 0.666667, 0.06533263], "species": [{"occu": 1, "element": "I"}], "properties": {"magmom": 0.002}}], "@class": "Structure", "@module": "pymatgen.core.structure"}