{"lattice": {"a": 3.312898600000001, "c": 22.806944, "b": 3.385307659253297, "matrix": [[3.3128986, 9e-08, 0.0], [-1.65644973, 2.95236892, 0.0], [0.0, 0.0, 22.806944]], "volume": 223.07241600970056, "beta": 90.0, "alpha": 90.0, "gamma": 119.29494418496081}, "sites": [{"label": "Sn", "xyz": [-2.577638439944511e-08, 0.17697999379644203, 12.08317275558784], "abc": [0.02997254, 0.05994508, 0.52980236], "species": [{"occu": 1, "element": "Sn"}], "properties": {"magmom": 0.0}}, {"label": "Sn", "xyz": [1.656449289238983, 0.07388490881788301, 9.079208354529602], "abc": [0.51251281, 0.025025620000000002, 0.39808965], "species": [{"occu": 1, "element": "Sn"}], "properties": {"magmom": 0.0}}, {"label": "O", "xyz": [1.656450766035673, 1.193643732783923, 13.048034889882562], "abc": [0.70215065, 0.40430031, 0.57210799], "species": [{"occu": 1, "element": "O"}], "properties": {"magmom": 0.0}}], "@class": "Structure", "@module": "pymatgen.core.structure"}