{"lattice": {"a": 4.524274701120508, "c": 23.274055254613664, "b": 4.524274729567443, "matrix": [[4.52425793, 0.01229385, 0.0007844], [0.01275211, 4.52425669, 0.0007844], [0.00765057, 0.00764979, 23.27405274]], "volume": 476.3906531656597, "beta": 89.97118111407003, "alpha": 89.97118112669412, "gamma": 89.68281382168814}, "sites": [{"label": "Bi", "xyz": [0.016076912911328, 0.016075280820576, 17.35368774086617], "abc": [0.00228619, 0.00228619, 0.74562365], "species": [{"occu": 1, "element": "Bi"}], "properties": {"magmom": -0.001}}, {"label": "Bi", "xyz": [2.283770221969258, 2.283538921334873, 20.744443851621742], "abc": [0.50186167, 0.50186167, 0.8912782300000001], "species": [{"occu": 1, "element": "Bi"}], "properties": {"magmom": 0.001}}, {"label": "Te", "xyz": [0.018959280870758002, 0.018957356169606, 20.460991804783458], "abc": [0.00269636, 0.00269636, 0.87913299], "species": [{"occu": 1, "element": "Te"}], "properties": {"magmom": -0.0}}, {"label": "Te", "xyz": [2.279550830579589, 2.279319957966785, 17.63751706322369], "abc": [0.50115678, 0.50115678, 0.75778512], "species": [{"occu": 1, "element": "Te"}], "properties": {"magmom": 0.0}}], "@class": "Structure", "@module": "pymatgen.core.structure"}