{"lattice": {"a": 3.29647041, "c": 21.137996, "b": 3.296470677634055, "matrix": [[3.29647041, -3.0000000000000004e-08, 0.0], [1.6482356500000002, 2.85482717, 0.0], [0.0, 0.0, 21.137996]], "volume": 198.92658027898517, "beta": 90.0, "alpha": 90.0, "gamma": 59.99999427605197}, "sites": [{"label": "P", "xyz": [1.648233705097979, 0.95160809505762, 9.947606445387601], "abc": [0.333333, 0.333333, 0.4706031], "species": [{"occu": 1, "element": "P"}], "properties": {"magmom": 0.0}}, {"label": "P", "xyz": [0.0, 0.0, 11.1903895546124], "abc": [0.0, 0.0, 0.5293969], "species": [{"occu": 1, "element": "P"}], "properties": {"magmom": 0.0}}], "@class": "Structure", "@module": "pymatgen.core.structure"}