{"lattice": {"a": 3.6721919, "c": 21.231711, "b": 3.672191490394721, "matrix": [[3.6721919, 0.0, 0.0], [-1.83609595, 3.180211, 0.0], [0.0, 0.0, 21.231711]], "volume": 247.95124757986426, "beta": 90.0, "alpha": 90.0, "gamma": 120.00000368979502}, "sites": [{"label": "Pt", "xyz": [-1.836095950056608e-06, 2.120141726736999, 14.69133635499594], "abc": [0.333333, 0.666667, 0.6919525400000001], "species": [{"occu": 1, "element": "Pt"}], "properties": {"magmom": 0.169}}, {"label": "S", "xyz": [1.836097786095949, 1.060069273263, 15.49109074640706], "abc": [0.666667, 0.333333, 0.72962046], "species": [{"occu": 1, "element": "S"}], "properties": {"magmom": 0.065}}], "@class": "Structure", "@module": "pymatgen.core.structure"}