{"lattice": {"a": 3.50190201585988, "c": 22.789061, "b": 3.501902772795504, "matrix": [[3.50042854, 0.1015764, 0.0], [-0.6269212200000001, 3.44532913, 0.0], [0.0, 0.0, 22.789061]], "volume": 276.29021868196133, "beta": 90.0, "alpha": 90.0, "gamma": 98.65070054899783}, "sites": [{"label": "Sn", "xyz": [-0.5459211142165501, 3.379707280485677, 9.99732109188767], "abc": [0.01962521, 0.98037479, 0.43868947], "species": [{"occu": 1, "element": "Sn"}], "properties": {"magmom": -0.0}}, {"label": "Sn", "xyz": [0.9561005434688511, 2.16285159573637, 12.791810782092039], "abc": [0.38354437, 0.61645563, 0.5613136400000001], "species": [{"occu": 1, "element": "Sn"}], "properties": {"magmom": -0.0}}, {"label": "O", "xyz": [1.103691227733145, 2.043281706551281, 10.63533481028356], "abc": [0.41930356, 0.58069644, 0.46668596], "species": [{"occu": 1, "element": "O"}], "properties": {"magmom": -0.0}}, {"label": "O", "xyz": [3.435603806840474, 0.154093848502762, 12.15365531573673], "abc": [0.9842938600000001, 0.01570614, 0.53331093], "species": [{"occu": 1, "element": "O"}], "properties": {"magmom": -0.0}}], "@class": "Structure", "@module": "pymatgen.core.structure"}