{"lattice": {"a": 4.8907097, "c": 20.688228, "b": 4.922400851244992, "matrix": [[4.8907097, 0.0, 0.0], [-2.44535485, 4.27203345, 0.0], [0.0, 0.0, 20.688228]], "volume": 432.24484581724397, "beta": 90.0, "alpha": 90.0, "gamma": 119.78725528517356}, "sites": [{"label": "Pb", "xyz": [2.445354825546452, 2.856199242585418, 9.876600389244599], "abc": [0.83429036, 0.6685807300000001, 0.47740195], "species": [{"occu": 1, "element": "Pb"}], "properties": {"magmom": -0.0}}, {"label": "Pb", "xyz": [4.915163248475648e-06, 1.415834207414581, 10.8116276107554], "abc": [0.16571064, 0.33141927, 0.52259805], "species": [{"occu": 1, "element": "Pb"}], "properties": {"magmom": -0.0}}], "@class": "Structure", "@module": "pymatgen.core.structure"}