{"lattice": {"a": 2.60038023, "c": 23.529845, "b": 2.600380181875106, "matrix": [[2.60038023, -1e-08, -0.0], [-1.30019064, 2.25199498, 0.0], [-0.0, 0.0, 23.529845]], "volume": 137.79178906929326, "beta": 90.0, "alpha": 90.0, "gamma": 120.00001418970952}, "sites": [{"label": "Be", "xyz": [0.0, 0.0, 0.0], "abc": [-0.0, -0.0, 0.0], "species": [{"occu": 1, "element": "Be"}], "properties": {"magmom": -0.0}}, {"label": "F", "xyz": [1.30019124019029, 0.75066423600167, 0.9026542668745001], "abc": [0.666667, 0.333333, 0.038362099999999996], "species": [{"occu": 1, "element": "F"}], "properties": {"magmom": 0.0}}, {"label": "F", "xyz": [-1.6501902901169249e-06, 1.50133073399833, 22.627190733125502], "abc": [0.333333, 0.666667, 0.9616378999999999], "species": [{"occu": 1, "element": "F"}], "properties": {"magmom": 0.0}}], "@class": "Structure", "@module": "pymatgen.core.structure"}