{"lattice": {"a": 3.25428207, "c": 23.842566, "b": 3.254282194199337, "matrix": [[3.25428207, -0.0, 0.0], [-1.62714103, 2.8182910899999998, -0.0], [0.0, 0.0, 23.842566]], "volume": 218.67243173285001, "beta": 90.0, "alpha": 90.0, "gamma": 119.99999863586561}, "sites": [{"label": "Tm", "xyz": [0.0, 0.0, 0.0], "abc": [0.0, 0.0, 0.0], "species": [{"occu": 1, "element": "Tm"}], "properties": {"magmom": 0.176}}, {"label": "F", "xyz": [1.6271426638077, 0.93942942390297, 1.3352490246308402], "abc": [0.666667, 0.333333, 0.05600274], "species": [{"occu": 1, "element": "F"}], "properties": {"magmom": 0.014}}, {"label": "F", "xyz": [-1.623807699975866e-06, 1.87886166609703, 22.50731697536916], "abc": [0.333333, 0.666667, 0.9439972600000001], "species": [{"occu": 1, "element": "F"}], "properties": {"magmom": 0.014}}], "@class": "Structure", "@module": "pymatgen.core.structure"}