{"lattice": {"a": 4.09764, "c": 22.803068, "b": 4.097640575419104, "matrix": [[4.09764, 0.0, 0.0], [-2.04882, 3.548661, 0.0], [0.0, 0.0, 22.803068]], "volume": 331.5824961318898, "beta": 90.0, "alpha": 90.0, "gamma": 119.9999953547145}, "sites": [{"label": "Pt", "xyz": [0.0, 0.0, 0.0], "abc": [0.0, 0.0, 0.0], "species": [{"occu": 1, "element": "Pt"}], "properties": {"magmom": 0.375}}, {"label": "I", "xyz": [-2.0488200000863668e-06, 2.365775182887, 1.5526152939840001], "abc": [0.333333, 0.666667, 0.068088], "species": [{"occu": 1, "element": "I"}], "properties": {"magmom": 0.115}}, {"label": "I", "xyz": [2.04882204882, 1.1828858171130001, 21.250452706016], "abc": [0.666667, 0.333333, 0.931912], "species": [{"occu": 1, "element": "I"}], "properties": {"magmom": 0.115}}], "@class": "Structure", "@module": "pymatgen.core.structure"}