{"lattice": {"a": 3.09778579, "c": 26.60755, "b": 3.09778579, "matrix": [[3.09778579, 0.0, 0.0], [0.0, 3.09778579, 0.0], [0.0, 0.0, 26.60755]], "volume": 255.33341478915506, "beta": 90.0, "alpha": 90.0, "gamma": 90.0}, "sites": [{"label": "Hf", "xyz": [1.548892895, 0.0, 14.3921645489395], "abc": [0.5, -0.0, 0.54090529], "species": [{"occu": 1, "element": "Hf"}], "properties": {"magmom": 0.006}}, {"label": "Hf", "xyz": [0.0, 1.548892895, 12.2153854510605], "abc": [0.0, 0.5, 0.45909471], "species": [{"occu": 1, "element": "Hf"}], "properties": {"magmom": 0.007}}, {"label": "Cd", "xyz": [1.548892895, 0.0, 10.020906744846], "abc": [0.5, 0.0, 0.37661892], "species": [{"occu": 1, "element": "Cd"}], "properties": {"magmom": 0.0}}, {"label": "Cd", "xyz": [0.0, 1.548892895, 16.586643255154], "abc": [-0.0, 0.5, 0.62338108], "species": [{"occu": 1, "element": "Cd"}], "properties": {"magmom": 0.001}}], "@class": "Structure", "@module": "pymatgen.core.structure"}