{"lattice": {"a": 2.68861205, "c": 22.343883, "b": 2.76760895, "matrix": [[2.68861205, 0.0, 0.0], [0.0, 2.76760895, 0.0], [0.0, 0.0, 22.343883]], "volume": 166.26143160813456, "beta": 90.0, "alpha": 90.0, "gamma": 90.0}, "sites": [{"label": "Al", "xyz": [0.0, 2.0757067125, 12.41921793836589], "abc": [0.0, 0.75, 0.55582183], "species": [{"occu": 1, "element": "Al"}], "properties": {"magmom": 0.0}}, {"label": "Al", "xyz": [0.0, 0.6919022375, 9.92466506163411], "abc": [0.0, 0.25, 0.44417817], "species": [{"occu": 1, "element": "Al"}], "properties": {"magmom": -0.0}}], "@class": "Structure", "@module": "pymatgen.core.structure"}