{"lattice": {"a": 3.857007, "c": 22.670328, "b": 3.857006711397454, "matrix": [[3.857007, 0.0, 0.0], [-1.928503, 3.3402659999999997, 0.0], [0.0, 0.0, 22.670328]], "volume": 292.07156899017633, "beta": 90.0, "alpha": 90.0, "gamma": 119.9999938986786}, "sites": [{"label": "Te", "xyz": [-1.595170000048468e-06, 2.226845113422, 21.163952715384], "abc": [0.333333, 0.666667, 0.933553], "species": [{"occu": 1, "element": "Te"}], "properties": {"magmom": -0.0}}, {"label": "Te", "xyz": [1.9285055951699999, 1.113420886578, 1.506375284616], "abc": [0.666667, 0.333333, 0.06644699999999999], "species": [{"occu": 1, "element": "Te"}], "properties": {"magmom": -0.0}}, {"label": "Os", "xyz": [0.0, 0.0, 0.0], "abc": [0.0, 0.0, 0.0], "species": [{"occu": 1, "element": "Os"}], "properties": {"magmom": -0.001}}], "@class": "Structure", "@module": "pymatgen.core.structure"}