{"lattice": {"a": 3.100032110007685, "c": 20.76974700000304, "b": 3.100026256545464, "matrix": [[3.10003211, -6.84e-06, 9.3e-07], [-1.55002198, 2.68469638, -1.75e-06], [5.75e-06, -9.659999999999999e-06, 20.769747]], "volume": 172.85901047617384, "beta": 89.999966949337, "alpha": 90.00006335319723, "gamma": 120.00031532911676}, "sites": [{"label": "Si", "xyz": [1.550013236783558, 0.894895370567064, 6.136353870741303], "abc": [0.6666665900000001, 0.33333482000000003, 0.29544673], "species": [{"occu": 1, "element": "Si"}], "properties": {"magmom": -0.0}}, {"label": "C", "xyz": [5.790558721199999e-06, -7.7396395442e-06, 6.135222713659256], "abc": [4.0999999999999994e-07, -1.82e-06, 0.29539227], "species": [{"occu": 1, "element": "C"}], "properties": {"magmom": 0.0}}], "@class": "Structure", "@module": "pymatgen.core.structure"}