{"lattice": {"a": 5.77682454, "c": 20.0, "b": 5.776824189393642, "matrix": [[5.77682454, 0.0, 0.0], [-2.88841227, 5.0028764, 0.0], [0.0, 0.0, 20.0]], "volume": 578.0147831621371, "beta": 90.0, "alpha": 90.0, "gamma": 120.00000200767147}, "sites": [{"label": "Sn", "xyz": [1.44479216496546, 0.834151044511756, 4.84002], "abc": [0.33346859, 0.16673429, 0.242001], "species": [{"occu": 1, "element": "Sn"}], "properties": {"magmom": -0.023}}, {"label": "Sn", "xyz": [4.3320324328027855, 0.834151044511756, 4.84002], "abc": [0.83326571, 0.16673429, 0.242001], "species": [{"occu": 1, "element": "Sn"}], "properties": {"magmom": -0.049}}, {"label": "Sn", "xyz": [2.888412298884122, 3.334574260947724, 4.84002], "abc": [0.83326571, 0.66653141, 0.242001], "species": [{"occu": 1, "element": "Sn"}], "properties": {"magmom": -0.045}}, {"label": "Mo", "xyz": [-2.888412269973748e-06, 3.3352526009588, 4.84002], "abc": [0.333333, 0.666667, 0.242001], "species": [{"occu": 1, "element": "Mo"}], "properties": {"magmom": 1.476}}], "@class": "Structure", "@module": "pymatgen.core.structure"}