{"lattice": {"a": 3.47768853, "c": 22.058463, "b": 3.477690123234729, "matrix": [[3.47768853, 0.0, 0.0], [-1.73884576, 3.01176759, 0.0], [0.0, 0.0, 22.058463]], "volume": 231.040112115059, "beta": 90.0, "alpha": 90.0, "gamma": 120.00001328601019}, "sites": [{"label": "Rh", "xyz": [0.0, 0.0, 0.0], "abc": [0.0, -0.0, -0.0], "species": [{"occu": 1, "element": "Rh"}], "properties": {"magmom": 0.247}}, {"label": "S", "xyz": [-2.735511430116111e-06, 2.007846063922529, 20.77034846505276], "abc": [0.333333, 0.666667, 0.9416045200000001], "species": [{"occu": 1, "element": "S"}], "properties": {"magmom": 0.14100000000000001}}, {"label": "S", "xyz": [1.7388455055114291, 1.003921526077469, 1.28811453494724], "abc": [0.666667, 0.333333, 0.05839548], "species": [{"occu": 1, "element": "S"}], "properties": {"magmom": 0.14100000000000001}}], "@class": "Structure", "@module": "pymatgen.core.structure"}