{"lattice": {"a": 4.0039315, "c": 24.529209, "b": 4.00393227980037, "matrix": [[4.0039315, -1e-08, 0.0], [-2.00196626, 3.467507, 0.0], [0.0, 0.0, 24.529209]], "volume": 340.5552096909654, "beta": 90.0, "alpha": 90.0, "gamma": 120.00000212758287}, "sites": [{"label": "Th", "xyz": [2.00196758196592, 1.155834504164329, 12.2646045], "abc": [0.666667, 0.333333, 0.5], "species": [{"occu": 1, "element": "Th"}], "properties": {"magmom": 0.0}}, {"label": "I", "xyz": [0.0, 0.0, 14.518400960719351], "abc": [-0.0, 0.0, 0.59188215], "species": [{"occu": 1, "element": "I"}], "properties": {"magmom": -0.0}}, {"label": "I", "xyz": [0.0, 0.0, 10.01080803928065], "abc": [-0.0, 0.0, 0.40811785], "species": [{"occu": 1, "element": "I"}], "properties": {"magmom": -0.0}}], "@class": "Structure", "@module": "pymatgen.core.structure"}