{"lattice": {"a": 3.338963727822916, "c": 25.901725237237528, "b": 3.340083646421615, "matrix": [[3.32514668, -0.00800238, 0.30333858], [1.6626877100000002, 2.88114074, 0.30109198], [-0.03800863, -0.01986807, 25.90168973]], "volume": 248.53158546422748, "beta": 84.871571642825, "alpha": 84.90814038807872, "gamma": 59.87683851404241}, "sites": [{"label": "Ti", "xyz": [2.574179239838354, 0.520984639889693, 9.124079551396306], "abc": [0.68551452, 0.18508878, 0.34207837], "species": [{"occu": 1, "element": "Ti"}], "properties": {"magmom": -0.0}}, {"label": "Ti", "xyz": [2.384581246824375, 2.336956057193276, 11.293304632082865], "abc": [0.31448548, 0.81491122, 0.42285063], "species": [{"occu": 1, "element": "Ti"}], "properties": {"magmom": -0.0}}, {"label": "Br", "xyz": [1.068577719835781, 1.5762516435228422, 7.274366095820739], "abc": [0.04991421, 0.54912017, 0.27387748], "species": [{"occu": 1, "element": "Br"}], "properties": {"magmom": 0.0}}, {"label": "Br", "xyz": [3.890182766826949, 1.281689053560127, 13.143018087658433], "abc": [0.95008579, 0.45087983000000004, 0.49105152], "species": [{"occu": 1, "element": "Br"}], "properties": {"magmom": 0.0}}], "@class": "Structure", "@module": "pymatgen.core.structure"}