{"lattice": {"a": 2.75551024, "c": 20.816747, "b": 5.65049646, "matrix": [[2.75551024, 0.0, 0.0], [0.0, 5.65049646, 0.0], [0.0, 0.0, 20.816747]], "volume": 324.1167686219117, "beta": 90.0, "alpha": 90.0, "gamma": 90.0}, "sites": [{"label": "As", "xyz": [1.37775512, 2.274117903969634, 9.324472753648571], "abc": [0.5, 0.40246338, 0.44793131], "species": [{"occu": 1, "element": "As"}], "properties": {"magmom": 0.0}}, {"label": "As", "xyz": [1.37775512, 3.376378556030365, 11.49227424635143], "abc": [0.5, 0.59753662, 0.55206869], "species": [{"occu": 1, "element": "As"}], "properties": {"magmom": 0.0}}, {"label": "Au", "xyz": [1.37775512, 0.0, 10.4083735], "abc": [0.5, -0.0, 0.5], "species": [{"occu": 1, "element": "Au"}], "properties": {"magmom": 0.0}}], "@class": "Structure", "@module": "pymatgen.core.structure"}