{"lattice": {"a": 3.296502759936296, "c": 22.789061, "b": 3.2965033987313648, "matrix": [[3.2875719, 0.2424901, 0.0], [-0.44490943, 3.26634203, 0.0], [0.0, 0.0, 22.789061]], "volume": 247.17517844696118, "beta": 90.0, "alpha": 90.0, "gamma": 93.53806412947146}, "sites": [{"label": "Ge", "xyz": [-0.35674471245294903, 3.194915804992586, 10.15508953330006], "abc": [0.02362094, 0.97637906, 0.44561246], "species": [{"occu": 1, "element": "Ge"}], "properties": {"magmom": -0.0}}, {"label": "Ge", "xyz": [0.972467024009223, 2.118061262580235, 12.63277595255988], "abc": [0.37974107, 0.62025893, 0.55433508], "species": [{"occu": 1, "element": "Ge"}], "properties": {"magmom": 0.0}}, {"label": "O", "xyz": [1.145016313986739, 1.978271279084552, 10.688469101239331], "abc": [0.42597018000000003, 0.57402982, 0.46901753], "species": [{"occu": 1, "element": "O"}], "properties": {"magmom": -0.0}}, {"label": "O", "xyz": [3.203347712292284, 0.310723923570836, 12.101787185010119], "abc": [0.9774347999999999, 0.0225652, 0.53103492], "species": [{"occu": 1, "element": "O"}], "properties": {"magmom": -0.0}}], "@class": "Structure", "@module": "pymatgen.core.structure"}