{"lattice": {"a": 3.3254227, "c": 24.898708, "b": 3.441888579057893, "matrix": [[3.3254227, 0.0, 0.0], [-1.66271135, 3.01363368, 0.0], [0.0, 0.0, 24.898708]], "volume": 249.52503772426084, "beta": 90.0, "alpha": 90.0, "gamma": 118.88682817662811}, "sites": [{"label": "Tm", "xyz": [0.0, 0.0, 12.449354], "abc": [0.0, 0.0, 0.5], "species": [{"occu": 1, "element": "Tm"}], "properties": {"magmom": -0.0}}, {"label": "Sb", "xyz": [-0.8313556750000001, 1.50681684, 9.86871670289556], "abc": [0.0, 0.5, 0.39635457], "species": [{"occu": 1, "element": "Sb"}], "properties": {"magmom": 0.0}}, {"label": "Sb", "xyz": [0.8313556750000001, 1.50681684, 15.02999129710444], "abc": [0.5, 0.5, 0.60364543], "species": [{"occu": 1, "element": "Sb"}], "properties": {"magmom": 0.0}}], "@class": "Structure", "@module": "pymatgen.core.structure"}