{"lattice": {"a": 3.6440018001037613, "c": 23.59312, "b": 3.6826499585704022, "matrix": [[3.64400179, -0.00027136, 0.0], [0.00059811, 3.68264991, 0.0], [0.0, 0.0, 23.59312]], "volume": 316.60983268913975, "beta": 90.0, "alpha": 90.0, "gamma": 89.99496110218215}, "sites": [{"label": "V", "xyz": [0.0, 0.0, 11.79656], "abc": [-0.0, 0.0, 0.5], "species": [{"occu": 1, "element": "V"}], "properties": {"magmom": 1.181}}, {"label": "Br", "xyz": [3.643512971147503, 1.840803270300651, 13.591098241921602], "abc": [0.9997838, 0.49993201000000004, 0.57606193], "species": [{"occu": 1, "element": "Br"}], "properties": {"magmom": -0.05}}, {"label": "Br", "xyz": [0.001086928852496, 1.8415752796993492, 10.0020217580784], "abc": [0.0002162, 0.50006799, 0.42393807], "species": [{"occu": 1, "element": "Br"}], "properties": {"magmom": -0.05}}, {"label": "O", "xyz": [1.822000895, -0.00013568, 11.79656], "abc": [0.5, -0.0, 0.5], "species": [{"occu": 1, "element": "O"}], "properties": {"magmom": -0.125}}], "@class": "Structure", "@module": "pymatgen.core.structure"}