{"lattice": {"a": 4.29305784, "c": 23.013137, "b": 4.293058325531999, "matrix": [[4.29305784, 0.0, 0.0], [-2.14652892, 3.71789771, 0.0], [0.0, 0.0, 23.013137]], "volume": 367.31612960776863, "beta": 90.0, "alpha": 90.0, "gamma": 119.99999625878158}, "sites": [{"label": "Be", "xyz": [-2.1465289199832715e-06, 2.47859971263257, 23.01215295826188], "abc": [0.333333, 0.666667, 0.99995724], "species": [{"occu": 1, "element": "Be"}], "properties": {"magmom": -0.0}}, {"label": "Be", "xyz": [2.14653106652892, 1.239297997367429, 0.00098404173812], "abc": [0.666667, 0.333333, 4.2760000000000004e-05], "species": [{"occu": 1, "element": "Be"}], "properties": {"magmom": -0.0}}, {"label": "Sb", "xyz": [0.0, 0.0, 0.0], "abc": [0.0, 0.0, 0.0], "species": [{"occu": 1, "element": "Sb"}], "properties": {"magmom": -0.0}}], "@class": "Structure", "@module": "pymatgen.core.structure"}