{"lattice": {"a": 3.535692, "c": 23.801584, "b": 3.535692, "matrix": [[3.535692, 0.0, 0.0], [0.0, 3.535692, 0.0], [0.0, 0.0, 23.801584]], "volume": 297.54640823974665, "beta": 90.0, "alpha": 90.0, "gamma": 90.0}, "sites": [{"label": "Y", "xyz": [0.0, 0.0, 0.0], "abc": [0.0, 0.0, 0.0], "species": [{"occu": 1, "element": "Y"}], "properties": {"magmom": 0.0}}, {"label": "Br", "xyz": [1.767846, 1.767846, 22.100746608943997], "abc": [0.5, 0.5, 0.928541], "species": [{"occu": 1, "element": "Br"}], "properties": {"magmom": 0.0}}, {"label": "Br", "xyz": [1.767846, 1.767846, 1.700837391055999], "abc": [0.5, 0.5, 0.071459], "species": [{"occu": 1, "element": "Br"}], "properties": {"magmom": 0.0}}], "@class": "Structure", "@module": "pymatgen.core.structure"}