{"lattice": {"a": 6.28678468, "c": 20.0, "b": 6.286784289420103, "matrix": [[6.28678468, 0.0, 0.0], [-3.14339234, 5.44451479, -0.0], [0.0, 0.0, 20.0]], "volume": 684.5698434361084, "beta": 90.0, "alpha": 90.0, "gamma": 120.00000205514911}, "sites": [{"label": "Hg", "xyz": [-1.569104065808589, 4.535599106404623, 5.778560000000001], "abc": [0.16694154, 0.8330584600000001, 0.28892799999999996], "species": [{"occu": 1, "element": "Hg"}], "properties": {"magmom": 0.14100000000000001}}, {"label": "Hg", "xyz": [-3.174826263570614e-06, 1.817836866150691, 5.778560000000001], "abc": [0.16694154, 0.33388409, 0.28892799999999996], "species": [{"occu": 1, "element": "Hg"}], "properties": {"magmom": 0.11800000000000001}}, {"label": "Hg", "xyz": [1.5690977161560622, 4.535599106404623, 5.778560000000001], "abc": [0.66611591, 0.8330584600000001, 0.28892799999999996], "species": [{"occu": 1, "element": "Hg"}], "properties": {"magmom": 0.028}}, {"label": "N", "xyz": [3.14339548339234, 1.81483644849507, 5.778560000000001], "abc": [0.666667, 0.333333, 0.28892799999999996], "species": [{"occu": 1, "element": "N"}], "properties": {"magmom": 1.703}}], "@class": "Structure", "@module": "pymatgen.core.structure"}