{"lattice": {"a": 3.29676744, "c": 23.983674, "b": 3.29676744, "matrix": [[3.29676744, 0.0, 0.0], [0.0, 3.29676744, 0.0], [0.0, 0.0, 23.983674]], "volume": 260.6707712855742, "beta": 90.0, "alpha": 90.0, "gamma": 90.0}, "sites": [{"label": "Mg", "xyz": [1.64838372, 1.64838372, 17.146894365151983], "abc": [0.5, 0.5, 0.71494027], "species": [{"occu": 1, "element": "Mg"}], "properties": {"magmom": -0.0}}, {"label": "Mg", "xyz": [1.64838372, 1.64838372, 13.37839866937002], "abc": [0.5, 0.5, 0.55781273], "species": [{"occu": 1, "element": "Mg"}], "properties": {"magmom": -0.0}}, {"label": "Hg", "xyz": [0.0, 0.0, 15.262658509098], "abc": [0.0, 0.0, 0.636377], "species": [{"occu": 1, "element": "Hg"}], "properties": {"magmom": -0.0}}], "@class": "Structure", "@module": "pymatgen.core.structure"}