{"lattice": {"a": 3.8627927, "c": 22.999467, "b": 3.8627927, "matrix": [[3.8627927, 0.0, 0.0], [0.0, 3.8627927, 0.0], [-0.0, 0.0, 22.999467]], "volume": 343.17889821073845, "beta": 90.0, "alpha": 90.0, "gamma": 90.0}, "sites": [{"label": "Pt", "xyz": [1.93139635, 1.93139635, 0.0], "abc": [0.5, 0.5, 0.0], "species": [{"occu": 1, "element": "Pt"}], "properties": {"magmom": 0.13}}, {"label": "Pt", "xyz": [0.0, 0.0, 0.0], "abc": [-0.0, -0.0, -0.0], "species": [{"occu": 1, "element": "Pt"}], "properties": {"magmom": 0.13}}, {"label": "S", "xyz": [1.93139635, 0.0, 1.565693545913069], "abc": [0.5, 0.0, 0.06807521], "species": [{"occu": 1, "element": "S"}], "properties": {"magmom": 0.031}}, {"label": "S", "xyz": [0.0, 1.93139635, 21.43377345408693], "abc": [-0.0, 0.5, 0.9319247900000001], "species": [{"occu": 1, "element": "S"}], "properties": {"magmom": 0.031}}], "@class": "Structure", "@module": "pymatgen.core.structure"}