{"lattice": {"a": 3.468578, "c": 23.530221, "b": 3.468578, "matrix": [[3.468578, 0.0, 0.0], [0.0, 3.468578, 0.0], [0.0, 0.0, 23.530221]], "volume": 283.0928733976051, "beta": 90.0, "alpha": 90.0, "gamma": 90.0}, "sites": [{"label": "Cu", "xyz": [1.734289, 1.734289, 0.0], "abc": [0.5, 0.5, 0.0], "species": [{"occu": 1, "element": "Cu"}], "properties": {"magmom": 0.305}}, {"label": "Cl", "xyz": [1.734289, 0.0, 1.435249360116], "abc": [0.5, 0.0, 0.060995999999999995], "species": [{"occu": 1, "element": "Cl"}], "properties": {"magmom": 0.106}}, {"label": "Cl", "xyz": [0.0, 1.734289, 22.094948109663], "abc": [0.0, 0.5, 0.9390029999999999], "species": [{"occu": 1, "element": "Cl"}], "properties": {"magmom": 0.107}}], "@class": "Structure", "@module": "pymatgen.core.structure"}