{"lattice": {"a": 3.16046615, "c": 24.898708, "b": 3.425806554324507, "matrix": [[3.16046615, 0.0, 0.0], [-1.58023307, 3.03957464, 0.0], [0.0, 0.0, 24.898708]], "volume": 239.18876016414296, "beta": 90.0, "alpha": 90.0, "gamma": 117.46930132701402}, "sites": [{"label": "Tm", "xyz": [0.0, 0.0, 12.449354], "abc": [-0.0, 0.0, 0.5], "species": [{"occu": 1, "element": "Tm"}], "properties": {"magmom": -0.0}}, {"label": "As", "xyz": [-0.790116535, 1.51978732, 10.21050052065032], "abc": [0.0, 0.5, 0.41008154], "species": [{"occu": 1, "element": "As"}], "properties": {"magmom": -0.0}}, {"label": "As", "xyz": [0.79011654, 1.51978732, 14.68820747934968], "abc": [0.5, 0.5, 0.58991846], "species": [{"occu": 1, "element": "As"}], "properties": {"magmom": -0.0}}], "@class": "Structure", "@module": "pymatgen.core.structure"}