{"lattice": {"a": 4.342654, "c": 22.865869, "b": 4.342654, "matrix": [[4.342654, 0.0, 0.0], [0.0, 4.342654, 0.0], [0.0, 0.0, 22.865869]], "volume": 431.2192778187969, "beta": 90.0, "alpha": 90.0, "gamma": 90.0}, "sites": [{"label": "Hf", "xyz": [2.171327, 2.171327, 0.0], "abc": [0.5, 0.5, 0.0], "species": [{"occu": 1, "element": "Hf"}], "properties": {"magmom": -0.006}}, {"label": "Hf", "xyz": [0.0, 0.0, 0.0], "abc": [0.0, 0.0, 0.0], "species": [{"occu": 1, "element": "Hf"}], "properties": {"magmom": 0.006}}, {"label": "Se", "xyz": [0.0, 2.171327, 1.5458242078759992], "abc": [0.0, 0.5, 0.067604], "species": [{"occu": 1, "element": "Se"}], "properties": {"magmom": -0.001}}, {"label": "Se", "xyz": [2.171327, 0.0, 21.320044792124], "abc": [0.5, 0.0, 0.932396], "species": [{"occu": 1, "element": "Se"}], "properties": {"magmom": 0.001}}], "@class": "Structure", "@module": "pymatgen.core.structure"}