{"lattice": {"a": 4.76641918, "c": 20.195505, "b": 4.766419002494763, "matrix": [[4.76641918, -0.0, 0.0], [-2.38320959, 4.12783989, 0.0], [0.0, 0.0, 20.195505]], "volume": 397.34686832460443, "beta": 90.0, "alpha": 90.0, "gamma": 120.00000123191562}, "sites": [{"label": "Ag", "xyz": [0.0, 0.0, 10.003467967312051], "abc": [-0.0, 0.0, 0.49533141], "species": [{"occu": 1, "element": "Ag"}], "properties": {"magmom": -0.0}}, {"label": "I", "xyz": [2.38321197320959, 1.375945254053369, 10.19203703268795], "abc": [0.666667, 0.333333, 0.50466859], "species": [{"occu": 1, "element": "I"}], "properties": {"magmom": 0.0}}], "@class": "Structure", "@module": "pymatgen.core.structure"}