{"lattice": {"a": 4.67224187, "c": 24.623946, "b": 4.672241134607136, "matrix": [[4.67224187, -0.0, -0.0], [-2.33612094, 4.0462793, 0.0], [-0.0, 0.0, 24.623946]], "volume": 465.52051466704336, "beta": 90.0, "alpha": 90.0, "gamma": 120.00000527742415}, "sites": [{"label": "P", "xyz": [0.0, 0.0, 7.028043547589999], "abc": [0.0, 0.0, 0.285415], "species": [{"occu": 1, "element": "P"}], "properties": {"magmom": 0.0}}, {"label": "Br", "xyz": [2.33612326945427, 1.3487584179068999, 7.028043547589999], "abc": [0.666667, 0.333333, 0.285415], "species": [{"occu": 1, "element": "Br"}], "properties": {"magmom": -0.0}}, {"label": "Br", "xyz": [0.0, 0.0, 9.41623068520602], "abc": [-0.0, -0.0, 0.38240137], "species": [{"occu": 1, "element": "Br"}], "properties": {"magmom": -0.0}}, {"label": "Br", "xyz": [0.0, 0.0, 4.63985640997398], "abc": [-0.0, -0.0, 0.18842863], "species": [{"occu": 1, "element": "Br"}], "properties": {"magmom": -0.0}}], "@class": "Structure", "@module": "pymatgen.core.structure"}