{"lattice": {"a": 3.850281, "c": 22.883476, "b": 3.850281, "matrix": [[3.850281, 0.0, 0.0], [0.0, 3.850281, 0.0], [0.0, 0.0, 22.883476]], "volume": 339.23983779392336, "beta": 90.0, "alpha": 90.0, "gamma": 90.0}, "sites": [{"label": "Ba", "xyz": [0.0, 0.0, 11.764967098500001], "abc": [0.0, 0.0, 0.5141249999999999], "species": [{"occu": 1, "element": "Ba"}], "properties": {"magmom": 0.026000000000000002}}, {"label": "Ba", "xyz": [0.0, 0.0, 8.200659760216], "abc": [0.0, 0.0, 0.35836599999999996], "species": [{"occu": 1, "element": "Ba"}], "properties": {"magmom": 0.026000000000000002}}, {"label": "Rh", "xyz": [1.9251405, 1.9251405, 9.982824871096001], "abc": [0.5, 0.5, 0.43624599999999997], "species": [{"occu": 1, "element": "Rh"}], "properties": {"magmom": 0.004}}], "@class": "Structure", "@module": "pymatgen.core.structure"}