{"lattice": {"a": 3.188322, "c": 22.957399, "b": 3.18636, "matrix": [[3.188322, 0.0, 0.0], [0.0, 3.18636, 0.0], [0.0, 0.0, 22.957399]], "volume": 233.22746922711292, "beta": 90.0, "alpha": 90.0, "gamma": 90.0}, "sites": [{"label": "Be", "xyz": [1.594161, 0.0, 8.853773455738999], "abc": [0.5, 0.0, 0.385661], "species": [{"occu": 1, "element": "Be"}], "properties": {"magmom": -0.0}}, {"label": "Be", "xyz": [0.0, 1.59318, 8.879164339033], "abc": [0.0, 0.5, 0.38676699999999997], "species": [{"occu": 1, "element": "Be"}], "properties": {"magmom": -0.0}}, {"label": "N", "xyz": [0.0, 0.0, 8.875192709005999], "abc": [0.0, 0.0, 0.386594], "species": [{"occu": 1, "element": "N"}], "properties": {"magmom": -0.0}}], "@class": "Structure", "@module": "pymatgen.core.structure"}