{"lattice": {"a": 4.48688852, "c": 23.640584, "b": 4.486888370810877, "matrix": [[4.48688852, -0.0, 0.0], [-2.24344426, 3.88575927, 0.0], [0.0, 0.0, 23.640584]], "volume": 412.1728411451986, "beta": 90.0, "alpha": 90.0, "gamma": 120.00000109990178}, "sites": [{"label": "Ag", "xyz": [0.0, 0.0, 12.612964327607601], "abc": [-0.0, 0.0, 0.53353015], "species": [{"occu": 1, "element": "Ag"}], "properties": {"magmom": 0.0}}, {"label": "Ag", "xyz": [2.24344650344426, 1.29525179474691, 11.02943976095456], "abc": [0.666667, 0.333333, 0.46654684], "species": [{"occu": 1, "element": "Ag"}], "properties": {"magmom": 0.0}}, {"label": "I", "xyz": [2.24344650344426, 1.29525179474691, 13.937613861197839], "abc": [0.666667, 0.333333, 0.58956301], "species": [{"occu": 1, "element": "I"}], "properties": {"magmom": 0.0}}, {"label": "I", "xyz": [0.0, 0.0, 9.70115028664584], "abc": [-0.0, -0.0, 0.41036001], "species": [{"occu": 1, "element": "I"}], "properties": {"magmom": -0.0}}], "@class": "Structure", "@module": "pymatgen.core.structure"}