{"lattice": {"a": 3.82984000000483, "c": 23.042555000028752, "b": 3.929824000000636, "matrix": [[3.82984, 1e-06, -6e-06], [1e-06, 3.929824, 2e-06], [-3.4e-05, 1.3000000000000001e-05, 23.042555]], "volume": 346.80421256839566, "beta": 90.00017430383109, "alpha": 89.99993851579492, "gamma": 89.99997045995546}, "sites": [{"label": "Ag", "xyz": [-2.8328416000000002e-05, 0.982468391393, 21.963795245114], "abc": [1e-06, 0.25, 0.9531839999999999], "species": [{"occu": 1, "element": "Ag"}], "properties": {"magmom": -0.0}}, {"label": "Ag", "xyz": [3.829835328451, 2.9473735384179998, 1.078732712333], "abc": [0.999999, 0.7500009999999999, 0.046814999999999996], "species": [{"occu": 1, "element": "Ag"}], "properties": {"magmom": -0.0}}, {"label": "Br", "xyz": [1.914889342058, 2.947380508919, 21.285858234465], "abc": [0.5, 0.75, 0.923763], "species": [{"occu": 1, "element": "Br"}], "properties": {"magmom": 0.0}}, {"label": "Br", "xyz": [1.914917657942, 0.982457491081, 1.756692765535], "abc": [0.5, 0.25, 0.076237], "species": [{"occu": 1, "element": "Br"}], "properties": {"magmom": 0.0}}], "@class": "Structure", "@module": "pymatgen.core.structure"}