{"lattice": {"a": 3.00518421, "c": 23.662381, "b": 3.005184412628194, "matrix": [[3.00518421, -0.0, 0.0], [-1.5025921100000001, 2.6025660999999998, 0.0], [0.0, 0.0, 23.662381]], "volume": 185.06799064879996, "beta": 90.0, "alpha": 90.0, "gamma": 119.9999978796345}, "sites": [{"label": "Li", "xyz": [0.0, 0.0, 13.353033694529278], "abc": [0.0, -0.0, 0.56431488], "species": [{"occu": 1, "element": "Li"}], "properties": {"magmom": 0.008}}, {"label": "Co", "xyz": [0.0, 0.0, 11.1175449202305], "abc": [0.0, 0.0, 0.4698405], "species": [{"occu": 1, "element": "Co"}], "properties": {"magmom": 3.066}}, {"label": "O", "xyz": [-1.505925440043312e-06, 1.7350449341887, 10.30517965030519], "abc": [0.333333, 0.666667, 0.43550899], "species": [{"occu": 1, "element": "O"}], "properties": {"magmom": 0.531}}, {"label": "O", "xyz": [1.5025936059254401, 0.8675211658113, 12.549027160692221], "abc": [0.666667, 0.333333, 0.53033662], "species": [{"occu": 1, "element": "O"}], "properties": {"magmom": 0.23800000000000002}}], "@class": "Structure", "@module": "pymatgen.core.structure"}