{"lattice": {"a": 3.33224903, "c": 24.923409, "b": 3.476694245523357, "matrix": [[3.33224903, 0.0, 0.0], [-1.66612451, 3.05146391, 0.0], [0.0, 0.0, 24.923409]], "volume": 253.42714586426655, "beta": 90.0, "alpha": 90.0, "gamma": 118.63490498774905}, "sites": [{"label": "Tb", "xyz": [0.0, 0.0, 12.4617045], "abc": [-0.0, -0.0, 0.5], "species": [{"occu": 1, "element": "Tb"}], "properties": {"magmom": -0.0}}, {"label": "Sb", "xyz": [-0.8330622550000001, 1.525731955, 9.8295357984873], "abc": [0.0, 0.5, 0.3943897], "species": [{"occu": 1, "element": "Sb"}], "properties": {"magmom": -0.0}}, {"label": "Sb", "xyz": [0.833062259999999, 1.525731955, 15.0938732015127], "abc": [0.5, 0.5, 0.6056102999999999], "species": [{"occu": 1, "element": "Sb"}], "properties": {"magmom": -0.0}}], "@class": "Structure", "@module": "pymatgen.core.structure"}