{"lattice": {"a": 3.962024, "c": 23.814717, "b": 3.962023623795421, "matrix": [[3.962024, 0.0, 0.0], [-1.981012, 3.431213, 0.0], [0.0, 0.0, 23.814717]], "volume": 323.75031943833613, "beta": 90.0, "alpha": 90.0, "gamma": 120.00000314100791}, "sites": [{"label": "Ag", "xyz": [0.0, 0.0, 6.910459320192], "abc": [0.0, 0.0, 0.290176], "species": [{"occu": 1, "element": "Ag"}], "properties": {"magmom": 0.0}}, {"label": "Ag", "xyz": [-1.981012000090563e-06, 2.287476477071, 4.363284819306], "abc": [0.333333, 0.666667, 0.183218], "species": [{"occu": 1, "element": "Ag"}], "properties": {"magmom": 0.0}}, {"label": "F", "xyz": [-1.981012000090563e-06, 2.287476477071, 7.032009635760001], "abc": [0.333333, 0.666667, 0.29528000000000004], "species": [{"occu": 1, "element": "F"}], "properties": {"magmom": 0.0}}, {"label": "F", "xyz": [0.0, 0.0, 4.242067909776001], "abc": [0.0, 0.0, 0.17812799999999998], "species": [{"occu": 1, "element": "F"}], "properties": {"magmom": -0.0}}], "@class": "Structure", "@module": "pymatgen.core.structure"}