{"lattice": {"a": 3.600318, "c": 23.069546, "b": 3.6003186301616408, "matrix": [[3.600318, 0.0, 0.0], [-1.80016, 3.117967, 0.0], [0.0, 0.0, 23.069546]], "volume": 258.9711730451715, "beta": 90.0, "alpha": 90.0, "gamma": 120.00001258607797}, "sites": [{"label": "Rh", "xyz": [0.0, 0.0, 0.0], "abc": [0.0, 0.0, 0.0], "species": [{"occu": 1, "element": "Rh"}], "properties": {"magmom": 0.704}}, {"label": "Cl", "xyz": [1.800160466826, 1.039321294011, 1.336418799779999], "abc": [0.666667, 0.333333, 0.05793], "species": [{"occu": 1, "element": "Cl"}], "properties": {"magmom": 0.091}}, {"label": "Cl", "xyz": [-2.46682600002049e-06, 2.078645705989, 21.733127200219997], "abc": [0.333333, 0.666667, 0.9420700000000001], "species": [{"occu": 1, "element": "Cl"}], "properties": {"magmom": 0.091}}], "@class": "Structure", "@module": "pymatgen.core.structure"}