{"lattice": {"a": 2.8607260052435652, "c": 21.911947, "b": 2.971464006769887, "matrix": [[2.86072183, 0.00488758, 0.0], [1.4250803300000001, 2.6074402, 0.0], [0.0, 0.0, 21.911947]], "volume": 163.29212173553606, "beta": 90.0, "alpha": 90.0, "gamma": 61.243571765810955}, "sites": [{"label": "Cr", "xyz": [0.039168101036233006, 0.007130756133322, 10.95599519282753], "abc": [0.01234087, 0.00271164, 0.50000099], "species": [{"occu": 1, "element": "Cr"}], "properties": {"magmom": 2.183}}, {"label": "O", "xyz": [1.470728115070504, 0.866915168578527, 11.914407101527813], "abc": [0.34881153, 0.33182365, 0.54374023], "species": [{"occu": 1, "element": "O"}], "properties": {"magmom": -0.095}}, {"label": "O", "xyz": [2.893598479048232, 1.75985960907109, 9.99749629369766], "abc": [0.6759006, 0.67367071, 0.45625778], "species": [{"occu": 1, "element": "O"}], "properties": {"magmom": -0.095}}], "@class": "Structure", "@module": "pymatgen.core.structure"}