{"lattice": {"a": 3.878386980519318, "c": 23.046346443861324, "b": 3.902758484883879, "matrix": [[3.87838698, 6.239e-05, 1.1650000000000002e-05], [6.751000000000001e-05, 3.80298291, 0.87683794], [7.183000000000001e-05, 0.00462336, 23.04634598]], "volume": 339.9049606650715, "beta": 89.99964913117797, "alpha": 77.00495385789756, "gamma": 89.9980720990259}, "sites": [{"label": "Cu", "xyz": [1.939228098209387, 1.901519342898069, 0.438431406984268], "abc": [0.50000022, 0.49999913, 3.2e-07], "species": [{"occu": 1, "element": "Cu"}], "properties": {"magmom": -0.0}}, {"label": "Cu", "xyz": [3.878453791878445, 3.803041234680678, 0.8768680107119301], "abc": [0.99999982, 0.9999989300000001, 8.4e-07], "species": [{"occu": 1, "element": "Cu"}], "properties": {"magmom": -0.0}}, {"label": "Te", "xyz": [0.00010965513238000001, 2.3120044576314323, 21.749160555895976], "abc": [6.599999999999999e-07, 0.60682578, 0.92062632], "species": [{"occu": 1, "element": "Te"}], "properties": {"magmom": -0.0}}, {"label": "Te", "xyz": [3.878416470995199, 1.495671574742962, 2.174009750944249], "abc": [0.99999929, 0.39317616, 0.07937251000000001], "species": [{"occu": 1, "element": "Te"}], "properties": {"magmom": -0.0}}], "@class": "Structure", "@module": "pymatgen.core.structure"}