{"lattice": {"a": 4.15947400944179, "c": 23.97315279121588, "b": 4.159474026446824, "matrix": [[4.159468, 0.00064832, -0.00704073], [0.00106963, 4.15946793, -0.00704073], [-0.04224936, -0.042245080000000004, 23.97307834]], "volume": 414.75990313583867, "beta": 90.1979759617018, "alpha": 90.19797595938266, "gamma": 89.97617150995065}, "sites": [{"label": "Bi", "xyz": [-0.0019377416855360001, -0.001937545014958, 10.19917467356746], "abc": [0.00385456, 0.00385456, 0.42544511], "species": [{"occu": 1, "element": "Bi"}], "properties": {"magmom": -0.0}}, {"label": "Bi", "xyz": [2.044391721591538, 2.044184665791377, 13.764336522947849], "abc": [0.49721023000000003, 0.49721023000000003, 0.57445013], "species": [{"occu": 1, "element": "Bi"}], "properties": {"magmom": -0.0}}, {"label": "Se", "xyz": [-0.006455335005814001, -0.006454680667201, 13.27475431267159], "abc": [0.00407153, 0.00407153, 0.5537383], "species": [{"occu": 1, "element": "Se"}], "properties": {"magmom": 0.0}}, {"label": "Se", "xyz": [2.045278381754493, 2.045071236028066, 10.693815715461707], "abc": [0.49612269000000003, 0.49612269000000003, 0.44636745], "species": [{"occu": 1, "element": "Se"}], "properties": {"magmom": 0.0}}], "@class": "Structure", "@module": "pymatgen.core.structure"}