{"lattice": {"a": 3.6496975, "c": 22.803043, "b": 3.649697934548244, "matrix": [[3.6496975, -0.0, 0.0], [1.82484924, 3.16073097, 0.0], [0.0, 0.0, 22.803043]], "volume": 263.0493349332706, "beta": 90.0, "alpha": 90.0, "gamma": 59.999995056193804}, "sites": [{"label": "Ni", "xyz": [0.0, 0.0, 11.4015215], "abc": [-0.0, 0.0, 0.5], "species": [{"occu": 1, "element": "Ni"}], "properties": {"magmom": 1.354}}, {"label": "Br", "xyz": [1.82484708848442, 1.05357593642301, 12.819445725878479], "abc": [0.333333, 0.333333, 0.56218136], "species": [{"occu": 1, "element": "Br"}], "properties": {"magmom": 0.246}}, {"label": "Br", "xyz": [3.64969965151558, 2.10715503357699, 9.98359727412152], "abc": [0.666667, 0.666667, 0.43781864000000004], "species": [{"occu": 1, "element": "Br"}], "properties": {"magmom": 0.246}}], "@class": "Structure", "@module": "pymatgen.core.structure"}