{"lattice": {"a": 4.08746036163337, "c": 22.747234386782782, "b": 4.084158074265123, "matrix": [[4.087178, 0.005836, 0.047688], [0.046446999999999995, 4.08284, 0.092776], [0.000972, 0.010374999999999999, 22.747232]], "volume": 379.57947826829667, "beta": 89.32903506449985, "alpha": 88.67219466004697, "gamma": 89.25146437067637}, "sites": [{"label": "Hg", "xyz": [3.4718045024219992, 0.626748112707, 0.09188270172], "abc": [0.847707, 0.15229199999999998, 0.0016409999999999999], "species": [{"occu": 1, "element": "Hg"}], "properties": {"magmom": -0.0}}, {"label": "Br", "xyz": [3.420556737669, 2.766603946174, 21.152133817408], "abc": [0.829019, 0.6740809999999999, 0.92539], "species": [{"occu": 1, "element": "Br"}], "properties": {"magmom": 0.0}}, {"label": "Br", "xyz": [1.382638622911, 0.7692575892600001, 1.7960844214560001], "abc": [0.33613499999999996, 0.18773499999999999, 0.077488], "species": [{"occu": 1, "element": "Br"}], "properties": {"magmom": 0.0}}], "@class": "Structure", "@module": "pymatgen.core.structure"}