{"lattice": {"a": 4.25575827, "c": 22.865869, "b": 4.25575827, "matrix": [[4.25575827, 0.0, -0.0], [0.0, 4.25575827, 0.0], [0.0, 0.0, 22.865869]], "volume": 414.1346936951526, "beta": 90.0, "alpha": 90.0, "gamma": 90.0}, "sites": [{"label": "Ti", "xyz": [2.127879135, 2.127879135, 0.0], "abc": [0.5, 0.5, 0.0], "species": [{"occu": 1, "element": "Ti"}], "properties": {"magmom": 0.13}}, {"label": "Ti", "xyz": [0.0, 0.0, 0.0], "abc": [0.0, -0.0, 0.0], "species": [{"occu": 1, "element": "Ti"}], "properties": {"magmom": 0.134}}, {"label": "Te", "xyz": [0.0, 2.127879135, 1.72205443282197], "abc": [-0.0, 0.5, 0.07531113], "species": [{"occu": 1, "element": "Te"}], "properties": {"magmom": -0.001}}, {"label": "Te", "xyz": [2.127879135, 0.0, 21.14381456717803], "abc": [0.5, -0.0, 0.92468887], "species": [{"occu": 1, "element": "Te"}], "properties": {"magmom": -0.003}}], "@class": "Structure", "@module": "pymatgen.core.structure"}