{"lattice": {"a": 4.05510606, "c": 23.042555, "b": 4.13783194, "matrix": [[4.05510606, 0.0, 0.0], [0.0, 4.13783194, -0.0], [0.0, 0.0, 23.042555]], "volume": 386.63903475612756, "beta": 90.0, "alpha": 90.0, "gamma": 90.0}, "sites": [{"label": "Ag", "xyz": [0.0, 1.034457985, 22.0179843825646], "abc": [-0.0, 0.25, 0.95553572], "species": [{"occu": 1, "element": "Ag"}], "properties": {"magmom": -0.0}}, {"label": "Ag", "xyz": [0.0, 3.103373955, 1.0245706174354], "abc": [0.0, 0.75, 0.04446428], "species": [{"occu": 1, "element": "Ag"}], "properties": {"magmom": -0.0}}, {"label": "I", "xyz": [2.02755303, 3.103373955, 21.16559580098345], "abc": [0.5, 0.75, 0.91854379], "species": [{"occu": 1, "element": "I"}], "properties": {"magmom": 0.0}}, {"label": "I", "xyz": [2.02755303, 1.034457985, 1.87693615646155], "abc": [0.5, 0.25, 0.08145521], "species": [{"occu": 1, "element": "I"}], "properties": {"magmom": -0.0}}], "@class": "Structure", "@module": "pymatgen.core.structure"}