{"lattice": {"a": 2.59339635, "c": 20.0, "b": 2.59339635, "matrix": [[2.59339635, 0.0, 0.0], [0.0, 2.59339635, 0.0], [0.0, 0.0, 20.0]], "volume": 134.51409256386643, "beta": 90.0, "alpha": 90.0, "gamma": 90.0}, "sites": [{"label": "As", "xyz": [0.0, 0.0, 10.0], "abc": [-0.0, -0.0, 0.5], "species": [{"occu": 1, "element": "As"}], "properties": {"magmom": -0.0}}], "@class": "Structure", "@module": "pymatgen.core.structure"}