{"lattice": {"a": 3.537121750432263, "c": 22.47997245307109, "b": 4.588469957718804, "matrix": [[3.535824, 0.006673, -0.09557399999999999], [-0.011462, 4.58717, -0.108612], [-0.038493, -0.107805, 22.479681]], "volume": 364.5508701292808, "beta": 91.64694571627999, "alpha": 91.63087497824554, "gamma": 89.9983653063313}, "sites": [{"label": "As", "xyz": [2.234569853375, 3.712251792402, 5.548452949743], "abc": [0.6373789999999999, 0.814298, 0.253465], "species": [{"occu": 1, "element": "As"}], "properties": {"magmom": -0.0}}, {"label": "As", "xyz": [0.407788534088, 1.359224681391, 3.229823173836], "abc": [0.11788699999999999, 0.29956099999999997, 0.145626], "species": [{"occu": 1, "element": "As"}], "properties": {"magmom": -0.0}}, {"label": "P", "xyz": [2.172562430507999, 4.344050881997, 3.239574589613999], "abc": [0.619169, 0.949656, 0.151332], "species": [{"occu": 1, "element": "P"}], "properties": {"magmom": 0.0}}, {"label": "P", "xyz": [0.46698065024099905, 2.097615065382, 5.506107812751], "abc": [0.136269, 0.46290299999999995, 0.247753], "species": [{"occu": 1, "element": "P"}], "properties": {"magmom": 0.0}}], "@class": "Structure", "@module": "pymatgen.core.structure"}