{"lattice": {"a": 3.77953361, "c": 23.942319, "b": 3.77953361, "matrix": [[3.77953361, 0.0, 0.0], [0.0, 3.77953361, 0.0], [0.0, 0.0, 23.942319]], "volume": 342.0130175838469, "beta": 90.0, "alpha": 90.0, "gamma": 90.0}, "sites": [{"label": "Ga", "xyz": [0.0, 0.0, 0.0], "abc": [-0.0, -0.0, -0.0], "species": [{"occu": 1, "element": "Ga"}], "properties": {"magmom": -0.0}}, {"label": "Ga", "xyz": [1.889766805, 1.889766805, 0.0], "abc": [0.5, 0.5, -0.0], "species": [{"occu": 1, "element": "Ga"}], "properties": {"magmom": -0.0}}, {"label": "N", "xyz": [1.889766805, 0.0, 23.31808145133336], "abc": [0.5, 0.0, 0.97392744], "species": [{"occu": 1, "element": "N"}], "properties": {"magmom": -0.0}}, {"label": "N", "xyz": [0.0, 1.889766805, 0.62423754866664], "abc": [0.0, 0.5, 0.02607256], "species": [{"occu": 1, "element": "N"}], "properties": {"magmom": -0.0}}], "@class": "Structure", "@module": "pymatgen.core.structure"}