{"lattice": {"a": 3.66747824, "c": 20.634921, "b": 3.667477977016976, "matrix": [[3.66747824, 0.0, 0.0], [-1.8337391200000002, 3.17612902, 0.0], [0.0, 0.0, 20.634921]], "volume": 240.36348502666849, "beta": 90.0, "alpha": 90.0, "gamma": 120.00000237204111}, "sites": [{"label": "Cd", "xyz": [0.0, 0.0, 10.31760432539937], "abc": [0.0, 0.0, 0.50000697], "species": [{"occu": 1, "element": "Cd"}], "properties": {"magmom": -0.0}}, {"label": "O", "xyz": [-1.833739120161653e-06, 2.11742040537634, 10.31731667460063], "abc": [0.333333, 0.666667, 0.49999303], "species": [{"occu": 1, "element": "O"}], "properties": {"magmom": 0.0}}], "@class": "Structure", "@module": "pymatgen.core.structure"}