{"lattice": {"a": 3.590134, "c": 23.240079, "b": 3.59013242007478, "matrix": [[3.590134, 0.0, 0.0], [-1.7950659999999998, 3.109146, 0.0], [0.0, 0.0, 23.240079]], "volume": 259.4115896095179, "beta": 90.0, "alpha": 90.0, "gamma": 119.99999612940138}, "sites": [{"label": "Ru", "xyz": [0.0, 0.0, 0.0], "abc": [0.0, 0.0, 0.0], "species": [{"occu": 1, "element": "Ru"}], "properties": {"magmom": -0.0}}, {"label": "Cl", "xyz": [1.7950691284, 1.036380963618, 1.2505951311480001], "abc": [0.666667, 0.333333, 0.053812], "species": [{"occu": 1, "element": "Cl"}], "properties": {"magmom": -0.0}}, {"label": "Cl", "xyz": [-1.1284000001749198e-06, 2.072765036382, 21.989483868852002], "abc": [0.333333, 0.666667, 0.9461879999999999], "species": [{"occu": 1, "element": "Cl"}], "properties": {"magmom": -0.0}}], "@class": "Structure", "@module": "pymatgen.core.structure"}