{"lattice": {"a": 3.83690457, "c": 22.747798, "b": 3.836904339091773, "matrix": [[3.83690457, 0.0, 0.0], [1.91845229, 3.32285656, 0.0], [0.0, 0.0, 22.747798]], "volume": 290.02267572908323, "beta": 90.0, "alpha": 90.0, "gamma": 59.9999979230183}, "sites": [{"label": "Sr", "xyz": [1.9184503682143799, 1.10761774571448, 12.75375176445452], "abc": [0.333333, 0.333333, 0.56065874], "species": [{"occu": 1, "element": "Sr"}], "properties": {"magmom": 0.001}}, {"label": "Sr", "xyz": [3.83690649178562, 2.21523881428552, 9.994046235545479], "abc": [0.666667, 0.666667, 0.43934126], "species": [{"occu": 1, "element": "Sr"}], "properties": {"magmom": 0.001}}, {"label": "N", "xyz": [0.0, 0.0, 11.373899], "abc": [0.0, -0.0, 0.5], "species": [{"occu": 1, "element": "N"}], "properties": {"magmom": 0.0}}], "@class": "Structure", "@module": "pymatgen.core.structure"}