{"lattice": {"a": 3.88868169, "c": 23.042555, "b": 3.57543898, "matrix": [[3.88868169, 0.0, 0.0], [0.0, 3.57543898, -0.0], [0.0, -0.0, 23.042555]], "volume": 320.3777880204532, "beta": 90.0, "alpha": 90.0, "gamma": 90.0}, "sites": [{"label": "Au", "xyz": [0.0, 0.8938597450000001, 21.9622550415949], "abc": [0.0, 0.25, 0.95311718], "species": [{"occu": 1, "element": "Au"}], "properties": {"magmom": -0.0}}, {"label": "Au", "xyz": [0.0, 2.681579235, 1.0802999584051], "abc": [-0.0, 0.75, 0.04688282], "species": [{"occu": 1, "element": "Au"}], "properties": {"magmom": -0.0}}, {"label": "Cl", "xyz": [1.9443408450000002, 2.681579235, 21.3108867143016], "abc": [0.5, 0.75, 0.92484912], "species": [{"occu": 1, "element": "Cl"}], "properties": {"magmom": -0.0}}, {"label": "Cl", "xyz": [1.9443408450000002, 0.8938597450000001, 1.7316452431434], "abc": [0.5, 0.25, 0.07514988], "species": [{"occu": 1, "element": "Cl"}], "properties": {"magmom": -0.0}}], "@class": "Structure", "@module": "pymatgen.core.structure"}