{"lattice": {"a": 4.439163, "c": 20.0, "b": 4.439164543071252, "matrix": [[4.439163, 0.0, 0.0], [-2.219581, 3.84443, 0.0], [0.0, 0.0, 20.0]], "volume": 341.3210282417999, "beta": 90.0, "alpha": 90.0, "gamma": 119.99998104956214}, "sites": [{"label": "In", "xyz": [-1.886248000001557e-06, 2.5629546148099998, 7.70726], "abc": [0.333333, 0.666667, 0.38536299999999996], "species": [{"occu": 1, "element": "In"}], "properties": {"magmom": 0.0}}, {"label": "As", "xyz": [0.0, 0.0, 7.70726], "abc": [0.0, 0.0, 0.38536299999999996], "species": [{"occu": 1, "element": "As"}], "properties": {"magmom": 0.0}}], "@class": "Structure", "@module": "pymatgen.core.structure"}