{"lattice": {"a": 2.714954303284009, "c": 22.480014143958396, "b": 4.059738436047843, "matrix": [[2.7137377799999998, 0.00534492, -0.08108984], [-0.0096554, 4.05827351, -0.10862348000000001], [0.06594558, -0.11983677000000001, 22.479598]], "volume": 247.5572439346905, "beta": 91.54405506837234, "alpha": 91.83903170161031, "gamma": 89.97766191052803}, "sites": [{"label": "P", "xyz": [1.737985606963069, 3.050941002905499, 5.31662079813655], "abc": [0.6372448900000001, 0.75810363, 0.24247065], "species": [{"occu": 1, "element": "P"}], "properties": {"magmom": -0.0}}, {"label": "P", "xyz": [0.32784432679462905, 0.9660816833076391, 3.48518667120543], "abc": [0.11786569999999999, 0.24252242000000002, 0.15663483], "species": [{"occu": 1, "element": "P"}], "properties": {"magmom": -0.0}}, {"label": "N", "xyz": [1.701248062514785, 0.018129308305384003, 3.920313502133938], "abc": [0.62264018, 0.008864480000000001, 0.17668315], "species": [{"occu": 1, "element": "N"}], "properties": {"magmom": 0.0}}, {"label": "N", "xyz": [0.370474525829516, 2.071893498360816, 4.932247061030081], "abc": [0.13295323, 0.5169274700000001, 0.22238737], "species": [{"occu": 1, "element": "N"}], "properties": {"magmom": -0.0}}], "@class": "Structure", "@module": "pymatgen.core.structure"}