{"lattice": {"a": 3.67151561, "c": 22.7501751, "b": 3.67151561, "matrix": [[3.67151561, 0.0, 0.0], [0.0, 3.67151561, 0.0], [0.0, 0.0, 22.7501751]], "volume": 306.6729717469818, "beta": 90.0, "alpha": 90.0, "gamma": 90.0}, "sites": [{"label": "Zn", "xyz": [0.0, 0.0, 11.37508755], "abc": [0.0, -0.0, 0.5], "species": [{"occu": 1, "element": "Zn"}], "properties": {"magmom": -0.0}}, {"label": "Cl", "xyz": [0.0, 1.835757805, 9.995255987427603], "abc": [0.0, 0.5, 0.43934853], "species": [{"occu": 1, "element": "Cl"}], "properties": {"magmom": -0.0}}, {"label": "Cl", "xyz": [1.835757805, 0.0, 12.754919112572399], "abc": [0.5, -0.0, 0.56065147], "species": [{"occu": 1, "element": "Cl"}], "properties": {"magmom": -0.0}}], "@class": "Structure", "@module": "pymatgen.core.structure"}