{"lattice": {"a": 5.101717, "c": 22.656191, "b": 5.101717, "matrix": [[5.101717, 0.0, 0.0], [0.0, 5.101717, 0.0], [0.0, 0.0, 22.656191]], "volume": 589.6843816379268, "beta": 90.0, "alpha": 90.0, "gamma": 90.0}, "sites": [{"label": "Ba", "xyz": [0.0, 0.0, 0.0], "abc": [0.0, 0.0, 0.0], "species": [{"occu": 1, "element": "Ba"}], "properties": {"magmom": -0.0}}, {"label": "Cl", "xyz": [0.0, 2.5508585, 21.160338645416], "abc": [0.0, 0.5, 0.9339759999999999], "species": [{"occu": 1, "element": "Cl"}], "properties": {"magmom": -0.0}}, {"label": "Cl", "xyz": [2.5508585, 0.0, 1.4958523545840001], "abc": [0.5, 0.0, 0.066024], "species": [{"occu": 1, "element": "Cl"}], "properties": {"magmom": -0.0}}], "@class": "Structure", "@module": "pymatgen.core.structure"}