{"lattice": {"a": 2.89769251, "c": 23.051091, "b": 3.004856741060723, "matrix": [[2.89769251, 0.0, 0.0], [-1.44884626, 2.6324909400000003, 0.0], [0.0, 0.0, 23.051091]], "volume": 175.83716320289773, "beta": 90.0, "alpha": 90.0, "gamma": 118.82710426772505}, "sites": [{"label": "Ni", "xyz": [-1.450983277593546e-06, 1.125138526615048, 10.96045215333138], "abc": [0.21370176, 0.42740452, 0.47548518], "species": [{"occu": 1, "element": "Ni"}], "properties": {"magmom": 1.389}}, {"label": "H", "xyz": [1.448844817478487, 1.665693031613725, 13.015427180073988], "abc": [0.81637154, 0.63274407, 0.56463389], "species": [{"occu": 1, "element": "H"}], "properties": {"magmom": 0.005}}, {"label": "O", "xyz": [1.4488477001721272, 1.9344213132815131, 12.08064527667648], "abc": [0.86741322, 0.73482544, 0.52408128], "species": [{"occu": 1, "element": "O"}], "properties": {"magmom": 0.006}}, {"label": "O", "xyz": [1.448847688855703, 0.26434939623819104, 10.04565738991815], "abc": [0.55020948, 0.10041797, 0.43579965], "species": [{"occu": 1, "element": "O"}], "properties": {"magmom": -0.34800000000000003}}], "@class": "Structure", "@module": "pymatgen.core.structure"}