{"lattice": {"a": 3.5192609900000003, "c": 23.678874, "b": 3.5192609702768562, "matrix": [[3.5192609900000003, 0.0, 0.0], [-1.7596304900000002, 3.0477694, -0.0], [0.0, 0.0, 23.678874]], "volume": 253.97713887771113, "beta": 90.0, "alpha": 90.0, "gamma": 120.00000009139391}, "sites": [{"label": "Pt", "xyz": [1.75963225629716, 1.0159221174102, 21.08758921040196], "abc": [0.666667, 0.333333, 0.89056554], "species": [{"occu": 1, "element": "Pt"}], "properties": {"magmom": -0.0}}, {"label": "Pt", "xyz": [-1.756297160023541e-06, 2.0318472825898, 19.09849086347004], "abc": [0.333333, 0.666667, 0.80656246], "species": [{"occu": 1, "element": "Pt"}], "properties": {"magmom": -0.0}}, {"label": "S", "xyz": [1.75963225629716, 1.0159221174102, 17.95133466211644], "abc": [0.666667, 0.333333, 0.75811606], "species": [{"occu": 1, "element": "S"}], "properties": {"magmom": 0.0}}, {"label": "S", "xyz": [-1.756297160023541e-06, 2.0318472825898, 22.23472173288156], "abc": [0.333333, 0.666667, 0.9390109400000001], "species": [{"occu": 1, "element": "S"}], "properties": {"magmom": -0.0}}], "@class": "Structure", "@module": "pymatgen.core.structure"}