{"lattice": {"a": 4.7516789, "c": 23.942319, "b": 4.7516789, "matrix": [[4.7516789, 0.0, 0.0], [0.0, 4.7516789, -0.0], [0.0, 0.0, 23.942319]], "volume": 540.5805091378458, "beta": 90.0, "alpha": 90.0, "gamma": 90.0}, "sites": [{"label": "Tl", "xyz": [0.0, 0.0, 0.0], "abc": [0.0, -0.0, 0.0], "species": [{"occu": 1, "element": "Tl"}], "properties": {"magmom": 0.0}}, {"label": "Tl", "xyz": [2.37583945, 2.37583945, 0.0], "abc": [0.5, 0.5, 0.0], "species": [{"occu": 1, "element": "Tl"}], "properties": {"magmom": 0.0}}, {"label": "Sb", "xyz": [2.37583945, 0.0, 22.012841509882982], "abc": [0.5, 0.0, 0.91941142], "species": [{"occu": 1, "element": "Sb"}], "properties": {"magmom": -0.0}}, {"label": "Sb", "xyz": [0.0, 2.37583945, 1.9294774901170202], "abc": [-0.0, 0.5, 0.08058858], "species": [{"occu": 1, "element": "Sb"}], "properties": {"magmom": -0.0}}], "@class": "Structure", "@module": "pymatgen.core.structure"}