{"lattice": {"a": 2.89803472, "c": 23.530469, "b": 2.89803472, "matrix": [[2.89803472, 0.0, 0.0], [0.0, 2.89803472, -0.0], [0.0, -0.0, 23.530469]], "volume": 197.62312020365528, "beta": 90.0, "alpha": 90.0, "gamma": 90.0}, "sites": [{"label": "P", "xyz": [0.0, 0.0, 14.628894695042211], "abc": [0.0, 0.0, 0.62170009], "species": [{"occu": 1, "element": "P"}], "properties": {"magmom": -0.0}}, {"label": "P", "xyz": [0.0, 0.0, 11.35947297482179], "abc": [-0.0, -0.0, 0.48275591], "species": [{"occu": 1, "element": "P"}], "properties": {"magmom": -0.0}}, {"label": "Pt", "xyz": [1.44901736, 1.44901736, 12.994183834932], "abc": [0.5, 0.5, 0.5522279999999999], "species": [{"occu": 1, "element": "Pt"}], "properties": {"magmom": 0.0}}], "@class": "Structure", "@module": "pymatgen.core.structure"}