{"lattice": {"a": 3.07022249, "c": 22.696945, "b": 3.07022249, "matrix": [[3.07022249, 0.0, 0.0], [0.0, 3.07022249, 0.0], [0.0, 0.0, 22.696945]], "volume": 213.94744409185896, "beta": 90.0, "alpha": 90.0, "gamma": 90.0}, "sites": [{"label": "Ga", "xyz": [0.0, 0.0, 9.75787944620855], "abc": [0.0, 0.0, 0.42992039], "species": [{"occu": 1, "element": "Ga"}], "properties": {"magmom": -0.0}}, {"label": "Ga", "xyz": [0.0, 0.0, 6.91361677686145], "abc": [-0.0, -0.0, 0.30460561], "species": [{"occu": 1, "element": "Ga"}], "properties": {"magmom": -0.0}}, {"label": "Ru", "xyz": [1.535111245, 1.535111245, 8.335748111535], "abc": [0.5, 0.5, 0.367263], "species": [{"occu": 1, "element": "Ru"}], "properties": {"magmom": 0.0}}], "@class": "Structure", "@module": "pymatgen.core.structure"}