{"lattice": {"a": 4.189236162959186, "c": 23.419459841816202, "b": 6.141971667678792, "matrix": [[4.10748, 0.011718, 0.823511], [1.82992, 5.654988, 1.5480049999999999], [-0.050480000000000004, -0.724669, 23.408191]], "volume": 546.9675244840433, "beta": 78.7971413799731, "alpha": 77.12739331491053, "gamma": 69.86442348832233}, "sites": [{"label": "Tl", "xyz": [5.0272902226, 4.118831502505, 6.683399923536999], "abc": [0.8911129999999999, 0.752699, 0.204389], "species": [{"occu": 1, "element": "Tl"}], "properties": {"magmom": -0.0}}, {"label": "Tl", "xyz": [0.8878365374799999, 1.228129519294, 6.016488783202], "abc": [0.108887, 0.247301, 0.23684000000000002], "species": [{"occu": 1, "element": "Tl"}], "properties": {"magmom": -0.0}}, {"label": "Se", "xyz": [2.72024698596, -0.151795943726, 7.555997292333], "abc": [0.661447, 0.010084, 0.298856], "species": [{"occu": 1, "element": "Se"}], "properties": {"magmom": 0.0}}, {"label": "Se", "xyz": [3.1948779442, 5.498751310537001, 5.143889866400999], "abc": [0.338553, 0.989915, 0.142373], "species": [{"occu": 1, "element": "Se"}], "properties": {"magmom": 0.0}}], "@class": "Structure", "@module": "pymatgen.core.structure"}