{"lattice": {"a": 3.310575630000001, "c": 23.300608, "b": 3.310576592530737, "matrix": [[3.3105756299999998, -9e-08, 0.0], [-1.65528847, 2.86704333, 0.0], [0.0, 0.0, 23.300608]], "volume": 221.15920343747953, "beta": 90.0, "alpha": 90.0, "gamma": 120.00000502958082}, "sites": [{"label": "Cr", "xyz": [0.0, 0.0, 11.650304], "abc": [-0.0, 0.0, 0.5], "species": [{"occu": 1, "element": "Cr"}], "properties": {"magmom": 2.617}}, {"label": "O", "xyz": [0.0, 0.0, 9.97392288394752], "abc": [0.0, -0.0, 0.42805419], "species": [{"occu": 1, "element": "O"}], "properties": {"magmom": -0.44}}, {"label": "O", "xyz": [0.0, 0.0, 13.32668511605248], "abc": [-0.0, 0.0, 0.57194581], "species": [{"occu": 1, "element": "O"}], "properties": {"magmom": -0.44}}], "@class": "Structure", "@module": "pymatgen.core.structure"}