{"lattice": {"a": 3.14136164, "c": 22.903114, "b": 3.141361239277976, "matrix": [[3.14136164, 0.0, 0.0], [-1.57068082, 2.72049852, 0.0], [0.0, 0.0, 22.903114]], "volume": 195.73160841709142, "beta": 90.0, "alpha": 90.0, "gamma": 120.00000421975605}, "sites": [{"label": "Ta", "xyz": [0.0, 0.0, 0.0], "abc": [0.0, 0.0, 0.0], "species": [{"occu": 1, "element": "Ta"}], "properties": {"magmom": -0.0}}, {"label": "Cl", "xyz": [1.57068239068082, 0.906831933167159, 21.09347735348334], "abc": [0.666667, 0.333333, 0.92098731], "species": [{"occu": 1, "element": "Cl"}], "properties": {"magmom": 0.0}}, {"label": "Cl", "xyz": [-1.570680820063907e-06, 1.81366658683284, 1.8096366465166591], "abc": [0.333333, 0.666667, 0.07901269], "species": [{"occu": 1, "element": "Cl"}], "properties": {"magmom": 0.0}}], "@class": "Structure", "@module": "pymatgen.core.structure"}