{"lattice": {"a": 3.22938401, "c": 22.030689, "b": 3.229384669609562, "matrix": [[3.22938401, 0.0, 0.0], [1.6146920100000002, 2.79672935, 0.0], [0.0, 0.0, 22.030689]], "volume": 198.97486119171162, "beta": 90.0, "alpha": 90.0, "gamma": 60.00000665418116}, "sites": [{"label": "Sn", "xyz": [3.22938562802534, 1.8644871655764501, 11.0153445], "abc": [0.666667, 0.666667, 0.5], "species": [{"occu": 1, "element": "Sn"}], "properties": {"magmom": 0.0}}, {"label": "O", "xyz": [0.0, 0.0, 12.02486579462949], "abc": [0.0, -0.0, 0.54582341], "species": [{"occu": 1, "element": "O"}], "properties": {"magmom": -0.0}}, {"label": "O", "xyz": [1.614690391974659, 0.93224218442355, 10.00582320537051], "abc": [0.333333, 0.333333, 0.45417659], "species": [{"occu": 1, "element": "O"}], "properties": {"magmom": -0.0}}], "@class": "Structure", "@module": "pymatgen.core.structure"}