{"lattice": {"a": 5.12555867, "c": 24.623946, "b": 5.125557783258577, "matrix": [[5.12555867, 0.0, 0.0], [-2.56277934, 4.43886299, 0.0], [0.0, 0.0, 24.623946]], "volume": 560.2354670852361, "beta": 90.0, "alpha": 90.0, "gamma": 120.00000578746152}, "sites": [{"label": "As", "xyz": [0.0, 0.0, 7.028043547589999], "abc": [0.0, 0.0, 0.285415], "species": [{"occu": 1, "element": "As"}], "properties": {"magmom": -0.0}}, {"label": "I", "xyz": [2.56278189611267, 1.479619517045669, 7.028043547589999], "abc": [0.666667, 0.333333, 0.285415], "species": [{"occu": 1, "element": "I"}], "properties": {"magmom": -0.0}}, {"label": "I", "xyz": [0.0, 0.0, 9.7754467793697], "abc": [0.0, 0.0, 0.39698945], "species": [{"occu": 1, "element": "I"}], "properties": {"magmom": 0.0}}, {"label": "I", "xyz": [0.0, 0.0, 4.280640315810301], "abc": [0.0, 0.0, 0.17384055], "species": [{"occu": 1, "element": "I"}], "properties": {"magmom": 0.0}}], "@class": "Structure", "@module": "pymatgen.core.structure"}