{"lattice": {"a": 3.241780000152077, "c": 20.769747000034783, "b": 3.241774591834231, "matrix": [[3.24178, -3.1e-05, 4.9999999999999996e-06], [-1.620917, 2.807442, -3e-06], [3.8e-05, -1e-06, 20.769747]], "volume": 189.02669448849454, "beta": 89.99980680165993, "alpha": 90.00010782631009, "gamma": 120.00115411438439}, "sites": [{"label": "Ge", "xyz": [1.6209068133870002, 0.935786487129, 6.135447906398], "abc": [0.6666700000000001, 0.333331, 0.29540299999999997], "species": [{"occu": 1, "element": "Ge"}], "properties": {"magmom": 0.0}}, {"label": "C", "xyz": [3.241778259394, -2.5680459e-05, 6.136135974670999], "abc": [0.9999969999999999, 2e-06, 0.295436], "species": [{"occu": 1, "element": "C"}], "properties": {"magmom": -0.0}}], "@class": "Structure", "@module": "pymatgen.core.structure"}