{"lattice": {"a": 4.672696, "c": 23.013137, "b": 4.672696484833998, "matrix": [[4.672696, 0.0, 0.0], [-2.336348, 4.046674, 0.0], [0.0, 0.0, 23.013137]], "volume": 435.152586423968, "beta": 90.0, "alpha": 90.0, "gamma": 119.99999656768222}, "sites": [{"label": "Ca", "xyz": [-2.336347999991633e-06, 2.6977840155579997, 1.6065240808330001], "abc": [0.333333, 0.666667, 0.069809], "species": [{"occu": 1, "element": "Ca"}], "properties": {"magmom": 0.011}}, {"label": "Ca", "xyz": [2.336350336348, 1.3488899844420001, 21.406612919167], "abc": [0.666667, 0.333333, 0.930191], "species": [{"occu": 1, "element": "Ca"}], "properties": {"magmom": 0.011}}, {"label": "Bi", "xyz": [0.0, 0.0, 0.0], "abc": [0.0, 0.0, 0.0], "species": [{"occu": 1, "element": "Bi"}], "properties": {"magmom": -0.001}}], "@class": "Structure", "@module": "pymatgen.core.structure"}