{"lattice": {"a": 3.97511566, "c": 23.822772, "b": 3.975115396259461, "matrix": [[3.97511566, -0.0, 0.0], [-1.98755783, 3.44255084, -0.0], [0.0, -0.0, 23.822772]], "volume": 326.00362284918157, "beta": 90.0, "alpha": 90.0, "gamma": 120.00000219477073}, "sites": [{"label": "Pd", "xyz": [1.98755981755783, 1.14751579914972, 21.04755913989936], "abc": [0.666667, 0.333333, 0.88350588], "species": [{"occu": 1, "element": "Pd"}], "properties": {"magmom": -0.0}}, {"label": "Pd", "xyz": [-1.987557830083398e-06, 2.29503504085028, 19.382734258916642], "abc": [0.333333, 0.666667, 0.81362212], "species": [{"occu": 1, "element": "Pd"}], "properties": {"magmom": -0.0}}, {"label": "Se", "xyz": [1.98755981755783, 1.14751579914972, 18.41762492851404], "abc": [0.666667, 0.333333, 0.77311007], "species": [{"occu": 1, "element": "Se"}], "properties": {"magmom": -0.0}}, {"label": "Se", "xyz": [-1.987557830083398e-06, 2.29503504085028, 22.01264464752996], "abc": [0.333333, 0.666667, 0.9240169300000001], "species": [{"occu": 1, "element": "Se"}], "properties": {"magmom": -0.0}}], "@class": "Structure", "@module": "pymatgen.core.structure"}