{"lattice": {"a": 2.83432333, "c": 24.031254, "b": 2.83432333, "matrix": [[2.83432333, 0.0, 0.0], [0.0, 2.83432333, 0.0], [0.0, -0.0, 24.031254]], "volume": 193.0524052672231, "beta": 90.0, "alpha": 90.0, "gamma": 90.0}, "sites": [{"label": "Ga", "xyz": [1.417161665, 1.417161665, 1.4708316995073], "abc": [0.5, 0.5, 0.06120495], "species": [{"occu": 1, "element": "Ga"}], "properties": {"magmom": 0.056}}, {"label": "Ga", "xyz": [1.417161665, 1.417161665, 22.5604223004927], "abc": [0.5, 0.5, 0.93879505], "species": [{"occu": 1, "element": "Ga"}], "properties": {"magmom": 0.056}}, {"label": "Fe", "xyz": [0.0, 0.0, 0.0], "abc": [0.0, -0.0, -0.0], "species": [{"occu": 1, "element": "Fe"}], "properties": {"magmom": 0.795}}], "@class": "Structure", "@module": "pymatgen.core.structure"}