{"lattice": {"a": 5.9557823899999995, "c": 20.0, "b": 5.955782071657673, "matrix": [[5.9557823899999995, -0.0, -0.0], [-2.9778917, 5.15785819, -0.0], [0.0, -0.0, 20.0]], "volume": 614.3816195623855, "beta": 90.0, "alpha": 90.0, "gamma": 120.00000737790798}, "sites": [{"label": "La", "xyz": [2.97789400455803, 1.719284344047269, 5.74646], "abc": [0.666667, 0.333333, 0.287323], "species": [{"occu": 1, "element": "La"}], "properties": {"magmom": -0.0}}, {"label": "Ge", "xyz": [2.806383448596859e-06, 1.751708187987067, 5.74646], "abc": [0.16981015, 0.33961929999999996, 0.287323], "species": [{"occu": 1, "element": "Ge"}], "properties": {"magmom": -0.0}}, {"label": "Ge", "xyz": [-1.460863162725986, 4.282001517077371, 5.74646], "abc": [0.16981015, 0.83018985, 0.287323], "species": [{"occu": 1, "element": "Ge"}], "properties": {"magmom": -0.0}}, {"label": "Ge", "xyz": [1.4608682800166282, 4.282001517077371, 5.74646], "abc": [0.6603806999999999, 0.83018985, 0.287323], "species": [{"occu": 1, "element": "Ge"}], "properties": {"magmom": -0.0}}], "@class": "Structure", "@module": "pymatgen.core.structure"}