{"lattice": {"a": 4.56893886, "c": 25.130912, "b": 4.568938824408164, "matrix": [[4.56893886, -0.0, -0.0], [-2.28446943, 3.95681708, 0.0], [0.0, -0.0, 25.130912]], "volume": 454.328069710778, "beta": 90.0, "alpha": 90.0, "gamma": 120.0000002576897}, "sites": [{"label": "Tl", "xyz": [0.0, 0.0, 7.795709426047999], "abc": [0.0, -0.0, 0.310204], "species": [{"occu": 1, "element": "Tl"}], "properties": {"magmom": 0.0}}, {"label": "Tl", "xyz": [-2.2844694299941717e-06, 2.63787937227236, 5.11482716851584], "abc": [0.333333, 0.666667, 0.20352732], "species": [{"occu": 1, "element": "Tl"}], "properties": {"magmom": 0.0}}, {"label": "Tl", "xyz": [-2.2844694299941717e-06, 2.63787937227236, 10.476566552668158], "abc": [0.333333, 0.666667, 0.41687968000000003], "species": [{"occu": 1, "element": "Tl"}], "properties": {"magmom": 0.0}}, {"label": "Rh", "xyz": [-2.2844694299941717e-06, 2.63787937227236, 7.795709426047999], "abc": [0.333333, 0.666667, 0.310204], "species": [{"occu": 1, "element": "Rh"}], "properties": {"magmom": -0.0}}], "@class": "Structure", "@module": "pymatgen.core.structure"}