{"lattice": {"a": 3.6489607299999998, "c": 28.784137, "b": 3.6489603951036003, "matrix": [[3.6489607299999998, 0.0, 0.0], [-1.8244803699999999, 3.1600923, 0.0], [0.0, 0.0, 28.784137]], "volume": 331.9114008401377, "beta": 90.0, "alpha": 90.0, "gamma": 120.00000312666621}, "sites": [{"label": "Ca", "xyz": [1.8244821878137, 1.0533630466359, 12.75444798819708], "abc": [0.666667, 0.333333, 0.44310684], "species": [{"occu": 1, "element": "Ca"}], "properties": {"magmom": 0.0}}, {"label": "Ca", "xyz": [-1.827813699929315e-06, 2.1067292533641, 16.02968901180292], "abc": [0.333333, 0.666667, 0.55689316], "species": [{"occu": 1, "element": "Ca"}], "properties": {"magmom": 0.0}}, {"label": "Mg", "xyz": [-1.827813699929315e-06, 2.1067292533641, 10.07429510623253], "abc": [0.333333, 0.666667, 0.34999469], "species": [{"occu": 1, "element": "Mg"}], "properties": {"magmom": 0.0}}, {"label": "Mg", "xyz": [1.8244821878137, 1.0533630466359, 18.709841893767468], "abc": [0.666667, 0.333333, 0.6500053100000001], "species": [{"occu": 1, "element": "Mg"}], "properties": {"magmom": 0.0}}], "@class": "Structure", "@module": "pymatgen.core.structure"}