{"lattice": {"a": 3.722898, "c": 23.838, "b": 3.722897788951101, "matrix": [[3.722898, 0.0, 0.0], [-1.861449, 3.2241239999999998, 0.0], [0.0, 0.0, 23.838]], "volume": 286.12953525624897, "beta": 90.0, "alpha": 90.0, "gamma": 120.0000018752708}, "sites": [{"label": "Pb", "xyz": [0.0, 0.0, 0.0], "abc": [0.0, 0.0, 0.0], "species": [{"occu": 1, "element": "Pb"}], "properties": {"magmom": -0.0}}, {"label": "F", "xyz": [1.861450861448999, 1.074706925292, 1.279528488], "abc": [0.666667, 0.333333, 0.053675999999999995], "species": [{"occu": 1, "element": "F"}], "properties": {"magmom": 0.0}}, {"label": "F", "xyz": [1.861450861448999, 1.074706925292, 22.558471512], "abc": [0.666667, 0.333333, 0.9463239999999999], "species": [{"occu": 1, "element": "F"}], "properties": {"magmom": 0.0}}], "@class": "Structure", "@module": "pymatgen.core.structure"}