{"lattice": {"a": 4.487389760000004, "c": 27.83276774, "b": 4.487387595458273, "matrix": [[4.48738976, 1.8e-07, 0.0], [-2.24369358, 3.88619178, -0.0], [-0.0, 0.0, 27.83276774]], "volume": 485.3716733105846, "beta": 90.0, "alpha": 90.0, "gamma": 119.99999449165506}, "sites": [{"label": "In", "xyz": [0.0, 0.0, 15.680835501013043], "abc": [0.0, -0.0, 0.56339476], "species": [{"occu": 1, "element": "In"}], "properties": {"magmom": -0.0}}, {"label": "In", "xyz": [0.0, 0.0, 21.714909408470337], "abc": [0.0, -0.0, 0.78019224], "species": [{"occu": 1, "element": "In"}], "properties": {"magmom": 0.0}}, {"label": "Te", "xyz": [-1.377027780107445e-06, 2.5907958753972, 20.178243375262877], "abc": [0.333333, 0.666667, 0.72498156], "species": [{"occu": 1, "element": "Te"}], "properties": {"magmom": -0.0}}, {"label": "Te", "xyz": [-1.377027780107445e-06, 2.5907958753972, 17.217501534220506], "abc": [0.333333, 0.666667, 0.6186054400000001], "species": [{"occu": 1, "element": "Te"}], "properties": {"magmom": -0.0}}], "@class": "Structure", "@module": "pymatgen.core.structure"}