{"lattice": {"a": 3.16659607, "c": 24.923409, "b": 3.361181229693534, "matrix": [[3.16659607, 0.0, 0.0], [-1.58329803, 2.96491258, 0.0], [0.0, 0.0, 24.923409]], "volume": 233.99792466304666, "beta": 90.0, "alpha": 90.0, "gamma": 118.10273895570762}, "sites": [{"label": "Tb", "xyz": [0.0, 0.0, 12.4617045], "abc": [0.0, 0.0, 0.5], "species": [{"occu": 1, "element": "Tb"}], "properties": {"magmom": -0.0}}, {"label": "As", "xyz": [-0.7916490150000001, 1.48245629, 10.091662767963], "abc": [-0.0, 0.5, 0.40490699999999996], "species": [{"occu": 1, "element": "As"}], "properties": {"magmom": -0.0}}, {"label": "As", "xyz": [0.79164902, 1.48245629, 14.831746232037], "abc": [0.5, 0.5, 0.595093], "species": [{"occu": 1, "element": "As"}], "properties": {"magmom": -0.0}}], "@class": "Structure", "@module": "pymatgen.core.structure"}