{"lattice": {"a": 3.31154954, "c": 22.592014, "b": 3.31154954, "matrix": [[3.31154954, 0.0, 0.0], [0.0, 3.31154954, 0.0], [0.0, -0.0, 22.592014]], "volume": 247.75216668895516, "beta": 90.0, "alpha": 90.0, "gamma": 90.0}, "sites": [{"label": "Sm", "xyz": [0.0, 0.0, 0.0], "abc": [0.0, 0.0, 0.0], "species": [{"occu": 1, "element": "Sm"}], "properties": {"magmom": -0.001}}, {"label": "Sn", "xyz": [1.65577477, 1.65577477, 2.38545867760012], "abc": [0.5, 0.5, 0.10558858], "species": [{"occu": 1, "element": "Sn"}], "properties": {"magmom": -0.0}}, {"label": "Sn", "xyz": [1.65577477, 1.65577477, 20.20655532239988], "abc": [0.5, 0.5, 0.8944114200000001], "species": [{"occu": 1, "element": "Sn"}], "properties": {"magmom": -0.0}}], "@class": "Structure", "@module": "pymatgen.core.structure"}