{"lattice": {"a": 3.73761329, "c": 24.529133, "b": 3.7376148848504682, "matrix": [[3.73761329, -0.0, 0.0], [-1.86880765, 3.23686932, 0.0], [0.0, 0.0, 24.529133]], "volume": 296.75751768033314, "beta": 90.0, "alpha": 90.0, "gamma": 120.00000367427803}, "sites": [{"label": "Th", "xyz": [-2.5388069800835107e-06, 2.1579139589564402, 13.423641621649], "abc": [0.333333, 0.666667, 0.547253], "species": [{"occu": 1, "element": "Th"}], "properties": {"magmom": 0.0}}, {"label": "Cl", "xyz": [0.0, 0.0, 11.47452261797413], "abc": [0.0, 0.0, 0.46779161], "species": [{"occu": 1, "element": "Cl"}], "properties": {"magmom": 0.0}}, {"label": "Cl", "xyz": [0.0, 0.0, 15.37278515445687], "abc": [0.0, 0.0, 0.62671539], "species": [{"occu": 1, "element": "Cl"}], "properties": {"magmom": 0.0}}], "@class": "Structure", "@module": "pymatgen.core.structure"}