{"lattice": {"a": 3.63070999, "c": 23.942319, "b": 3.63070999, "matrix": [[3.63070999, 0.0, 0.0], [0.0, 3.63070999, 0.0], [0.0, 0.0, 23.942319]], "volume": 315.6089666393881, "beta": 90.0, "alpha": 90.0, "gamma": 90.0}, "sites": [{"label": "B", "xyz": [0.0, 0.0, 0.0], "abc": [0.0, -0.0, -0.0], "species": [{"occu": 1, "element": "B"}], "properties": {"magmom": 0.0}}, {"label": "B", "xyz": [1.815354995, 1.815354995, 0.0], "abc": [0.5, 0.5, 0.0], "species": [{"occu": 1, "element": "B"}], "properties": {"magmom": 0.0}}, {"label": "Sb", "xyz": [1.815354995, 0.0, 22.393286395332122], "abc": [0.5, 0.0, 0.93530148], "species": [{"occu": 1, "element": "Sb"}], "properties": {"magmom": -0.0}}, {"label": "Sb", "xyz": [0.0, 1.815354995, 1.54903260466788], "abc": [0.0, 0.5, 0.06469852], "species": [{"occu": 1, "element": "Sb"}], "properties": {"magmom": -0.0}}], "@class": "Structure", "@module": "pymatgen.core.structure"}