{"lattice": {"a": 4.306967773972788, "c": 20.274504, "b": 4.30696786017258, "matrix": [[4.30696447, -0.00533481, 0.0], [-2.15180314, 3.73091348, 0.0], [0.0, 0.0, 20.274504]], "volume": 325.55647616843135, "beta": 90.0, "alpha": 90.0, "gamma": 120.04515391542759}, "sites": [{"label": "Hg", "xyz": [0.000785779790384, 2.485690373011672, 10.12757315453544], "abc": [0.33328168, 0.66671832, 0.49952261000000003], "species": [{"occu": 1, "element": "Hg"}], "properties": {"magmom": 0.036000000000000004}}, {"label": "P", "xyz": [2.153800719892325, 1.240220823086137, 10.14693084546456], "abc": [0.66662932, 0.33337068000000003, 0.50047739], "species": [{"occu": 1, "element": "P"}], "properties": {"magmom": 0.28700000000000003}}], "@class": "Structure", "@module": "pymatgen.core.structure"}