{"lattice": {"a": 4.953362, "c": 22.747784, "b": 4.953361717554049, "matrix": [[4.953362, 0.0, 0.0], [-2.476681, 4.289737, 0.0], [0.0, 0.0, 22.747784]], "volume": 483.35902364934884, "beta": 90.0, "alpha": 90.0, "gamma": 120.00000188624162}, "sites": [{"label": "Ba", "xyz": [2.476683476681, 1.429910903420999, 19.09028154956], "abc": [0.666667, 0.333333, 0.8392149999999999], "species": [{"occu": 1, "element": "Ba"}], "properties": {"magmom": 0.058}}, {"label": "Ba", "xyz": [-2.4766810000658408e-06, 2.859826096579, 0.07188299744], "abc": [0.333333, 0.666667, 0.00316], "species": [{"occu": 1, "element": "Ba"}], "properties": {"magmom": 0.057}}, {"label": "Sb", "xyz": [0.0, 0.0, 20.954985647392], "abc": [0.0, 0.0, 0.921188], "species": [{"occu": 1, "element": "Sb"}], "properties": {"magmom": 0.002}}], "@class": "Structure", "@module": "pymatgen.core.structure"}