{"lattice": {"a": 3.996016, "c": 22.810979, "b": 3.996015179632079, "matrix": [[3.996016, 0.0, 0.0], [-1.9980069999999999, 3.460651, 0.0], [0.0, 0.0, 22.810979]], "volume": 315.4488488535633, "beta": 90.0, "alpha": 90.0, "gamma": 119.99999023479356}, "sites": [{"label": "Ru", "xyz": [0.0, 0.0, 0.0], "abc": [0.0, 0.0, 0.0], "species": [{"occu": 1, "element": "Ru"}], "properties": {"magmom": 0.0}}, {"label": "I", "xyz": [1.998010331341, 1.153549179783, 21.377559890619], "abc": [0.666667, 0.333333, 0.9371609999999999], "species": [{"occu": 1, "element": "I"}], "properties": {"magmom": 0.0}}, {"label": "I", "xyz": [-1.331341000180093e-06, 2.307101820217, 1.433419109381], "abc": [0.333333, 0.666667, 0.06283899999999999], "species": [{"occu": 1, "element": "I"}], "properties": {"magmom": 0.0}}], "@class": "Structure", "@module": "pymatgen.core.structure"}