{"lattice": {"a": 3.51927914, "c": 22.858091, "b": 3.519279719818097, "matrix": [[3.51927914, -4e-08, 0.0], [-1.75964064, 3.04778519, 0.0], [-0.0, 0.0, 22.858091]], "volume": 245.17603886058794, "beta": 90.0, "alpha": 90.0, "gamma": 120.00001531626968}, "sites": [{"label": "Ir", "xyz": [0.0, 0.0, 0.0], "abc": [0.0, 0.0, 0.0], "species": [{"occu": 1, "element": "Ir"}], "properties": {"magmom": 0.225}}, {"label": "F", "xyz": [1.75964097297326, 1.015927354071589, 22.08871188651646], "abc": [0.666667, 0.333333, 0.96634106], "species": [{"occu": 1, "element": "F"}], "properties": {"magmom": 0.009000000000000001}}, {"label": "F", "xyz": [-2.472973260010233e-06, 2.03185779592841, 0.76937911348354], "abc": [0.333333, 0.666667, 0.03365894], "species": [{"occu": 1, "element": "F"}], "properties": {"magmom": 0.009000000000000001}}], "@class": "Structure", "@module": "pymatgen.core.structure"}